tag,source,dataset,seed,model,ctd_0th_event_0.25,ctd_0th_event_0.5,ctd_0th_event_0.75,brier_0th_event_0.25,brier_0th_event_0.5,brier_0th_event_0.75,ctd_0th_event,brier_0th_event,ctd_1th_event_0.25,ctd_1th_event_0.5,ctd_1th_event_0.75,brier_1th_event_0.25,brier_1th_event_0.5,brier_1th_event_0.75,ctd_1th_event,brier_1th_event,ctd_2th_event_0.25,ctd_2th_event_0.5,ctd_2th_event_0.75,brier_2th_event_0.25,brier_2th_event_0.5,brier_2th_event_0.75,ctd_2th_event,brier_2th_event,ctd_3th_event_0.25,ctd_3th_event_0.5,ctd_3th_event_0.75,brier_3th_event_0.25,brier_3th_event_0.5,brier_3th_event_0.75,ctd_3th_event,brier_3th_event,ctd_weighted_avg,brier_survtrace_weighted_avg,mae_uncensored_0th_event,mae_margin_0th_event,mae_uncensored_1th_event,mae_margin_1th_event,mae_uncensored_2th_event,mae_margin_2th_event,mae_uncensored_3th_event,mae_margin_3th_event,mae_uncensored,mae_margin,within_ctd,within_ctd_subject,within_ctd_pairs,within_ctd_km,within_ctd_gain,repr,recipe,loss,brier_0th_event_n,brier_1th_event_n,brier_2th_event_n,brier_3th_event_n,brier_weighted_avg,ipcw_0th_event,ipcw_0th_event_0.10,ipcw_0th_event_0.20,ipcw_0th_event_0.30,ipcw_0th_event_0.40,ipcw_0th_event_0.50,ipcw_0th_event_0.60,ipcw_0th_event_0.70,ipcw_0th_event_0.80,ipcw_0th_event_0.90,ipcw_0th_event_1.00,ipcw_0th_event_n,ipcw_1th_event,ipcw_1th_event_0.10,ipcw_1th_event_0.20,ipcw_1th_event_0.30,ipcw_1th_event_0.40,ipcw_1th_event_0.50,ipcw_1th_event_0.60,ipcw_1th_event_0.70,ipcw_1th_event_0.80,ipcw_1th_event_0.90,ipcw_1th_event_1.00,ipcw_1th_event_n,ipcw_2th_event,ipcw_2th_event_0.10,ipcw_2th_event_0.20,ipcw_2th_event_0.30,ipcw_2th_event_0.40,ipcw_2th_event_0.50,ipcw_2th_event_0.60,ipcw_2th_event_0.70,ipcw_2th_event_0.80,ipcw_2th_event_0.90,ipcw_2th_event_1.00,ipcw_2th_event_n,ipcw_3th_event,ipcw_3th_event_0.10,ipcw_3th_event_0.20,ipcw_3th_event_0.30,ipcw_3th_event_0.40,ipcw_3th_event_0.50,ipcw_3th_event_0.60,ipcw_3th_event_0.70,ipcw_3th_event_0.80,ipcw_3th_event_0.90,ipcw_3th_event_1.00,ipcw_3th_event_n,ipcw_weighted_avg,runtime,samples_per_second,steps_per_second,variant,label
ehrsim_base__oracle__s0,06_sequential_ehr,ehrsim_base,0,oracle,0.784292598980635,0.7376266274697019,0.6948088770212287,0.08027605308304923,0.14652957065189387,0.20428433862667414,0.7389093678238551,0.14369665412053909,0.7976365721624512,0.7048051072008016,0.6514438533534084,0.06824163453611021,0.15079245193433088,0.22241756425607795,0.7179618442388871,0.14715055024217302,0.7528430196884627,0.6822199492549069,0.6449960987395483,0.08918058488876006,0.16796877154603143,0.23145724728558836,0.6933530225609726,0.16286886790679328,0.759324527514548,0.7412483369082036,0.7192370331420987,0.14626886538623488,0.1874803389469031,0.16026359329744277,0.7399366325216169,0.1646709325435269,0.722540216786333,0.15459675120325808,1697.8386686227277,1585.0820226413923,1539.3018743260475,1352.830183195245,1582.208206040898,1377.9907216674408,746.0024958030264,870.0030885112947,1391.3378111981747,1296.4765040038433,0.6777512401249312,0.6934528660690031,5443.0,0.578357523424582,0.09939371670034913,,,,,,,,,,,,,,,,,,,,,,,,,,,,,,,,,,,,,,,,,,,,,,,,,,,,,,,,,,,,,,Oracle (true CIF)
ehrsim_base__oracle__s1,06_sequential_ehr,ehrsim_base,1,oracle,0.8056963163304338,0.7550461110876316,0.7132579724526102,0.0802259921357984,0.14106133687744102,0.19792312655288166,0.7580001332902252,0.13973681852204037,0.7942925546490385,0.7110642984677348,0.6647296829742603,0.07791754234720467,0.15447686584367828,0.21801287286993137,0.7233621786970111,0.1501357603536048,0.7708574834632733,0.6864987438028347,0.6430768357209955,0.07829970124374391,0.16070971216885957,0.2335250153784311,0.7001443543290344,0.1575114762636782,0.7629480993505805,0.7261573431342042,0.7073544631939751,0.14145951483233202,0.19746704307934368,0.16727140609527272,0.7321533018929199,0.1687326546689828,0.7284149920522976,0.15402917745207653,1672.7320157967317,1544.2587286584526,1537.8386273997062,1354.2137464648094,1605.3764890965049,1392.9074871914138,770.5718884931133,902.2527780099377,1396.629755196514,1298.4081850811535,0.6855050694705219,0.699917149958575,5326.0,0.5850544498685692,0.10045061960195267,,,,,,,,,,,,,,,,,,,,,,,,,,,,,,,,,,,,,,,,,,,,,,,,,,,,,,,,,,,,,,Oracle (true CIF)
ehrsim_base__oracle__s2,06_sequential_ehr,ehrsim_base,2,oracle,0.817620138140693,0.7493418790307579,0.7004402193322784,0.07300558552995953,0.14328998279435354,0.20304485355481283,0.7558007455012431,0.1397801406263753,0.7622833411979125,0.7003224086558977,0.6505991559952149,0.08346668467057239,0.15975974758929162,0.2272018413597428,0.7044016352830083,0.15680942453986893,0.7240266225546884,0.6854982138234018,0.6448797064681074,0.08509622202424069,0.17086632893115766,0.232168489771248,0.6848015142820659,0.16271034690888211,0.7514250386861817,0.7291282768382017,0.7152636237807384,0.14205424322626578,0.19431620883941947,0.15998451827082724,0.731938979768374,0.16545165677883752,0.7192357187086729,0.15618789221349097,1674.4166637065541,1547.5256369195706,1591.35969574451,1392.3424283652196,1625.2933336728931,1412.911584644187,744.6729528138831,857.4431995051226,1408.93566148446,1302.555712358525,0.6807206537890045,0.695615468409586,5384.0,0.5793090638930164,0.10141158989598809,,,,,,,,,,,,,,,,,,,,,,,,,,,,,,,,,,,,,,,,,,,,,,,,,,,,,,,,,,,,,,Oracle (true CIF)
ehrsim_base_bag__coxph__s0,06_sequential_ehr,ehrsim_base,0,coxph,0.7619879804098308,0.7162916220288821,0.6871340889443077,0.09134013902021285,0.15619794897440065,0.19752694498529855,0.7218045637943402,0.14835501099330403,0.772252198615752,0.7024734336586196,0.6565155849773585,0.0727332148196238,0.15252016812232802,0.21218725712941686,0.71041373908391,0.14581354669045624,0.739607034447926,0.6855072306594848,0.649300403913666,0.09433119504557083,0.16688810548078586,0.2102408362065977,0.691471556340359,0.1571533789109848,0.7390063927602146,0.7202857064515761,0.7021558335782249,0.15740083032368268,0.19967134844799386,0.16116526466218278,0.7204826442633386,0.1727458144779531,0.711043125870487,0.15601693776817455,1027.1035799306621,1308.419422760775,956.6441675633391,1008.1704838976949,828.9339585328366,896.5295146465301,769.6563262905155,899.5418627796086,895.5845080793383,1028.165321021152,0.6906117949660114,0.7027166530834013,5443.0,0.578357523424582,0.11225427154142942,bag,,,,,,,,,,,,,,,,,,,,,,,,,,,,,,,,,,,,,,,,,,,,,,,,,,,,,,,,,,,,,Cox PH (cause-specific) [bag]
ehrsim_base_bag__coxph__s1,06_sequential_ehr,ehrsim_base,1,coxph,0.7690617231181534,0.7242545706577955,0.6944917742332024,0.09062734898166663,0.15035567860433413,0.19030952548475577,0.7292693560030505,0.14376418435691884,0.7712319242031034,0.7054031400159394,0.6595900003988246,0.08208140709324338,0.1569929776786706,0.20670922480148696,0.7120750215392891,0.14859453652446697,0.7645816893321349,0.6795543559397532,0.6471459647739591,0.0818420331932876,0.15685480194761134,0.21252686572981636,0.6970940033486158,0.15040790029023843,0.7517223752088823,0.7157917904449623,0.697910369520041,0.14830730830223446,0.20339208103216272,0.16642778786952286,0.7218081783912952,0.17270905906797332,0.7150616398205627,0.15386892005989938,981.684359470635,1278.3236178336722,888.5991293967293,995.930721488416,830.6123142087481,894.5158550428972,774.4345410523562,916.5489462473548,868.8325860321171,1021.329785153085,0.7003379647014645,0.7122894228113781,5326.0,0.5850544498685692,0.11528351483289523,bag,,,,,,,,,,,,,,,,,,,,,,,,,,,,,,,,,,,,,,,,,,,,,,,,,,,,,,,,,,,,,Cox PH (cause-specific) [bag]
ehrsim_base_bag__coxph__s2,06_sequential_ehr,ehrsim_base,2,coxph,0.7825508311712417,0.7128665292467777,0.6785363109084016,0.08311234610387434,0.1545009588817621,0.20324280608753656,0.7246512237754738,0.146952037024391,0.7143188569194944,0.6762282693147929,0.640097457182995,0.08780005024148738,0.16449684925895675,0.21586226185296042,0.6768815278057607,0.15605305378446818,0.7092924572611783,0.6807974761995922,0.6488893971716765,0.08861573710033012,0.16787704372025503,0.21032133869336342,0.6796597768774824,0.15560470650464953,0.730699840543744,0.7117754828347698,0.6990167719460167,0.15401626874649127,0.20399994692940565,0.16052509657033862,0.7138306984415101,0.1728471040820785,0.6987558067250568,0.1578642253488968,1020.8486498207913,1317.7073078919605,972.7111898153528,1036.077910365817,861.5963844075727,913.6044264310375,760.5233301269807,884.5111148545458,903.9198885426745,1037.97518988584,0.6807206537890045,0.6932461873638344,5384.0,0.5793090638930164,0.10141158989598809,bag,,,,,,,,,,,,,,,,,,,,,,,,,,,,,,,,,,,,,,,,,,,,,,,,,,,,,,,,,,,,,Cox PH (cause-specific) [bag]
ehrsim_base_bag__ours_nllpch__s0,06_sequential_ehr,ehrsim_base,0,ours,0.7578859529796779,0.7225382971780558,0.6920523138360077,0.08875925162529241,0.15139098544960783,0.1912616752744749,0.7241588546645805,0.18383459746837616,0.7600531544888798,0.6974634284041471,0.6475294812955222,0.07578668499668596,0.15502518958264502,0.2171040988535457,0.701682021396183,0.1893261969089508,0.7332374467845069,0.6821725056128979,0.6525016980177888,0.0941201956630497,0.16609475223172035,0.21538952325343116,0.6893038834717312,0.1825515329837799,0.7348331942348504,0.7100742250185259,0.6885946949626102,0.1443090546742573,0.1948120403250064,0.17715428287153898,0.7111673714053288,0.16732250154018402,0.7065780327344559,0.15593397790010463,975.8166657095111,1292.1118882821017,912.9715731384604,998.8478414034199,939.8775697179183,932.8365917610672,790.9311019807694,930.9918327127887,904.8992276366648,1038.6970385398445,0.6975932390225978,0.7112197772344472,5443.0,0.578357523424582,0.11923571559801582,bag,nllpch,4.056083679199219,749.0,742.0,752.0,1352.0,0.17848982656366802,0.653481530814451,0.654098629951477,0.6547297239303589,0.6550159454345703,0.654674232006073,0.6557294726371765,0.6562815308570862,0.6563168168067932,0.6512787938117981,0.6550810933113098,0.6461194157600403,1503.0,0.6064257810115287,0.6095425486564636,0.6035499572753906,0.6052039861679077,0.6078686118125916,0.6106606125831604,0.6103655099868774,0.6091830134391785,0.6072880625724792,0.6056100726127625,0.5992861390113831,1503.0,0.6238300168991957,0.620907187461853,0.6249279975891113,0.6254523992538452,0.6270132064819336,0.6276199221611023,0.6291946768760681,0.6269662976264954,0.6246660947799683,0.6267641186714172,0.6105281114578247,1503.0,0.6783405480895388,0.6631895303726196,0.674964964389801,0.679101824760437,0.677989661693573,0.6793519854545593,0.6803567409515381,0.6787329316139221,0.6801073551177979,0.6784226298332214,0.6762943267822266,1503.0,0.6405194692036785,14.0884,106.683,0.213,nllpch,L_PCH [bag]
ehrsim_base_bag__ours_nllpch__s1,06_sequential_ehr,ehrsim_base,1,ours,0.774903377994229,0.7337359308985685,0.7073239719442794,0.08862918328066158,0.14272937550427103,0.18459954185483493,0.7386544269456924,0.17882119119167328,0.7678273447304256,0.7007944245892251,0.6586043791726252,0.08337627845310192,0.1574736407526646,0.21135291767662306,0.7090753828307587,0.18638849258422852,0.7671082569878936,0.6913133612660276,0.6477089349092402,0.08286670804429555,0.15779090275464736,0.21615405268219778,0.7020435177210539,0.18087399005889893,0.7469897203195238,0.7099991695473489,0.6863415591485584,0.1397585636502752,0.19354938082758696,0.17886056811867493,0.7144434830051436,0.16673912107944489,0.7160542026256621,0.15309509279998623,901.2739719837801,1253.1091129963966,949.2058532742597,1019.9670265792615,772.680642944614,875.6848515012772,767.1973002998618,930.7015948317102,847.5894421256289,1019.8656464771614,0.720428088621855,0.7331400165700083,5326.0,0.5850544498685692,0.13537363875328579,bag,nllpch,4.0176591873168945,728.0,732.0,735.0,1319.0,0.17629182901430618,0.6657104210141924,0.6610171794891357,0.6645373106002808,0.6661503911018372,0.6667249202728271,0.6659223437309265,0.6660842895507812,0.6666954159736633,0.6662701368331909,0.6671696305274963,0.6631587743759155,1475.0,0.6198672164747048,0.6193010807037354,0.624911904335022,0.6230669021606445,0.6206885576248169,0.6215298771858215,0.6222193837165833,0.6219263672828674,0.6226425766944885,0.6217955946922302,0.6082530617713928,1475.0,0.6249979769564693,0.6254848837852478,0.6267111897468567,0.6285555958747864,0.6288716197013855,0.6301726698875427,0.6295081973075867,0.6289688348770142,0.6331156492233276,0.6254932284355164,0.6056031584739685,1475.0,0.676694647576158,0.6694629192352295,0.6719628572463989,0.6778883337974548,0.6777693629264832,0.6796201467514038,0.6801735162734985,0.6797142028808594,0.6779257655143738,0.6758522987365723,0.672199010848999,1475.0,0.6468175655053812,13.7751,107.078,0.218,nllpch,L_PCH [bag]
ehrsim_base_bag__ours_nllpch__s2,06_sequential_ehr,ehrsim_base,2,ours,0.7883366327883932,0.7130811224745564,0.6777293381276157,0.08020946340588742,0.14976931023798853,0.19815390114907785,0.7263823644635217,0.1843837946653366,0.7189859911748415,0.6710779312598125,0.6384972864059945,0.09058736025898498,0.16515299395893177,0.22160088372008963,0.6761870696135496,0.19241054356098175,0.7064843418179886,0.6762193027176531,0.6340416959049141,0.08667295583841314,0.16447223869990407,0.20981405730380998,0.6722484468135185,0.1823141872882843,0.7178474944948917,0.6972418093799694,0.6845307511424972,0.14590055830831206,0.20077397809320446,0.17494506484440092,0.6998733516724528,0.1680709719657898,0.6936728081407606,0.1573377304849171,1060.2942771111652,1317.9921111484384,1016.8018600970305,1053.9327383526406,803.5237515926839,901.2555142323159,762.2142761589294,906.6349572528608,910.7085412399522,1044.953830246564,0.7031946508172363,0.7159858387799565,5384.0,0.5793090638930164,0.12388558692421991,bag,nllpch,4.039485454559326,733.0,746.0,737.0,1362.0,0.17942141051846153,0.637466200296494,0.637727677822113,0.6367987990379333,0.6369464993476868,0.6365329027175903,0.6368607878684998,0.6382564306259155,0.6374959945678711,0.6380504369735718,0.6385802626609802,0.6365965008735657,1508.0,0.5965497482570433,0.6035779118537903,0.5995065569877625,0.6030322313308716,0.5963743329048157,0.5993741154670715,0.5995003581047058,0.6026932001113892,0.6030271053314209,0.6009646058082581,0.5738604664802551,1508.0,0.6064584142509026,0.5990816950798035,0.6010634303092957,0.6154116988182068,0.6197319626808167,0.6135101318359375,0.6042882800102234,0.5999292731285095,0.600983202457428,0.6053560376167297,0.6076164245605469,1508.0,0.6725084008386732,0.6649782657623291,0.6654921770095825,0.6700491905212402,0.6731579303741455,0.6717150807380676,0.6727484464645386,0.6732572913169861,0.6729503870010376,0.6738109588623047,0.6719546914100647,1508.0,0.6282456909107783,13.7753,109.471,0.218,nllpch,L_PCH [bag]
ehrsim_base_bag__ours_nllpch_sample_event_ranking__s0,06_sequential_ehr,ehrsim_base,0,ours,0.750795712111131,0.7137810852681075,0.677632652928722,0.10016664847035309,0.17271818301571867,0.2211712579721365,0.7140698167693201,0.209701806306839,0.7899258416574293,0.706366531001239,0.6478567708911066,0.08829996019898553,0.17418605811151566,0.2282648583411613,0.7147163811832583,0.19983460009098053,0.7235493341973677,0.6675395607312321,0.6410282030075762,0.10200442634738914,0.18608930108631075,0.2251188595104969,0.6773723659787253,0.19121181964874268,0.7350614871138281,0.7068005752951128,0.6858636645708378,0.1624613553818768,0.22796999325362427,0.19309077706362365,0.7092419089932595,0.18766604363918304,0.7038501182311407,0.17346180656276602,918.1076574632602,1380.2978155094415,841.800606310346,1031.3552241857797,892.7041488217861,969.8886960929867,908.566799257009,1054.710650420118,890.2948029631004,1109.0630965520816,0.7683262906485394,0.7715023091551207,5443.0,0.578357523424582,0.1899687672239574,bag,nllpch_sample_event_ranking,2.426663875579834,749.0,742.0,752.0,1352.0,0.1955103492537858,0.6460758579741929,0.6489693522453308,0.649085283279419,0.6459503173828125,0.6432714462280273,0.6422803997993469,0.6418267488479614,0.6452416777610779,0.6489475965499878,0.6473016738891602,0.6486380100250244,1503.0,0.611403927731287,0.6110081672668457,0.6098555326461792,0.605593740940094,0.6081871390342712,0.6103937029838562,0.6126307249069214,0.6132667064666748,0.608309268951416,0.6168959140777588,0.6114341020584106,1503.0,0.6097434919008575,0.627892255783081,0.6206483244895935,0.6199506521224976,0.6150519847869873,0.6134176254272461,0.6194703578948975,0.6195086240768433,0.623807966709137,0.6205094456672668,0.5619818568229675,1503.0,0.6742064695519876,0.6557164788246155,0.6738518476486206,0.6794346570968628,0.6769887804985046,0.6780317425727844,0.6772646903991699,0.672446072101593,0.6769395470619202,0.6753515005111694,0.6685358881950378,1503.0,0.6353574367895812,13.7895,108.996,0.218,nllpch_sample_event_ranking,L_PCH + L_rank + L_mul (paper) [bag]
ehrsim_base_bag__ours_nllpch_sample_event_ranking__s1,06_sequential_ehr,ehrsim_base,1,ours,0.7650810266956279,0.7208270311143928,0.6975349068837376,0.09780343499962821,0.17359591869592852,0.21649252453778217,0.7278143215645861,0.2051926553249359,0.7678095974268966,0.6928497815422923,0.6513820650442842,0.1052862041702073,0.18727355122479736,0.227670726283241,0.7040138146711578,0.20272807776927948,0.7577416738344929,0.6821678607491182,0.636302629452054,0.09662792799958185,0.17959455736457383,0.23226232014623086,0.6920707213452216,0.1949475258588791,0.7440324302305715,0.7042986678946092,0.6858215710020986,0.161031150324143,0.23140620995691194,0.19469964915431384,0.7113842230424264,0.18890570104122162,0.708820770155848,0.175312014571445,1020.2298976760428,1400.919297070267,1058.174821429836,1136.8662661472977,822.4109480928244,951.0539180734008,927.5265066680494,1080.5715117478467,957.0855434666883,1142.352748259703,0.7788208787082238,0.783927091963546,5326.0,0.5850544498685692,0.19376642883965456,bag,nllpch_sample_event_ranking,2.4112839698791504,728.0,732.0,735.0,1319.0,0.1964229530971296,0.6544546054476068,0.6506475210189819,0.6554040908813477,0.6577563881874084,0.6484192609786987,0.6561021208763123,0.6574701070785522,0.6581125259399414,0.6553775668144226,0.6542798280715942,0.6497035026550293,1475.0,0.6053417671676093,0.60416179895401,0.6094384789466858,0.6142580509185791,0.6134933233261108,0.6138221025466919,0.6201850771903992,0.6164727807044983,0.60493004322052,0.6019543409347534,0.5757777690887451,1475.0,0.6102492496360769,0.6225584745407104,0.6149795651435852,0.6069175601005554,0.6164721250534058,0.6125615835189819,0.6170603036880493,0.61700040102005,0.616886556148529,0.614086389541626,0.5864898562431335,1475.0,0.673508061249162,0.6676249504089355,0.6729379892349243,0.6753395199775696,0.6761854290962219,0.6719346642494202,0.6723153591156006,0.6745360493659973,0.6768320202827454,0.6743628978729248,0.6701758503913879,1475.0,0.6358884208751138,14.0042,105.326,0.214,nllpch_sample_event_ranking,L_PCH + L_rank + L_mul (paper) [bag]
ehrsim_base_bag__ours_nllpch_sample_event_ranking__s2,06_sequential_ehr,ehrsim_base,2,ours,0.7879169607259442,0.7190066385671123,0.6775700214602243,0.08969833251524024,0.1662617745736646,0.21785070956499814,0.7281645402510936,0.20496095716953278,0.7228006885096218,0.6682775696053037,0.6271218900269447,0.09304675318717473,0.17737208162495138,0.22895531918639103,0.6727333827139567,0.199638232588768,0.7135033101683136,0.6622604064579418,0.6218571037457088,0.0975998189943169,0.18837781312984453,0.2267488933512054,0.6658736067906547,0.1955094039440155,0.7170063487007736,0.693943711114843,0.6832381627064498,0.16027145845075905,0.22867754257697145,0.19174417486170006,0.6980627408406889,0.18638306856155396,0.6912085676490984,0.1722170560014348,914.2464872054508,1361.835441434109,914.2492424349405,1066.8092043333402,972.6448375285904,1021.379067887612,884.1397138549339,1028.0733180882237,921.3200702559789,1119.5242579358212,0.736255572065379,0.7401143790849674,5384.0,0.5793090638930164,0.15694650817236255,bag,nllpch_sample_event_ranking,2.4294683933258057,733.0,746.0,737.0,1362.0,0.19483249670320413,0.6363659584178968,0.6410601735115051,0.6394771933555603,0.6390945911407471,0.6405016183853149,0.6358381509780884,0.6383922696113586,0.6358723044395447,0.6334376335144043,0.6343899369239807,0.6346026659011841,1508.0,0.5961444977156383,0.6006388068199158,0.6000161170959473,0.6009787917137146,0.6022052764892578,0.6036163568496704,0.5997476577758789,0.600342333316803,0.595012903213501,0.5879848599433899,0.5879350900650024,1508.0,0.5757028895713336,0.6125432252883911,0.5960596203804016,0.5945400595664978,0.593676745891571,0.5962972044944763,0.605015218257904,0.5947520732879639,0.5916672945022583,0.5855883359909058,0.4858822822570801,1508.0,0.6672350366812714,0.6627303957939148,0.6548469662666321,0.6598740816116333,0.6679965853691101,0.6670196056365967,0.6665640473365784,0.6687914729118347,0.6707096099853516,0.6701793074607849,0.6640937328338623,1508.0,0.6188620955965349,13.7393,109.758,0.218,nllpch_sample_event_ranking,L_PCH + L_rank + L_mul (paper) [bag]
ehrsim_base_sequence__deephit_paper__s0,06_sequential_ehr,ehrsim_base,0,deephit_paper,0.7432285195954624,0.7148633679802312,0.6842143096275976,0.1136071108195103,0.21103896912288378,0.3029357917464073,0.7141020657344304,0.30935144424438477,0.7572240758474118,0.6911123997576609,0.6183304746324352,0.11053515084938617,0.2266884767099598,0.3520270806366879,0.6888889834125026,0.3355455696582794,0.711105641835399,0.6662424089988381,0.6388364653220785,0.11727323540309043,0.23415865637534122,0.34443983080626195,0.6720615053854386,0.31479400396347046,0.7382563386797659,0.7134541521539376,0.6962576068320613,0.16344245008508093,0.23214820220311785,0.18992121818197777,0.7159893658885883,0.18853570520877838,0.6977604801052399,0.21651801441164212,2847.561548251017,2249.8609319864822,2897.68036260943,2369.758185808786,2780.5199886462665,2321.239528352943,928.182264861058,1068.5259415498315,2363.4860410919428,2002.3461469245105,0.4368914201726989,0.4588698723173051,5443.0,0.578357523424582,-0.14146610325188314,sequence,,8.631897926330566,749.0,742.0,752.0,1352.0,0.2704601971761573,0.6372742044368996,0.646511971950531,0.6447673439979553,0.6423318386077881,0.6439471244812012,0.6444907784461975,0.6425471305847168,0.6348869204521179,0.6329609751701355,0.6304459571838379,0.630530059337616,1503.0,0.5926288853020867,0.6057407855987549,0.6058381795883179,0.6048101186752319,0.6052126288414001,0.6054691672325134,0.602331817150116,0.588452935218811,0.5859900712966919,0.5817943215370178,0.5818060636520386,1503.0,0.6120974135013443,0.6123837232589722,0.6164892315864563,0.6160610318183899,0.6164643168449402,0.6134474873542786,0.614780068397522,0.6161555647850037,0.6146072149276733,0.6059116721153259,0.6060117483139038,1503.0,0.6875933249186439,0.6823518872261047,0.685721755027771,0.6866037249565125,0.689704179763794,0.6822541356086731,0.6857663989067078,0.6872736215591431,0.6879255771636963,0.6890521049499512,0.689055860042572,1503.0,0.6323984570397436,14.6579,102.538,0.205,,DeepHit [sequence]
ehrsim_base_sequence__deephit_paper__s1,06_sequential_ehr,ehrsim_base,1,deephit_paper,0.760013543820294,0.7152258724076213,0.6893017568583818,0.11650803522149797,0.22729112249707997,0.3276770177522855,0.721513724362099,0.3356487452983856,0.76432711092532,0.6801589377658013,0.6283143463061125,0.12691047552557894,0.2488581625803066,0.37764581104827033,0.690933464999078,0.3647629916667938,0.7519489903609937,0.6904328674468024,0.6533714558394796,0.11455388414763594,0.2320715505716133,0.3611593192932969,0.6985844378824252,0.32461053133010864,0.7519563004315418,0.7157167813813355,0.6983837966955012,0.16150484791612676,0.2415250812309842,0.1940550845712211,0.7220189595027929,0.1918434351682663,0.7082626466865989,0.2274800326963248,3082.9172301984795,2381.887978844384,3109.9116873358353,2545.480146307708,2821.6508217900446,2360.2705748818134,991.9899445158243,1127.375788724189,2501.617420960046,2103.7536221895234,0.41832519714607586,0.4419773543220105,5326.0,0.5850544498685692,-0.1667292527224934,sequence,,8.491731643676758,728.0,732.0,735.0,1319.0,0.28542658736251875,0.6512377637312591,0.6519893407821655,0.655577540397644,0.6562132835388184,0.6511663198471069,0.6495468020439148,0.6501414179801941,0.6505540609359741,0.6508767604827881,0.6506595015525818,0.6506713032722473,1475.0,0.5962908525276018,0.6067922711372375,0.6086812615394592,0.6058694124221802,0.6078100204467773,0.6084129214286804,0.6060836315155029,0.6032608151435852,0.5978904962539673,0.5772727727890015,0.5782164335250854,1475.0,0.6212857931971354,0.6107462048530579,0.6111376285552979,0.6168141961097717,0.6228528022766113,0.6235253214836121,0.6213127970695496,0.6214725375175476,0.6225253939628601,0.6219413876533508,0.6220247149467468,1475.0,0.6887809045333778,0.6832448244094849,0.6892510056495667,0.6882094144821167,0.6902521848678589,0.687981903553009,0.6886124014854431,0.6895622611045837,0.6882157325744629,0.6888675093650818,0.6888508796691895,1475.0,0.6393988284973435,14.2822,103.276,0.21,,DeepHit [sequence]
ehrsim_base_sequence__deephit_paper__s2,06_sequential_ehr,ehrsim_base,2,deephit_paper,0.760404124694917,0.6979232412087328,0.6589944751818171,0.10727274294530505,0.21443209921485198,0.3170930423667911,0.7057739470284888,0.3157130479812622,0.6997081513292702,0.649113907583483,0.6177656713853364,0.12307843008074545,0.2421549272641928,0.3646938865004947,0.6555292434326966,0.3498483896255493,0.7107453866387627,0.6646536330665278,0.6240448851697704,0.11225027144309224,0.24193020422516884,0.3626862650696771,0.6664813016250203,0.32218921184539795,0.7267706057170047,0.7094376709232305,0.6966449332197314,0.16553098874341696,0.24414650760840964,0.19613057712508677,0.7109510699533222,0.19431553781032562,0.684683890509882,0.22428332854893604,2957.398398023651,2278.0737943235445,3009.027697434409,2451.702919688354,2799.7047958417606,2321.168867678881,1018.099964172832,1130.085816540348,2446.0577138681633,2045.2578495577818,0.4076894502228826,0.4327614379084967,5384.0,0.5793090638930164,-0.17161961367013379,sequence,,8.419739723205566,733.0,746.0,737.0,1362.0,0.27795298335904045,0.6204640411653948,0.6231747269630432,0.6231573224067688,0.624725341796875,0.6228008270263672,0.619219958782196,0.6200462579727173,0.6191073060035706,0.6206057071685791,0.619161069393158,0.6191648244857788,1508.0,0.5765250740419094,0.5716720223426819,0.5760097503662109,0.5750629901885986,0.5773445963859558,0.5802080631256104,0.5778281688690186,0.5817497372627258,0.5787882208824158,0.5727342963218689,0.571845531463623,1508.0,0.6010810491242154,0.6216176152229309,0.6089843511581421,0.6110534071922302,0.6143879294395447,0.6014613509178162,0.5999968647956848,0.5922792553901672,0.599245548248291,0.5996626019477844,0.5994545817375183,1508.0,0.6869205701718083,0.673600435256958,0.6822637915611267,0.6841855645179749,0.68558269739151,0.6872284412384033,0.6877326369285583,0.689206063747406,0.6889104843139648,0.6860802173614502,0.686061441898346,1508.0,0.6212476836258319,16.1601,93.316,0.186,,DeepHit [sequence]
ehrsim_base_sequence__mensa_paper__s0,06_sequential_ehr,ehrsim_base,0,mensa_paper,0.7344662842818401,0.6998674527331215,0.6722319299572391,0.0946457830104511,0.16185129583744368,0.19853117840463694,0.7021885556574002,0.18880216777324677,0.7573072253740649,0.6902500206379335,0.6405710043751752,0.09176174938883531,0.16924552987292596,0.2225064352190815,0.6960427501290579,0.1957569718360901,0.6940072473694973,0.6526431339602691,0.6142020489704757,0.10695526365699021,0.19417831343075578,0.2453662930201462,0.6536174767667474,0.20746880769729614,0.7308832112691394,0.7043691027909487,0.6798046031424642,0.15588710673231854,0.2076401177851566,0.17841812317255837,0.7050189724008508,0.17524877190589905,0.6892169387385141,0.16891559912760834,1027.8990137614246,1356.5920391976224,810.7512403131676,987.6639825685306,629.1071790702351,900.7956645900033,746.2176408804612,913.1053662141379,803.4937685063222,1039.5392631425734,0.6336579092412272,0.6466720999728335,5443.0,0.578357523424582,0.0553003858166452,sequence,,18.739803314208984,749.0,742.0,752.0,1352.0,0.1890451682252247,0.6318258974647176,0.6376862525939941,0.6387465000152588,0.6387603878974915,0.6387118101119995,0.638360321521759,0.6374649405479431,0.6362619996070862,0.6345787644386292,0.6304389834403992,0.6080245971679688,1503.0,0.5968060183377359,0.6012842059135437,0.6016888618469238,0.6012666821479797,0.6022746562957764,0.6015704274177551,0.6032264828681946,0.6018686294555664,0.5966546535491943,0.5879979133605957,0.587984561920166,1503.0,0.5962367059564547,0.5980669856071472,0.608392059803009,0.6067968606948853,0.6045975685119629,0.6040092706680298,0.6022171378135681,0.6000015139579773,0.5924404263496399,0.5895194411277771,0.5848921537399292,1503.0,0.6702061206414641,0.6465528607368469,0.6625584959983826,0.6710861921310425,0.675003707408905,0.6766304969787598,0.6780081987380981,0.6784849762916565,0.6741403937339783,0.6648105978965759,0.661460816860199,1503.0,0.623768685600093,16.0876,93.426,0.186,,MENSA [sequence]
ehrsim_base_sequence__mensa_paper__s1,06_sequential_ehr,ehrsim_base,1,mensa_paper,0.7545721250403705,0.7251956699677332,0.6962777715272945,0.09730206479163128,0.15475735118757897,0.19260619548874508,0.7253485221784661,0.18554721772670746,0.7644521607658421,0.6870663023317485,0.6249009615046007,0.09528137264937725,0.16926756097728116,0.22245242224799905,0.6921398082007304,0.1974906325340271,0.74551943555764,0.6791341189206603,0.6469786695192201,0.09385650178681366,0.16459841387316454,0.21763539788118147,0.6905440746658401,0.1859394609928131,0.7505846426501278,0.7058718727198416,0.6534060153187087,0.14352527244561983,0.2016662932031426,0.18747815149424102,0.7032875102295595,0.17413900792598724,0.7028299788186491,0.16170224983556467,1034.708054544818,1356.2861539897494,989.75703424624,1091.7231955625568,852.626372329219,924.0950220887909,797.165139941768,976.8114302511149,918.5641502655112,1087.228950473053,0.5659031167855801,0.5829052747859707,5326.0,0.5850544498685692,-0.019151333082989108,sequence,,18.532712936401367,728.0,732.0,735.0,1319.0,0.18383505202164077,0.648971149613462,0.6649264097213745,0.665473222732544,0.6657423973083496,0.6654014587402344,0.6647072434425354,0.6640111207962036,0.6624126434326172,0.6560097932815552,0.6312220096588135,0.6012502908706665,1475.0,0.5813303084685764,0.5992947220802307,0.6014149188995361,0.6017159819602966,0.6005951762199402,0.5988380312919617,0.5972491502761841,0.5924012660980225,0.5840994715690613,0.555695116519928,0.5459176301956177,1475.0,0.612157406270966,0.6035484075546265,0.6173746585845947,0.6193153262138367,0.6191567778587341,0.6210175156593323,0.6219589114189148,0.6225740313529968,0.6212605237960815,0.6001099348068237,0.5909173488616943,1475.0,0.6463588255479201,0.679751455783844,0.6823268532752991,0.6832078099250793,0.683600902557373,0.6829311847686768,0.6803264021873474,0.6745460629463196,0.6592364311218262,0.6214480400085449,0.5933356285095215,1475.0,0.6222044224752311,14.3545,102.755,0.209,,MENSA [sequence]
ehrsim_base_sequence__mensa_paper__s2,06_sequential_ehr,ehrsim_base,2,mensa_paper,0.7630800025228817,0.7000314723427777,0.660946931380596,0.08819166733180502,0.16386067912166372,0.21927858720188517,0.7080194687487517,0.19960641860961914,0.6761562125216458,0.640990590267276,0.6235207662961599,0.11254474531909879,0.19878932090096807,0.24568586488544483,0.6468891896950272,0.21480844914913177,0.7103687512295739,0.65379583461067,0.6176607819788118,0.11027116763153448,0.24073330535905146,0.3475305763405164,0.6606084559396853,0.2580077052116394,0.7215675611827672,0.6973379219137071,0.6786167380742767,0.1526688473583109,0.20808500868624,0.1757053706376516,0.6991740737235838,0.17276650667190552,0.678672797026762,0.1886120950645142,1173.1701796775944,1386.4137547278017,1246.4220577480135,1229.0469145647687,1165.6503255338255,1090.1061704133376,757.6715437370455,909.9404580975288,1085.7285266741198,1153.8768244508592,0.587295690936107,0.6026416122004358,5384.0,0.5793090638930164,0.00798662704309061,sequence,,19.381385803222656,733.0,746.0,737.0,1362.0,0.20458867208893702,0.6130263621401584,0.6165575385093689,0.620090126991272,0.6201555728912354,0.6206122636795044,0.6207908391952515,0.6197644472122192,0.6191999912261963,0.6193273663520813,0.6214295029640198,0.573871374130249,1508.0,0.555708592807751,0.5767030715942383,0.5800032019615173,0.5830368995666504,0.5840027332305908,0.5844112038612366,0.5858001708984375,0.5884569883346558,0.5940923094749451,0.5248380303382874,0.45273643732070923,1508.0,0.5645844492240184,0.5787549018859863,0.581785261631012,0.5846871733665466,0.5865057706832886,0.5870593190193176,0.5858427286148071,0.5853577256202698,0.5843384861946106,0.5508570075035095,0.49687114357948303,1508.0,0.6618497508877464,0.6734893321990967,0.6742131114006042,0.6748812794685364,0.6760413646697998,0.6762486696243286,0.6760441660881042,0.6746870279312134,0.6713368892669678,0.6567390561103821,0.6330600380897522,1508.0,0.5987922887649185,14.0389,107.415,0.214,,MENSA [sequence]
ehrsim_base_sequence__ours_nllpch__s0,06_sequential_ehr,ehrsim_base,0,ours,0.7479491374007896,0.706740296510015,0.6782650337223767,0.09316345767019946,0.15880460212333578,0.19925267738356708,0.7109848225443938,0.18973399698734283,0.7793229731693324,0.6928925053673437,0.6409963526145159,0.07885555859486144,0.15981411214561217,0.21937966190408587,0.704403943717064,0.19250571727752686,0.7070744230816204,0.6671030362952634,0.6390818560492757,0.09549783335452693,0.17372887296842895,0.21632329675546563,0.6710864384753865,0.1842631697654724,0.7392825676894487,0.7185349086181584,0.6991844105658532,0.15065461821899767,0.1983157668455682,0.18081197050992506,0.71900062895782,0.17079198360443115,0.7013689584236661,0.16038353570621453,1162.4144835620286,1388.184308369717,1130.1081795627538,1097.6382468458644,957.6712986575624,962.0060957365145,889.8469160310138,982.3789846647916,1035.0102194533397,1107.5519089042218,0.7141282381039867,0.7215702254822058,5443.0,0.578357523424582,0.1357707146794047,sequence,nllpch,4.098962306976318,749.0,742.0,752.0,1352.0,0.18203801709604198,0.642240863347399,0.6405474543571472,0.6427110433578491,0.6405827403068542,0.6427301168441772,0.6415175795555115,0.6436634659767151,0.6421379446983337,0.6421244740486145,0.6417283415794373,0.6430250406265259,1503.0,0.59764166477376,0.6040146946907043,0.6045768857002258,0.6010185480117798,0.5955826640129089,0.5978130102157593,0.5988405346870422,0.6010431051254272,0.6005932092666626,0.5971733331680298,0.5889947414398193,1503.0,0.6125322144973908,0.6096494197845459,0.6076666116714478,0.611167848110199,0.6085883975028992,0.6106862425804138,0.612022340297699,0.6140409708023071,0.6176601648330688,0.6161681413650513,0.608420729637146,1503.0,0.6911432768054155,0.6881861090660095,0.6893898844718933,0.6923527121543884,0.6923331618309021,0.6919049620628357,0.6926795840263367,0.6926275491714478,0.692278265953064,0.6910672783851624,0.6883233785629272,1503.0,0.6358895048559914,15.304,98.21,0.196,nllpch,L_PCH [sequence]
ehrsim_base_sequence__ours_nllpch__s1,06_sequential_ehr,ehrsim_base,1,ours,0.7767355666808496,0.7301653197555543,0.6985519155856647,0.08898522503056319,0.1485012828963896,0.1892614137890125,0.7351509340073562,0.18136325478553772,0.760533107640912,0.6834454592445333,0.636717202835997,0.0895039870789599,0.16842316693830997,0.21984825181385562,0.6935652565738141,0.1953584849834442,0.7692962979795579,0.6800011629356728,0.633009257392871,0.08275027078875855,0.16408680104353957,0.22215743464796706,0.694102239436034,0.18637125194072723,0.7504316461948198,0.7157380460160432,0.6960012512367421,0.14120304507076284,0.19756761187034105,0.18039419403501558,0.7207236478158684,0.16739585995674133,0.7108855194582682,0.15772355708362296,1094.5318863342745,1330.438591544943,906.7555597800811,1028.7323132982863,904.7348137192232,937.2132498909486,838.3093088423566,957.4575360788464,936.0828921689838,1063.4604227032562,0.7350732256853173,0.7446837890085611,5326.0,0.5850544498685692,0.15001877581674805,sequence,nllpch,4.05994987487793,728.0,732.0,735.0,1319.0,0.18008334375387847,0.6553358060433687,0.656836986541748,0.6592686772346497,0.6560781002044678,0.6559790968894958,0.6566720008850098,0.6548119783401489,0.6545222997665405,0.6547881364822388,0.6571934819221497,0.6518497467041016,1475.0,0.5991742627920537,0.5978803634643555,0.5976840853691101,0.5991527438163757,0.6001748442649841,0.59959876537323,0.6007571220397949,0.5997424125671387,0.6008820533752441,0.6022190451622009,0.5930975079536438,1475.0,0.6047999987810577,0.6015445590019226,0.6010022163391113,0.6036738753318787,0.6059964895248413,0.6071431636810303,0.6052289009094238,0.6072829365730286,0.6065291166305542,0.6027545928955078,0.6026896238327026,1475.0,0.6870592460452934,0.6674728393554688,0.6764677166938782,0.6837154030799866,0.6869494318962097,0.6895639300346375,0.6885296702384949,0.688953161239624,0.6889582872390747,0.6873279213905334,0.6847588419914246,1475.0,0.6365923284154433,13.9171,105.985,0.216,nllpch,L_PCH [sequence]
ehrsim_base_sequence__ours_nllpch__s2,06_sequential_ehr,ehrsim_base,2,ours,0.7714477206252741,0.7096754962941447,0.6733018522759749,0.08481388224645818,0.15540915530451715,0.20523820191523556,0.7181416897317979,0.18770834803581238,0.7245827310987464,0.6563274900498003,0.6200105443065044,0.0926216526385316,0.172575366446704,0.2247380434369687,0.6669735884850171,0.19774603843688965,0.7261977507242855,0.6658487643959183,0.6209351613135868,0.09058082408138272,0.170585568547549,0.2226480625336261,0.6709938921445969,0.1870775669813156,0.7120550298005837,0.6927602698009051,0.6903826718915694,0.1627801172541207,0.2119695303212073,0.17511544768952278,0.6983993238310194,0.1751297563314438,0.6886271235481078,0.16408965436798534,1045.1159598996442,1329.8644615626492,1106.8167334113798,1109.587625433337,953.3805643418709,963.7502709439742,822.3407088171998,927.1264736518322,981.9134916175237,1082.5822078979481,0.6576894502228826,0.6674291938997821,5384.0,0.5793090638930164,0.07838038632986621,sequence,nllpch,4.2044243812561035,733.0,746.0,737.0,1362.0,0.18488307958994585,0.6262184611654983,0.6255724430084229,0.6254236102104187,0.625609278678894,0.6226597428321838,0.621559202671051,0.6270172595977783,0.6280299425125122,0.6274951100349426,0.6279455423355103,0.6270484924316406,1508.0,0.5885029297865456,0.5884257555007935,0.5903487801551819,0.5880448818206787,0.5880231261253357,0.5867433547973633,0.5852577090263367,0.5876695513725281,0.585667073726654,0.5873376727104187,0.5959801077842712,1508.0,0.5971689764972077,0.6059335470199585,0.6042649149894714,0.6050183176994324,0.5978904962539673,0.5977762937545776,0.5982896089553833,0.5989958643913269,0.5969740152359009,0.5968499779701233,0.5904224514961243,1508.0,0.675556610262152,0.6423470973968506,0.6469089984893799,0.648883581161499,0.6648814678192139,0.6662583947181702,0.6696079969406128,0.6742014288902283,0.6803730130195618,0.6848908066749573,0.6820064783096313,1508.0,0.6218617444278509,14.3502,105.086,0.209,nllpch,L_PCH [sequence]
ehrsim_base_sequence__ours_nllpch_sample_event_ranking__s0,06_sequential_ehr,ehrsim_base,0,ours,0.744709963847229,0.7047933300255783,0.6672227391412924,0.0983407776118691,0.1691915681247097,0.2143075931032272,0.7055753443380333,0.20219509303569794,0.7789993731210364,0.6924797313749986,0.6414424012196407,0.08978675949256205,0.17372198093177327,0.22427096034274221,0.7043071685718919,0.19647429883480072,0.7190592609172978,0.657468059575218,0.6299096524563226,0.10129635433081863,0.18305117076502186,0.2270862054603136,0.6688123243162796,0.19208836555480957,0.7339338051494735,0.705415605877337,0.6947127722016496,0.1551514628910512,0.21538146597025776,0.18462197590021776,0.7113540610761534,0.1791275143623352,0.6975122245755896,0.16968402291038037,1029.5841959182928,1400.627222468528,981.8954806224574,1081.214366289115,829.81742125333,948.8775527817468,852.5950250711376,996.2820712814225,923.4730307163045,1106.7503032052032,0.7547308469593974,0.763162184189079,5443.0,0.578357523424582,0.17637332353481538,sequence,nllpch_sample_event_ranking,2.4607012271881104,749.0,742.0,752.0,1352.0,0.19022500827100247,0.6302152574542256,0.616772472858429,0.6285243630409241,0.6338548064231873,0.6309716701507568,0.6253278255462646,0.628401517868042,0.6360162496566772,0.6309536695480347,0.6296202540397644,0.6311233043670654,1503.0,0.5961234169635237,0.603120744228363,0.6059811115264893,0.600718080997467,0.6005591154098511,0.5987764000892639,0.5972253680229187,0.6002072691917419,0.5925250053405762,0.5967051386833191,0.58580082654953,1503.0,0.6029834342486003,0.6129558682441711,0.6103594899177551,0.6109601855278015,0.612796425819397,0.6094622611999512,0.6127471923828125,0.615484356880188,0.6110140681266785,0.6030558943748474,0.5670825839042664,1503.0,0.6813159451503416,0.6629385352134705,0.6797033548355103,0.6826257705688477,0.6834295392036438,0.6771237254142761,0.6758452653884888,0.6805917024612427,0.6886459589004517,0.6831911206245422,0.6790445446968079,1503.0,0.6276595134541727,14.2226,105.677,0.211,nllpch_sample_event_ranking,L_PCH + L_rank + L_mul (paper) [sequence]
ehrsim_base_sequence__ours_nllpch_sample_event_ranking__s1,06_sequential_ehr,ehrsim_base,1,ours,0.7671712098805974,0.7135238018156609,0.6832633964849202,0.10403881122475642,0.17813897177146798,0.2195969164294206,0.7213194693937263,0.206642284989357,0.7690320867694224,0.6821761731071205,0.6314662009721879,0.10021612550079961,0.18140019043470293,0.227076558416568,0.6942248202829102,0.20207808911800385,0.7493388673016803,0.6655706296571864,0.636747349379074,0.09997584577798455,0.18350401926842674,0.23364428989532302,0.6838856154459801,0.19604316353797913,0.7508141354058117,0.7130595553585638,0.697160072387823,0.16757636244548427,0.2434429360178898,0.19494307135227942,0.7203445877173995,0.19301365315914154,0.704943623210004,0.17779617487792526,1103.436974021077,1437.9225547930807,934.5812037228511,1098.8603892992294,982.0402961026907,1019.0826195368325,975.9070591987849,1108.3715538094866,998.9913832613508,1166.0592793596572,0.7797596695456253,0.7775752554542944,5326.0,0.5850544498685692,0.194705219677056,sequence,nllpch_sample_event_ranking,2.424342155456543,728.0,732.0,735.0,1319.0,0.19835898646099973,0.6469344578897749,0.6459578275680542,0.6487333178520203,0.650632381439209,0.6497987508773804,0.6495839357376099,0.6413453817367554,0.6479736566543579,0.6479013562202454,0.6468862295150757,0.6439197063446045,1475.0,0.5902313627140535,0.6009080410003662,0.6046380400657654,0.6029303073883057,0.603725790977478,0.6022146940231323,0.6042876839637756,0.595725417137146,0.5892813205718994,0.5929935574531555,0.549055814743042,1475.0,0.6083963410462857,0.605445921421051,0.6059628129005432,0.6156098246574402,0.6149636507034302,0.6105641722679138,0.6158669590950012,0.6136765480041504,0.6138996481895447,0.6054100394248962,0.5919987559318542,1475.0,0.6875128641287729,0.672505795955658,0.6719481945037842,0.6857597827911377,0.6897655129432678,0.690075695514679,0.689407467842102,0.6883612871170044,0.6903408169746399,0.6891094446182251,0.6832401752471924,1475.0,0.6332687564447218,15.6263,94.392,0.192,nllpch_sample_event_ranking,L_PCH + L_rank + L_mul (paper) [sequence]
ehrsim_base_sequence__ours_nllpch_sample_event_ranking__s2,06_sequential_ehr,ehrsim_base,2,ours,0.7836313006804032,0.7181862284054897,0.6765628618196414,0.09560955465904859,0.17052679713530014,0.2154849722735224,0.7261267969685115,0.2036023586988449,0.7180688371770267,0.6582075543705953,0.6159518778790989,0.09852254929485488,0.18118096415107157,0.2290491736904475,0.664076089808907,0.20155201852321625,0.7115720117735047,0.6550445898531512,0.6256528612418948,0.09352546452555363,0.1810015977941492,0.22165114854314907,0.6640898209561835,0.19139713048934937,0.7248416837957461,0.7052368714320316,0.6945632622819806,0.16338548620775512,0.23079143207339237,0.1927499389110493,0.7082139391699194,0.18734890222549438,0.6906266617258804,0.1727899232716078,1037.7577275169824,1404.4382922080993,945.886254080255,1094.4406470510805,890.1239814505298,980.6850032117762,941.4262990770412,1068.1888648085055,953.798565531202,1136.9382018198653,0.7778603268945022,0.7807461873638344,5384.0,0.5793090638930164,0.19855126300148584,sequence,nllpch_sample_event_ranking,2.4410674571990967,733.0,746.0,737.0,1362.0,0.19447379115325503,0.6325439729131427,0.6384649276733398,0.6379439234733582,0.633865237236023,0.6296269297599792,0.6270771622657776,0.6288748383522034,0.6288838982582092,0.6318582892417908,0.6369991898536682,0.6363030672073364,1508.0,0.5712236552833356,0.5892631411552429,0.5874618887901306,0.593170166015625,0.5883356332778931,0.580807626247406,0.576772928237915,0.5754081010818481,0.57347571849823,0.5679233074188232,0.5352232456207275,1508.0,0.5948147596588267,0.5988167524337769,0.6048815846443176,0.5944486260414124,0.5932931900024414,0.5914285182952881,0.5935142636299133,0.5970476865768433,0.5945004820823669,0.5897042155265808,0.5996422171592712,1508.0,0.6798087866402328,0.6521053910255432,0.6768734455108643,0.6786159873008728,0.6808544993400574,0.6742264032363892,0.6771249175071716,0.6796138286590576,0.6838539838790894,0.6831610202789307,0.678580641746521,1508.0,0.6195977936238845,13.8336,109.01,0.217,nllpch_sample_event_ranking,L_PCH + L_rank + L_mul (paper) [sequence]
ehrsim_base_static__ours_nllpch__s0,06_sequential_ehr,ehrsim_base,0,ours,0.5306708121948017,0.4885786314662826,0.490489376138273,0.11258343051326014,0.1954161564606771,0.2467844881385364,0.5032462732664524,0.2277650237083435,0.5054749153467374,0.485771863897725,0.4784092039018585,0.11004581618544369,0.1983504609355612,0.24724136813286396,0.48988532771544024,0.21607282757759094,0.49567068178125956,0.49204182349683995,0.48750071767481873,0.11781393677918359,0.20949260247938625,0.2482170966010193,0.49173774098430606,0.21169976890087128,0.5120461456321863,0.5054116385489603,0.5031463145378234,0.17745970036763722,0.2495257459168605,0.21021710750899292,0.5068680329063233,0.2046383172273636,0.4979343437181305,0.1935956591682852,1173.56328277488,1517.1151680086875,1201.7888402331241,1207.479098267571,998.0852126789323,1060.0063228502584,893.943953560045,1079.331577667513,1066.8453223117453,1215.9830416985073,0.5359176924490171,0.5535723988046727,5443.0,0.578357523424582,-0.04243983097556492,static,nllpch,4.363731384277344,749.0,742.0,752.0,1352.0,0.21329381694714117,0.49359065294265747,0.49359065294265747,0.49359065294265747,0.49359065294265747,0.49359065294265747,0.49359065294265747,0.49359065294265747,0.49359065294265747,0.49359065294265747,0.49359065294265747,0.49359065294265747,1503.0,0.4779810309410095,0.4779810309410095,0.4779810309410095,0.4779810309410095,0.4779810309410095,0.4779810309410095,0.4779810309410095,0.4779810309410095,0.4779810309410095,0.4779810309410095,0.4779810309410095,1503.0,0.4915581463356053,0.48716190457344055,0.48716190457344055,0.48716190457344055,0.48716190457344055,0.48716190457344055,0.48716190457344055,0.48716190457344055,0.48716190457344055,0.48716190457344055,0.512837827205658,1503.0,0.5016894340515137,0.5016894340515137,0.5016894340515137,0.5016894340515137,0.5016894340515137,0.5016894340515137,0.5016894340515137,0.5016894340515137,0.5016894340515137,0.5016894340515137,0.5016894340515137,1503.0,0.4912048160676965,15.4269,97.427,0.194,nllpch,L_PCH [static]
ehrsim_base_static__ours_nllpch__s1,06_sequential_ehr,ehrsim_base,1,ours,0.5295055507978699,0.5096149798289031,0.5059984015472397,0.11307941666771944,0.19899836300832627,0.24393121882461274,0.5150396440580042,0.2271459996700287,0.4768469300841069,0.480434141592368,0.47586157740118734,0.12319884927467233,0.20805744758157219,0.24642514001496216,0.47771421635922073,0.21898022294044495,0.5230613216049879,0.5081792253777142,0.4934894883480854,0.11303246951250547,0.20239901089975937,0.24972397274440822,0.5082433451102625,0.211387038230896,0.5039632409417152,0.4978518351955354,0.4955777997485552,0.17278838028782648,0.2501579983227942,0.2129689787448194,0.4991309586286019,0.2046675980091095,0.5000320410390223,0.1945634371569982,1372.154399238674,1583.7880302799012,1212.5925307572065,1231.3441232794646,1047.5593476672625,1075.9323883831212,946.0851135439334,1126.5906807755741,1144.5978478017691,1254.4138056795155,0.5865565152084116,0.5962165147749241,5326.0,0.5850544498685692,0.0015020653398423178,static,nllpch,4.361722946166992,728.0,732.0,735.0,1319.0,0.21371139608022496,0.5110921134516409,0.5158771276473999,0.5158771276473999,0.5158771276473999,0.5158771276473999,0.5158771276473999,0.5158771276473999,0.5158771276473999,0.5158771276473999,0.5158771276473999,0.4841238260269165,1475.0,0.48579402213463896,0.4796474874019623,0.4796474874019623,0.4796474874019623,0.4796474874019623,0.4796474874019623,0.4796474874019623,0.4796474874019623,0.4796474874019623,0.5203527808189392,0.4796474874019623,1475.0,0.5010075202311937,0.5027161836624146,0.497283935546875,0.5027161836624146,0.5027161836624146,0.5027161836624146,0.5027161836624146,0.497283935546875,0.497283935546875,0.5027161836624146,0.5027161836624146,1475.0,0.4985713214818511,0.49723684787750244,0.5027629733085632,0.49723684787750244,0.49723684787750244,0.49723684787750244,0.49723684787750244,0.49723684787750244,0.49723684787750244,0.49723684787750244,0.5027629733085632,1475.0,0.49911624432483115,13.3425,110.549,0.225,nllpch,L_PCH [static]
ehrsim_base_static__ours_nllpch__s2,06_sequential_ehr,ehrsim_base,2,ours,0.519006508252403,0.499332760309259,0.5045587370337985,0.10736266844656177,0.19326114801916672,0.24343244396943428,0.5076326685318201,0.22670984268188477,0.49769603178954935,0.4974799808657929,0.5085898373838821,0.1169611314922684,0.20341691724835786,0.2510370877345837,0.5012552833464081,0.21926920115947723,0.48541036588419967,0.5165529147630731,0.502184396150509,0.10977468635544603,0.20790152170020818,0.2465012634827987,0.5013825589325939,0.21266260743141174,0.4898569841355065,0.5029624806719997,0.5038349934281624,0.17554023831944182,0.24873928932201494,0.21107020385657002,0.4988848194118895,0.203555166721344,0.5022888325556779,0.19291654999557104,1298.6659359979092,1554.7887920295273,1248.5634936736622,1238.1168410580622,1050.229452501069,1084.5812163644737,920.3885448849304,1086.507029925658,1129.4618567643927,1240.9984698444302,0.48569836552748885,0.5004084967320261,5384.0,0.5793090638930164,-0.09361069836552754,static,nllpch,4.371956825256348,733.0,746.0,737.0,1362.0,0.21345098309173072,0.502043390807489,0.5050040483474731,0.5050040483474731,0.5050040483474731,0.5050040483474731,0.5050040483474731,0.5050040483474731,0.5050040483474731,0.5050040483474731,0.4949962794780731,0.4949962794780731,1508.0,0.49611648081114934,0.5134798884391785,0.48651984333992004,0.48651984333992004,0.48651984333992004,0.5134798884391785,0.5134798884391785,0.5134798884391785,0.48651984333992004,0.48651984333992004,0.48651984333992004,1508.0,0.5002702648913501,0.4980987012386322,0.4980987012386322,0.4980987012386322,0.5019018054008484,0.5019018054008484,0.5019018054008484,0.5019018054008484,0.5019018054008484,0.4980987012386322,0.4980987012386322,1508.0,0.500174021532548,0.5021700859069824,0.5021700859069824,0.5021700859069824,0.5021700859069824,0.49782976508140564,0.5021700859069824,0.5021700859069824,0.49782976508140564,0.5021700859069824,0.49782976508140564,1508.0,0.4996510395106341,15.7745,95.598,0.19,nllpch,L_PCH [static]
ehrsim_base_static__ours_nllpch_sample_event_ranking__s0,06_sequential_ehr,ehrsim_base,0,ours,0.5306708121948017,0.4885786314662826,0.490489376138273,0.11372258406317094,0.19525512083099658,0.24504772413101059,0.5032462732664524,0.226896733045578,0.5054749153467374,0.485771863897725,0.4784092039018585,0.11000789329981804,0.1981537442578763,0.24699547616473502,0.48988532771544024,0.21544115245342255,0.49567068178125956,0.49204182349683995,0.48750071767481873,0.11791705647393712,0.21011360437783502,0.24910755613601912,0.49173774098430606,0.2122686356306076,0.5120461456321863,0.5054116385489603,0.5031463145378234,0.17963567712836112,0.25620743951043506,0.22369629107005215,0.5068680329063233,0.2118316888809204,0.4979343437181305,0.19548834728702058,1295.0658069862402,1558.3746203739997,1067.268345279852,1156.3847683258205,959.609506232269,1045.8692396095655,1064.3742724334322,1202.8946375653893,1096.5794827329485,1240.8808164686939,0.7280911262171597,0.7228470524314046,5443.0,0.578357523424582,0.14973360279257764,static,nllpch_sample_event_ranking,2.540105104446411,749.0,742.0,752.0,1352.0,0.2158067998700414,0.495523360868295,0.49359065294265747,0.49359065294265747,0.49359065294265747,0.49359065294265747,0.49359065294265747,0.49359065294265747,0.49359065294265747,0.49359065294265747,0.49359065294265747,0.5064100027084351,1503.0,0.4852117793463479,0.4779810309410095,0.4779810309410095,0.4779810309410095,0.4779810309410095,0.4779810309410095,0.4779810309410095,0.4779810309410095,0.4779810309410095,0.4779810309410095,0.5220184326171875,1503.0,0.4915581463356053,0.48716190457344055,0.48716190457344055,0.48716190457344055,0.48716190457344055,0.48716190457344055,0.48716190457344055,0.48716190457344055,0.48716190457344055,0.48716190457344055,0.512837827205658,1503.0,0.5016894340515137,0.5016894340515137,0.5016894340515137,0.5016894340515137,0.5016894340515137,0.5016894340515137,0.5016894340515137,0.5016894340515137,0.5016894340515137,0.5016894340515137,0.5016894340515137,1503.0,0.4934956801504405,15.0799,99.669,0.199,nllpch_sample_event_ranking,L_PCH + L_rank + L_mul (paper) [static]
ehrsim_base_static__ours_nllpch_sample_event_ranking__s1,06_sequential_ehr,ehrsim_base,1,ours,0.5295055507978699,0.5096149798289031,0.5059984015472397,0.11277383031858308,0.19789571291377567,0.24374982129716946,0.5150396440580042,0.2275160700082779,0.4768469300841069,0.480434141592368,0.47586157740118734,0.12171985836084415,0.20693037918555307,0.24566426213289788,0.47771421635922073,0.21804632246494293,0.5230613216049879,0.5081792253777142,0.5065105116519142,0.11300845324566702,0.20239246464343663,0.25040430021862253,0.5125836862115388,0.2117682844400406,0.5039632409417152,0.4978518351955354,0.4955777997485552,0.1786579239641578,0.26548056590981717,0.22802341544269816,0.4991309586286019,0.215698704123497,0.5011171263143415,0.19722508230276856,1192.0962987074554,1524.6018265456207,1098.0595069851054,1188.2406313594206,1017.5606752161789,1064.830063729631,1100.192536878302,1239.797255488972,1101.9772544467603,1254.367444280911,0.7181749906120917,0.708229770781552,5326.0,0.5850544498685692,0.13312054074352242,static,nllpch_sample_event_ranking,2.5384750366210938,728.0,732.0,735.0,1319.0,0.21781385509752046,0.5158771276473999,0.5158771276473999,0.5158771276473999,0.5158771276473999,0.5158771276473999,0.5158771276473999,0.5158771276473999,0.5158771276473999,0.5158771276473999,0.5158771276473999,0.5158771276473999,1475.0,0.4796474874019623,0.4796474874019623,0.4796474874019623,0.4796474874019623,0.4796474874019623,0.4796474874019623,0.4796474874019623,0.4796474874019623,0.4796474874019623,0.4796474874019623,0.4796474874019623,1475.0,0.5027161836624146,0.5027161836624146,0.5027161836624146,0.5027161836624146,0.5027161836624146,0.5027161836624146,0.5027161836624146,0.5027161836624146,0.5027161836624146,0.5027161836624146,0.5027161836624146,1475.0,0.4972368478775024,0.49723684787750244,0.49723684787750244,0.49723684787750244,0.49723684787750244,0.49723684787750244,0.49723684787750244,0.49723684787750244,0.49723684787750244,0.49723684787750244,0.49723684787750244,1475.0,0.4988694116473198,14.6053,100.99,0.205,nllpch_sample_event_ranking,L_PCH + L_rank + L_mul (paper) [static]
ehrsim_base_static__ours_nllpch_sample_event_ranking__s2,06_sequential_ehr,ehrsim_base,2,ours,0.48099349174759765,0.5006672396907423,0.49544126296620283,0.10747927969624439,0.19321400577718906,0.24624624843763246,0.49236733146818096,0.23006319999694824,0.5023039682104505,0.5025200191342075,0.5085898373838821,0.1162314096096475,0.20333905844956557,0.2472688794012598,0.5044712749095134,0.21699261665344238,0.48541036588419967,0.4834470852369281,0.49781560384949264,0.11002061621337182,0.2070783021392738,0.24416843387317247,0.48889101832354015,0.21324187517166138,0.5101430158644934,0.5029624806719997,0.49616500657183715,0.17708378414092832,0.2570627776561128,0.21894837548853865,0.5030901677027768,0.2092326134443283,0.49720494810100285,0.19401176424024472,1126.7778664913928,1501.1543960336405,1051.4250044625983,1162.5075081752645,879.936978159999,1026.7198087564511,1031.6054983656252,1169.3754974816563,1022.4363368699037,1214.9393026117532,0.7180534918276374,0.7108660130718953,5384.0,0.5793090638930164,0.13874442793462105,static,nllpch_sample_event_ranking,2.5335323810577393,733.0,746.0,737.0,1362.0,0.21594379517437692,0.49651600075034785,0.4949962794780731,0.4949962794780731,0.4949962794780731,0.4949962794780731,0.4949962794780731,0.4949962794780731,0.4949962794780731,0.4949962794780731,0.4949962794780731,0.5050040483474731,1508.0,0.4989571319754539,0.48651984333992004,0.5134798884391785,0.48651984333992004,0.5134798884391785,0.5134798884391785,0.5134798884391785,0.5134798884391785,0.48651984333992004,0.48651984333992004,0.48651984333992004,1508.0,0.4985346022725382,0.4980987012386322,0.4980987012386322,0.4980987012386322,0.4980987012386322,0.4980987012386322,0.5019018054008484,0.4980987012386322,0.4980987012386322,0.4980987012386322,0.4980987012386322,1508.0,0.49892053005639914,0.49782976508140564,0.5021700859069824,0.49782976508140564,0.49782976508140564,0.49782976508140564,0.5021700859069824,0.5021700859069824,0.49782976508140564,0.49782976508140564,0.49782976508140564,1508.0,0.4982320662636847,13.6679,110.332,0.219,nllpch_sample_event_ranking,L_PCH + L_rank + L_mul (paper) [static]
ehrsim_static__oracle__s0,06_sequential_ehr,ehrsim_static,0,oracle,0.7644252267989247,0.752030895885478,0.7204029291256884,0.08907339706482066,0.14250267278844245,0.19015396150401284,0.7456196839366971,0.14057667711909197,0.791984720371757,0.7329317719577122,0.6728166521019227,0.0780165439817826,0.14323888627512046,0.21305908891249475,0.7325777148104641,0.14477150638979927,0.7847814314209507,0.7067313557104299,0.6621779113509475,0.08203706726985321,0.15693359508111365,0.23122374569269183,0.7178968994941094,0.15673146934788623,0.7480108621051179,0.7408163911240594,0.7311424928526933,0.14410617853295946,0.17823832245908336,0.15342143744996034,0.7399899153606236,0.1585886461473344,0.7340210534004736,0.15016707475102797,1733.7996213154968,1620.5707706463613,1638.2590207814987,1434.1251735668604,1593.3329589852237,1426.024515808326,734.7742074802798,855.6606020015416,1425.0414521406249,1334.0952655057724,0.6877440952203832,0.6985821517931609,5377.0,0.5759717314487632,0.11177236377161992,,,,,,,,,,,,,,,,,,,,,,,,,,,,,,,,,,,,,,,,,,,,,,,,,,,,,,,,,,,,,,Oracle (true CIF)
ehrsim_static__oracle__s1,06_sequential_ehr,ehrsim_static,1,oracle,0.7821456839260327,0.7639431198289615,0.7413127931734904,0.0880174360959921,0.14503040898658132,0.18396818662077166,0.7624671989761614,0.13900534390111505,0.7875260471382566,0.7275475140177298,0.676821351601803,0.08220476758819527,0.15530487122523398,0.2159449434775549,0.7306316375859297,0.15115152743032803,0.8008573945633345,0.7072786930182935,0.6576447556834285,0.07408326695547704,0.15747392170574542,0.23126005604793856,0.7219269477550189,0.15427241490305368,0.7594664663411853,0.7353684418799231,0.7234470382777736,0.13277194336349246,0.1825494830800157,0.15773805500972532,0.7394273154996274,0.1576864938177445,0.7386132749541844,0.1505289450130603,1731.1364701333735,1603.4524850760508,1671.8370019837705,1460.2062649979275,1661.8407741640779,1474.818368381046,756.4511104369075,882.7349695900161,1455.3163391795324,1355.30302201126,0.6910461828463713,0.6992943832909962,5305.0,0.5852968897266729,0.10574929311969838,,,,,,,,,,,,,,,,,,,,,,,,,,,,,,,,,,,,,,,,,,,,,,,,,,,,,,,,,,,,,,Oracle (true CIF)
ehrsim_static__oracle__s2,06_sequential_ehr,ehrsim_static,2,oracle,0.8036864517223633,0.7651908523520482,0.7315625055617585,0.07795310451770238,0.14241771983305823,0.18829956418847463,0.7668132698787233,0.13622346284641174,0.7547929748846582,0.7153282022221554,0.6685081872194906,0.08712394320678252,0.16123471455574032,0.220571271352939,0.7128764547754347,0.15630997637182062,0.754405730101084,0.7074190286025025,0.6642008417808257,0.0733732474469127,0.16124347772519887,0.2216245391461694,0.7086752001614708,0.152080421439427,0.7477439945030482,0.7400943332609006,0.7321624711617863,0.14295325789736787,0.17457693783955636,0.15048304717832178,0.7400002663085784,0.156004414305082,0.7320912977810519,0.15015456874068533,1720.7564780305486,1599.9455655276336,1719.82439602566,1501.2828655307737,1660.4481149140445,1479.769693437977,729.3956144715647,844.9929070334488,1457.6061508604546,1356.4977578824582,0.6858152072875999,0.696094609460946,5379.0,0.5791039226622049,0.10671128462539503,,,,,,,,,,,,,,,,,,,,,,,,,,,,,,,,,,,,,,,,,,,,,,,,,,,,,,,,,,,,,,Oracle (true CIF)
ehrsim_static_bag__coxph__s0,06_sequential_ehr,ehrsim_static,0,coxph,0.7528341455452711,0.7423724209250728,0.7126791526356165,0.09458792191804259,0.149229397162499,0.1817695159681125,0.7359619063686536,0.14186227834955137,0.7766066476551211,0.7278126026302472,0.6746491151498946,0.07839171047888159,0.14127639766006084,0.1992983962066259,0.7263561218117544,0.1396555014485228,0.7616717775257255,0.7019725524487395,0.6689502549451408,0.09281273544911312,0.1624295155274788,0.21301692700588484,0.7108648616398686,0.15608639266082558,0.7417730994416037,0.7330151929775671,0.7247297115398165,0.1581838498354466,0.19496453914632722,0.1568617084733391,0.7331726679863291,0.17000336581837097,0.7265888894516515,0.15190188456931766,974.8712586995644,1312.0644016965643,986.6380041682883,1052.6064505486602,841.4186679974911,911.23134372862,742.3316884805463,867.8785067836541,886.3149048364725,1035.9451756893748,0.7085735540264088,0.7162635529608006,5377.0,0.5759717314487632,0.13260182257764552,bag,,,,,,,,,,,,,,,,,,,,,,,,,,,,,,,,,,,,,,,,,,,,,,,,,,,,,,,,,,,,,Cox PH (cause-specific) [bag]
ehrsim_static_bag__coxph__s1,06_sequential_ehr,ehrsim_static,1,coxph,0.7548210218609033,0.7403804850460056,0.7232149644291644,0.09420745201509881,0.15049648067559668,0.17540010359580785,0.7394721571120244,0.14003467876216777,0.7635910983689561,0.7186748145478704,0.678375383125163,0.08141877845904127,0.15352080285619604,0.1965280599738913,0.7202137653473298,0.1438225470963762,0.7829127954857723,0.6903538391749967,0.6641320331468153,0.08524894947275238,0.16342741948723194,0.21489472319346584,0.7124662226025281,0.15452369738448338,0.7554519614536656,0.7328814900007965,0.720392168881449,0.14502897047710941,0.19543514900736744,0.15868805517262605,0.7362418734453037,0.16638405821903432,0.7270985046267965,0.15119124536551543,948.0676420502806,1297.2346561461352,924.7117452057595,1035.3157898087954,871.0696399535566,926.9308923742971,755.0813062684301,886.9947274104844,874.7325833695068,1036.619016434928,0.7065032987747408,0.7126446514253457,5305.0,0.5852968897266729,0.1212064090480679,bag,,,,,,,,,,,,,,,,,,,,,,,,,,,,,,,,,,,,,,,,,,,,,,,,,,,,,,,,,,,,,Cox PH (cause-specific) [bag]
ehrsim_static_bag__coxph__s2,06_sequential_ehr,ehrsim_static,2,coxph,0.782686386696013,0.7432335803450151,0.7170764794495899,0.08283600885445806,0.14790411164324868,0.18525488084405817,0.7476654821635393,0.13866500044725497,0.7270690672393492,0.6967681532857882,0.6578599887733716,0.08741577080478644,0.16124467733932657,0.2048077938181998,0.6938990697661698,0.15115608065410427,0.7332582770643379,0.700063548040676,0.6656822907981567,0.08264287312456038,0.16362659430518434,0.2020510674749874,0.6996680386343902,0.14944017830157738,0.7447906704781921,0.7386358718815792,0.7308423961725368,0.15515592047697682,0.18667209519893624,0.15124759516457975,0.7380896461774361,0.16435853694683092,0.7198305591853839,0.15090494908744187,997.4152682780873,1325.1058593677383,994.3804320574061,1081.7486395202855,891.6730163870957,943.5675735868646,720.3935278451579,844.8393241019231,900.9655611419369,1048.8153491442029,0.6941810745491727,0.7020902090209021,5379.0,0.5791039226622049,0.11507715188696777,bag,,,,,,,,,,,,,,,,,,,,,,,,,,,,,,,,,,,,,,,,,,,,,,,,,,,,,,,,,,,,,Cox PH (cause-specific) [bag]
ehrsim_static_bag__ours_nllpch__s0,06_sequential_ehr,ehrsim_static,0,ours,0.7457798823532309,0.7398209671708279,0.7119095548638855,0.09629213018085708,0.145027415138009,0.17748654481429227,0.7325034681293148,0.16838382184505463,0.7691884651386277,0.72217201954524,0.6697398159631507,0.08236059240201743,0.143371633865935,0.19929155361843198,0.7203667668823396,0.17989929020404816,0.7511581518790614,0.6908442540952051,0.6697186834355733,0.09404232291187413,0.16385518298755225,0.21695862215812833,0.7039070298032799,0.1790723204612732,0.6920434760481329,0.6807316181078565,0.6724706063812476,0.1622676120761357,0.21224881682766256,0.1823068051388781,0.6817485668457457,0.17378076910972595,0.70963145791517,0.15629243600998116,914.006413917137,1297.0840538319212,1054.3235304407024,1070.4920806768566,947.2496060614768,944.8104908845634,778.4545912755807,953.7642804298245,923.5085354237242,1066.5377264557915,0.637902175934536,0.6549068668334723,5377.0,0.5759717314487632,0.061930444485772784,bag,nllpch,4.096412181854248,745.0,732.0,745.0,1371.0,0.17500543860200718,0.6891951682115881,0.6874359250068665,0.6882213950157166,0.6906647682189941,0.690034806728363,0.6904531121253967,0.691712498664856,0.6915984153747559,0.6902170777320862,0.6882579326629639,0.684033215045929,1503.0,0.6273201380629796,0.6371074318885803,0.6342678666114807,0.6335681080818176,0.6316981315612793,0.6301460266113281,0.6285234689712524,0.6276569962501526,0.627481997013092,0.6322716474533081,0.6120754480361938,1503.0,0.6451555047957918,0.6445680856704712,0.6478090286254883,0.6443010568618774,0.6458315253257751,0.646182119846344,0.6465662717819214,0.6492747068405151,0.6474875211715698,0.6425471305847168,0.6404522061347961,1503.0,0.6648669761625761,0.6599892377853394,0.6588053107261658,0.6659213304519653,0.6644352674484253,0.6653475165367126,0.6657869219779968,0.665307343006134,0.6671261191368103,0.664451539516449,0.6634369492530823,1503.0,0.6566344468082339,13.7749,109.112,0.218,nllpch,L_PCH [bag]
ehrsim_static_bag__ours_nllpch__s1,06_sequential_ehr,ehrsim_static,1,ours,0.7534925459467879,0.7379547793025926,0.7240569264545932,0.09627857632960116,0.15242033590867943,0.17602937851645592,0.7385014172346579,0.16891740262508392,0.7620368826042584,0.7144633412585125,0.675622435862542,0.08899127239049665,0.16029483304518133,0.205939999545546,0.7173742199084376,0.18647520244121552,0.7780606622967333,0.6921110973726352,0.6502260169848804,0.0855508093486116,0.1636216463924394,0.21683925884101307,0.7067992588847497,0.18172325193881989,0.707998265165064,0.6857421002355197,0.6747610431633523,0.14920123071000854,0.21435839145994692,0.18399348970354962,0.6895004695213119,0.17501035332679749,0.7130438413872893,0.15779326851596082,940.8445822283416,1336.7742371720456,1091.7919055721306,1141.65733954672,951.6749433914367,961.659769826463,897.6372234823525,1038.6150248085316,970.4871636685654,1119.67659283844,0.7200754005655042,0.7288173863957098,5305.0,0.5852968897266729,0.1347785108388313,bag,nllpch,4.115795612335205,734.0,738.0,726.0,1341.0,0.17751456277119168,0.6896304684289677,0.6865881085395813,0.6854267716407776,0.6886184215545654,0.688788115978241,0.6897163987159729,0.6893781423568726,0.6894001364707947,0.6914841532707214,0.6919004917144775,0.689183235168457,1475.0,0.6266141196865607,0.6308948993682861,0.6319921612739563,0.63344407081604,0.6346043348312378,0.6370962262153625,0.6355869770050049,0.6332778334617615,0.6322504878044128,0.6279053092002869,0.5937645435333252,1475.0,0.6258834293780868,0.6162490248680115,0.6182918548583984,0.6253579258918762,0.6247804760932922,0.6262500882148743,0.6245109438896179,0.629027783870697,0.6265939474105835,0.6247168779373169,0.6279509663581848,1475.0,0.6690359170401452,0.6530205011367798,0.6616964340209961,0.6669973134994507,0.668799102306366,0.6684460043907166,0.6691120266914368,0.6693329811096191,0.6699766516685486,0.6695674657821655,0.6692786812782288,1475.0,0.6527909836334401,13.047,113.053,0.23,nllpch,L_PCH [bag]
ehrsim_static_bag__ours_nllpch__s2,06_sequential_ehr,ehrsim_static,2,ours,0.7806591053316105,0.7500585045644296,0.7240911019075259,0.08051266188817062,0.1438685196460995,0.18028164299496627,0.751602903934522,0.170011505484581,0.7310071992749996,0.6855910064113818,0.6523670712574328,0.09199124228616969,0.17179644672713498,0.21851596580988625,0.6896550923146046,0.19550243020057678,0.7537023663318891,0.6997484360366742,0.6678651144474302,0.07895099229252912,0.16303812856731828,0.2074986472216607,0.7071053056053311,0.18333663046360016,0.690704491160414,0.6832612709184007,0.672504898624631,0.16098841688325624,0.21331307117033518,0.18536997280183326,0.6821568869011486,0.17766568064689636,0.7076300471889015,0.15801047569078,1042.5918652432397,1316.8574048036091,1217.0632873534846,1165.7005916790938,982.8674391431265,963.3784000625058,907.6404355299205,1040.3784914877285,1037.5407568174428,1121.5787220082343,0.6817252277374977,0.6957095709570957,5379.0,0.5791039226622049,0.10262130507529277,bag,nllpch,4.125736236572266,749.0,747.0,718.0,1374.0,0.18091618697031286,0.6813156083500683,0.6818909645080566,0.6818112730979919,0.6821208000183105,0.6826651692390442,0.6814981698989868,0.6813908219337463,0.6807661652565002,0.6795408725738525,0.6827560663223267,0.6804231405258179,1508.0,0.6156066264098495,0.6185241341590881,0.6192865967750549,0.6225126385688782,0.621627926826477,0.6194917559623718,0.6162121891975403,0.6159393787384033,0.6188382506370544,0.6197692155838013,0.5985924601554871,1508.0,0.6339593285052104,0.6339525580406189,0.6350843906402588,0.6351040005683899,0.6329200267791748,0.6392207145690918,0.6345969438552856,0.6316078901290894,0.6335417032241821,0.6270105242729187,0.6391636729240417,1508.0,0.6633888028047985,0.6525710821151733,0.6568000912666321,0.6603203415870667,0.6586180329322815,0.6625564098358154,0.664121150970459,0.6645819544792175,0.6649253368377686,0.6643717885017395,0.6633039116859436,1508.0,0.6485675915174817,15.1251,99.702,0.198,nllpch,L_PCH [bag]
ehrsim_static_bag__ours_nllpch_sample_event_ranking__s0,06_sequential_ehr,ehrsim_static,0,ours,0.7480147294405943,0.7350890173147399,0.7049714454471792,0.10439751149193767,0.17035414404552182,0.2109102334394091,0.7293583974008379,0.19899745285511017,0.7745661118230548,0.7337085475000996,0.676058129853218,0.09726639296363546,0.16794264553697624,0.21772782782857672,0.7281109297254575,0.19443199038505554,0.7526562429229594,0.6909274345773428,0.6609979973352638,0.10033039098449162,0.17645291266599936,0.22328558394667508,0.7015272249451887,0.18665501475334167,0.6989485997517472,0.6831934778697654,0.6734612129929993,0.17512551897245676,0.23486370610692717,0.19962267092231922,0.6852010968715039,0.19275908172130585,0.711049412235747,0.17318996157541053,1070.3013448876234,1481.6899343349098,1136.3686216950148,1188.6016947686105,867.4188338033174,967.7922843053824,936.4911082486468,1107.3491053131618,1002.6449771586506,1186.3582546805162,0.7565557002045751,0.7643591882123992,5377.0,0.5759717314487632,0.18058396875581184,bag,nllpch_sample_event_ranking,2.4438834190368652,745.0,732.0,745.0,1371.0,0.19312775017257655,0.6837154752336133,0.6872560381889343,0.6812810301780701,0.6865035891532898,0.6868674159049988,0.6828457117080688,0.6835651993751526,0.679162323474884,0.6851768493652344,0.6855904459953308,0.6821854114532471,1503.0,0.6327760950939075,0.6378650665283203,0.6374490857124329,0.6404940485954285,0.6415210366249084,0.6438579559326172,0.6392142176628113,0.6325138211250305,0.6374478340148926,0.628271758556366,0.6134523749351501,1503.0,0.6384610767388497,0.6353319883346558,0.6397379040718079,0.6420856714248657,0.634113073348999,0.6341295838356018,0.6398138403892517,0.6386692523956299,0.6435502767562866,0.6385653614997864,0.6359941959381104,1503.0,0.6652988508203802,0.6647211909294128,0.6633760333061218,0.6684594750404358,0.6683301329612732,0.6623356342315674,0.666716456413269,0.6650449633598328,0.6630534529685974,0.6677829027175903,0.6641544103622437,1503.0,0.6550628744716877,15.8509,94.821,0.189,nllpch_sample_event_ranking,L_PCH + L_rank + L_mul (paper) [bag]
ehrsim_static_bag__ours_nllpch_sample_event_ranking__s1,06_sequential_ehr,ehrsim_static,1,ours,0.7562081142948913,0.7407989819964437,0.7302194974432721,0.09957308177152419,0.16987519296058798,0.2061289755300886,0.7424088645782024,0.19539426267147064,0.7691939491757988,0.7100610273449992,0.66934385082119,0.09796640508969236,0.17783072657399432,0.22070021579379318,0.716199609113996,0.1992637813091278,0.7670043662261705,0.6858720922006778,0.6600133464222795,0.0979113540827141,0.18523581314336113,0.2366092160237232,0.704296601616376,0.19829446077346802,0.711534091448165,0.6824375448201482,0.6724497138726542,0.16082504924359378,0.23272312221074878,0.19398017210798404,0.6888071167136558,0.18831409513950348,0.7129280480055575,0.17327994371098382,919.2542172005363,1417.8360374513372,861.1381061696009,1083.429324720534,802.7502261595454,965.359668346395,915.4271860483469,1095.3123679894659,874.6424338945073,1140.484349626933,0.7907634307257304,0.7943268416596104,5305.0,0.5852968897266729,0.20546654099905748,bag,nllpch_sample_event_ranking,2.438762664794922,734.0,738.0,726.0,1341.0,0.1941133200086487,0.6945812341823683,0.6952574849128723,0.6925088763237,0.69301438331604,0.6932352185249329,0.6932448744773865,0.6952432990074158,0.6940193772315979,0.6953906416893005,0.6969876289367676,0.6945480108261108,1475.0,0.6351687211769416,0.6344545483589172,0.6357356905937195,0.6413189768791199,0.6383194327354431,0.6421540975570679,0.6369217038154602,0.6355704665184021,0.6381258964538574,0.6353486776351929,0.6225294470787048,1475.0,0.6251787798664313,0.6108137369155884,0.606817901134491,0.6122947335243225,0.6151561737060547,0.6149266362190247,0.6206874847412109,0.6331251263618469,0.6348411440849304,0.6325593590736389,0.6264278888702393,1475.0,0.6670163004183121,0.6607648134231567,0.6601216197013855,0.6677236557006836,0.6695541739463806,0.663512110710144,0.664583683013916,0.6672743558883667,0.667192816734314,0.6671239733695984,0.6689937710762024,1475.0,0.6554862589110133,12.8354,114.916,0.234,nllpch_sample_event_ranking,L_PCH + L_rank + L_mul (paper) [bag]
ehrsim_static_bag__ours_nllpch_sample_event_ranking__s2,06_sequential_ehr,ehrsim_static,2,ours,0.7741658413045832,0.7441286819621427,0.7162974748088736,0.0928729944614975,0.16875303357824467,0.208340933078343,0.7448639993585332,0.1948186457157135,0.7355730419409775,0.6944673060727315,0.659462266450066,0.09705778790816844,0.17936255483086738,0.22494511778854157,0.6965008714879249,0.20025774836540222,0.7473845826938308,0.6905927826143957,0.6619296013630327,0.0850406134942964,0.17490754429425565,0.2131021835740549,0.6999689888904198,0.1886860728263855,0.6834605267908974,0.6833543213881661,0.6748575346734929,0.1667385762862463,0.22726893144124793,0.19353762156244653,0.6805574609508521,0.18593400716781616,0.7054728301719325,0.16932732435818418,999.6193514887426,1426.3228824798932,892.248769285709,1112.0886791307157,877.0323246382193,985.3927391825553,931.2191152167012,1094.7493757045938,925.029890157343,1154.6384191244397,0.7562744004461796,0.7624587458745875,5379.0,0.5791039226622049,0.17717047778397466,bag,nllpch_sample_event_ranking,2.443554639816284,749.0,747.0,718.0,1374.0,0.19132152447267253,0.6725936310119527,0.6714308857917786,0.6744785308837891,0.6766364574432373,0.6762639284133911,0.6759697198867798,0.6718388795852661,0.6730388402938843,0.6707113981246948,0.6678887009620667,0.672437310218811,1508.0,0.6154611728176994,0.6347411870956421,0.621033787727356,0.630053699016571,0.6227293014526367,0.6119458675384521,0.6115208864212036,0.622692346572876,0.6140174865722656,0.6143195033073425,0.6031691431999207,1508.0,0.6257651757776694,0.6361034512519836,0.6251422762870789,0.6249083876609802,0.6307190656661987,0.6313046813011169,0.6340197920799255,0.6336409449577332,0.6329672336578369,0.6148936748504639,0.6126773357391357,1508.0,0.6646589081689769,0.6605938076972961,0.6640715599060059,0.6608590483665466,0.6551439166069031,0.661872386932373,0.6642674207687378,0.6631555557250977,0.6671102643013,0.6667436361312866,0.666458010673523,1508.0,0.6446197219440746,14.2737,105.649,0.21,nllpch_sample_event_ranking,L_PCH + L_rank + L_mul (paper) [bag]
ehrsim_static_sequence__deephit_paper__s0,06_sequential_ehr,ehrsim_static,0,deephit_paper,0.742538711468647,0.7336204172006053,0.7055152244959674,0.11829746240581762,0.22215015766920598,0.32850486860035977,0.7272247843884067,0.3305758833885193,0.7369832380615745,0.7072831234371404,0.6678796082358841,0.11173714229669306,0.20858043553578717,0.32774561620776255,0.7040486565781996,0.3195441961288452,0.7341113196264722,0.6801556148463506,0.6514098469338845,0.12056962472052776,0.2323439489890493,0.3738939128370922,0.6885589271355691,0.33943432569503784,0.7293931431988488,0.7236249913426129,0.7144719788026525,0.17015305655472227,0.2232267451519826,0.18967026715134966,0.722496704448038,0.18299837410449982,0.7105822681375534,0.21890610317669584,3132.089908032077,2452.8575979349685,3001.408132099093,2428.59533811601,2986.919400656636,2506.0318660405705,917.4230194741009,1081.5448511551394,2509.4601150654767,2117.2574133116723,0.44876325088339225,0.4682235195996663,5377.0,0.5759717314487632,-0.12720848056537098,sequence,,8.52575969696045,745.0,732.0,745.0,1371.0,0.2738532502729847,0.6810785659419971,0.6860806941986084,0.6861994862556458,0.686435878276825,0.6857983469963074,0.6848253011703491,0.6846789717674255,0.6855391263961792,0.6769566535949707,0.6743885278701782,0.6743874549865723,1503.0,0.6232302313318123,0.6137083172798157,0.6153069138526917,0.6199094653129578,0.6211721301078796,0.6224176287651062,0.6262854337692261,0.6261928677558899,0.6249054074287415,0.6234862208366394,0.6235034465789795,1503.0,0.6263106049797673,0.6284645199775696,0.6370365023612976,0.6345755457878113,0.6385714411735535,0.6363368034362793,0.6342548131942749,0.6324602365493774,0.6304188966751099,0.6112764477729797,0.6109641194343567,1503.0,0.7073493585033916,0.6751540303230286,0.6837159991264343,0.7043665051460266,0.7076879739761353,0.7058421969413757,0.7060511112213135,0.7094694972038269,0.7075740694999695,0.7092036604881287,0.7091938853263855,1503.0,0.6594921901892421,14.5657,103.188,0.206,,DeepHit [sequence]
ehrsim_static_sequence__deephit_paper__s1,06_sequential_ehr,ehrsim_static,1,deephit_paper,0.7503463268165184,0.7297386590834201,0.7149002592037955,0.11125763418127652,0.2175727184864213,0.31078755771492206,0.7316617483679112,0.32001322507858276,0.7609055923413236,0.7015458118587182,0.6681889740760136,0.11955836836455022,0.23565407720478973,0.3473067826377922,0.7102134594253519,0.33505409955978394,0.7807699137856763,0.6873361902335013,0.6539659580486417,0.1093097297236827,0.2229767196366172,0.3449796021698638,0.7073573540226065,0.32299160957336426,0.7493472568863436,0.7239404959747022,0.7157060561512537,0.15803339150724652,0.2282928912143151,0.1837309822082058,0.7296646030041,0.18169593811035156,0.7197242912049924,0.21578837125414024,3109.2949676233134,2425.3500927841137,3059.1016585636094,2497.735327973314,2961.29959571289,2489.231519144472,973.2174861377722,1122.005368771733,2525.728427009396,2133.580577168408,0.4716305372290292,0.4932543042619249,5305.0,0.5852968897266729,-0.11366635249764373,sequence,,8.531203269958496,734.0,738.0,726.0,1341.0,0.27134947562561296,0.6900167782602582,0.695482075214386,0.6943751573562622,0.6901793479919434,0.687902569770813,0.6879819631576538,0.688289225101471,0.6908496022224426,0.6930573582649231,0.6889075636863708,0.6888583898544312,1475.0,0.6254518708120566,0.6114923357963562,0.6177385449409485,0.6216910481452942,0.6206468939781189,0.6199585199356079,0.6312838792800903,0.6331791281700134,0.6329567432403564,0.6229121088981628,0.6229113936424255,1475.0,0.6263755307104606,0.6145265698432922,0.623047411441803,0.6305801868438721,0.6318880915641785,0.6322137117385864,0.6348568797111511,0.6340969204902649,0.6275432705879211,0.6173809766769409,0.6175387501716614,1475.0,0.709880051411155,0.7083131074905396,0.708847165107727,0.7089172601699829,0.7092462182044983,0.7106334567070007,0.7051718831062317,0.7092004418373108,0.7099215388298035,0.7113572359085083,0.7113540172576904,1475.0,0.6629310577984825,13.5733,108.669,0.221,,DeepHit [sequence]
ehrsim_static_sequence__deephit_paper__s2,06_sequential_ehr,ehrsim_static,2,deephit_paper,0.7462001519751402,0.7237789714122973,0.7042874999679019,0.10268568429227296,0.21318330811223762,0.3150455682137066,0.7247555411184464,0.31544166803359985,0.7284300369982816,0.6806072646724396,0.6457039632962287,0.11247522535481798,0.22674830244916394,0.33465589437880655,0.6849137549889832,0.325254887342453,0.7253886157263305,0.6847210367766512,0.6540481657322028,0.10179023825503339,0.2267152652831948,0.33967475706342987,0.6880526060783948,0.3219020366668701,0.7339164292011938,0.7198917335909948,0.7158567763112029,0.1620753604493456,0.2222786730246449,0.18981611630334286,0.7232216463677972,0.18136568367481232,0.7052358871384055,0.21226203276499975,3066.317621286352,2399.3787980482803,3032.9369867468163,2461.6526731991253,2998.702136765975,2504.4076162961796,873.6407711675536,1047.2132947249956,2492.899378991674,2103.1630955671453,0.44208960773377953,0.4648514851485148,5379.0,0.5791039226622049,-0.13701431492842536,sequence,,8.376014709472656,749.0,747.0,718.0,1374.0,0.26743403620345135,0.6593557822133398,0.6616248488426208,0.6600290536880493,0.6607276797294617,0.6560969948768616,0.6576496362686157,0.6605008244514465,0.66192227602005,0.6616567373275757,0.6577503085136414,0.6576077342033386,1508.0,0.6023288692882584,0.6042800545692444,0.603564441204071,0.6032320857048035,0.6050170063972473,0.6040753722190857,0.603351354598999,0.5996086001396179,0.6015747785568237,0.6012324094772339,0.6020292043685913,1508.0,0.6201652384324486,0.6209654211997986,0.6202446222305298,0.6210752129554749,0.6227107644081116,0.6223587393760681,0.6272295713424683,0.6281505823135376,0.626377284526825,0.610505223274231,0.6104404926300049,1508.0,0.7094889951053467,0.6973738074302673,0.7070010900497437,0.7084152102470398,0.7111303210258484,0.7097343802452087,0.7051331400871277,0.705618679523468,0.7094536423683167,0.711984395980835,0.7119871973991394,1508.0,0.6478347212598484,15.0636,100.109,0.199,,DeepHit [sequence]
ehrsim_static_sequence__mensa_paper__s0,06_sequential_ehr,ehrsim_static,0,mensa_paper,0.7320045072336934,0.7232868275485818,0.7025086198769852,0.0964155696122992,0.15121916891402334,0.18085158651989267,0.7192666515530868,0.170199915766716,0.7707423440931644,0.7171914370473707,0.6578872701359157,0.09778883796670325,0.1578490259881268,0.2055110428213854,0.715273683758817,0.18615850806236267,0.7551027397534966,0.7009848115070818,0.6566869891968653,0.0999921942157678,0.17999560351533597,0.24584251168224985,0.7042581801524812,0.20029179751873016,0.7161126531675865,0.7144960917293234,0.7101884135039581,0.16584133431231293,0.20476380147022458,0.1767573934083696,0.7135990528002893,0.1713998019695282,0.7130993920661686,0.16356900586889095,915.9139882697912,1325.5380429169006,916.951376177349,1049.8267581202647,1110.743355423902,1034.1100719719398,857.7547959022091,989.7574697820735,950.3408789433128,1099.8080856977947,0.7074576901618003,0.7132054489852655,5377.0,0.5759717314487632,0.13148595871303703,sequence,,18.470735549926758,745.0,732.0,745.0,1371.0,0.1801484783744865,0.6774438549199244,0.6783632636070251,0.6766037940979004,0.675170361995697,0.6776964664459229,0.6810192465782166,0.681859016418457,0.6824430823326111,0.6823451519012451,0.6813240051269531,0.6606957912445068,1503.0,0.6157851447930207,0.620452880859375,0.6208845376968384,0.6204023361206055,0.6201779842376709,0.6200160980224609,0.619659423828125,0.6193105578422546,0.61807781457901,0.615323543548584,0.6006540060043335,1503.0,0.624643726132926,0.614107072353363,0.6221963763237,0.6262514591217041,0.6287592649459839,0.630915105342865,0.6322502493858337,0.6329849362373352,0.6332361698150635,0.6355680227279663,0.5914870500564575,1503.0,0.696492301227206,0.6719845533370972,0.6791528463363647,0.6820728778839111,0.6841523051261902,0.6870421767234802,0.6915455460548401,0.6953065991401672,0.699505090713501,0.7046712040901184,0.7019069194793701,1503.0,0.6535912567682692,14.784,101.664,0.203,,MENSA [sequence]
ehrsim_static_sequence__mensa_paper__s1,06_sequential_ehr,ehrsim_static,1,mensa_paper,0.7555583380478658,0.7372420900000886,0.7229017891061318,0.09198789638301579,0.15066937142696424,0.17857879430306334,0.7385674057180287,0.16997726261615753,0.7630587489376855,0.7092389968997285,0.6657101267034577,0.08500806580234704,0.16206106192812922,0.20623923069390496,0.7126692908469572,0.1844012290239334,0.7754924286529157,0.6842458928197748,0.6569442103106381,0.08088261595251606,0.16096137173519307,0.21019014190835716,0.7055608439277762,0.17515501379966736,0.7313546637352366,0.7180155911397531,0.7065172488739156,0.14661618179190247,0.19560890020983412,0.16452256831845838,0.7186291679163017,0.16096097230911255,0.718856677102266,0.1527771833711405,885.7214847285242,1316.7739034395408,964.6253778929935,1064.6103718333002,780.1199632733877,885.5543632802832,741.845923272246,908.3464470744923,843.0781872917878,1043.821271406904,0.6254476908576815,0.637510584250635,5305.0,0.5852968897266729,0.04015080113100855,sequence,,18.217510223388672,734.0,738.0,726.0,1341.0,0.17063086229584654,0.6871858846081682,0.6752969026565552,0.6811273694038391,0.6849860548973083,0.6860476136207581,0.6881415247917175,0.6915096640586853,0.6920652985572815,0.6915294528007507,0.6910433173179626,0.6778639554977417,1475.0,0.6234374025969084,0.6206339001655579,0.6222984194755554,0.6230486631393433,0.6230010986328125,0.6225501894950867,0.6224610209465027,0.6235505938529968,0.6250531077384949,0.6252713203430176,0.6225864291191101,1475.0,0.6381201892028352,0.6236552000045776,0.6321664452552795,0.6345207095146179,0.6350890398025513,0.6360238790512085,0.6372106671333313,0.638595700263977,0.640399694442749,0.6432661414146423,0.6379458904266357,1475.0,0.6971758891182352,0.6235984563827515,0.6621158123016357,0.6821534633636475,0.6918665766716003,0.6965482234954834,0.6993212103843689,0.7007358074188232,0.7012374997138977,0.702118992805481,0.6955445408821106,1475.0,0.6614798413815367,15.2128,96.958,0.197,,MENSA [sequence]
ehrsim_static_sequence__mensa_paper__s2,06_sequential_ehr,ehrsim_static,2,mensa_paper,0.7569581492941855,0.7181550198495337,0.6884043415476836,0.08950342298815257,0.16050583808850746,0.19185829244229627,0.7211725035638009,0.1798521876335144,0.7257308803202634,0.6727504131372152,0.6409704511470737,0.09858467042919865,0.1756479612803848,0.21246798012539383,0.6798172482015175,0.19342070817947388,0.7391985696676514,0.6912968747898832,0.6603053992215063,0.08162466443771156,0.16503386134113385,0.20209352171871287,0.6969336145596804,0.18190480768680573,0.7228717505481731,0.7212639215733196,0.7051618571478774,0.15540442788578104,0.18651046846726088,0.16637252326180801,0.7164325097564568,0.1589253693819046,0.7035889690203639,0.15713396937219518,988.9100947795126,1362.0082291468627,863.8879839482473,1074.2682354638298,824.7429637675702,926.6689055856683,702.148032039147,875.4373204514995,844.9222686336193,1059.5956726619652,0.6525376464026771,0.6625962596259626,5379.0,0.5791039226622049,0.07343372374047219,sequence,,18.402210235595703,749.0,747.0,718.0,1374.0,0.17507404319883854,0.6459991573628665,0.6599562764167786,0.6578282117843628,0.6563597917556763,0.654610276222229,0.6519200801849365,0.6489315629005432,0.6461653709411621,0.6446633338928223,0.6430219411849976,0.6282002329826355,1508.0,0.5926344405469686,0.6075652837753296,0.6063233017921448,0.6060301065444946,0.6053310036659241,0.6024218797683716,0.6000044345855713,0.5984153747558594,0.5959291458129883,0.5892429351806641,0.5597164034843445,1508.0,0.6192958872114204,0.5932405591011047,0.6200359463691711,0.6225112676620483,0.6222895383834839,0.6232964992523193,0.6226541996002197,0.6220411658287048,0.620742917060852,0.6180698871612549,0.6122761964797974,1508.0,0.6869379320421148,0.7033241391181946,0.7054441571235657,0.7060834765434265,0.7061823606491089,0.7062333226203918,0.70644611120224,0.7049936652183533,0.7018647193908691,0.6912793517112732,0.6360192894935608,1508.0,0.6362168542908426,16.0011,94.243,0.187,,MENSA [sequence]
ehrsim_static_sequence__ours_nllpch__s0,06_sequential_ehr,ehrsim_static,0,ours,0.7338261302394045,0.7281339484337628,0.6994696676891023,0.09602843580290642,0.1503151203789499,0.18347605766083583,0.7204765821207566,0.1705574244260788,0.7443120037094413,0.7179828879077783,0.6700076959545264,0.0869616570257497,0.15100448921331364,0.2065374381182292,0.7107675291905821,0.1860256791114807,0.7480657168149636,0.6816680727316908,0.6529383218053025,0.09163508142669072,0.1645996522161417,0.2176950897132967,0.6942240371173191,0.17985379695892334,0.7259959644218397,0.7205927410295612,0.7132214141372506,0.15656949154924246,0.19292724253293475,0.16459403285627774,0.7199367065295504,0.1594437211751938,0.7113512137395521,0.15519531570788075,970.5230542919799,1356.730203303077,1128.1264005766543,1126.7276514911098,836.640064254429,912.292604826844,748.1676883568738,882.1232264307581,920.8643018699843,1069.468421512947,0.6795610935465873,0.6926327495134834,5377.0,0.5759717314487632,0.1035893620978241,sequence,nllpch,4.0544328689575195,745.0,732.0,745.0,1371.0,0.17139563005082692,0.6753222831718344,0.6793477535247803,0.6813157200813293,0.6784051656723022,0.678830623626709,0.6792142391204834,0.6792557835578918,0.6760815978050232,0.6716577410697937,0.6718719005584717,0.6694671511650085,1503.0,0.6267831418831069,0.6274815797805786,0.6315780878067017,0.6325557827949524,0.6331265568733215,0.6338334679603577,0.6301807761192322,0.6308843493461609,0.6303528547286987,0.6331256628036499,0.6016820073127747,1503.0,0.6309243734015966,0.6342726945877075,0.6313081383705139,0.6316609978675842,0.6299843788146973,0.6323177218437195,0.6305666565895081,0.6313485503196716,0.6281988024711609,0.6301507949829102,0.6328885555267334,1503.0,0.7059992450500778,0.6900236010551453,0.6955990195274353,0.7020354866981506,0.7027723789215088,0.7027021050453186,0.705406665802002,0.7065074443817139,0.7071760296821594,0.7076248526573181,0.707970142364502,1503.0,0.6597572608766539,14.2446,105.514,0.211,nllpch,L_PCH [sequence]
ehrsim_static_sequence__ours_nllpch__s1,06_sequential_ehr,ehrsim_static,1,ours,0.760641595857125,0.7267150498785481,0.7084910345326543,0.09275075563568855,0.15569224050388622,0.18479673514547465,0.7319492267561092,0.1726710945367813,0.7484615182645598,0.6900354336939467,0.6422574283130502,0.0877216365488511,0.16684169472147617,0.21046739311199333,0.6935847934238523,0.19151781499385834,0.7728009795151123,0.6792507227770523,0.644552028665182,0.08232040540896225,0.16975668541251285,0.22232530467278638,0.6988679103191155,0.18579769134521484,0.7286395415521593,0.7178503392971065,0.707207329442778,0.1529439024060855,0.1970809888250763,0.16895960788403377,0.7178990700973479,0.16488458216190338,0.7105752501491063,0.15763811252306892,1108.8198472923639,1392.2566236047178,1080.0840459755934,1125.9506982862158,789.5914076322723,913.0217069749639,769.8381573097906,902.1680533318836,937.0833645525051,1083.3492705494452,0.6808671065032987,0.6911656788032741,5305.0,0.5852968897266729,0.0955702167766258,sequence,nllpch,4.231777191162109,734.0,738.0,726.0,1341.0,0.17634362233715833,0.6731642620673086,0.6766865849494934,0.6727915406227112,0.677464485168457,0.6760058403015137,0.6748961210250854,0.6760624647140503,0.6758512854576111,0.6738554239273071,0.6680413484573364,0.667474091053009,1475.0,0.6014748032984589,0.6042665839195251,0.6009398698806763,0.6020050644874573,0.5999069809913635,0.6022400259971619,0.6044238209724426,0.6023823022842407,0.6057052612304688,0.6026681065559387,0.5937792062759399,1475.0,0.6107138405937952,0.6095559000968933,0.6127561926841736,0.6121402382850647,0.6116147041320801,0.612855076789856,0.614791214466095,0.6144078969955444,0.6120080351829529,0.6085200309753418,0.6039175391197205,1475.0,0.7001764646818498,0.6385491490364075,0.6652107834815979,0.6895543336868286,0.6904025673866272,0.6987070441246033,0.7011250257492065,0.7041844129562378,0.704175591468811,0.7025731801986694,0.7014299035072327,1475.0,0.646382342660353,14.4993,101.729,0.207,nllpch,L_PCH [sequence]
ehrsim_static_sequence__ours_nllpch__s2,06_sequential_ehr,ehrsim_static,2,ours,0.7598870024702602,0.7344362518499199,0.705126491543533,0.08980654291647795,0.15385436090594062,0.1872954725715131,0.7331499152879043,0.17162343859672546,0.7248573419053688,0.6813344850650503,0.6423661346029672,0.09301387500255838,0.16896550086734372,0.21163967693959265,0.6828526538577954,0.19279907643795013,0.7290485873377566,0.6843929792083272,0.6495121181147008,0.08447744481777339,0.16494095761246866,0.2033373816574303,0.6876512282202615,0.1845182627439499,0.683298148719254,0.7160989198265206,0.7205883920086131,0.16188707690979773,0.1921315186298638,0.1639088469280804,0.706661820184796,0.16378283500671387,0.7025789043876893,0.15627155464657005,873.5568568520404,1307.1869788154781,1128.9142309567555,1153.3414108064499,960.7773084050368,971.0249755059403,831.9105020196112,929.32806027137,948.789724558361,1090.2203563498097,0.7198364008179959,0.7275852585258525,5379.0,0.5791039226622049,0.14073247815579104,sequence,nllpch,4.160548686981201,749.0,747.0,718.0,1374.0,0.175609975907881,0.6649428292761267,0.6647955179214478,0.666477620601654,0.6652551889419556,0.6656749844551086,0.6652934551239014,0.6661540865898132,0.664808452129364,0.6662743091583252,0.6649208068847656,0.6617783904075623,1508.0,0.6007455917382641,0.6035517454147339,0.6060715913772583,0.6073914766311646,0.6061848402023315,0.6071357727050781,0.6063610315322876,0.6043359637260437,0.6031062006950378,0.606249213218689,0.575638473033905,1508.0,0.6217983372632733,0.6210503578186035,0.6229925751686096,0.6214895844459534,0.6214144229888916,0.6223515272140503,0.6243014931678772,0.624563455581665,0.624538004398346,0.6173011660575867,0.619667112827301,1508.0,0.702956039107344,0.623727023601532,0.6511537432670593,0.6686146259307861,0.6771523952484131,0.6850860118865967,0.6964532136917114,0.7035149931907654,0.7120181918144226,0.7135468125343323,0.7154729962348938,1508.0,0.647610699346252,14.1498,106.574,0.212,nllpch,L_PCH [sequence]
ehrsim_static_sequence__ours_nllpch_sample_event_ranking__s0,06_sequential_ehr,ehrsim_static,0,ours,0.7247076992356505,0.711925499039732,0.684601117998906,0.10047925679615582,0.1665448661513003,0.20628010216522802,0.7070781054247628,0.19284455478191376,0.7736541677115663,0.7211516552437597,0.6670600979050884,0.09370148603216348,0.1661032372540168,0.22174746005537138,0.7206219736201381,0.19459094107151031,0.7424502154775101,0.6824787839842231,0.6479828683791987,0.10275928346263082,0.17967341669993556,0.2252014357255087,0.690970622613644,0.1879606992006302,0.719111995148831,0.7199344629150503,0.7164054817728657,0.16598478521885207,0.21585838532987398,0.1801910758988357,0.7184839799455823,0.17662717401981354,0.7092886704010318,0.16871039923248937,987.1955059030539,1437.048120274615,951.5579932141999,1115.0193960930133,874.9936552459499,980.8205839417051,864.894108478928,1019.1300307590299,919.6603157105329,1138.0045327670907,0.7755253859029199,0.7802891298304142,5377.0,0.5759717314487632,0.19955365445415663,sequence,nllpch_sample_event_ranking,2.455897569656372,745.0,732.0,745.0,1371.0,0.185999537618287,0.6711812729772705,0.6654677987098694,0.6698551774024963,0.6570462584495544,0.6697694063186646,0.6679536700248718,0.6649965643882751,0.6696122288703918,0.6805299520492554,0.679718017578125,0.6715706586837769,1503.0,0.6247226742876543,0.6358242630958557,0.6323462724685669,0.6340523958206177,0.6294478178024292,0.6295477151870728,0.6276058554649353,0.6258459091186523,0.6214644908905029,0.6272870898246765,0.6100300550460815,1503.0,0.6190829908531517,0.6362486481666565,0.6337239146232605,0.6287152171134949,0.6246887445449829,0.629175066947937,0.6306027173995972,0.6257460117340088,0.6152379512786865,0.6100435853004456,0.602088451385498,1503.0,0.7059810071382835,0.6929598450660706,0.6829677224159241,0.6998155117034912,0.6949097514152527,0.7015324831008911,0.7028372883796692,0.7045783400535583,0.7078961730003357,0.7098002433776855,0.711765468120575,1503.0,0.6552419863140899,15.3683,97.799,0.195,nllpch_sample_event_ranking,L_PCH + L_rank + L_mul (paper) [sequence]
ehrsim_static_sequence__ours_nllpch_sample_event_ranking__s1,06_sequential_ehr,ehrsim_static,1,ours,0.7662473654714391,0.7336098462115777,0.7158911972141392,0.0992926287146618,0.174400761378458,0.2116691529374008,0.7385828029657188,0.20404967665672302,0.7600235711677592,0.6937598588389882,0.6483776510732928,0.09862446595504316,0.1825858140129946,0.22703875869801873,0.7007203603600134,0.203133687376976,0.7826672412774442,0.691258302466507,0.6532860913993247,0.09533800251737962,0.18360450741518194,0.23547928916559804,0.7090705450477586,0.19783128798007965,0.749595030732487,0.7351773910101985,0.7185595657335354,0.15246795197690613,0.21353272030220866,0.17339313053494473,0.7344439958254071,0.17211253941059113,0.7207044260497245,0.1706189319673997,844.190236314046,1420.7363053508757,898.0441663439583,1111.5179227739372,835.2870449328562,983.461484256349,823.0332020511962,999.1989104461038,850.1386624105141,1128.7286557068164,0.7858623939679548,0.7847022297488004,5305.0,0.5852968897266729,0.20056550424128183,sequence,nllpch_sample_event_ranking,2.4095144271850586,734.0,738.0,726.0,1341.0,0.19048136602808238,0.6838101194585038,0.6875129342079163,0.6929373145103455,0.6890865564346313,0.6885642409324646,0.6880585551261902,0.6846463084220886,0.6925038695335388,0.6846764087677002,0.6895081996917725,0.6576581597328186,1475.0,0.6144147041908731,0.6116932034492493,0.624549388885498,0.6276603937149048,0.6261460185050964,0.6147667765617371,0.6142045259475708,0.6177657246589661,0.6138579845428467,0.6193452477455139,0.5937905311584473,1475.0,0.6264179215593334,0.6215497255325317,0.6249631643295288,0.6249074339866638,0.6290966272354126,0.6306077241897583,0.6231108903884888,0.6228103041648865,0.6297274231910706,0.6270127296447754,0.6257644891738892,1475.0,0.7106547082443181,0.7033722996711731,0.709439754486084,0.7117627859115601,0.706089198589325,0.7102826833724976,0.7159958481788635,0.7123854756355286,0.7131484746932983,0.7126020789146423,0.7050819396972656,1475.0,0.6588243633632571,14.8247,99.496,0.202,nllpch_sample_event_ranking,L_PCH + L_rank + L_mul (paper) [sequence]
ehrsim_static_sequence__ours_nllpch_sample_event_ranking__s2,06_sequential_ehr,ehrsim_static,2,ours,0.7556110490857922,0.7238182993898562,0.701393121756806,0.0918236042622544,0.16939675041362984,0.2131599127958064,0.7269408234108181,0.19695523381233215,0.7261806519344128,0.6968173194988089,0.6520825478588709,0.10134820728350057,0.18364917122067914,0.2236561989039617,0.6916935064306976,0.19819201529026031,0.7343120533182661,0.6830148534033059,0.6524530786314134,0.08745394648067205,0.17676356729179504,0.217386824813486,0.6899266617843285,0.19109955430030823,0.7005362159601497,0.7161345450022601,0.7267252508573039,0.17436665076772315,0.23182578022297007,0.1787228354977995,0.7144653372732379,0.18304403126239777,0.7057565822247706,0.17079612082952314,954.1054945822898,1424.1494797805317,1087.11081651747,1186.1643940800982,921.9087603592702,1014.4789078562138,888.158896715344,1044.8293691210895,962.8209920435935,1167.4055377094833,0.7635248187395427,0.7675192519251925,5379.0,0.5791039226622049,0.1844208960773378,sequence,nllpch_sample_event_ranking,2.4279651641845703,749.0,747.0,718.0,1374.0,0.19071373592235705,0.6629177634583309,0.6661218404769897,0.6629636883735657,0.6632880568504333,0.6601971983909607,0.6613999605178833,0.6619043350219727,0.6648909449577332,0.6642064452171326,0.6629512310028076,0.6626539826393127,1508.0,0.6025922552027203,0.6224120855331421,0.6060083508491516,0.6123045086860657,0.6112122535705566,0.608729898929596,0.6065487265586853,0.6059051156044006,0.6039807796478271,0.6036943793296814,0.5792800188064575,1508.0,0.6100679847354427,0.6246859431266785,0.6237062215805054,0.6214653253555298,0.6237121224403381,0.6236769556999207,0.6179317831993103,0.6193556785583496,0.6170119643211365,0.61102294921875,0.5699411034584045,1508.0,0.7072859408691704,0.6678373217582703,0.6797725558280945,0.6839770078659058,0.6740798354148865,0.684295654296875,0.6952306032180786,0.7032813429832458,0.7178292870521545,0.7201853394508362,0.7208104133605957,1508.0,0.645715986066416,14.0574,107.275,0.213,nllpch_sample_event_ranking,L_PCH + L_rank + L_mul (paper) [sequence]
ehrsim_static_static__ours_nllpch__s0,06_sequential_ehr,ehrsim_static,0,ours,0.4780261561783151,0.49965990066184857,0.4964353478806431,0.11318677770500138,0.19316717797883332,0.24276848660923647,0.4913738015736023,0.2293304055929184,0.4965766371300515,0.4944576126399559,0.4916649574454137,0.11499407270708553,0.1946883492030826,0.24481868523877492,0.49423306907180703,0.2176789790391922,0.5017169519550824,0.4975073349212753,0.4856047704517458,0.1183555648106133,0.20256727285473117,0.2526266127025661,0.49494301910936783,0.21088267862796783,0.5192517384096349,0.51070889928626,0.5036984169133573,0.18113035301121347,0.24970391735111389,0.21695340496446416,0.5112196848697507,0.20467275381088257,0.4979423936561319,0.1937467229280597,1290.2694404709603,1641.0426509420122,1232.816612422755,1277.2511467216061,947.0793467639845,1060.664945804971,899.6129410829456,1112.8663366986034,1092.4445851851615,1272.9562700417982,0.5530965222242886,0.5656380316930776,5377.0,0.5759717314487632,-0.022875209224474613,static,nllpch,4.38631010055542,745.0,732.0,745.0,1371.0,0.2137228237895822,0.497104144808973,0.5041345953941345,0.5041345953941345,0.5041345953941345,0.49586594104766846,0.49586594104766846,0.49586594104766846,0.49586594104766846,0.49586594104766846,0.49586594104766846,0.49586594104766846,1503.0,0.4816251993179322,0.48162519931793213,0.48162519931793213,0.48162519931793213,0.48162519931793213,0.48162519931793213,0.48162519931793213,0.48162519931793213,0.48162519931793213,0.48162519931793213,0.48162519931793213,1503.0,0.4943974911416765,0.49033382534980774,0.5096660852432251,0.49033382534980774,0.49033382534980774,0.49033382534980774,0.49033382534980774,0.49033382534980774,0.49033382534980774,0.49033382534980774,0.5096660852432251,1503.0,0.5037076903435358,0.4960750937461853,0.4960750937461853,0.5039249658584595,0.5039249658584595,0.5039249658584595,0.5039249658584595,0.5039249658584595,0.5039249658584595,0.5039249658584595,0.5039249658584595,1503.0,0.4942086314030294,13.5973,110.537,0.221,nllpch,L_PCH [static]
ehrsim_static_static__ours_nllpch__s1,06_sequential_ehr,ehrsim_static,1,ours,0.47556148673589593,0.5039991445988525,0.5064170169163958,0.1141375577513748,0.20231545181120092,0.2454072217160919,0.4953258827503815,0.22952182590961456,0.48068022922779624,0.4819598866350959,0.47564706371849014,0.1185517826467294,0.20883213330218767,0.24727407040593108,0.47942905986046075,0.22261710464954376,0.5340603773734031,0.5171504198444818,0.5114970071084872,0.1110131978329858,0.20168954766140726,0.25040724154990124,0.520902601442124,0.21158024668693542,0.5114530157168361,0.5014819949674741,0.5007570965818464,0.17098588345983345,0.2481946781392761,0.21234875783913967,0.5045640357553856,0.20215211808681488,0.500055394952088,0.1942631270096716,1410.1907256842503,1695.0554604990398,1305.5974680315385,1315.5101389830036,995.1850415727729,1077.494201974833,940.989347753615,1146.1737343344987,1162.9906457605443,1308.5583839478438,0.5692742695570217,0.5802709568162574,5305.0,0.5852968897266729,-0.01602262016965128,static,nllpch,4.4100236892700195,734.0,738.0,726.0,1341.0,0.2140304303187777,0.5114948186562548,0.4833471179008484,0.5166536569595337,0.5166536569595337,0.5166536569595337,0.5166536569595337,0.5166536569595337,0.4833471179008484,0.5166536569595337,0.5166536569595337,0.5166536569595337,1475.0,0.48180353641510015,0.4818035364151001,0.4818035364151001,0.4818035364151001,0.4818035364151001,0.4818035364151001,0.4818035364151001,0.4818035364151001,0.4818035364151001,0.4818035364151001,0.4818035364151001,1475.0,0.5080527663230896,0.5080527663230896,0.5080527663230896,0.5080527663230896,0.5080527663230896,0.5080527663230896,0.5080527663230896,0.5080527663230896,0.5080527663230896,0.5080527663230896,0.5080527663230896,1475.0,0.5001776124874897,0.49982067942619324,0.5001795887947083,0.5001795887947083,0.5001795887947083,0.5001795887947083,0.5001795887947083,0.5001795887947083,0.5001795887947083,0.5001795887947083,0.5001795887947083,1475.0,0.5003821834704836,18.4491,79.95,0.163,nllpch,L_PCH [static]
ehrsim_static_static__ours_nllpch__s2,06_sequential_ehr,ehrsim_static,2,ours,0.5069949576519479,0.5057461125970644,0.498840687875977,0.10356350649382728,0.19377870476059011,0.24440549617808863,0.5038605860416631,0.22809471189975739,0.4992100729608623,0.5070698038663487,0.5113441512353555,0.11586130689038913,0.20667872833230005,0.2461767623911251,0.5058746760208556,0.2191857397556305,0.5097041497600425,0.5146971680160926,0.5034414877624147,0.10317981147943815,0.20008247921963643,0.23942495092503885,0.5092809351795166,0.21142268180847168,0.5142141371670943,0.5063122736902442,0.5012824129138815,0.17798462553763306,0.24827691185528383,0.2141713366708201,0.5072696079237401,0.2028036117553711,0.5065714512914439,0.19113205172784756,1309.7366818628946,1634.7907530623029,1163.8316379245548,1267.605490471774,1047.743433098942,1107.9433929963138,952.943274556814,1148.7135500659087,1118.5637568608013,1289.7632966490748,0.5655326268823201,0.576952695269527,5379.0,0.5791039226622049,-0.013571295779884807,static,nllpch,4.364710330963135,749.0,747.0,718.0,1374.0,0.21321859947066243,0.5025710490849776,0.5064093470573425,0.5064093470573425,0.5064093470573425,0.4935905337333679,0.4935905337333679,0.4935905337333679,0.5064093470573425,0.5064093470573425,0.5064093470573425,0.5064093470573425,1508.0,0.5115563144256513,0.4879012405872345,0.5120984315872192,0.5120984315872192,0.5120984315872192,0.5120984315872192,0.5120984315872192,0.5120984315872192,0.5120984315872192,0.5120984315872192,0.5120984315872192,1508.0,0.5016174433514872,0.5044708251953125,0.5044708251953125,0.5044708251953125,0.5044708251953125,0.5044708251953125,0.5044708251953125,0.5044708251953125,0.49552908539772034,0.5044708251953125,0.49552908539772034,1508.0,0.501521646976471,0.501521646976471,0.501521646976471,0.501521646976471,0.501521646976471,0.501521646976471,0.501521646976471,0.501521646976471,0.501521646976471,0.501521646976471,0.501521646976471,1508.0,0.5043166134596467,14.0642,107.223,0.213,nllpch,L_PCH [static]
ehrsim_static_static__ours_nllpch_sample_event_ranking__s0,06_sequential_ehr,ehrsim_static,0,ours,0.5219738438216845,0.5003400993381512,0.4964353478806431,0.11307787050007584,0.19323478966253152,0.24272457900122088,0.5062497636801596,0.229812353849411,0.4965766371300515,0.4944576126399559,0.4916649574454137,0.11546074365732481,0.19617428667433592,0.24766520624435112,0.49423306907180703,0.21987292170524597,0.5017169519550824,0.4975073349212753,0.4856047704517458,0.11836375887325203,0.2035691321496343,0.2515437171465281,0.49494301910936783,0.21045935153961182,0.5192517384096349,0.51070889928626,0.5036984169133573,0.18416125709529216,0.2507805175238399,0.21943316380551292,0.5112196848697507,0.20678839087486267,0.5016613841827713,0.19468241852782497,1230.2899804354574,1621.187898961515,1069.1044243858432,1219.7324530594801,987.0385756390093,1074.9641467270822,1034.01034596966,1211.5559688802061,1080.1108316074924,1281.8601169070707,0.7210340338478706,0.7154573255490686,5377.0,0.5759717314487632,0.14506230239910733,static,nllpch_sample_event_ranking,2.550647497177124,745.0,732.0,745.0,1371.0,0.2149892243508207,0.49586594104766846,0.49586594104766846,0.49586594104766846,0.49586594104766846,0.49586594104766846,0.49586594104766846,0.49586594104766846,0.49586594104766846,0.49586594104766846,0.49586594104766846,0.49586594104766846,1503.0,0.4816251993179322,0.48162519931793213,0.48162519931793213,0.48162519931793213,0.48162519931793213,0.48162519931793213,0.48162519931793213,0.48162519931793213,0.48162519931793213,0.48162519931793213,0.48162519931793213,1503.0,0.4903338253498078,0.49033382534980774,0.49033382534980774,0.49033382534980774,0.49033382534980774,0.49033382534980774,0.49033382534980774,0.49033382534980774,0.49033382534980774,0.49033382534980774,0.49033382534980774,1503.0,0.5038677880913742,0.4960750937461853,0.5039249658584595,0.5039249658584595,0.5039249658584595,0.5039249658584595,0.5039249658584595,0.5039249658584595,0.5039249658584595,0.5039249658584595,0.5039249658584595,1503.0,0.49292318845169564,13.1371,114.409,0.228,nllpch_sample_event_ranking,L_PCH + L_rank + L_mul (paper) [static]
ehrsim_static_static__ours_nllpch_sample_event_ranking__s1,06_sequential_ehr,ehrsim_static,1,ours,0.524438513264105,0.5039991445988525,0.5064170169163958,0.11398959079484226,0.2014525391824761,0.24451361919085268,0.5116182249264511,0.23166850209236145,0.48068022922779624,0.4819598866350959,0.47564706371849014,0.11847238511422914,0.2073916385412779,0.24438156955864943,0.47942905986046075,0.22051990032196045,0.5340603773734031,0.5171504198444818,0.5114970071084872,0.11351317654863621,0.2066397440221943,0.2535944798009622,0.520902601442124,0.2143675982952118,0.5114530157168361,0.5014819949674741,0.5007570965818464,0.1706378288719105,0.2500974154053687,0.21510295547064312,0.5045640357553856,0.20398150384426117,0.5041284804961054,0.19498224520850357,1174.5494851942397,1615.376100932339,1092.1686880401173,1231.8638784492837,914.6793105077664,1049.1499415929031,1012.5518931208311,1198.762910195584,1048.4873442157386,1273.7882077925274,0.7251649387370406,0.7198983911939034,5305.0,0.5852968897266729,0.13986804901036765,static,nllpch_sample_event_ranking,2.546523332595825,734.0,738.0,726.0,1341.0,0.21530331731869967,0.5166536569595337,0.5166536569595337,0.5166536569595337,0.5166536569595337,0.5166536569595337,0.5166536569595337,0.5166536569595337,0.5166536569595337,0.5166536569595337,0.5166536569595337,0.5166536569595337,1475.0,0.4930926138923717,0.4818035364151001,0.4818035364151001,0.4818035364151001,0.4818035364151001,0.4818035364151001,0.4818035364151001,0.4818035364151001,0.4818035364151001,0.518196165561676,0.518196165561676,1475.0,0.5080527663230896,0.5080527663230896,0.5080527663230896,0.5080527663230896,0.5080527663230896,0.5080527663230896,0.5080527663230896,0.5080527663230896,0.5080527663230896,0.5080527663230896,0.5080527663230896,1475.0,0.5001795887947083,0.5001795887947083,0.5001795887947083,0.5001795887947083,0.5001795887947083,0.5001795887947083,0.5001795887947083,0.5001795887947083,0.5001795887947083,0.5001795887947083,0.5001795887947083,1475.0,0.5044946564924258,12.9922,113.53,0.231,nllpch_sample_event_ranking,L_PCH + L_rank + L_mul (paper) [static]
ehrsim_static_static__ours_nllpch_sample_event_ranking__s2,06_sequential_ehr,ehrsim_static,2,ours,0.5069949576519479,0.5057461125970644,0.498840687875977,0.10420898699850577,0.19370682223735167,0.24542623511075107,0.5038605860416631,0.23124752938747406,0.5007899270391379,0.5070698038663487,0.5113441512353555,0.115985136207893,0.20707064820690624,0.24889118270203137,0.5064012940469474,0.22140221297740936,0.5097041497600425,0.5146971680160926,0.49655851223758307,0.10688296886283241,0.2038886278046168,0.24233015264067195,0.5069866100045727,0.21566776931285858,0.5142141371670943,0.5063122736902442,0.49871758708611874,0.17888253984321878,0.25173995941839034,0.21694743477784093,0.5064146659811525,0.20536431670188904,0.5059157890185839,0.19299672456758418,1158.1764705726127,1585.9258999289139,1034.7322610985473,1222.086163224205,898.2458577415958,1058.395224910584,1030.7176350122907,1206.5681879792144,1030.4680561062617,1268.2438690107294,0.7222532069157837,0.7183168316831683,5379.0,0.5791039226622049,0.14314928425357876,static,nllpch_sample_event_ranking,2.5357751846313477,749.0,747.0,718.0,1374.0,0.21616830605361506,0.4996142740919119,0.4935905337333679,0.5064093470573425,0.4935905337333679,0.4935905337333679,0.4935905337333679,0.4935905337333679,0.5064093470573425,0.4935905337333679,0.5064093470573425,0.5064093470573425,1508.0,0.5057963195839918,0.4879012405872345,0.4879012405872345,0.5120984315872192,0.4879012405872345,0.5120984315872192,0.4879012405872345,0.5120984315872192,0.5120984315872192,0.5120984315872192,0.5120984315872192,1508.0,0.5004683729771142,0.5044708251953125,0.5044708251953125,0.49552908539772034,0.5044708251953125,0.5044708251953125,0.49552908539772034,0.49552908539772034,0.49552908539772034,0.5044708251953125,0.5044708251953125,1508.0,0.5002344022262123,0.501521646976471,0.501521646976471,0.501521646976471,0.501521646976471,0.4984789788722992,0.501521646976471,0.501521646976471,0.4984789788722992,0.4984789788722992,0.501521646976471,1508.0,0.5015283422198076,14.2515,105.814,0.211,nllpch_sample_event_ranking,L_PCH + L_rank + L_mul (paper) [static]
ehrsim_temporal__oracle__s0,06_sequential_ehr,ehrsim_temporal,0,oracle,0.7885686449493016,0.716941782335662,0.6717795013076299,0.0758527385615006,0.14295689029299555,0.2052002460201207,0.7257633095308645,0.14133662495820562,0.800075031334831,0.701582056376326,0.646744897164069,0.06719237015199853,0.14713201011294086,0.22004638279012131,0.7161339949584087,0.1447902543516869,0.7168890258515205,0.6657027034461068,0.6251914710150644,0.09244516147483356,0.17420091610269167,0.2360227127168494,0.6692610667708973,0.1675562634314582,0.7479409651881573,0.7182364933206388,0.688450293770973,0.13394451450136086,0.1873929436568575,0.1790753306443806,0.718209250759923,0.16680426293419967,0.7073419055050234,0.15512185141888762,1647.275224606783,1529.5160724499685,1463.7831912190234,1294.9293310828948,1555.7968326711098,1324.3882268373036,762.1962059915141,874.474109269567,1357.2628636221075,1255.8269349099335,0.6751662971175166,0.6931756389342033,5412.0,0.5977457501847746,0.07742054693274203,,,,,,,,,,,,,,,,,,,,,,,,,,,,,,,,,,,,,,,,,,,,,,,,,,,,,,,,,,,,,,Oracle (true CIF)
ehrsim_temporal__oracle__s1,06_sequential_ehr,ehrsim_temporal,1,oracle,0.8050587908929208,0.7372198335071295,0.6865488463386876,0.07426786666209699,0.13518800841011286,0.2045372278269389,0.742942490246246,0.13799770096638292,0.7960192971670835,0.7114143010528372,0.666349340400504,0.0791597552167965,0.15399321359855375,0.21594136970988553,0.7245943128734749,0.14969811284174525,0.7284000780087203,0.657413619076043,0.6176069292032351,0.08110817358274641,0.1666644215919191,0.23329194027281197,0.6678068754293328,0.16035484514915918,0.7443558669961466,0.7063270370328792,0.6795748167462309,0.12906669042672378,0.18930957120010625,0.18422421067885228,0.7100859069250856,0.16753349076856075,0.7113573963685348,0.15389603743146202,1593.3779123940478,1465.0293480700198,1463.736253866589,1304.400815975388,1550.7743086756109,1335.032917378335,794.033367547958,916.7012367806649,1350.4804606210514,1255.2910795511018,0.6798344620015049,0.6949930843706777,5316.0,0.5897291196388262,0.09010534236267864,,,,,,,,,,,,,,,,,,,,,,,,,,,,,,,,,,,,,,,,,,,,,,,,,,,,,,,,,,,,,,Oracle (true CIF)
ehrsim_temporal__oracle__s2,06_sequential_ehr,ehrsim_temporal,2,oracle,0.8275343286154072,0.7394362324951183,0.6858525792366335,0.06699496736135106,0.13809927691771545,0.20506897104683708,0.7509410467823864,0.1367210717753012,0.758940283654651,0.6943798789065367,0.6459100994962703,0.08323424612934208,0.15554055249123996,0.2285673002871271,0.6997434206858193,0.15578069963590305,0.6966292793951084,0.6587291921962724,0.6254705434392286,0.08471330528965654,0.1762814864851013,0.23142765060207254,0.6602763383435365,0.16414081412561013,0.7375457365466653,0.7115991410634177,0.6857480900638405,0.12931393075402847,0.1887523712549144,0.1812448122178493,0.7116309892246412,0.1664370380755974,0.7056479487590959,0.15576990590310294,1594.3512068780078,1469.1604409381293,1523.6490521109035,1340.6255951003334,1580.6112027419765,1351.6544907904179,765.9330985098634,869.9031005450181,1366.1361400601877,1257.8359068434747,0.6749077490774907,0.6914509169363539,5420.0,0.5961254612546125,0.07878228782287822,,,,,,,,,,,,,,,,,,,,,,,,,,,,,,,,,,,,,,,,,,,,,,,,,,,,,,,,,,,,,,Oracle (true CIF)
ehrsim_temporal_bag__coxph__s0,06_sequential_ehr,ehrsim_temporal,0,coxph,0.7561758158386059,0.690202196400859,0.6625591694075282,0.09674054863260986,0.16397014172656132,0.20390389624233465,0.7029790605489977,0.1548715288671686,0.7718359017421764,0.6980242162126957,0.6447590088187176,0.07635472166186587,0.15414956419017964,0.2165007855057756,0.7048730422578634,0.14900169045260703,0.7166242879293645,0.6671870679673524,0.6281001893867416,0.09791228556329454,0.17364773052413984,0.22154313609688242,0.6706371817611528,0.16436771739477227,0.7184913422866729,0.6903467774225507,0.6650435146192237,0.15831758449973057,0.20970252840063755,0.17555184497386153,0.6912938781094825,0.1811906526247432,0.6924457906693741,0.16235789733482278,1042.113723694657,1300.6021397114605,947.1484314040658,1017.8733271810434,854.520895633365,911.7055168402001,807.1484338552992,921.8325821499695,912.7328711468467,1038.0033914706682,0.6821877309682187,0.6946982055464926,5412.0,0.5977457501847746,0.08444198078344411,bag,,,,,,,,,,,,,,,,,,,,,,,,,,,,,,,,,,,,,,,,,,,,,,,,,,,,,,,,,,,,,Cox PH (cause-specific) [bag]
ehrsim_temporal_bag__coxph__s1,06_sequential_ehr,ehrsim_temporal,1,coxph,0.7634316371505862,0.70187199688693,0.6628688207410877,0.09147947834941655,0.1543654278511512,0.20255051084187622,0.7093908182595347,0.149465139014148,0.7632418620511394,0.695240477834346,0.6520636570727452,0.08743038867110743,0.16091149694157486,0.21404432267144757,0.7035153323194102,0.15412873609470995,0.7254333988994015,0.6501738931694769,0.6181312199245287,0.08507335080099797,0.16402057682059346,0.2151013659672061,0.6645795039978024,0.15473176452959916,0.7297173112093185,0.6931886928144194,0.6688065398142654,0.15511169544467826,0.20695947977229615,0.1764799656442951,0.6972375146126678,0.1795170469537565,0.6936807922973538,0.1594606716480534,1013.5790016486136,1246.5173750514928,885.1282412645885,1013.0531573783144,844.9443268399339,907.7513191142627,815.5839220691988,946.9399965858993,889.8088729555836,1028.5654620324922,0.6873589164785553,0.6986445366528354,5316.0,0.5897291196388262,0.09762979683972905,bag,,,,,,,,,,,,,,,,,,,,,,,,,,,,,,,,,,,,,,,,,,,,,,,,,,,,,,,,,,,,,Cox PH (cause-specific) [bag]
ehrsim_temporal_bag__coxph__s2,06_sequential_ehr,ehrsim_temporal,2,coxph,0.7721122665252916,0.6868619288261945,0.6511328856752538,0.08646061497247409,0.160884301134692,0.21071507315013493,0.7033690270089134,0.152686663085767,0.7067275563898819,0.6688879044543701,0.6228781009102626,0.0923426080419969,0.1656477569987599,0.22782302667224566,0.6661645205848382,0.16193779723766746,0.6949225305919114,0.6538298097932589,0.6263125578001727,0.08899098271042111,0.1737577090384733,0.21540839318531477,0.658354966061781,0.15938569497806973,0.7085370694546184,0.6846310623644863,0.6609003177209822,0.15423207369586073,0.21218932214573827,0.17881709015440977,0.684689483180029,0.18174616199866958,0.6781444992088904,0.16393907932504345,1038.892460287676,1288.8122220483854,975.7404696251268,1046.6443978143805,863.058857133586,918.9957452224401,805.9283864691226,918.7305037962543,920.905043378878,1043.295717220365,0.6706642066420664,0.6846278317152104,5420.0,0.5961254612546125,0.07453874538745386,bag,,,,,,,,,,,,,,,,,,,,,,,,,,,,,,,,,,,,,,,,,,,,,,,,,,,,,,,,,,,,,Cox PH (cause-specific) [bag]
ehrsim_temporal_bag__ours_nllpch__s0,06_sequential_ehr,ehrsim_temporal,0,ours,0.747291513043814,0.6880541320117163,0.6606505760370461,0.09326038380584568,0.15974096139459829,0.19900750970868084,0.6986654070308588,0.19324034452438354,0.7626363346763225,0.7060639609917222,0.6453402615633802,0.07809235369886108,0.15555513316069627,0.21729278006077501,0.7046801857438084,0.18957500159740448,0.6892231136788464,0.6590527729664097,0.6329666233868103,0.10035218525108505,0.17591431829001847,0.22439692518794746,0.6604141700106888,0.19233016669750214,0.7295988954993233,0.6903570599877753,0.6593063897359678,0.15172155382339667,0.20589794012958407,0.17521482030065932,0.6930874484076889,0.17265936732292175,0.6892118027982612,0.16137057206767902,937.5216249159254,1276.0660560297615,1000.5674650187616,1040.8958732930319,771.1718595226712,898.4102911854222,801.8048524681168,920.5755191969679,877.7664504813687,1033.9869349262958,0.7039911308203991,0.7177542142468734,5412.0,0.5977457501847746,0.1062453806356245,bag,nllpch,4.0565996170043945,740.0,737.0,744.0,1361.0,0.1844772959449383,0.6162555019342361,0.6174847483634949,0.6180881261825562,0.6171457767486572,0.6179263591766357,0.6177470088005066,0.6181401610374451,0.6192638874053955,0.6192564368247986,0.6195898652076721,0.6032110452651978,1503.0,0.5923225390073584,0.5935932993888855,0.5906201601028442,0.5905792713165283,0.5906859636306763,0.5929518342018127,0.5962686538696289,0.5972001552581787,0.5928283929824829,0.5877416729927063,0.5909692645072937,1503.0,0.6078217109592482,0.6086048483848572,0.6114118099212646,0.6117662787437439,0.6125675439834595,0.6123476624488831,0.6133750081062317,0.6127180457115173,0.6117417216300964,0.6068679690361023,0.5912367105484009,1503.0,0.650542189255455,0.6561291217803955,0.6581354737281799,0.6596307754516602,0.6579242944717407,0.6576806902885437,0.6563699841499329,0.655710756778717,0.6538532972335815,0.6512554287910461,0.6351086497306824,1503.0,0.6167354852890744,15.0007,100.195,0.2,nllpch,L_PCH [bag]
ehrsim_temporal_bag__ours_nllpch__s1,06_sequential_ehr,ehrsim_temporal,1,ours,0.7573971534150119,0.6938222977243792,0.6615110353467342,0.08774392658347495,0.14901779834952833,0.1987709107930011,0.704243495495375,0.1896827518939972,0.7616778947455946,0.70518438404181,0.650355977830004,0.09137710068926003,0.16547361626390134,0.21578870537151426,0.7057394188724695,0.1912015676498413,0.7083259266181372,0.6440040452176249,0.611133605928208,0.08658939321691639,0.1709841081052263,0.2328195540722365,0.6544878592546567,0.18893256783485413,0.7437619829883241,0.6977116503866747,0.667358087863744,0.14645923044621567,0.2005242589556097,0.17387003337634463,0.702943907079581,0.17111408710479736,0.6918536701755206,0.15995155301860242,909.8278415921536,1219.043683144528,953.1705300104542,1061.2606849716956,949.7383052848962,960.670536033409,772.5061956177213,920.1665562465346,896.3107181263064,1040.2853650990419,0.6512415349887133,0.6663070539419087,5316.0,0.5897291196388262,0.06151241534988705,bag,nllpch,4.069694995880127,732.0,730.0,731.0,1322.0,0.18285844922065736,0.6227856305052155,0.6233489513397217,0.6175847053527832,0.6194543242454529,0.6214565634727478,0.6162216663360596,0.6220676302909851,0.625715970993042,0.626436710357666,0.624142050743103,0.624442458152771,1475.0,0.6048910991685289,0.6116840839385986,0.6151170134544373,0.6164027452468872,0.618131160736084,0.6146582365036011,0.6165270805358887,0.6136608719825745,0.612974226474762,0.595185399055481,0.5697342753410339,1475.0,0.5832758283343087,0.5890153050422668,0.5831495523452759,0.5861252546310425,0.5872957706451416,0.5856518745422363,0.5821928977966309,0.583145260810852,0.5822202563285828,0.5894163250923157,0.5748604536056519,1475.0,0.6559099196286737,0.6538656949996948,0.6576786041259766,0.6576753258705139,0.6587271094322205,0.6567929983139038,0.6571989059448242,0.6565418839454651,0.6562916040420532,0.6546132564544678,0.6543303728103638,1475.0,0.6167156194091817,14.1161,104.49,0.213,nllpch,L_PCH [bag]
ehrsim_temporal_bag__ours_nllpch__s2,06_sequential_ehr,ehrsim_temporal,2,ours,0.7915245997477178,0.7083265726199418,0.663339140516224,0.07944728884342406,0.15477863188718388,0.2073042513918456,0.7210634376279613,0.19292685389518738,0.7025363844462852,0.6482525569026766,0.6035382833334002,0.09556110173878268,0.16923486941729035,0.22711109188418063,0.651442408227454,0.19548408687114716,0.7055795125121901,0.6410956227855562,0.6122228975671342,0.08847116057443986,0.17638906058308088,0.21786718778505057,0.6529660109549601,0.18604566156864166,0.7081449261859499,0.6821450590683168,0.6666734942078345,0.15043100466613898,0.21439726168096823,0.19029713817516153,0.6856544931540337,0.17615246772766113,0.6777815874911023,0.16427417071896228,1203.2516474939666,1300.0449039377784,939.5318179864128,1040.2350939207454,918.8886977521133,951.1511124854107,866.2263723215234,956.1295788484289,981.974633888504,1061.8901722980906,0.7308118081180812,0.7398867313915858,5420.0,0.5961254612546125,0.1346863468634687,bag,nllpch,4.089511871337891,743.0,752.0,734.0,1367.0,0.185680373956152,0.6198823696887883,0.6145053505897522,0.6152564287185669,0.6211695671081543,0.6210314631462097,0.6212844252586365,0.6205061674118042,0.6202714443206787,0.6205583810806274,0.6204668879508972,0.6184194684028625,1508.0,0.5770908188961651,0.5820711851119995,0.5795992016792297,0.5792372226715088,0.5803272724151611,0.577913761138916,0.5787062048912048,0.5783452391624451,0.583172082901001,0.5789320468902588,0.5634416937828064,1508.0,0.5846199162937229,0.5838289260864258,0.5865402221679688,0.5768268704414368,0.5821251273155212,0.5908634066581726,0.5870275497436523,0.5881912112236023,0.5849696397781372,0.5834556221961975,0.5806136727333069,1508.0,0.6512626067483497,0.6427373886108398,0.6478397846221924,0.6385647058486938,0.6472447514533997,0.6453530192375183,0.6457842588424683,0.6532946825027466,0.654970645904541,0.6541892290115356,0.6534414291381836,1508.0,0.6082139279067564,13.6453,110.515,0.22,nllpch,L_PCH [bag]
ehrsim_temporal_bag__ours_nllpch_sample_event_ranking__s0,06_sequential_ehr,ehrsim_temporal,0,ours,0.7552112696162784,0.6950671771946028,0.6519698015339017,0.10699073030910872,0.18173124992401224,0.22034879495000187,0.7007494161149276,0.20791365206241608,0.7641078227294942,0.6963849275056475,0.6290718351228486,0.0951328767003454,0.18027918982677058,0.23083440916642842,0.6965215284526635,0.20035617053508759,0.7112544679162995,0.6644949770240663,0.623687234555791,0.10907902283202235,0.1930218414138037,0.23430881962349107,0.6664788931653857,0.198917418718338,0.7266570765439199,0.6890308962277123,0.6615972227142508,0.17820862328312573,0.23626433743888312,0.18996752500512845,0.6924283984952945,0.19268834590911865,0.6890445590570679,0.17968061837276011,1097.6842036099924,1389.8762304666186,1033.9622466906083,1105.9763400853324,872.2168481230291,970.0047260620173,946.4001948481499,1051.6599760551144,987.565873317945,1129.3793181672706,0.7634885439763488,0.7693583469276781,5412.0,0.5977457501847746,0.1657427937915742,bag,nllpch_sample_event_ranking,2.4190990924835205,740.0,737.0,744.0,1361.0,0.19870519221644373,0.6135902570722364,0.618635356426239,0.6214174628257751,0.607530415058136,0.6150185465812683,0.6132474541664124,0.6128612160682678,0.6158893704414368,0.6126087307929993,0.6137030720710754,0.6116132140159607,1503.0,0.5930708196575936,0.5929089188575745,0.595845103263855,0.5915852785110474,0.595134973526001,0.5951682925224304,0.5931914448738098,0.5950800180435181,0.5916368961334229,0.5938566327095032,0.5895456671714783,1503.0,0.5987059815861714,0.589698314666748,0.5948786735534668,0.5967118740081787,0.5985053181648254,0.5959040522575378,0.5928642749786377,0.5994778275489807,0.597983717918396,0.6024523973464966,0.6030492186546326,1503.0,0.6522416722456458,0.6528618335723877,0.6530469059944153,0.6547326445579529,0.6493406891822815,0.6510041356086731,0.6516819596290588,0.65158611536026,0.6528519988059998,0.6519309282302856,0.6533440351486206,1503.0,0.6144021826404118,15.3832,97.704,0.195,nllpch_sample_event_ranking,L_PCH + L_rank + L_mul (paper) [bag]
ehrsim_temporal_bag__ours_nllpch_sample_event_ranking__s1,06_sequential_ehr,ehrsim_temporal,1,ours,0.7638902975472565,0.6977916640442691,0.6566559820780108,0.09619106442301413,0.16737315554205237,0.215203814795338,0.7061126478898454,0.20150630176067352,0.7587206257396454,0.6745424506781701,0.6322733425585604,0.09934939912122356,0.18330030221388544,0.2274324873941041,0.6885121396587919,0.20065315067768097,0.7165724624930763,0.6504780323519033,0.6112067232460424,0.09728864938285275,0.18250559141243725,0.22743214787388696,0.6594190726970073,0.1950998306274414,0.7381479801880872,0.6936775905969941,0.6685699698223279,0.16949462931485218,0.23030100954964255,0.18741590245478407,0.7001318468691364,0.1878972053527832,0.6885439267786952,0.1736073461231728,1017.2663614690189,1312.5853991827637,939.4148581282146,1089.1684215650757,807.4820723035743,942.1170043576373,930.1099839426768,1054.9336358713804,923.5683189608712,1099.7011152442142,0.768058690744921,0.770622406639004,5316.0,0.5897291196388262,0.1783295711060947,bag,nllpch_sample_event_ranking,2.410324811935425,732.0,730.0,731.0,1322.0,0.1948783768274706,0.6231711893579809,0.6233572959899902,0.6254034042358398,0.6189555525779724,0.6196162700653076,0.6115407347679138,0.6192518472671509,0.6213636994361877,0.628628671169281,0.6269261837005615,0.6293596625328064,1475.0,0.599058670510748,0.6051115989685059,0.6078939437866211,0.6029860973358154,0.5985047817230225,0.6034941077232361,0.5989068746566772,0.5975344777107239,0.5970768332481384,0.5937595963478088,0.599605143070221,1475.0,0.5932379496021057,0.5957059264183044,0.5962972640991211,0.5969427824020386,0.597786009311676,0.5981178879737854,0.595105767250061,0.5957906246185303,0.587874174118042,0.592846691608429,0.5885306596755981,1475.0,0.6543948051663205,0.6466416716575623,0.6479220986366272,0.6491225957870483,0.6526591777801514,0.6551597714424133,0.6506556272506714,0.6542078852653503,0.6555801630020142,0.6565806269645691,0.6554138660430908,1475.0,0.6174656536592887,16.0274,92.03,0.187,nllpch_sample_event_ranking,L_PCH + L_rank + L_mul (paper) [bag]
ehrsim_temporal_bag__ours_nllpch_sample_event_ranking__s2,06_sequential_ehr,ehrsim_temporal,2,ours,0.784867455997753,0.6975714192200848,0.6505792239772269,0.0991936511567432,0.17666426794657134,0.2227677110669446,0.7110060330650216,0.20586857199668884,0.7091609317942547,0.6528842339155658,0.612181446980822,0.10189781748596691,0.1823956608553602,0.2327638201893746,0.6580755375635475,0.20178931951522827,0.6999133572517493,0.6448815386962743,0.5993014780253986,0.09647747844982682,0.1899147189989043,0.22848177785999735,0.6480321246578074,0.19568653404712677,0.7108552488359299,0.6860967268108336,0.6624083535611793,0.17458118245748877,0.25081932882557306,0.20304025172288695,0.6864534430693142,0.1997101753950119,0.6758917845889227,0.17991647225130317,1153.2973301027057,1379.274094853261,1013.9470796003924,1107.2300130221852,928.3101942193424,996.3904292993852,1012.1282188465475,1100.7329149023442,1026.9207056922469,1145.906863019294,0.7697416974169742,0.7733009708737864,5420.0,0.5961254612546125,0.17361623616236166,bag,nllpch_sample_event_ranking,2.433356523513794,743.0,752.0,734.0,1367.0,0.2005961187498787,0.610591914614693,0.6097130179405212,0.6102538704872131,0.6115807294845581,0.6134823560714722,0.6120036244392395,0.609548807144165,0.6096150279045105,0.6130114793777466,0.610611081123352,0.6073410511016846,1508.0,0.5797876568958495,0.5815905332565308,0.5837816596031189,0.5879976749420166,0.586030125617981,0.5808086395263672,0.5875788927078247,0.5802327990531921,0.5767125487327576,0.5833459496498108,0.56491619348526,1508.0,0.5819172251677636,0.5989875793457031,0.6004520058631897,0.5878685712814331,0.5814670920372009,0.5800989866256714,0.5764738321304321,0.5803086757659912,0.573391854763031,0.5849205255508423,0.5862427353858948,1508.0,0.6474018978485585,0.6354861259460449,0.6341190934181213,0.6431511640548706,0.6493293046951294,0.6508816480636597,0.6513665914535522,0.6524895429611206,0.6517013907432556,0.6493152379989624,0.6388481259346008,1508.0,0.6049246736317161,14.5933,103.335,0.206,nllpch_sample_event_ranking,L_PCH + L_rank + L_mul (paper) [bag]
ehrsim_temporal_sequence__deephit_paper__s0,06_sequential_ehr,ehrsim_temporal,0,deephit_paper,0.7489343972905966,0.7035318537002918,0.6555645316782276,0.12423492498932966,0.2329552363906476,0.32875624732061015,0.702676927556372,0.33109110593795776,0.7374222365646738,0.680574315994375,0.6243898625873164,0.10632826334021937,0.21927019986228433,0.33958022057853465,0.6807954717154551,0.3367876708507538,0.6971413830788874,0.651217811514562,0.6215160191225801,0.12262837417140064,0.24348124049697564,0.358770800345225,0.6566250712386765,0.3173140287399292,0.7075633392699595,0.6813826402539044,0.6558384442985682,0.18023861937094718,0.2486008854239047,0.18376815208507477,0.6815948079408107,0.19552861154079437,0.6804230696128286,0.2240510970312628,2928.3248816103655,2274.4038312213115,2825.770195308871,2283.3810361481155,2697.2503763523805,2229.3726449905603,1002.053619942409,1096.247051150951,2363.3497683035066,1970.8511408777345,0.4488174427198817,0.47302882001087554,5412.0,0.5977457501847746,-0.14892830746489288,sequence,,8.700336456298828,740.0,737.0,744.0,1361.0,0.27789391666684055,0.6186959287806015,0.6284483075141907,0.6247912645339966,0.6273409724235535,0.6249178051948547,0.623678982257843,0.621401309967041,0.6225013136863708,0.611240565776825,0.6120047569274902,0.6120012998580933,1503.0,0.585864734847949,0.5882536768913269,0.5907441973686218,0.5899651646614075,0.5886227488517761,0.5886019468307495,0.5903642773628235,0.5905949473381042,0.5850833654403687,0.57960444688797,0.5794388055801392,1503.0,0.5879901791578052,0.5937191247940063,0.5934238433837891,0.5929134488105774,0.5913700461387634,0.5935914516448975,0.5952293872833252,0.5947445631027222,0.5880576372146606,0.5788235068321228,0.5786738991737366,1503.0,0.6479093257205288,0.635745108127594,0.6396257281303406,0.6497277021408081,0.6447354555130005,0.6440320611000061,0.6507986187934875,0.6486537456512451,0.647990882396698,0.6486526727676392,0.6486678719520569,1503.0,0.6101150421267211,15.2237,98.728,0.197,,DeepHit [sequence]
ehrsim_temporal_sequence__deephit_paper__s1,06_sequential_ehr,ehrsim_temporal,1,deephit_paper,0.7517304176363155,0.6915616101833088,0.6564989045051662,0.11663039469724046,0.21971045241157233,0.32806684785993084,0.6999303107749303,0.32961395382881165,0.7638362289043027,0.682640645967898,0.6330864764638199,0.11839242329453223,0.23045637286329537,0.33113334489854934,0.6931877837786735,0.3291304409503937,0.7155268463894916,0.6471732317104318,0.6180614781673774,0.1078020483301531,0.21506669839198453,0.3293854143852259,0.6602538520891003,0.29813429713249207,0.7234574472839201,0.6908516569951451,0.668166172837081,0.17379795730931025,0.24121804814458261,0.1835495147972722,0.694158425705382,0.19288994371891022,0.6868825930870215,0.21626745978197073,2900.6583950345193,2251.1123648822413,2789.016758491162,2243.409776210029,2559.1206203378265,2123.438873600621,977.6734999122333,1091.4200904027698,2306.617318443935,1927.3452762739153,0.4381113619262603,0.45886583679114806,5316.0,0.5897291196388262,-0.15161775771256591,sequence,,8.58145523071289,732.0,730.0,731.0,1322.0,0.2715446124884007,0.6150889882557243,0.6139357686042786,0.6151750087738037,0.6181697249412537,0.6176518797874451,0.6192048192024231,0.6186573505401611,0.6181589961051941,0.61595219373703,0.609432578086853,0.609481692314148,1475.0,0.5947462315976122,0.5967923998832703,0.6031650304794312,0.6042900085449219,0.6022623181343079,0.6003672480583191,0.6011387705802917,0.5953426361083984,0.5936585664749146,0.5854981541633606,0.5853294730186462,1475.0,0.5930430566383309,0.5898933410644531,0.5934379696846008,0.5952868461608887,0.594420850276947,0.5930731296539307,0.5922616720199585,0.5930678248405457,0.593275249004364,0.5926251411437988,0.592653751373291,1475.0,0.6536779732240945,0.6443924903869629,0.6438652873039246,0.6480959057807922,0.6472904086112976,0.648970365524292,0.6528804898262024,0.6549283266067505,0.6566113233566284,0.655318558216095,0.6553196907043457,1475.0,0.6141390624289405,15.4047,95.75,0.195,,DeepHit [sequence]
ehrsim_temporal_sequence__deephit_paper__s2,06_sequential_ehr,ehrsim_temporal,2,deephit_paper,0.763749961339596,0.6887292346131835,0.6401017908043916,0.11136742115062187,0.2231869884011641,0.3365530906560983,0.6975269955857236,0.32167959213256836,0.717911509000994,0.6598311006137467,0.6118569712203714,0.12158259591421464,0.23933528696879905,0.37192453101611367,0.6631998602783707,0.35474464297294617,0.7212015075745347,0.6451402810405353,0.5905000348925273,0.10937639957805083,0.2426766155054279,0.3530604574380579,0.6522806078358657,0.32053011655807495,0.7110695493957238,0.6897276437968558,0.6665532732350178,0.17639894652420393,0.25483697162591384,0.18792303441893765,0.6891168221425324,0.19858522713184357,0.6755310714606232,0.2273518615998003,2841.632440601631,2199.491019004995,2912.4637756551756,2364.539457890607,2709.400908412346,2235.740863692267,1004.9116198259775,1096.2269883955423,2367.1021861237828,1973.999582245853,0.43154981549815496,0.4582254584681768,5420.0,0.5961254612546125,-0.16457564575645756,sequence,,8.494195938110352,743.0,752.0,734.0,1367.0,0.28156591198915765,0.6024534198470779,0.6071848273277283,0.616154670715332,0.6108956933021545,0.5978332161903381,0.595896303653717,0.5995386838912964,0.6032719612121582,0.6057966351509094,0.6003438234329224,0.6005890369415283,1508.0,0.5677000533169966,0.5657256245613098,0.5700243711471558,0.574138343334198,0.575801432132721,0.5786833763122559,0.5770639181137085,0.5725728869438171,0.5607928037643433,0.5584657788276672,0.5585721135139465,1508.0,0.5702247623824446,0.576096773147583,0.5791592597961426,0.5777431726455688,0.5762889385223389,0.57837975025177,0.5705766081809998,0.5701074004173279,0.5692048072814941,0.5646810531616211,0.5646551847457886,1508.0,0.6513717967748484,0.6218588948249817,0.6360999941825867,0.6486000418663025,0.6477566957473755,0.6465550065040588,0.6550777554512024,0.6441527605056763,0.6549385190010071,0.65426105260849,0.6542617678642273,1508.0,0.5979375080803419,16.2551,92.771,0.185,,DeepHit [sequence]
ehrsim_temporal_sequence__mensa_paper__s0,06_sequential_ehr,ehrsim_temporal,0,mensa_paper,0.7596467326746527,0.6865209044116729,0.6620335010937374,0.10382076611044101,0.17557557658400874,0.20355375705207057,0.7027337127266876,0.19914378225803375,0.7537831147834765,0.6735587014232887,0.6090990223489298,0.08423543617060002,0.16752158206202128,0.229047778529444,0.6788136128518983,0.19882968068122864,0.6951135236283147,0.6436973142314336,0.6111878771310342,0.09860823025827276,0.1780560980949779,0.22625249571625436,0.6499995716635941,0.19045588374137878,0.6996562262982623,0.6748134880327727,0.6626528772478332,0.16893336993508895,0.21457325976105587,0.1723513808381072,0.6790408638596227,0.17998601496219635,0.6776469402754507,0.1685441442593619,914.5379189329445,1263.3189126383327,999.4415307945787,1061.689262465796,848.56645226742,915.5994330247379,777.645767004442,902.801939006392,885.0479172498464,1035.8523867838146,0.6542867701404287,0.667373572593801,5412.0,0.5977457501847746,0.05654101995565408,sequence,,18.46952247619629,740.0,737.0,744.0,1361.0,0.18999553807932595,0.612694246466282,0.609529972076416,0.6108623743057251,0.6115843057632446,0.6122841835021973,0.6133143305778503,0.613856315612793,0.6140026450157166,0.6151824593544006,0.615862250328064,0.6070113182067871,1503.0,0.5805425749328106,0.5820801854133606,0.5834156274795532,0.584783673286438,0.5855811238288879,0.5850023627281189,0.5838495492935181,0.5816614031791687,0.5802162885665894,0.5763230919837952,0.5739641189575195,1503.0,0.5873302147580289,0.5864400267601013,0.5878776907920837,0.587999701499939,0.5883756279945374,0.5879738926887512,0.5877528786659241,0.58682781457901,0.5861037373542786,0.5909247398376465,0.5840747952461243,1503.0,0.647480825612589,0.6057513952255249,0.6166592836380005,0.6277724504470825,0.6358903050422668,0.6407173871994019,0.6427549719810486,0.6460967659950256,0.6511930823326111,0.6575151085853577,0.6531299352645874,1503.0,0.6070119654424276,16.5123,91.023,0.182,,MENSA [sequence]
ehrsim_temporal_sequence__mensa_paper__s1,06_sequential_ehr,ehrsim_temporal,1,mensa_paper,0.7435848683121248,0.6942201811817883,0.6598130342397465,0.09209421778886408,0.15226627739989926,0.20060263408850254,0.6992060279112198,0.19221894443035126,0.7530964006120228,0.6800094508928818,0.6281217469019128,0.09600165564496628,0.17103371176707707,0.22403545757043083,0.6870758661356059,0.19685852527618408,0.7107701485895722,0.641037417230437,0.6077084602737172,0.09145393873780529,0.17168834288246546,0.21645028184998702,0.6531720086979087,0.18701402842998505,0.7229248237021503,0.6911235544068904,0.6629382667085674,0.15144894098185135,0.20430572185008516,0.1761998123661263,0.6923288816058694,0.1736447662115097,0.682945696087651,0.16229841607733841,913.7324497310775,1222.1401379235733,876.8129029541042,1031.5610498050996,830.4453314861825,912.6492200053049,796.2656457846996,938.1768673093342,854.314082489016,1026.131818760828,0.7236644093303235,0.7325034578146611,5316.0,0.5897291196388262,0.13393528969149726,sequence,,18.396568298339844,732.0,730.0,731.0,1322.0,0.18511426073643425,0.619997772588804,0.6101251244544983,0.6135746240615845,0.6160706281661987,0.6179741024971008,0.619371235370636,0.6208975315093994,0.6232185363769531,0.6249103546142578,0.6238640546798706,0.6161199808120728,1475.0,0.586477363380926,0.5924896597862244,0.5924839973449707,0.5925833582878113,0.5930805206298828,0.5936108827590942,0.5931155681610107,0.5925678014755249,0.5905598998069763,0.5782747864723206,0.5679099559783936,1475.0,0.5805657125295753,0.5833303332328796,0.5848445296287537,0.5845464468002319,0.5839909315109253,0.582956850528717,0.5800576210021973,0.5790285468101501,0.5764837861061096,0.5834662318229675,0.5778071880340576,1475.0,0.6469956677714759,0.6248182058334351,0.6299765110015869,0.6348349452018738,0.639028787612915,0.6439721584320068,0.6505952477455139,0.6531163454055786,0.6527158617973328,0.6518133878707886,0.6411896347999573,1475.0,0.6085091290676954,14.7892,99.735,0.203,,MENSA [sequence]
ehrsim_temporal_sequence__mensa_paper__s2,06_sequential_ehr,ehrsim_temporal,2,mensa_paper,0.7466288719325005,0.6848348083168093,0.6409209875898866,0.09461143320131982,0.17264050754678945,0.22257166369050949,0.6907948892797321,0.20612043142318726,0.7027290319996236,0.6445386223388956,0.613967418625679,0.10326720202217245,0.17589319959103497,0.235459245543383,0.6537450243213994,0.20436333119869232,0.6877134130401742,0.6322825277187681,0.6042815709439089,0.09671956313368713,0.18775683880948896,0.22298300156369927,0.6414258372342837,0.19061248004436493,0.6998505737058522,0.6626014982683405,0.6548838980755621,0.16697225060928356,0.24739300246000243,0.1962852138518939,0.6724453233499182,0.194133460521698,0.6646027685463333,0.17687942683527202,1290.0543264370715,1401.1419712395032,1065.4779327638237,1108.1594537979397,918.6001981731614,966.8952154011969,946.8078760778304,1039.1726391998477,1055.2350833629719,1128.842319909622,0.727859778597786,0.7315533980582525,5420.0,0.5961254612546125,0.13173431734317342,sequence,,18.658658981323242,743.0,752.0,734.0,1367.0,0.19803078601072574,0.5909047522872198,0.6018494963645935,0.6011477708816528,0.600424587726593,0.5999509692192078,0.5993233323097229,0.5987749099731445,0.5986337661743164,0.5976088047027588,0.5946152210235596,0.5490924715995789,1508.0,0.5719955196727939,0.573660135269165,0.5777705311775208,0.5793591141700745,0.5785927772521973,0.5798187255859375,0.5815108418464661,0.5815519094467163,0.5803403258323669,0.5672439336776733,0.5419647693634033,1508.0,0.574171975359901,0.5889663100242615,0.5884909629821777,0.5875511765480042,0.5868011713027954,0.5866610407829285,0.5864511132240295,0.5844950675964355,0.5744084119796753,0.55748450756073,0.553274929523468,1508.0,0.6142912780360048,0.6216911673545837,0.6248859763145447,0.6261885166168213,0.6260256171226501,0.6254125833511353,0.6253633499145508,0.6271715760231018,0.6373490691184998,0.6119651794433594,0.5780884027481079,1508.0,0.5878408813389799,16.4857,91.473,0.182,,MENSA [sequence]
ehrsim_temporal_sequence__ours_nllpch__s0,06_sequential_ehr,ehrsim_temporal,0,ours,0.7524235138543854,0.701176315349577,0.6617644186351695,0.09389160157976742,0.16202357532983913,0.2039335822051567,0.7051214159463773,0.1956760734319687,0.7546189840135363,0.6995981397406241,0.6360044621573108,0.08195327361751646,0.16011589716471336,0.21882395058317453,0.6967405286371572,0.19142961502075195,0.7095758541578006,0.6444458367928653,0.6161104060718604,0.10307492606262261,0.180074136324743,0.22341747159229203,0.6567106990075088,0.19009509682655334,0.7219192626171747,0.6874129258352163,0.6647873878968621,0.16051110877854666,0.20768476987409865,0.17611423655587122,0.6913731921164178,0.17361491918563843,0.6874864589268653,0.16430154413902848,929.6597489530457,1273.5729728008962,998.0712536830545,1050.6529027347797,935.272886943517,956.1673754892937,809.4659036076727,923.0214322021902,918.1174482968224,1050.85367080679,0.6851441241685144,0.6954594888526372,5412.0,0.5977457501847746,0.08739837398373984,sequence,nllpch,4.096022605895996,740.0,737.0,744.0,1361.0,0.18526090945297616,0.6152945524720823,0.6200175285339355,0.6187782287597656,0.6184287071228027,0.6169353723526001,0.6160467863082886,0.6169041395187378,0.6157930493354797,0.6149054765701294,0.6105198860168457,0.6136709451675415,1503.0,0.597258851091928,0.5961568355560303,0.5990657210350037,0.5972210764884949,0.5999658703804016,0.595716118812561,0.5967952013015747,0.5975809097290039,0.5976570248603821,0.5994998812675476,0.5940940380096436,1503.0,0.5931421348418312,0.5941565632820129,0.595583438873291,0.5962764024734497,0.5976235866546631,0.5989890694618225,0.5986036658287048,0.5978212952613831,0.5929219126701355,0.5950438976287842,0.5775147080421448,1503.0,0.6549640537898531,0.6566669344902039,0.6556578874588013,0.6563752889633179,0.6541125774383545,0.6548137664794922,0.6545358896255493,0.6565953493118286,0.6580422520637512,0.6572333574295044,0.6501308679580688,1503.0,0.6151648980489237,14.8828,100.989,0.202,nllpch,L_PCH [sequence]
ehrsim_temporal_sequence__ours_nllpch__s1,06_sequential_ehr,ehrsim_temporal,1,ours,0.7704735031219391,0.7103406321969158,0.670758419322599,0.09100711916677409,0.15103570546978426,0.2025477821838297,0.7171908515471513,0.19175828993320465,0.7598792764481272,0.6850857021298801,0.6299317560202071,0.09805152715737639,0.1774386024292095,0.22695905461836524,0.6916322448660713,0.2009798288345337,0.7195973542739802,0.6468686458235264,0.6110752720019632,0.08813181111786492,0.1696621092041384,0.22142059550337265,0.6591804240331566,0.18746080994606018,0.7326872667375645,0.6924547404222433,0.667019622132154,0.15312934870443673,0.20639727903421679,0.17610176747870623,0.6973872097639872,0.17361031472682953,0.6913476825525916,0.16349022517233958,1198.1513585985267,1307.6275727072734,1123.2216091839346,1137.8872624607302,886.8715201926992,928.944516693568,806.8609038927518,942.1067022918486,1003.7763479669782,1079.141513538355,0.6636568848758465,0.6796680497925311,5316.0,0.5897291196388262,0.07392776523702027,sequence,nllpch,4.080790042877197,732.0,730.0,731.0,1322.0,0.18595420524032832,0.625065753350899,0.6219038963317871,0.6264838576316833,0.6278874278068542,0.6265211701393127,0.6252611875534058,0.6267226934432983,0.6281896233558655,0.6270647644996643,0.6246609687805176,0.6179077625274658,1475.0,0.5873118275246549,0.5916916728019714,0.5935600996017456,0.5961536169052124,0.5998882055282593,0.5956823229789734,0.5929754972457886,0.5955387353897095,0.5933640599250793,0.5914011001586914,0.5493587255477905,1475.0,0.5887234230519814,0.5846952199935913,0.5836849212646484,0.5863057971000671,0.5894991755485535,0.5888097882270813,0.5872798562049866,0.5913628339767456,0.5911752581596375,0.5897825956344604,0.5862592458724976,1475.0,0.6553246276856122,0.6452308297157288,0.656665027141571,0.6568849682807922,0.6580292582511902,0.6570221185684204,0.6555371880531311,0.6561598181724548,0.6563050746917725,0.6552689075469971,0.6527323126792908,1475.0,0.6141064079032869,14.2501,103.508,0.211,nllpch,L_PCH [sequence]
ehrsim_temporal_sequence__ours_nllpch__s2,06_sequential_ehr,ehrsim_temporal,2,ours,0.7763748836247849,0.6972264150017774,0.6492450480959906,0.08519759323265191,0.15862660256540223,0.2095296138193748,0.7076154489075176,0.19645307958126068,0.7290428643635192,0.6476972823935587,0.6201843771383244,0.09549624856345738,0.17247840154949534,0.2244507635587449,0.6656415079651341,0.19578778743743896,0.6899551571223022,0.6259276208772615,0.5977157119134086,0.09746280367804902,0.194116908106823,0.24239497922358452,0.6378661633043241,0.20327319204807281,0.702189191366362,0.6860149015698003,0.664914205208268,0.16279554962061368,0.23274904423488443,0.2024878033171798,0.6843727660481435,0.1889367550611496,0.6738739715562798,0.17314885928918844,1147.6774053705165,1319.7660686276329,937.0996481253443,1049.165609211932,1178.8764363284035,1070.4334712231387,937.7618379389078,1015.0943640994033,1050.353831940793,1113.6148782905266,0.7273062730627307,0.7331715210355988,5420.0,0.5961254612546125,0.13118081180811814,sequence,nllpch,4.190546035766602,743.0,752.0,734.0,1367.0,0.19484875456443485,0.5992704200329351,0.6004932522773743,0.6001756191253662,0.5989217162132263,0.5995728373527527,0.5961214303970337,0.5963541269302368,0.5954694747924805,0.5978201627731323,0.598456084728241,0.6081007719039917,1508.0,0.5769638448770094,0.5784680247306824,0.5782932043075562,0.5764306783676147,0.5756214261054993,0.5753661394119263,0.5772666931152344,0.5784322619438171,0.5768349170684814,0.5760965943336487,0.5777498483657837,1508.0,0.5800741109446369,0.5799492597579956,0.5835292935371399,0.5840702652931213,0.5827869772911072,0.5820159316062927,0.5795406699180603,0.5769771337509155,0.5775174498558044,0.5807440280914307,0.580303430557251,1508.0,0.6508811189493279,0.6448874473571777,0.6269575953483582,0.6362246870994568,0.6484740376472473,0.644290566444397,0.6457551121711731,0.651175856590271,0.6536803841590881,0.6559910178184509,0.6546990275382996,1508.0,0.6017973737009773,14.4319,104.491,0.208,nllpch,L_PCH [sequence]
ehrsim_temporal_sequence__ours_nllpch_sample_event_ranking__s0,06_sequential_ehr,ehrsim_temporal,0,ours,0.7321904651375634,0.6860044617266383,0.6427426188144238,0.11636162778217196,0.193241324442123,0.23048621281277373,0.6869791818928751,0.2164958268404007,0.7577300768927079,0.679082148940758,0.6292354091812794,0.10015464592930445,0.18176770254421148,0.23058696106162213,0.6886825450049151,0.2018960416316986,0.7064889249948163,0.6520282045644071,0.6131146795481098,0.10815699948141551,0.19091775563553323,0.2305524152933793,0.6572106030357777,0.19590483605861664,0.7100498319050793,0.6840601571348169,0.6616060155223982,0.18613664139530398,0.25799223301873664,0.20640755851093315,0.6852386681874315,0.20458999276161194,0.6795277495302499,0.1860635064922924,1219.713183989826,1456.4870981739157,978.2124154469051,1096.4369258537356,957.7502656083035,995.7809711395267,1040.214482035778,1128.3279949640848,1048.9725867702032,1169.2582475328156,0.7721729490022173,0.7719412724306688,5412.0,0.5977457501847746,0.17442719881744273,sequence,nllpch_sample_event_ranking,2.4771127700805664,740.0,737.0,744.0,1361.0,0.20469136591865522,0.601009994111676,0.614100992679596,0.6163308024406433,0.6160531640052795,0.6094489693641663,0.6139239072799683,0.5956341624259949,0.5941244959831238,0.5855249166488647,0.5859215259552002,0.6112906336784363,1503.0,0.5898021365130436,0.5895832777023315,0.5943222045898438,0.5942695736885071,0.5926992297172546,0.5940299034118652,0.5916902422904968,0.5900005102157593,0.5831955075263977,0.5858855843544006,0.591151773929596,1503.0,0.5914994912174927,0.594514012336731,0.6023151278495789,0.5819054245948792,0.5878101587295532,0.5939441919326782,0.5935661196708679,0.5897853374481201,0.590415894985199,0.5976758599281311,0.5874940156936646,1503.0,0.6496525016148258,0.6452206373214722,0.6498059630393982,0.654427707195282,0.6494340300559998,0.6511695384979248,0.6518193483352661,0.6545612215995789,0.6549718976020813,0.6524324417114258,0.638764500617981,1503.0,0.6079910308642595,14.9722,100.386,0.2,nllpch_sample_event_ranking,L_PCH + L_rank + L_mul (paper) [sequence]
ehrsim_temporal_sequence__ours_nllpch_sample_event_ranking__s1,06_sequential_ehr,ehrsim_temporal,1,ours,0.7603009128588496,0.709189707298938,0.6629259867145151,0.0953410132308649,0.16857888394303783,0.21453028472990332,0.7108055356241009,0.2015472799539566,0.7460319460374427,0.6426737821999521,0.6096026324109716,0.10651202074575604,0.19067484503462842,0.23190028913029437,0.6661027868827888,0.20469903945922852,0.7131573816102185,0.6367013149540582,0.6072725559371066,0.09466017497794163,0.17841209719809073,0.2260536930114011,0.6523770841671278,0.19188225269317627,0.719811617307441,0.6804430071433786,0.6583701951959342,0.1802889365422786,0.23735023010401318,0.19151902559783232,0.6862082732155846,0.19219523668289185,0.6788734199724005,0.17631845785383685,1054.0740042402138,1326.4905230402821,1008.9900967820718,1127.5207346099742,862.0748961604058,953.6629246362629,952.1247715711158,1069.845092020268,969.3159421884518,1119.3798185766968,0.7676824680210684,0.7711479944674966,5316.0,0.5897291196388262,0.1779533483822422,sequence,nllpch_sample_event_ranking,2.501384973526001,732.0,730.0,731.0,1322.0,0.1966745198705627,0.6116114272270059,0.614115834236145,0.6205725073814392,0.6106783747673035,0.6132330894470215,0.6092366576194763,0.611916184425354,0.6066524386405945,0.6141669154167175,0.6045567989349365,0.6172682046890259,1475.0,0.5757528713570149,0.598989725112915,0.595202624797821,0.5930088758468628,0.5845783352851868,0.5891990065574646,0.5810531377792358,0.5871896147727966,0.5715646147727966,0.5704779028892517,0.5419811606407166,1475.0,0.5877525114180046,0.5878036022186279,0.5820310711860657,0.589840292930603,0.5939807891845703,0.5849736928939819,0.5876263380050659,0.589899480342865,0.5902301073074341,0.5959364771842957,0.5757086277008057,1475.0,0.6424481303789319,0.6112114191055298,0.632173478603363,0.6380012035369873,0.6443874835968018,0.6370998620986938,0.6357198357582092,0.6459957957267761,0.6449203491210938,0.6456359624862671,0.6431013941764832,1475.0,0.6043912350952392,14.4236,102.263,0.208,nllpch_sample_event_ranking,L_PCH + L_rank + L_mul (paper) [sequence]
ehrsim_temporal_sequence__ours_nllpch_sample_event_ranking__s2,06_sequential_ehr,ehrsim_temporal,2,ours,0.7949192069394669,0.7053326513680244,0.6394065568937193,0.1004999199798072,0.1765143595844164,0.22417295141635665,0.7132194717337369,0.21129834651947021,0.7153901424660626,0.6364710461634248,0.59476178861867,0.1013796581615565,0.183326556724784,0.2324522462703449,0.6488743257493857,0.20214976370334625,0.71067776589209,0.616523294357208,0.5953963012031067,0.09692349717137215,0.1907756571686934,0.2265983745334475,0.6408657871508016,0.1944046914577484,0.7095402874944216,0.6835462662033968,0.6680727214640907,0.17603252956427326,0.2414254371762524,0.1991032463532672,0.6870530917206364,0.19550879299640656,0.6725031690886402,0.17910036950871427,1056.3286228183397,1368.485145310429,913.8313879550775,1076.7675458989372,916.6537920200279,981.4237640529029,985.6266027661032,1080.0527818577664,968.1101013898871,1126.682309280009,0.7636531365313654,0.7646440129449837,5420.0,0.5961254612546125,0.16752767527675283,sequence,nllpch_sample_event_ranking,2.4591736793518066,743.0,752.0,734.0,1367.0,0.19993460993463788,0.5977027542400555,0.6087507009506226,0.6079784631729126,0.6072765588760376,0.6089217662811279,0.6072295904159546,0.5984145402908325,0.5930991172790527,0.5834541320800781,0.585059642791748,0.6036000847816467,1508.0,0.5638383927049594,0.5760290026664734,0.5773436427116394,0.568214476108551,0.5705125331878662,0.5693961381912231,0.5603085160255432,0.5591259002685547,0.5591322183609009,0.5561609864234924,0.567875325679779,1508.0,0.5836193525472307,0.5878159999847412,0.5919183492660522,0.5845762491226196,0.581012487411499,0.5661003589630127,0.5643519163131714,0.5779696702957153,0.5801913142204285,0.5908371806144714,0.6061186194419861,1508.0,0.645373887077752,0.6262161731719971,0.6297224164009094,0.6346362829208374,0.6469584107398987,0.6364364624023438,0.6435600519180298,0.6456483602523804,0.654758632183075,0.6566064953804016,0.6368289589881897,1508.0,0.5976335966424994,14.6601,102.864,0.205,nllpch_sample_event_ranking,L_PCH + L_rank + L_mul (paper) [sequence]
ehrsim_temporal_static__ours_nllpch__s0,06_sequential_ehr,ehrsim_temporal,0,ours,0.5167602289934013,0.49211616589305535,0.49521940038587925,0.11906212662408479,0.19947895866676052,0.2414930092364953,0.5013652650907786,0.2258560061454773,0.5059595299630231,0.48527592478964204,0.5237144611603849,0.11093159768587338,0.19875836334312885,0.2468383403505426,0.50498330530435,0.2149118185043335,0.49164479871215855,0.48747908117433114,0.48311298119187046,0.12015732728168403,0.21088629742321463,0.25009301154861524,0.48741228702612,0.21311867237091064,0.5104519805661302,0.5072825236956644,0.503161092514969,0.18671900873507224,0.25117673550419617,0.1919178759555256,0.5069651989255878,0.20512649416923523,0.5001815140867091,0.1939593876962661,1228.2616271810116,1484.019831396822,1126.672292048713,1177.9878509799782,949.7244783345111,1033.7635043123942,939.7301128735546,1069.1197617716252,1061.0971276094476,1191.2227371152048,0.6631559497413156,0.6660413268080478,5412.0,0.5977457501847746,0.06541019955654104,static,nllpch,4.337103366851807,740.0,737.0,744.0,1361.0,0.2130823298698028,0.49366074800491333,0.49366074800491333,0.49366074800491333,0.49366074800491333,0.49366074800491333,0.49366074800491333,0.49366074800491333,0.49366074800491333,0.49366074800491333,0.49366074800491333,0.49366074800491333,1503.0,0.484692296344672,0.48024827241897583,0.48024827241897583,0.48024827241897583,0.48024827241897583,0.48024827241897583,0.5197516679763794,0.48024827241897583,0.48024827241897583,0.48024827241897583,0.48024827241897583,1503.0,0.49381931473468915,0.4830266833305359,0.4830266833305359,0.4830266833305359,0.4830266833305359,0.4830266833305359,0.4830266833305359,0.4830266833305359,0.5169731378555298,0.4830266833305359,0.5169731378555298,1503.0,0.5008478190538833,0.5015366673469543,0.5015366673469543,0.5015366673469543,0.5015366673469543,0.5015366673469543,0.5015366673469543,0.5015366673469543,0.5015366673469543,0.5015366673469543,0.4984634220600128,1503.0,0.4932550445345394,13.6291,110.279,0.22,nllpch,L_PCH [static]
ehrsim_temporal_static__ours_nllpch__s1,06_sequential_ehr,ehrsim_temporal,1,ours,0.47864505770108445,0.4999248195750938,0.5095288448957505,0.11344862164080234,0.19407422878749306,0.24233801710977962,0.49603290739064293,0.2245161086320877,0.4826619243793354,0.4790430453911117,0.5330445918523254,0.12328305317910115,0.2080140433956401,0.24624288118033547,0.4982498538742575,0.2179897129535675,0.5259570203805537,0.5129600560143128,0.49627706819743034,0.11257006707980091,0.20185375409942813,0.24658466376743735,0.5117313815307657,0.20964384078979492,0.5010606167456602,0.49419522961727924,0.4967070874968042,0.1886572096307105,0.2532804893024459,0.19676288034154357,0.49732097795324787,0.2061564326286316,0.5008337801872285,0.1939258257928765,1290.919945615707,1471.08713240284,1054.9128908128346,1175.2407320387888,1019.9000558036394,1051.479155620264,973.8365871783222,1114.0045904238075,1084.892369852626,1202.952902621425,0.6474793077501881,0.6504840940525588,5316.0,0.5897291196388262,0.0577501881113619,static,nllpch,4.33601188659668,732.0,730.0,731.0,1322.0,0.21316265534201523,0.5048258629439386,0.49090373516082764,0.49090373516082764,0.49090373516082764,0.49090373516082764,0.5090963840484619,0.5090963840484619,0.5090963840484619,0.5090963840484619,0.5090963840484619,0.5090963840484619,1475.0,0.49987936137007727,0.477618545293808,0.477618545293808,0.477618545293808,0.477618545293808,0.5223804712295532,0.5223804712295532,0.477618545293808,0.5223804712295532,0.5223804712295532,0.477618545293808,1475.0,0.49786767797796516,0.49568089842796326,0.5043191909790039,0.5043191909790039,0.5043191909790039,0.5043191909790039,0.49568089842796326,0.49568089842796326,0.49568089842796326,0.49568089842796326,0.49568089842796326,1475.0,0.4956792420926656,0.504376232624054,0.4956238567829132,0.4956238567829132,0.4956238567829132,0.4956238567829132,0.4956238567829132,0.4956238567829132,0.4956238567829132,0.4956238567829132,0.4956238567829132,1475.0,0.49956303609616165,13.6284,108.23,0.22,nllpch,L_PCH [static]
ehrsim_temporal_static__ours_nllpch__s2,06_sequential_ehr,ehrsim_temporal,2,ours,0.49737272069025823,0.49922049927875434,0.49422641182452437,0.11111037100868977,0.19469617510743212,0.24375163915311607,0.49693987726451233,0.22555778920650482,0.5012206836706847,0.5045153415428079,0.5100200648980484,0.11762527786346279,0.20224576468185618,0.24689097329706006,0.5052520300371803,0.21523235738277435,0.48125017763958017,0.4902514373991346,0.506093794574701,0.11019413257900199,0.20814851815130025,0.24411680758987336,0.49253180320447193,0.20939865708351135,0.49854272796852334,0.5049725252736317,0.5064930914597355,0.18102493418084048,0.2501211779996636,0.19198565129436956,0.5033361149006302,0.20371116697788239,0.49951495635169874,0.19182595190888885,1236.5351423545012,1460.09254733547,1027.4162099284142,1147.0124426224552,1022.1372787345217,1061.4307439270194,909.6487419873807,1042.66706073671,1048.9343432512046,1177.8006986554137,0.5542435424354244,0.5650755124056095,5420.0,0.5961254612546125,-0.041881918819188124,static,nllpch,4.320366859436035,743.0,752.0,734.0,1367.0,0.21179531415193045,0.4965270161628723,0.4965270161628723,0.4965270161628723,0.4965270161628723,0.4965270161628723,0.4965270161628723,0.4965270161628723,0.4965270161628723,0.4965270161628723,0.4965270161628723,0.4965270161628723,1508.0,0.5123332738876343,0.5123332738876343,0.5123332738876343,0.5123332738876343,0.5123332738876343,0.5123332738876343,0.5123332738876343,0.5123332738876343,0.5123332738876343,0.5123332738876343,0.5123332738876343,1508.0,0.4991308288051734,0.5010525584220886,0.49894705414772034,0.49894705414772034,0.5010525584220886,0.49894705414772034,0.49894705414772034,0.49894705414772034,0.49894705414772034,0.49894705414772034,0.49894705414772034,1508.0,0.5051892364529372,0.49473732709884644,0.5052605271339417,0.5052605271339417,0.5052605271339417,0.5052605271339417,0.5052605271339417,0.5052605271339417,0.5052605271339417,0.5052605271339417,0.5052605271339417,1508.0,0.5032950888271543,14.3704,104.938,0.209,nllpch,L_PCH [static]
ehrsim_temporal_static__ours_nllpch_sample_event_ranking__s0,06_sequential_ehr,ehrsim_temporal,0,ours,0.4832397710065987,0.49211616589305535,0.49521940038587925,0.11907706815763723,0.19884659148481248,0.24080583112617676,0.49019177909517775,0.22616858780384064,0.5059595299630231,0.48527592478964204,0.4762855388396157,0.1110065993169819,0.1985840602480613,0.24772032632058494,0.4891736645307603,0.21478626132011414,0.49164479871215855,0.48747908117433114,0.48311298119187046,0.1209685895485531,0.21209374512966436,0.2514308522984248,0.48741228702612,0.21465077996253967,0.5104519805661302,0.5072825236956644,0.503161092514969,0.19035021202184405,0.25898057908240596,0.2049167252299814,0.5069651989255878,0.20970460772514343,0.4934357323944114,0.19623176499709405,1121.332262666382,1448.1247136367442,1007.0610363634039,1134.4976656330805,900.6832064407574,1017.6249668102198,1016.0944466308932,1125.5078429520224,1011.2927380253592,1181.4387972580168,0.7394678492239468,0.7337411636759108,5412.0,0.5977457501847746,0.1417220990391722,static,nllpch_sample_event_ranking,2.5150110721588135,740.0,737.0,744.0,1361.0,0.21517877749129422,0.4980350296539342,0.49366074800491333,0.5063394904136658,0.49366074800491333,0.49366074800491333,0.49366074800491333,0.49366074800491333,0.49366074800491333,0.49366074800491333,0.5063394904136658,0.5063394904136658,1503.0,0.49226615813243413,0.48024827241897583,0.48024827241897583,0.48024827241897583,0.48024827241897583,0.48024827241897583,0.48024827241897583,0.48024827241897583,0.5197516679763794,0.48024827241897583,0.5197516679763794,1503.0,0.4888326976217073,0.4830266833305359,0.4830266833305359,0.4830266833305359,0.4830266833305359,0.4830266833305359,0.4830266833305359,0.4830266833305359,0.4830266833305359,0.4830266833305359,0.5169731378555298,1503.0,0.5008675582775642,0.4984634220600128,0.4984634220600128,0.5015366673469543,0.5015366673469543,0.5015366673469543,0.5015366673469543,0.5015366673469543,0.5015366673469543,0.4984634220600128,0.5015366673469543,1503.0,0.4950003609214099,13.729,109.476,0.219,nllpch_sample_event_ranking,L_PCH + L_rank + L_mul (paper) [static]
ehrsim_temporal_static__ours_nllpch_sample_event_ranking__s1,06_sequential_ehr,ehrsim_temporal,1,ours,0.5213549422989152,0.5000751804249054,0.5095288448957505,0.1151013565628669,0.19454385527218404,0.24204674901294979,0.5103196558731903,0.22563035786151886,0.4826619243793354,0.4790430453911117,0.4669554081476748,0.12339321205696377,0.20910371330479968,0.24651724335386282,0.4762201259727073,0.21842314302921295,0.5259570203805537,0.5129600560143128,0.5037229318025692,0.1126072582002892,0.20160472800769616,0.2452458584677318,0.5142133360658119,0.20918777585029602,0.5010606167456602,0.49419522961727924,0.4967070874968042,0.1933000882473101,0.2711121298857598,0.2125009138589131,0.49732097795324787,0.2149730920791626,0.49951852396623936,0.19725642551927725,1124.2315106932883,1417.187960437229,1060.6113804879724,1177.7941833072891,972.1304448088558,1034.5616366312775,1060.2732963502415,1176.7432979876342,1054.3116580850894,1201.5717695908575,0.7161399548532731,0.7083264177040111,5316.0,0.5897291196388262,0.12641083521444685,static,nllpch_sample_event_ranking,2.532174825668335,732.0,730.0,731.0,1322.0,0.21670583449251113,0.5081308417433285,0.5090963840484619,0.49090373516082764,0.5090963840484619,0.5090963840484619,0.5090963840484619,0.5090963840484619,0.5090963840484619,0.5090963840484619,0.5090963840484619,0.5090963840484619,1475.0,0.477618545293808,0.477618545293808,0.477618545293808,0.477618545293808,0.477618545293808,0.477618545293808,0.477618545293808,0.477618545293808,0.477618545293808,0.477618545293808,0.477618545293808,1475.0,0.5002597889411129,0.5043191909790039,0.5043191909790039,0.5043191909790039,0.5043191909790039,0.5043191909790039,0.5043191909790039,0.49568089842796326,0.5043191909790039,0.49568089842796326,0.49568089842796326,1475.0,0.49760275893136335,0.4956238567829132,0.4956238567829132,0.4956238567829132,0.4956238567829132,0.4956238567829132,0.4956238567829132,0.4956238567829132,0.4956238567829132,0.4956238567829132,0.504376232624054,1475.0,0.49590298372740316,13.2913,110.975,0.226,nllpch_sample_event_ranking,L_PCH + L_rank + L_mul (paper) [static]
ehrsim_temporal_static__ours_nllpch_sample_event_ranking__s2,06_sequential_ehr,ehrsim_temporal,2,ours,0.5026272793097422,0.49922049927875434,0.49422641182452437,0.11109549607740139,0.19466773104235266,0.24370429508574723,0.49869139680434027,0.22711534798145294,0.4987793163293159,0.4954846584571911,0.5100200648980484,0.11761177104034778,0.20263432739351805,0.24747787241552685,0.5014280132281851,0.21595613658428192,0.5187498223604194,0.4902514373991346,0.506093794574701,0.11092317470125354,0.2074694535930634,0.24415740342176315,0.505031684778085,0.21120335161685944,0.49854272796852334,0.4950274747263684,0.5064930914597355,0.18334449991222243,0.25928597526512015,0.20509055526935593,0.5000210980515424,0.20818820595741272,0.5012930482155382,0.19395521293480605,1105.7607458368213,1419.0845980305555,962.2171697159586,1123.8498991550732,880.7893962922575,1014.9367055342738,1006.4934851210414,1113.5069605726835,988.8151992415197,1167.8445408231464,0.727490774907749,0.7211704422869472,5420.0,0.5961254612546125,0.13136531365313653,static,nllpch_sample_event_ranking,2.510047674179077,743.0,752.0,734.0,1367.0,0.21433878083764116,0.49990315398231877,0.5034728646278381,0.5034728646278381,0.4965270161628723,0.4965270161628723,0.4965270161628723,0.4965270161628723,0.5034728646278381,0.5034728646278381,0.5034728646278381,0.4965270161628723,1508.0,0.5045336653698171,0.5123332738876343,0.4876668155193329,0.4876668155193329,0.4876668155193329,0.5123332738876343,0.5123332738876343,0.4876668155193329,0.5123332738876343,0.5123332738876343,0.5123332738876343,1508.0,0.499596687681459,0.5010525584220886,0.5010525584220886,0.5010525584220886,0.49894705414772034,0.5010525584220886,0.5010525584220886,0.49894705414772034,0.49894705414772034,0.49894705414772034,0.49894705414772034,1508.0,0.501876827981877,0.5052605271339417,0.5052605271339417,0.49473732709884644,0.5052605271339417,0.5052605271339417,0.5052605271339417,0.49473732709884644,0.49473732709884644,0.5052605271339417,0.5052605271339417,1508.0,0.501477583753868,13.2179,114.087,0.227,nllpch_sample_event_ranking,L_PCH + L_rank + L_mul (paper) [static]
