tag,source,dataset,seed,model,ctd_0th_event_0.25,ctd_0th_event_0.5,ctd_0th_event_0.75,brier_0th_event_0.25,brier_0th_event_0.5,brier_0th_event_0.75,ctd_0th_event,brier_0th_event,ctd_1th_event_0.25,ctd_1th_event_0.5,ctd_1th_event_0.75,brier_1th_event_0.25,brier_1th_event_0.5,brier_1th_event_0.75,ctd_1th_event,brier_1th_event,ctd_2th_event_0.25,ctd_2th_event_0.5,ctd_2th_event_0.75,brier_2th_event_0.25,brier_2th_event_0.5,brier_2th_event_0.75,ctd_2th_event,brier_2th_event,ctd_3th_event_0.25,ctd_3th_event_0.5,ctd_3th_event_0.75,brier_3th_event_0.25,brier_3th_event_0.5,brier_3th_event_0.75,ctd_3th_event,brier_3th_event,ctd_weighted_avg,brier_survtrace_weighted_avg,mae_uncensored_0th_event,mae_margin_0th_event,mae_uncensored_1th_event,mae_margin_1th_event,mae_uncensored_2th_event,mae_margin_2th_event,mae_uncensored_3th_event,mae_margin_3th_event,mae_uncensored,mae_margin,within_ctd,within_ctd_subject,within_ctd_pairs,within_ctd_km,within_ctd_gain,true_order_c,true_order_brier,true_order_logloss,true_order_pairs,repr,recipe,loss,brier_0th_event_n,brier_1th_event_n,brier_2th_event_n,brier_3th_event_n,brier_weighted_avg,ipcw_0th_event,ipcw_0th_event_0.10,ipcw_0th_event_0.20,ipcw_0th_event_0.30,ipcw_0th_event_0.40,ipcw_0th_event_0.50,ipcw_0th_event_0.60,ipcw_0th_event_0.70,ipcw_0th_event_0.80,ipcw_0th_event_0.90,ipcw_0th_event_1.00,ipcw_0th_event_n,ipcw_1th_event,ipcw_1th_event_0.10,ipcw_1th_event_0.20,ipcw_1th_event_0.30,ipcw_1th_event_0.40,ipcw_1th_event_0.50,ipcw_1th_event_0.60,ipcw_1th_event_0.70,ipcw_1th_event_0.80,ipcw_1th_event_0.90,ipcw_1th_event_1.00,ipcw_1th_event_n,ipcw_2th_event,ipcw_2th_event_0.10,ipcw_2th_event_0.20,ipcw_2th_event_0.30,ipcw_2th_event_0.40,ipcw_2th_event_0.50,ipcw_2th_event_0.60,ipcw_2th_event_0.70,ipcw_2th_event_0.80,ipcw_2th_event_0.90,ipcw_2th_event_1.00,ipcw_2th_event_n,ipcw_3th_event,ipcw_3th_event_0.10,ipcw_3th_event_0.20,ipcw_3th_event_0.30,ipcw_3th_event_0.40,ipcw_3th_event_0.50,ipcw_3th_event_0.60,ipcw_3th_event_0.70,ipcw_3th_event_0.80,ipcw_3th_event_0.90,ipcw_3th_event_1.00,ipcw_3th_event_n,ipcw_weighted_avg,runtime,samples_per_second,steps_per_second,variant,label
ehrsim2_level__oracle__s0,09_sequential_ehr_v2,ehrsim2_level,0,oracle,0.7742514265179433,0.7552741930567877,0.723983923786607,0.09095251681228045,0.1460489653506087,0.195945728021679,0.7511698477871128,0.1443157367281894,0.8069876325828078,0.754632544009473,0.704571170839693,0.08650549716072514,0.13776972484058528,0.20222911670215543,0.7553971158106579,0.14216811290115527,0.7844034386059783,0.7240736861806094,0.6944342965037291,0.07799138369717219,0.1555183617813005,0.21848389237300292,0.7343038070967722,0.15066454595049186,0.7628408250201453,0.7428504840980765,0.7271525160116379,0.14476528186405005,0.18715069288667063,0.1613275466418135,0.7442812750432864,0.1644145071308447,0.7462880114344573,0.1503907256776703,1595.2055762450075,1468.880084090237,1669.1249828506934,1458.5529316282534,1612.89532787143,1448.8416178124405,788.1015934271436,896.5488589889612,1416.3318700985685,1318.205873129973,0.689327485380117,0.7023654159869495,5472.0,0.5692616959064327,0.12006578947368429,0.6712131292969616,0.2088007914166509,0.6033173252946632,9018,,,,,,,,,,,,,,,,,,,,,,,,,,,,,,,,,,,,,,,,,,,,,,,,,,,,,,,,,,,,,,Oracle (true CIF)
ehrsim2_level__oracle__s1,09_sequential_ehr_v2,ehrsim2_level,1,oracle,0.793744509215395,0.7797549147675743,0.7372770237087339,0.09184939425602542,0.13977398541638944,0.18990382277466075,0.7702588158972343,0.14050906748235856,0.792156116215219,0.7611401740787107,0.7106730035906151,0.08603367613507765,0.1334730871367951,0.20081005276061006,0.7546564312948484,0.14010560534416094,0.7549357754411903,0.7149415386564578,0.674289311634658,0.08018643290518665,0.1495972176313112,0.217776670708867,0.7147222085774354,0.14918677374845493,0.7597213619369181,0.7446784329091901,0.7362220097556862,0.15396768345238052,0.18983829966084248,0.1445745643931212,0.7468739348672648,0.16279351583544807,0.7466278476591958,0.14814874060260563,1615.0874211983357,1486.15900493895,1710.2808578148308,1497.5558304451313,1657.7025725316296,1477.754917018615,756.210864590038,881.9067907851747,1434.8204290337085,1335.8441357969677,0.6870112530993706,0.7009988584474885,5243.0,0.5777226778561892,0.10928857524318136,0.6694915254237288,0.2082959309225817,0.6020068417418948,8850,,,,,,,,,,,,,,,,,,,,,,,,,,,,,,,,,,,,,,,,,,,,,,,,,,,,,,,,,,,,,,Oracle (true CIF)
ehrsim2_level__oracle__s2,09_sequential_ehr_v2,ehrsim2_level,2,oracle,0.7882520315274197,0.7558388947399832,0.7274254958532401,0.09690760467575278,0.15282291616207308,0.19787871054702622,0.757172140706881,0.14920307712828404,0.8010940380331346,0.7427210662135796,0.6946577919785797,0.07883280439545283,0.1495559447112518,0.2095880424161242,0.7461576320750979,0.14599226384094297,0.7863650815640167,0.7391372773109892,0.6833278858508631,0.07651997910553383,0.142171965753491,0.21428008402797102,0.7362767482419564,0.1443240096289986,0.7410337012204172,0.7338385851148678,0.7292932265799043,0.15738155775003365,0.19104648169615426,0.14684124895446482,0.7347218376383964,0.1650897628002176,0.7435820896655829,0.1511522783496108,1655.1517875819695,1513.4824555935875,1713.134636736646,1499.6275717920976,1629.889446346449,1442.9546510753726,751.9399871877708,877.6332879647815,1437.528964463209,1333.42449160646,0.6888599590849916,0.700247320692498,5377.0,0.5813650734610377,0.10749488562395393,0.6667771883289124,0.20887323223823048,0.602695900453243,9048,,,,,,,,,,,,,,,,,,,,,,,,,,,,,,,,,,,,,,,,,,,,,,,,,,,,,,,,,,,,,,Oracle (true CIF)
ehrsim2_level_bag__coxph__s0,09_sequential_ehr_v2,ehrsim2_level,0,coxph,0.7534310602187176,0.7398725622473937,0.7172638857555851,0.0935863076738862,0.1490859180595963,0.19025540281927525,0.7368558360738988,0.14430920951758594,0.7892331390606904,0.7490735766447378,0.6881888654997184,0.09119073320912773,0.1375683146827781,0.19414826383149114,0.7421651937350489,0.140969103907799,0.7901185891540891,0.7191265188401955,0.6884943202842125,0.08834057598604107,0.16239584470184654,0.2112393127523392,0.7325798094261656,0.15399191114674227,0.7582868217033951,0.7397740551862031,0.7236429313148576,0.14649534960017618,0.18870764895189468,0.16220519303756217,0.740567936068152,0.16580273052987768,0.7380421938258163,0.15126823877550122,988.2932269050066,1165.0912634171978,905.6335659802714,1054.7246664473146,922.5942240659517,978.8788696462141,796.134066990823,904.3690866588476,903.1637709855132,1025.7659715423936,0.7086988304093568,0.7206905927134313,5472.0,0.5692616959064327,0.13943713450292405,0.6581281880683079,0.2095020778372842,0.6048401878522663,9018,bag,,,,,,,,,,,,,,,,,,,,,,,,,,,,,,,,,,,,,,,,,,,,,,,,,,,,,,,,,,,,,Cox PH (cause-specific) [bag]
ehrsim2_level_bag__coxph__s1,09_sequential_ehr_v2,ehrsim2_level,1,coxph,0.7771604694534505,0.757987358872002,0.725835252609415,0.09230675646879857,0.1403439325322775,0.17941525551015453,0.7536610269782891,0.13735531483707686,0.7610611537476041,0.7399031207792963,0.6864361775155525,0.08840813059638754,0.13321257064407374,0.1847593193172151,0.729133484014151,0.1354600068525588,0.7338993664543074,0.7067401484821614,0.6747427929865615,0.09086883276252011,0.15694670136604555,0.20330544554618235,0.7051274359743435,0.15037365989158266,0.7517907525245626,0.736133926422059,0.7292756057137845,0.158718266175211,0.19620132305725232,0.14674126511842275,0.7390667615534686,0.16722028478362871,0.731747177130063,0.14760231659121176,973.425682061731,1168.539768938538,938.1648166069265,1074.5092733269041,915.1331175909642,965.0881488946444,775.2419191344048,899.4370161373525,900.4913838485065,1026.8935518243597,0.7098989128361625,0.7166095890410958,5243.0,0.5777226778561892,0.13217623497997322,0.6619209039548023,0.21024867179403597,0.6069995124107301,8850,bag,,,,,,,,,,,,,,,,,,,,,,,,,,,,,,,,,,,,,,,,,,,,,,,,,,,,,,,,,,,,,Cox PH (cause-specific) [bag]
ehrsim2_level_bag__coxph__s2,09_sequential_ehr_v2,ehrsim2_level,2,coxph,0.771279969425681,0.7419849923917325,0.7217109314980428,0.09998110557554621,0.15230985099716113,0.18858497197897267,0.7449919644384856,0.14695864285056,0.7910877909393156,0.7349394372197088,0.7009278667049557,0.08362919282934828,0.15130025422333446,0.19477179488523083,0.74231836495466,0.14323374731263785,0.7709657289719095,0.716431188598713,0.6767367752490021,0.08533946230445605,0.1509341582753226,0.21095694327425668,0.7213778976065415,0.1490768546180118,0.7375496304752335,0.728048883354994,0.7242672825550857,0.1587497670132393,0.19531756855649557,0.15013420438699326,0.729955265461771,0.16806717998557605,0.7346608731153645,0.15183410619169643,998.275318472589,1189.496922821819,952.5124040750735,1065.339923791373,900.0775782594092,973.9079361373681,767.5098066342855,891.2441024023599,904.5937768603392,1029.99722128823,0.7169425330109727,0.7255289914811761,5377.0,0.5813650734610377,0.13557745954993494,0.668656056587091,0.20882297783116685,0.6062426142075069,9048,bag,,,,,,,,,,,,,,,,,,,,,,,,,,,,,,,,,,,,,,,,,,,,,,,,,,,,,,,,,,,,,Cox PH (cause-specific) [bag]
ehrsim2_level_bag__ours_nllpch__s0,09_sequential_ehr_v2,ehrsim2_level,0,ours,0.7505314300254374,0.7368979865984053,0.7168067831768372,0.09918151854274278,0.1516141573143975,0.18827896777615613,0.7347453999335599,0.17722974717617035,0.798691385820125,0.7479530191979957,0.6895249904565938,0.09010131903638345,0.13556843081817405,0.19163142545165196,0.7453897984915715,0.17548654973506927,0.7910700037655733,0.7266969635345397,0.69390215306567,0.08351912020684277,0.15430917287365228,0.19885557416410624,0.7372230401219277,0.17160969972610474,0.6899048581729555,0.6627207058876564,0.6503255709719853,0.16408958207178181,0.2233542106172693,0.1799146396159257,0.667650378344199,0.1819681078195572,0.7212521542228146,0.15503484320742367,1064.584352875041,1199.0226735775295,969.9739296411678,1063.6104155056098,940.931320057683,958.3969826936826,885.0283070410914,1043.8370395040788,965.1294774037458,1066.2167778202252,0.6308479532163743,0.654268624252311,5472.0,0.5692616959064327,0.061586257309941606,0.6426036815258372,0.21594637249174647,0.6194202671727157,9018,bag,nllpch,4.120896339416504,776.0,746.0,750.0,1375.0,0.1775038861961995,0.6773815910996493,0.6823440194129944,0.6790858507156372,0.6806156039237976,0.6784583926200867,0.6794432997703552,0.6791462898254395,0.6788507699966431,0.6780279278755188,0.6790128350257874,0.668209433555603,1503.0,0.634166250247476,0.6453766822814941,0.6437168121337891,0.6401495933532715,0.6387442350387573,0.6396573781967163,0.6425595879554749,0.6414048671722412,0.627552330493927,0.6309486031532288,0.6189980506896973,1503.0,0.6567012850216457,0.6595017313957214,0.6636340618133545,0.6659376621246338,0.6638364195823669,0.6640498042106628,0.6619307994842529,0.6599411964416504,0.6559211611747742,0.6565693020820618,0.6395847797393799,1503.0,0.6383258753269665,0.6133053302764893,0.6402205228805542,0.6419879198074341,0.6408374905586243,0.6406307220458984,0.6413100361824036,0.6408627033233643,0.6400617957115173,0.6388536691665649,0.6323197484016418,1503.0,0.6516437504239344,12.7019,118.329,0.236,nllpch,L_PCH [bag]
ehrsim2_level_bag__ours_nllpch__s1,09_sequential_ehr_v2,ehrsim2_level,1,ours,0.7712604660856037,0.7595007767264023,0.725847877067797,0.09732179827030447,0.1410190779289736,0.17925843329372784,0.7522030399599343,0.17671075463294983,0.7891810661171096,0.7448520888515384,0.696141896863479,0.09243130042443985,0.13455431308094518,0.18101435728442986,0.7433916839440423,0.17475828528404236,0.7469065928419705,0.7018191489553002,0.668895793083056,0.08840398761001783,0.15283090367653737,0.20661051035812913,0.705873844960109,0.18463072180747986,0.6814763052024321,0.6548884128893737,0.6455542994671046,0.17539227135550503,0.22432265494025683,0.17024243238179518,0.6606396725196367,0.18285535275936127,0.7155270603459306,0.15361683671708853,1010.0373581640724,1168.924604238058,806.7267295787974,1031.0245926465557,943.0715178626277,980.166828831521,861.708445039833,1052.0099284744585,905.3860126613326,1058.0314885476482,0.6421895861148198,0.6620433789954338,5243.0,0.5777226778561892,0.06446690825863055,0.6315254237288136,0.2176094892761996,0.6238574183317372,8850,bag,nllpch,4.096477031707764,754.0,732.0,700.0,1328.0,0.18020386669061778,0.6841287556292438,0.686893880367279,0.6838499903678894,0.6841648817062378,0.6844713091850281,0.6848899722099304,0.684158205986023,0.6842834949493408,0.6843031644821167,0.6850849390029907,0.6817882061004639,1475.0,0.6481043974558512,0.6466854810714722,0.6513205170631409,0.6494712829589844,0.6492689847946167,0.6479715704917908,0.6467805504798889,0.6449928283691406,0.6443186402320862,0.6483933329582214,0.652685284614563,1475.0,0.6279939505713497,0.6311658024787903,0.6322147846221924,0.6320203542709351,0.6324390769004822,0.6335830688476562,0.6254563331604004,0.6269872784614563,0.6313124299049377,0.6318164467811584,0.6165595650672913,1475.0,0.6366104097243359,0.6179388761520386,0.6376776695251465,0.6396710276603699,0.6385571360588074,0.638174295425415,0.6376554369926453,0.636943519115448,0.6365826725959778,0.6372091770172119,0.6342852115631104,1475.0,0.6492093783451951,12.5207,117.805,0.24,nllpch,L_PCH [bag]
ehrsim2_level_bag__ours_nllpch__s2,09_sequential_ehr_v2,ehrsim2_level,2,ours,0.7691316796312249,0.7387953150177733,0.7152475314395357,0.10286058950030387,0.15880617982409673,0.19597690994253544,0.7410581753628446,0.18083007633686066,0.7799714155472693,0.7354884920178419,0.7038581288649157,0.08510529070913397,0.15152975080452438,0.19264136306860713,0.7397726788100091,0.17474707961082458,0.7717854664355479,0.721586107539515,0.6791265656257568,0.08711056434830196,0.14774947676683903,0.20558531267260885,0.7241660465336066,0.17896021902561188,0.6428332680677555,0.6455983208705933,0.6372997981114412,0.18681566854926246,0.24050153072033342,0.19274602947230843,0.64191046234993,0.19045062363147736,0.7117268407640975,0.16228572219823797,1163.3585904870642,1257.156376628418,953.7584273944029,1056.2789533464725,1074.8092731468034,1020.934380832567,1011.8023962890736,1162.6002095587485,1050.932171829336,1124.2424800915514,0.7087595313371768,0.7239351470184118,5377.0,0.5813650734610377,0.12739445787613912,0.6335101679929266,0.21716004916487316,0.6229200406208045,9048,bag,nllpch,4.1543779373168945,765.0,761.0,699.0,1364.0,0.18283237105426964,0.6912051758422669,0.6947912573814392,0.6915150880813599,0.6927946209907532,0.6941758990287781,0.6956889033317566,0.6955602765083313,0.693717360496521,0.6936501860618591,0.6924704313278198,0.6765028834342957,1508.0,0.6559135625593725,0.657732367515564,0.6591374278068542,0.6573968529701233,0.6573970913887024,0.6565876603126526,0.6571552753448486,0.6579995155334473,0.6558936238288879,0.6532378196716309,0.6532465815544128,1508.0,0.6426420807242245,0.6444287896156311,0.6476781368255615,0.6485179662704468,0.6466037034988403,0.6443791389465332,0.6463961005210876,0.6424495577812195,0.63950115442276,0.6398091912269592,0.6398081183433533,1508.0,0.6274580390516029,0.5935035347938538,0.6169017553329468,0.6241638660430908,0.6274871230125427,0.6288372278213501,0.6282581686973572,0.6278483271598816,0.6304789185523987,0.6263757944107056,0.6274522542953491,1508.0,0.6543047145443667,12.5895,119.782,0.238,nllpch,L_PCH [bag]
ehrsim2_level_bag__ours_nllpch_sample_event_ranking__s0,09_sequential_ehr_v2,ehrsim2_level,0,ours,0.74895760358228,0.7394039955959922,0.7186391341505992,0.09902444410570477,0.16645882101244144,0.21325918168008895,0.7356669111096238,0.19695080816745758,0.7969335482328012,0.7513512963399086,0.6923948102790278,0.10306550359651782,0.16616216889664326,0.21164939949718004,0.7468932182839124,0.19015783071517944,0.79003879192657,0.7288083697989723,0.6951820269710424,0.09927785882012809,0.1819987853330229,0.22720864069979127,0.7380097295655282,0.1925046294927597,0.689988653085799,0.6634571030403462,0.6506868771404447,0.17829141005277224,0.2508275997380647,0.20162029726277741,0.6680442110888634,0.1986733078956604,0.722153517511982,0.1749036758912611,921.6210463173788,1269.7679749261972,975.230414927863,1139.9379152540687,952.8444739384822,1047.9955830414235,1101.457608202647,1232.9430627943177,987.7883858465927,1172.6611340040017,0.7860014619883041,0.7905927134312126,5472.0,0.5692616959064327,0.2167397660818714,0.587713461964959,0.2325682506841218,0.6570388937485152,9018,bag,nllpch_sample_event_ranking,2.4488418102264404,776.0,746.0,750.0,1375.0,0.1952963639505275,0.6793771135596047,0.6786825656890869,0.6820573806762695,0.6814144253730774,0.6846504211425781,0.6851398348808289,0.682774007320404,0.6817841529846191,0.6754911541938782,0.6760128140449524,0.6735521554946899,1503.0,0.6414434643562373,0.6425918936729431,0.6461728811264038,0.6531119346618652,0.6467235088348389,0.6413085460662842,0.6478003859519958,0.6412443518638611,0.6396507024765015,0.6402322053909302,0.6311166882514954,1503.0,0.6617855492455618,0.6657161712646484,0.6657019853591919,0.6607357263565063,0.665078341960907,0.659550130367279,0.6647688746452332,0.6633067727088928,0.6620917916297913,0.6593521237373352,0.659555196762085,1503.0,0.6369045042964108,0.6178839206695557,0.6342230439186096,0.6372134685516357,0.6387677192687988,0.6380968689918518,0.6407162547111511,0.6414020657539368,0.6424479484558105,0.6390299797058105,0.6266974806785583,1503.0,0.6548776578644536,16.5428,90.855,0.181,nllpch_sample_event_ranking,L_PCH + L_rank + L_mul (paper) [bag]
ehrsim2_level_bag__ours_nllpch_sample_event_ranking__s1,09_sequential_ehr_v2,ehrsim2_level,1,ours,0.7786533586804099,0.7608234175742921,0.7211429398017413,0.10382434959540805,0.16210803622774952,0.20103871855519942,0.7535399053521478,0.1916068196296692,0.7901304191610244,0.748953159972537,0.6934110127657656,0.09476422837554166,0.15506746137721467,0.20370671320639758,0.7441648639664423,0.1892155110836029,0.7502571426303558,0.7074436612826902,0.6809541642519396,0.09624699519396267,0.16812733170445318,0.21554733148631458,0.7128849893883284,0.19171027839183807,0.6769267852494497,0.6496603794357652,0.6435145614060941,0.1937849165742161,0.26330437696233666,0.19612990471651578,0.6567005753637697,0.20232121646404266,0.716822583517672,0.17113753033127582,978.5887659916663,1274.8010939997673,928.897082650924,1136.4372478414148,943.1459066679919,1028.602505175068,1093.5538708827696,1248.740330512188,986.0464065483379,1172.1452943821096,0.8004958992942972,0.8073915525114155,5243.0,0.5777226778561892,0.22277322143810796,0.5934463276836158,0.23091474820651717,0.6531989372364648,8850,bag,nllpch_sample_event_ranking,2.43703031539917,754.0,732.0,700.0,1328.0,0.1951784480513669,0.6805304056699396,0.6784287691116333,0.6807222962379456,0.6774759888648987,0.6822226643562317,0.6834696531295776,0.6782011985778809,0.6779268980026245,0.681412935256958,0.683964192867279,0.6792269349098206,1475.0,0.6532404129785805,0.6594734787940979,0.6583163738250732,0.6552246809005737,0.6554928421974182,0.6517248153686523,0.6550906896591187,0.6504168510437012,0.6540364623069763,0.6566004753112793,0.6470088362693787,1475.0,0.6408269842426317,0.6347932815551758,0.6448190808296204,0.6458391547203064,0.6420181393623352,0.6420658826828003,0.6402199268341064,0.643470287322998,0.6384086012840271,0.6393508911132812,0.639642059803009,1475.0,0.63499755000335,0.6308963298797607,0.6335801482200623,0.636713981628418,0.6371211409568787,0.6382449865341187,0.634536623954773,0.6331840753555298,0.63276207447052,0.637223482131958,0.6342881321907043,1475.0,0.6523988382236254,14.3175,103.021,0.21,nllpch_sample_event_ranking,L_PCH + L_rank + L_mul (paper) [bag]
ehrsim2_level_bag__ours_nllpch_sample_event_ranking__s2,09_sequential_ehr_v2,ehrsim2_level,2,ours,0.7751173667551208,0.7386135923501488,0.7205964067257923,0.10937627289771505,0.17386614382958426,0.21072479215165008,0.744775788610354,0.1980009377002716,0.7756638654646977,0.730051050841094,0.6957285579585991,0.0917581223837434,0.166820908767133,0.21739009677142968,0.7338144914214636,0.19388027489185333,0.7757564963869749,0.7212429441807134,0.673281501725838,0.0913245149301823,0.16423107165230316,0.22146358688532358,0.7234269807645087,0.19644896686077118,0.6522103309887243,0.6471001912930194,0.6413037207587678,0.18881031489642383,0.2534398039551775,0.19558790353100725,0.6468714143468373,0.1983596533536911,0.7122221687857909,0.17373279438763942,1016.6707029987907,1330.5820185730015,890.6158519575391,1117.167331228694,911.4791239525349,1041.3881485505044,1052.565097261675,1218.6730206725279,967.8326940426349,1176.952629756182,0.8032360052073647,0.8078593020060455,5377.0,0.5813650734610377,0.221870931746327,0.6033377541998232,0.23105001929629493,0.6536745377304236,9048,bag,nllpch_sample_event_ranking,2.4483745098114014,765.0,761.0,699.0,1364.0,0.1969612709789696,0.6958137388786737,0.6889902949333191,0.7003147006034851,0.6974796652793884,0.6954046487808228,0.6992406249046326,0.6994762420654297,0.6970260739326477,0.6968287229537964,0.6959429383277893,0.6880331039428711,1508.0,0.6580580355988063,0.6607489585876465,0.6632184386253357,0.6591779589653015,0.6646111607551575,0.6593282222747803,0.6616154313087463,0.6617879271507263,0.6573125123977661,0.6512148380279541,0.6537354588508606,1508.0,0.6391166214437358,0.6437912583351135,0.6442078948020935,0.6415165662765503,0.6484693884849548,0.6425037384033203,0.6489579677581787,0.6430136561393738,0.6377089023590088,0.6378595232963562,0.6241511702537537,1508.0,0.6297828914619565,0.5969065427780151,0.6268920302391052,0.6330949664115906,0.633923351764679,0.6304289102554321,0.6323440670967102,0.6336836218833923,0.6336187124252319,0.6313446164131165,0.6214982867240906,1508.0,0.6556928218457931,14.3504,105.084,0.209,nllpch_sample_event_ranking,L_PCH + L_rank + L_mul (paper) [bag]
ehrsim2_level_sequence__deephit_paper__s0,09_sequential_ehr_v2,ehrsim2_level,0,deephit_paper,0.7559949874758511,0.7360948785942176,0.7130699089796007,0.11456573811110767,0.21983604708309806,0.3410078830096991,0.7350532583498898,0.33975276350975037,0.753744208172201,0.7244660568659195,0.6738409528674082,0.12826099794525123,0.23275732014425077,0.34155269674323374,0.7173504059685096,0.3428150415420532,0.772334888476035,0.7005107669856507,0.6696317537968602,0.1185751543847054,0.2419157903905144,0.3633364580705687,0.7141591364195153,0.3423227071762085,0.7315449034414212,0.704332092570962,0.6999439540887211,0.1708641762492086,0.2320510847663373,0.17945707573722497,0.7119403167003681,0.18317373096942902,0.7196257793595706,0.22368170188626665,3181.886060730702,2533.1113171969905,3195.124388514692,2584.2943794168314,3106.5213084499983,2613.125815401039,1014.006624878967,1141.8150776848918,2624.38459564359,2218.0866474249383,0.47386695906432746,0.49630233822729747,5472.0,0.5692616959064327,-0.09539473684210525,0.5642049234863606,0.28029420305905395,0.7656689322579777,9018,sequence,,8.589561462402344,776.0,746.0,750.0,1375.0,0.2818738897557059,0.6709123089825637,0.6631162762641907,0.666408121585846,0.6679716110229492,0.6701596975326538,0.6706539392471313,0.6731143593788147,0.6729058623313904,0.6747478246688843,0.6698454022407532,0.669894278049469,1503.0,0.6192855002226202,0.6229207515716553,0.6291664838790894,0.6272880434989929,0.622759222984314,0.6281707882881165,0.6248878240585327,0.6241417527198792,0.6229977607727051,0.606677234172821,0.6067367792129517,1503.0,0.6216491492816381,0.6470484137535095,0.6460613012313843,0.6454223990440369,0.6436063051223755,0.6419744491577148,0.6389153003692627,0.6384931802749634,0.6251859068870544,0.5888429284095764,0.5885434746742249,1503.0,0.6910394916672866,0.676262378692627,0.6749650835990906,0.6895920038223267,0.694444477558136,0.6881768703460693,0.6857650279998779,0.6873915195465088,0.6921147108078003,0.694217324256897,0.6942179799079895,1503.0,0.6507216125385272,13.7808,109.065,0.218,,DeepHit [sequence]
ehrsim2_level_sequence__deephit_paper__s1,09_sequential_ehr_v2,ehrsim2_level,1,deephit_paper,0.759123002748883,0.7462231559738113,0.7160930087973051,0.128029756505369,0.23251309116048993,0.3390451611761324,0.7404797225066665,0.3600669205188751,0.7622811491583669,0.7282669242696519,0.6742580786140335,0.12181263110284071,0.21824398042136622,0.3451485577625869,0.7216020506806841,0.3492147922515869,0.7357526518703535,0.6922520276538809,0.6660240765709593,0.11435004325478654,0.21679790565885407,0.3472058164798506,0.6980095853650646,0.33553481101989746,0.7414952980576224,0.7328980114054802,0.7258332026552932,0.18436961393278067,0.24048027930537727,0.17337432264734579,0.7334088373727985,0.184822216629982,0.7233750489813034,0.22178092995064833,3319.6758020517627,2646.718625505597,3212.3868005835475,2609.378006457658,3105.876238482556,2603.685613041948,1038.954560416841,1180.1783148717702,2669.223350383677,2259.990139969243,0.45946976921609767,0.4795662100456621,5243.0,0.5777226778561892,-0.11825290864009158,0.5668926553672317,0.2765288995142782,0.7558360032190731,8850,sequence,,8.52641773223877,754.0,732.0,700.0,1328.0,0.28669150751221906,0.6648106980787397,0.6634749174118042,0.6675427556037903,0.6683753728866577,0.6669756174087524,0.6702415943145752,0.6625130772590637,0.6631207466125488,0.6664802432060242,0.6620295643806458,0.6619278788566589,1475.0,0.6322146733077314,0.6377333402633667,0.633949875831604,0.6372777819633484,0.6371814608573914,0.635974645614624,0.6326099634170532,0.6335300803184509,0.6310499906539917,0.6279311180114746,0.6279503703117371,1475.0,0.620709244071344,0.6090253591537476,0.6147781610488892,0.6193886995315552,0.6206946969032288,0.6210412979125977,0.6207698583602905,0.624305009841919,0.6222701072692871,0.62007075548172,0.6201601028442383,1475.0,0.7163269571636034,0.7054377198219299,0.7118117809295654,0.7166149020195007,0.7080743908882141,0.7102362513542175,0.7163751721382141,0.7158828973770142,0.7180197238922119,0.7185589671134949,0.7185289859771729,1475.0,0.6585153931553547,12.6865,116.265,0.236,,DeepHit [sequence]
ehrsim2_level_sequence__deephit_paper__s2,09_sequential_ehr_v2,ehrsim2_level,2,deephit_paper,0.7555142400794722,0.7177805882179151,0.7054736290189946,0.1226872087737409,0.22410728498333377,0.3295980962121433,0.7262561524387939,0.33075791597366333,0.7661301329121067,0.7169742151304944,0.6794686022771972,0.10616620427765862,0.22000822924641142,0.326531483449252,0.7208576501065994,0.3224433362483978,0.7754290154648606,0.7168522508656334,0.6600136384124188,0.1119213877744242,0.2195225983978811,0.3293199888865604,0.7174316349143043,0.316467821598053,0.715249420740264,0.7129492737025666,0.7112797639211503,0.17783454910369328,0.2320123048904003,0.17432502785139,0.713159486121327,0.1811530888080597,0.7194262308952561,0.21450286365390744,3133.402604216259,2476.381119615766,2998.735308502691,2441.7788187053143,3016.789479059564,2488.7801235476286,986.5417643606551,1137.7492064828148,2533.867289034792,2136.172317087881,0.47703180212014135,0.4988183566913987,5377.0,0.5813650734610377,-0.10433327134089637,0.5715075154730327,0.2737988168572554,0.7494672566525332,9048,sequence,,8.486748695373535,765.0,761.0,699.0,1364.0,0.2693544176751506,0.6703317034313143,0.6675933599472046,0.6718606948852539,0.6740263104438782,0.675463855266571,0.6756664514541626,0.6755881309509277,0.6733927726745605,0.6716303825378418,0.6622724533081055,0.6622423529624939,1508.0,0.6360021917064924,0.6497453451156616,0.6469674706459045,0.6461486220359802,0.641208827495575,0.6409263014793396,0.6391226053237915,0.6366659998893738,0.6338642239570618,0.6283474564552307,0.6283520460128784,1508.0,0.6193167025162357,0.6112603545188904,0.6292651295661926,0.6269774436950684,0.6322365999221802,0.6323087215423584,0.6242100596427917,0.6170642971992493,0.6184486150741577,0.610356867313385,0.6104112863540649,1508.0,0.7042156934526624,0.7022834420204163,0.7023147940635681,0.7031341195106506,0.7014484405517578,0.703482449054718,0.7043331265449524,0.703292191028595,0.7047616243362427,0.7050122022628784,0.7050063610076904,1508.0,0.6574665727766762,14.7647,102.136,0.203,,DeepHit [sequence]
ehrsim2_level_sequence__mensa_paper__s0,09_sequential_ehr_v2,ehrsim2_level,0,mensa_paper,0.740687459466852,0.7310372680637504,0.7085874214580554,0.09960007010499432,0.16491282123615972,0.20795900683160384,0.7267707163295526,0.19256040453910828,0.7807301202501531,0.7343331616153211,0.6726351303725557,0.09853784734094512,0.14857605797273415,0.20016809395372206,0.7292328040793432,0.18240977823734283,0.7715509561672348,0.705143863037055,0.6746519333711908,0.10021610327898853,0.1725520981311826,0.2295200398054333,0.717115584191827,0.1989591121673584,0.748074974805508,0.7198143584823318,0.7004786556956532,0.1642901397020105,0.20905602488777597,0.16698510654210239,0.7227893296611643,0.1694205403327942,0.7239771085654718,0.16353111748230437,1227.4978563319082,1368.5904069874996,816.5648260278775,1045.9474245931347,1377.2183293566247,1246.5011398781455,772.3076819923681,929.8565258855228,1048.3971734271947,1147.7238743360758,0.5855263157894737,0.5979608482871126,5472.0,0.5692616959064327,0.016264619883040954,0.6124417831004657,0.2308558241371437,0.6536136431323573,9018,sequence,,19.010231018066406,776.0,746.0,750.0,1375.0,0.18307571855511834,0.6618198153959199,0.6719480752944946,0.672696590423584,0.6730512976646423,0.6728706359863281,0.6726972460746765,0.6718609929084778,0.6702076196670532,0.6677819490432739,0.6634278893470764,0.6185069680213928,1503.0,0.6224460551060051,0.6276203393936157,0.6276875138282776,0.6275709867477417,0.6270571947097778,0.6265005469322205,0.6252132058143616,0.6225833296775818,0.6219690442085266,0.6203429102897644,0.6136725544929504,1503.0,0.5896483546393259,0.6305282711982727,0.6316218376159668,0.6331130266189575,0.6346370577812195,0.6357911825180054,0.6370809674263,0.6384986639022827,0.6386070251464844,0.633991003036499,0.36591678857803345,1503.0,0.6887390515230859,0.6963031888008118,0.7001938223838806,0.7020890116691589,0.7030695080757141,0.7021366357803345,0.700884997844696,0.6993808150291443,0.6972379684448242,0.689239501953125,0.6594087481498718,1503.0,0.6406633191660842,13.8867,108.233,0.216,,MENSA [sequence]
ehrsim2_level_sequence__mensa_paper__s1,09_sequential_ehr_v2,ehrsim2_level,1,mensa_paper,0.7708727892536096,0.7477168997173886,0.7187058849374834,0.09738295138381176,0.14963707966646572,0.19430536992322262,0.7457651913028273,0.18561463057994843,0.7704822446765995,0.7432125165024815,0.6998749387320597,0.09346073965403677,0.13682988551956934,0.18743247281412412,0.737856566637047,0.17665794491767883,0.7256805970947969,0.68258002508102,0.6546996399921408,0.09218919808485782,0.1663382892610626,0.22059485113735827,0.6876534207226527,0.19122298061847687,0.726513719823051,0.7215694398180917,0.7142452249178739,0.1669521667757896,0.201940931108704,0.14663703246115295,0.7207761281863388,0.1599351167678833,0.7230128267122164,0.15447508064917964,1167.5521516901476,1266.1713211410558,910.0298537442901,1087.530000688676,1088.171930258702,1047.3523624229197,737.4497740451978,913.5363610023861,975.8009274345844,1078.6475113137594,0.6135800114438299,0.6274543378995434,5243.0,0.5777226778561892,0.03585733358764065,0.635593220338983,0.21859177950515155,0.6249050230370199,8850,sequence,,18.23015594482422,754.0,732.0,700.0,1328.0,0.17516134565671737,0.6621058342643709,0.6586365699768066,0.6588735580444336,0.6593127250671387,0.6595826745033264,0.6599538326263428,0.6602274775505066,0.6613062620162964,0.6636927723884583,0.67180335521698,0.6595221757888794,1475.0,0.6569823493920799,0.6566369533538818,0.6668824553489685,0.6707962155342102,0.67237389087677,0.6720622181892395,0.6700435280799866,0.6679916381835938,0.6656212210655212,0.6494157910346985,0.6139186024665833,1475.0,0.6167090414595238,0.6062994003295898,0.6140698194503784,0.616707444190979,0.6173180341720581,0.6185706257820129,0.6196857690811157,0.6212455630302429,0.6255872845649719,0.6215218901634216,0.6000452637672424,1475.0,0.7019121822867044,0.6351267695426941,0.6705123782157898,0.6889914274215698,0.6994809508323669,0.704871654510498,0.7065783143043518,0.7065410614013672,0.706497311592102,0.7057932019233704,0.696854293346405,1475.0,0.6594273518506697,13.9577,105.677,0.215,,MENSA [sequence]
ehrsim2_level_sequence__mensa_paper__s2,09_sequential_ehr_v2,ehrsim2_level,2,mensa_paper,0.7461889481819264,0.7168831084013481,0.700012894819862,0.10433531032691529,0.16250946814981837,0.19612227734307436,0.7210283171343788,0.18432943522930145,0.7519413322586134,0.7037580644976092,0.6809201680339285,0.09081233125321098,0.16039123530305374,0.20529832149747285,0.712206521596717,0.1859384924173355,0.7730211008821538,0.7150400964647725,0.6614816908047474,0.09042331324597876,0.15306559048108664,0.20981498586347375,0.7165142960505579,0.18385407328605652,0.7304214208239621,0.7200603825669868,0.7005097614034742,0.162740856420564,0.19945576952514626,0.15363861607046006,0.7169971882648077,0.15893185138702393,0.7166865807616154,0.15738400629002125,1012.7455209443391,1263.433924266643,1077.89566714056,1161.4534387018634,982.9598307872652,1013.8547153736384,803.5939776968123,968.0112853159362,969.2987491422441,1101.6883409145203,0.6282313557745955,0.6400659521846662,5377.0,0.5813650734610377,0.04686628231355783,0.6513041556145004,0.21621832779002362,0.6202901482291407,9048,sequence,,18.315593719482422,765.0,761.0,699.0,1364.0,0.1749256765669719,0.6739967699253411,0.6790781021118164,0.6799988150596619,0.6806196570396423,0.6805669069290161,0.680125892162323,0.6795982122421265,0.6788794994354248,0.6783336400985718,0.6760178804397583,0.6463683247566223,1508.0,0.6294497942262083,0.6279715895652771,0.632982611656189,0.6345008015632629,0.6349133849143982,0.6357664465904236,0.636192262172699,0.6365700960159302,0.6374108195304871,0.624599814414978,0.6082956790924072,1508.0,0.6230432637991623,0.6225809454917908,0.6267873048782349,0.6289490461349487,0.6295968294143677,0.6301063299179077,0.6303558945655823,0.6290407180786133,0.6301151514053345,0.6196483373641968,0.6020596623420715,1508.0,0.6952720867143289,0.7041245102882385,0.7104170918464661,0.7129261493682861,0.7142524123191833,0.713977038860321,0.7118439674377441,0.7067766785621643,0.6985203623771667,0.6856619715690613,0.6701715588569641,1508.0,0.6554404786662601,13.0864,115.234,0.229,,MENSA [sequence]
ehrsim2_level_sequence__ours_nllpch__s0,09_sequential_ehr_v2,ehrsim2_level,0,ours,0.7489239844299214,0.7360956570182169,0.7122113674945787,0.09595759971204941,0.14843467015865774,0.1886785055787549,0.732410336314239,0.17788301408290863,0.7855458573327707,0.7411089155364452,0.6840453304204557,0.09411592488184717,0.14326541604793086,0.19664305527509487,0.7369000344298905,0.17951667308807373,0.7744600319342378,0.7012747663168019,0.6833564530645891,0.08564806322673059,0.16941596098068207,0.22117202154376892,0.7196970837718762,0.1888984590768814,0.7406622113481277,0.7273946756126051,0.7165079005429599,0.1566903765479136,0.20228408953061913,0.1719758688253594,0.7281882625012308,0.16233354806900024,0.7292989292543092,0.15619012935911736,893.4675730069011,1173.3168818185657,875.9390958641948,1056.0136783785315,1150.4266340620559,1077.0204478362866,848.6989207111806,943.6027060847483,942.133055911083,1062.488428529533,0.7035818713450293,0.7109026644915715,5472.0,0.5692616959064327,0.13432017543859653,0.6499223774672876,0.21722471630300952,0.6246276972445511,9018,sequence,nllpch,4.105303764343262,776.0,746.0,750.0,1375.0,0.17461999724556526,0.6671069508249109,0.6695438027381897,0.6685023903846741,0.6664683818817139,0.6691002249717712,0.6683598160743713,0.6684003472328186,0.6677431464195251,0.6662254333496094,0.6632245182991028,0.6676990389823914,1503.0,0.6351425504405536,0.6388558745384216,0.6404205560684204,0.6446735262870789,0.6419840455055237,0.6373095512390137,0.638268768787384,0.6356647610664368,0.6332908868789673,0.6309849619865417,0.6274036169052124,1503.0,0.6483056249891008,0.6481361985206604,0.6494109630584717,0.6536969542503357,0.6518023014068604,0.6519168019294739,0.6533963680267334,0.6521439552307129,0.6503400206565857,0.6491187810897827,0.6340741515159607,1503.0,0.703665745342891,0.6611167192459106,0.6703006029129028,0.6869998574256897,0.6985350251197815,0.7016779184341431,0.6997658014297485,0.7072888016700745,0.7072011828422546,0.7089319229125977,0.7047731280326843,1503.0,0.663555217899364,12.575,119.523,0.239,nllpch,L_PCH [sequence]
ehrsim2_level_sequence__ours_nllpch__s1,09_sequential_ehr_v2,ehrsim2_level,1,ours,0.7655318212554963,0.7534448267144573,0.7122801298302733,0.10041013260592943,0.14182695772716714,0.18626406149529356,0.7437522592667424,0.17848025262355804,0.7705147005070971,0.7391815390333268,0.6837105697598749,0.09508391172810333,0.136041593244748,0.18736966591796214,0.7311356031000996,0.1772160530090332,0.736396705235749,0.7029809353043984,0.6627614162151103,0.09002950195075893,0.16123182651273466,0.21590874385217815,0.7007130189184192,0.18977706134319305,0.7433138997328959,0.7307560225345876,0.7256553565254814,0.1663602147734119,0.20263352399255957,0.15312316160412148,0.7332417595976549,0.1564398556947708,0.727210660220729,0.153023607950414,1005.6311763259152,1205.8927694271918,860.6249595485191,1059.9634234973876,1160.5926974658792,1078.258366820415,792.4141966846371,906.2546986335315,954.8157575062376,1062.5923145946313,0.6883463665840168,0.6992009132420092,5243.0,0.5777226778561892,0.11062368872782757,0.643954802259887,0.21556036418181893,0.6196132563742226,8850,sequence,nllpch,4.057411193847656,754.0,732.0,700.0,1328.0,0.1721378294205082,0.6687847589079803,0.6685442328453064,0.6720433235168457,0.6729375123977661,0.6718152165412903,0.6701791882514954,0.6707797646522522,0.6668329834938049,0.6674802303314209,0.6681541204452515,0.6650479435920715,1475.0,0.6425292792362217,0.630450427532196,0.639144241809845,0.6422789096832275,0.6434547305107117,0.6436605453491211,0.6423512697219849,0.6410016417503357,0.640511691570282,0.6470961570739746,0.6428923606872559,1475.0,0.6246019152792361,0.62671959400177,0.6287863850593567,0.6278525590896606,0.6270012855529785,0.628642201423645,0.625731885433197,0.6273035407066345,0.6277646422386169,0.6269276142120361,0.6116869449615479,1475.0,0.7153692542077845,0.6829409599304199,0.6961827874183655,0.7055597305297852,0.7132798433303833,0.7154560089111328,0.7157085537910461,0.7165578007698059,0.7183845043182373,0.7182696461677551,0.7147396206855774,1475.0,0.6628213019078057,13.5133,109.152,0.222,nllpch,L_PCH [sequence]
ehrsim2_level_sequence__ours_nllpch__s2,09_sequential_ehr_v2,ehrsim2_level,2,ours,0.7558986419854893,0.7208151743292921,0.707307143805586,0.10219906788921718,0.16145203304349587,0.1969593169671471,0.7280069867067892,0.18028606474399567,0.7650632591064196,0.7159002429106953,0.6815815332100631,0.08847071853674238,0.16341555883188136,0.20543322610534293,0.720848345075726,0.1820906400680542,0.7589741748444778,0.7137376711404633,0.6721163407790182,0.08616983600601598,0.15119319161368644,0.20783744608499266,0.7149427289213198,0.18432186543941498,0.7200054014923177,0.718476321708474,0.7165098509655403,0.16872873088748158,0.19822220814020705,0.14835250468147984,0.7183305247221107,0.15430419147014618,0.7205321463564864,0.15653615323230752,1086.7072085089605,1257.0610934213994,1089.7715710481768,1143.7892010242258,1033.600374075833,1034.1437724868915,746.2310512226754,900.0383975719022,989.0775512139115,1083.7581161261046,0.6671006137251255,0.6753503709810388,5377.0,0.5813650734610377,0.0857355402640878,0.6436781609195402,0.21602648269928137,0.6201086758998213,9048,sequence,nllpch,4.050831317901611,765.0,761.0,699.0,1364.0,0.17158030585911851,0.6842143346237082,0.6834657192230225,0.680723249912262,0.6845960021018982,0.683211624622345,0.6850412487983704,0.685119092464447,0.6848554611206055,0.6842161417007446,0.6830316781997681,0.6853357553482056,1508.0,0.6355895794134014,0.6334784030914307,0.632426917552948,0.629489004611969,0.6299601197242737,0.6345551609992981,0.6353479027748108,0.6348453760147095,0.6394216418266296,0.6361060738563538,0.6394157409667969,1508.0,0.6237841022405126,0.61985844373703,0.6190764904022217,0.6275084018707275,0.6272700428962708,0.6250182390213013,0.6263353228569031,0.6268237829208374,0.6232303380966187,0.6261181235313416,0.6162984371185303,1508.0,0.7068939058121837,0.6752300262451172,0.7005607485771179,0.7038331031799316,0.7057483196258545,0.7050577998161316,0.7073802351951599,0.7099117040634155,0.7101763486862183,0.7095381617546082,0.7031576633453369,1508.0,0.6626204805224515,13.1519,114.66,0.228,nllpch,L_PCH [sequence]
ehrsim2_level_sequence__ours_nllpch_sample_event_ranking__s0,09_sequential_ehr_v2,ehrsim2_level,0,ours,0.7509086389204074,0.7372595625877624,0.7184194195525273,0.10169210058152714,0.1715349049040084,0.2160383792734891,0.7355292070202323,0.19534218311309814,0.7872679768704798,0.7361017273452767,0.6984672100207249,0.10661292661598658,0.17167014351776386,0.21583327936018026,0.7406123047454938,0.19573630392551422,0.7494683178689417,0.6915509587180744,0.6662432028200879,0.1066147456817306,0.18946978794654679,0.23016088902768045,0.7024208264690347,0.19635097682476044,0.7476935184947129,0.7241445708351568,0.7196718351306275,0.17029072971769457,0.2307564299090743,0.17625759181817743,0.7305033081534992,0.17863322794437408,0.727266411597065,0.17391099236282162,1004.9351891967377,1309.0221377955816,900.644428047184,1144.553912918307,1069.4700979684962,1109.4635466723946,944.7559815781343,1075.071530922973,979.9514241976381,1159.527782077314,0.7483552631578947,0.7515497553017945,5472.0,0.5692616959064327,0.17909356725146197,0.6145486804169439,0.23143912027843253,0.654953339961905,9018,sequence,nllpch_sample_event_ranking,2.4486632347106934,776.0,746.0,750.0,1375.0,0.18933061087641417,0.6627787797684068,0.6735684871673584,0.6730880737304688,0.671290397644043,0.6724752187728882,0.6722257733345032,0.6704742908477783,0.6670501828193665,0.6638445854187012,0.6512723565101624,0.6439667344093323,1503.0,0.6373373172544524,0.6536697149276733,0.642602264881134,0.6484786868095398,0.645955502986908,0.645306408405304,0.6443132758140564,0.6462298035621643,0.6437860727310181,0.6351736187934875,0.6046993136405945,1503.0,0.6357023367200579,0.6296223402023315,0.6380458474159241,0.6409758925437927,0.636780321598053,0.6409343481063843,0.645432710647583,0.6408672332763672,0.6408394575119019,0.6430802941322327,0.6092759966850281,1503.0,0.7053706840255872,0.6597654819488525,0.6619964838027954,0.6866948008537292,0.7017686367034912,0.6974543929100037,0.6944953799247742,0.7076649069786072,0.7100318074226379,0.7121873497962952,0.7112583518028259,1503.0,0.6602972794421261,14.8338,101.323,0.202,nllpch_sample_event_ranking,L_PCH + L_rank + L_mul (paper) [sequence]
ehrsim2_level_sequence__ours_nllpch_sample_event_ranking__s1,09_sequential_ehr_v2,ehrsim2_level,1,ours,0.758332458128961,0.7491701002442015,0.7148438366160433,0.10879236668044193,0.17130024322761608,0.2044199211796909,0.7407821316630686,0.1928127557039261,0.7549002726759146,0.7213701617710758,0.6810589573424551,0.10769633049129118,0.17101024552190866,0.21618512564756318,0.7191097972631485,0.19890441000461578,0.7325360594153438,0.6965109448124172,0.6549235305852266,0.09785978497460317,0.17288866209776593,0.2235288272209232,0.6946568449376626,0.1981673240661621,0.7429858702970155,0.7170427445066435,0.7190840729154162,0.18664034790443862,0.24217828217482942,0.1706852292205262,0.7263708959063585,0.1817253679037094,0.7202299174425596,0.17276544719513323,1102.2614118701476,1337.2118843519604,1033.6653166460785,1216.0883805206367,869.634778150289,1022.4367866161145,953.4031028496536,1098.9230151366362,989.7411523790422,1168.665016656337,0.7755102040816326,0.7809931506849316,5243.0,0.5777226778561892,0.19778752622544338,0.6175141242937853,0.23092542924020085,0.6537350588122528,8850,sequence,nllpch_sample_event_ranking,2.428151845932007,754.0,732.0,700.0,1328.0,0.19095824170363648,0.6615690389021414,0.669670820236206,0.6712815165519714,0.6687692403793335,0.6694623827934265,0.6711968183517456,0.668602705001831,0.6652436256408691,0.6661079525947571,0.6577396988868713,0.6342412233352661,1475.0,0.6264124892725804,0.6343246102333069,0.6312394738197327,0.635051965713501,0.6303137540817261,0.6318194270133972,0.6322588324546814,0.637795627117157,0.6359188556671143,0.6276066303253174,0.5928946733474731,1475.0,0.608704620605657,0.6089319586753845,0.6113197803497314,0.6084487438201904,0.6102636456489563,0.6132357716560364,0.6148623824119568,0.611839771270752,0.6108327507972717,0.6032458543777466,0.6021674871444702,1475.0,0.707669132336011,0.7142791152000427,0.7137724161148071,0.7113292217254639,0.7131539583206177,0.7037554979324341,0.6957423686981201,0.7059111595153809,0.7096119523048401,0.7135438323020935,0.7067768573760986,1475.0,0.6510888202790974,13.2069,111.684,0.227,nllpch_sample_event_ranking,L_PCH + L_rank + L_mul (paper) [sequence]
ehrsim2_level_sequence__ours_nllpch_sample_event_ranking__s2,09_sequential_ehr_v2,ehrsim2_level,2,ours,0.7672188075092504,0.729829903165136,0.7149740263973338,0.110645088358175,0.1777906340236126,0.21478719462768514,0.7373409123572401,0.20416338741779327,0.7578438219329208,0.7179221148074927,0.688279105821615,0.09840340160386454,0.1756694714253413,0.21780562190931171,0.7213483475206761,0.19598151743412018,0.7577683812520705,0.7121249628337368,0.6746192539469343,0.09588495712342628,0.172891185070818,0.21993343679514166,0.7148375326775805,0.1954188495874405,0.7174450424258703,0.7201421386496971,0.7183893860531919,0.17785463588441494,0.23008443423521627,0.16795135926716342,0.7186588557095864,0.1780553013086319,0.7230464120662707,0.17164178502701422,958.5200544769762,1343.8091113687371,1058.6784227407202,1206.882708466261,957.9844766953395,1061.0301561743256,890.8061782474683,1065.0346035815908,966.497283040126,1169.1891448977287,0.7420494699646644,0.7465237702665567,5377.0,0.5813650734610377,0.16068439650362665,0.6252210433244916,0.23099813937406674,0.6542506286917813,9048,sequence,nllpch_sample_event_ranking,2.417215585708618,765.0,761.0,699.0,1364.0,0.19080304624925387,0.6828982182664752,0.697882890701294,0.6906147599220276,0.6920949220657349,0.6919305920600891,0.6952245831489563,0.6899611353874207,0.6908561587333679,0.6936954855918884,0.6835356950759888,0.6382497549057007,1508.0,0.632016236388246,0.6437735557556152,0.6430127620697021,0.6419944763183594,0.6399571299552917,0.6371274590492249,0.637847363948822,0.6419374942779541,0.6448957324028015,0.6160343885421753,0.6095183491706848,1508.0,0.6347611921076239,0.6461717486381531,0.640436053276062,0.6397973895072937,0.6370589733123779,0.633672833442688,0.6394999623298645,0.6355472207069397,0.6398621201515198,0.6483657956123352,0.6099826693534851,1508.0,0.7092532382162948,0.6996899247169495,0.7054698467254639,0.709051787853241,0.703911542892456,0.7069917321205139,0.707908034324646,0.7124761939048767,0.7118876576423645,0.7116187214851379,0.7069087028503418,1508.0,0.66473222124466,13.1975,114.264,0.227,nllpch_sample_event_ranking,L_PCH + L_rank + L_mul (paper) [sequence]
ehrsim2_level_static__ours_nllpch__s0,09_sequential_ehr_v2,ehrsim2_level,0,ours,0.5115019367542303,0.49633943770056704,0.5055498877345216,0.11174612200872498,0.1966623483975934,0.2497676977436096,0.5044637540631064,0.22559094429016113,0.5246060796618004,0.5225302241861497,0.507145073580503,0.12061754485746143,0.2006268591784935,0.246562618419515,0.518093792476151,0.22138611972332,0.5176505537856271,0.5054792758231756,0.5014252023164509,0.11646697291570189,0.207650609114206,0.2509880555583358,0.5081850106417513,0.2140032798051834,0.51039350292569,0.5089191107729953,0.5130169322330786,0.18243076873786027,0.2505083244298564,0.19885895863325517,0.510776515310588,0.2045433521270752,0.5103797681228991,0.19440723999955115,1308.3904956948936,1508.1386334176025,1187.7760673068724,1311.2937768000852,1104.2694163649858,1169.1505591691066,1011.657930944203,1184.3052022562902,1153.0234775777387,1293.222042910771,0.5599415204678363,0.5714518760195759,5472.0,0.5692616959064327,-0.009320175438596423,0.49390108671545796,0.25023007122122765,0.6936074504877703,9018,static,nllpch,4.3792266845703125,776.0,746.0,750.0,1375.0,0.21441244505384638,0.4972315558553797,0.5043454170227051,0.49565497040748596,0.49565497040748596,0.49565497040748596,0.49565497040748596,0.49565497040748596,0.49565497040748596,0.49565497040748596,0.49565497040748596,0.5043454170227051,1503.0,0.4945197403430938,0.49451974034309387,0.49451974034309387,0.49451974034309387,0.49451974034309387,0.49451974034309387,0.49451974034309387,0.49451974034309387,0.49451974034309387,0.49451974034309387,0.49451974034309387,1503.0,0.4992615413393293,0.4944566488265991,0.4944566488265991,0.4944566488265991,0.4944566488265991,0.4944566488265991,0.4944566488265991,0.5055438876152039,0.5055438876152039,0.5055438876152039,0.4944566488265991,1503.0,0.5081378654437032,0.4887522757053375,0.4887522757053375,0.4887522757053375,0.5112475752830505,0.4887522757053375,0.5112475752830505,0.5112475752830505,0.5112475752830505,0.5112475752830505,0.5112475752830505,1503.0,0.49978767574537647,12.2026,123.17,0.246,nllpch,L_PCH [static]
ehrsim2_level_static__ours_nllpch__s1,09_sequential_ehr_v2,ehrsim2_level,1,ours,0.4526201102693646,0.4816793590009831,0.5015914574229161,0.12387299419955272,0.2015813773884705,0.24132938578104393,0.4786303088977546,0.22803711891174316,0.5241228088409902,0.5224173106703052,0.5070066955457287,0.11677367789267039,0.19484552541903313,0.24038824557123029,0.5178489383523414,0.22069497406482697,0.5094106842251575,0.48402279864328507,0.4976036475299516,0.11230423823582837,0.19527651301318857,0.2411212494385208,0.49701237679946475,0.21427224576473236,0.49068170772513486,0.4978961317259568,0.5060396511953265,0.19342060913405368,0.2511159157591677,0.18673225283813535,0.49820583021547266,0.20562045276165009,0.4979243635662583,0.1915634987225746,1249.8259693401571,1491.9152172119236,1177.7902208048276,1316.608254348046,1018.439838969391,1119.3117938408643,974.6863486851094,1185.9371396080783,1105.1855944498714,1278.4431012522282,0.6080488270074385,0.6141552511415524,5243.0,0.5777226778561892,0.030326149151249204,0.503954802259887,0.2500046859732331,0.6931565574268465,8850,static,nllpch,4.356204509735107,754.0,732.0,700.0,1328.0,0.21529403585022527,0.500797472781007,0.5019545555114746,0.5019545555114746,0.5019545555114746,0.5019545555114746,0.5019545555114746,0.5019545555114746,0.5019545555114746,0.5019545555114746,0.49804455041885376,0.49804455041885376,1475.0,0.49509519735972085,0.49276435375213623,0.49276435375213623,0.49276435375213623,0.49276435375213623,0.49276435375213623,0.49276435375213623,0.49276435375213623,0.49276435375213623,0.49276435375213623,0.5072365999221802,1475.0,0.5099351576607476,0.4871293604373932,0.4871293604373932,0.4871293604373932,0.5128704309463501,0.5128704309463501,0.5128704309463501,0.5128704309463501,0.5128704309463501,0.5128704309463501,0.5128704309463501,1475.0,0.5048415895325425,0.4948888123035431,0.4948888123035431,0.5051102638244629,0.5051102638244629,0.5051102638244629,0.5051102638244629,0.5051102638244629,0.5051102638244629,0.5051102638244629,0.5051102638244629,1475.0,0.5026673543335045,13.1134,112.48,0.229,nllpch,L_PCH [static]
ehrsim2_level_static__ours_nllpch__s2,09_sequential_ehr_v2,ehrsim2_level,2,ours,0.5075022870753544,0.4815242658879351,0.48983276945602483,0.12290333537270055,0.2033756756425093,0.24522874488682903,0.4929531074731048,0.22941307723522186,0.5315002647354629,0.5155300240423195,0.4957172074439609,0.10859457409606271,0.20048550295725578,0.24771148701799647,0.5142491654072477,0.22010469436645508,0.5100701104103826,0.5044679219210695,0.5011328214737791,0.10964215288807126,0.19267133451047902,0.24341453788262996,0.5052236179350771,0.21442773938179016,0.45912079579952547,0.4645157420888189,0.5280636425043651,0.19273849722717648,0.2548848433233916,0.19541350639805566,0.48390006013090314,0.20476095378398895,0.4990814877365832,0.1930886826835965,1378.0072497348308,1564.1849619073048,1230.9907484950181,1321.7679108686104,1100.4931600611962,1162.8075924748466,1033.2572899075706,1226.4207180868348,1185.687112049654,1318.795295834399,0.5947554398363399,0.6056883759274525,5377.0,0.5813650734610377,0.01339036637530222,0.47988505747126436,0.2503349465954322,0.6938171829650913,9048,static,nllpch,4.359082221984863,765.0,761.0,699.0,1364.0,0.21515174346253813,0.49041443852636407,0.5149409174919128,0.4850596487522125,0.4850596487522125,0.4850596487522125,0.4850596487522125,0.4850596487522125,0.4850596487522125,0.4850596487522125,0.4850596487522125,0.5149409174919128,1508.0,0.4992212728393655,0.49887582659721375,0.49887582659721375,0.49887582659721375,0.49887582659721375,0.49887582659721375,0.49887582659721375,0.49887582659721375,0.49887582659721375,0.5011236667633057,0.49887582659721375,1508.0,0.501823791446433,0.4897979497909546,0.4897979497909546,0.4897979497909546,0.4897979497909546,0.4897979497909546,0.5102015733718872,0.4897979497909546,0.5102015733718872,0.5102015733718872,0.5102015733718872,1508.0,0.5107387928236568,0.4726598560810089,0.4726598560810089,0.4726598560810089,0.4726598560810089,0.4726598560810089,0.4726598560810089,0.5273393392562866,0.5273393392562866,0.5273393392562866,0.5273393392562866,1508.0,0.5005495739089548,13.497,111.729,0.222,nllpch,L_PCH [static]
ehrsim2_level_static__ours_nllpch_sample_event_ranking__s0,09_sequential_ehr_v2,ehrsim2_level,0,ours,0.4884980632457692,0.5036605622994336,0.5055498877345216,0.11343904053313993,0.19807680808613243,0.25120028880311257,0.4992361710932414,0.22958344221115112,0.4753939203381992,0.5225302241861497,0.49285492641949724,0.12055783911930379,0.20198360523086212,0.2514434356749903,0.49692635698128207,0.22547535598278046,0.5176505537856271,0.5054792758231756,0.5014252023164509,0.11666438290711187,0.20907482972539804,0.2537457224188642,0.5081850106417513,0.21610623598098755,0.48960649707430975,0.5089191107729953,0.5130169322330786,0.1856365372507821,0.2569814204680346,0.20770161552893635,0.5038475133601279,0.20755471289157867,0.5020487630191006,0.19720879381222237,1072.4438058107262,1424.919073652242,1039.1296030401397,1265.1453898381528,1004.0541011290014,1131.809676420629,1085.6656508999124,1240.359729659314,1050.323290219945,1265.5584673925846,0.7149122807017544,0.7082109842305601,5472.0,0.5692616959064327,0.14565058479532167,0.5064315812818807,0.2517153604295352,0.6966180142758347,9018,static,nllpch_sample_event_ranking,2.551182508468628,776.0,746.0,750.0,1375.0,0.2176662390816202,0.4978013638997404,0.49565497040748596,0.49565497040748596,0.5043454170227051,0.5043454170227051,0.5043454170227051,0.49565497040748596,0.49565497040748596,0.49565497040748596,0.49565497040748596,0.49565497040748596,1503.0,0.5014559416039048,0.49451974034309387,0.5054808855056763,0.5054808855056763,0.49451974034309387,0.49451974034309387,0.5054808855056763,0.5054808855056763,0.5054808855056763,0.5054808855056763,0.49451974034309387,1503.0,0.49894476308822633,0.5055438876152039,0.4944566488265991,0.4944566488265991,0.4944566488265991,0.4944566488265991,0.5055438876152039,0.5055438876152039,0.5055438876152039,0.4944566488265991,0.4944566488265991,1503.0,0.5088169548238948,0.5112475752830505,0.4887522757053375,0.4887522757053375,0.4887522757053375,0.5112475752830505,0.5112475752830505,0.5112475752830505,0.5112475752830505,0.5112475752830505,0.5112475752830505,1503.0,0.5017547558539416,14.1723,106.052,0.212,nllpch_sample_event_ranking,L_PCH + L_rank + L_mul (paper) [static]
ehrsim2_level_static__ours_nllpch_sample_event_ranking__s1,09_sequential_ehr_v2,ehrsim2_level,1,ours,0.4526201102693646,0.4816793590009831,0.5015914574229161,0.12351213239019886,0.20109994903044193,0.24132241285954723,0.4786303088977546,0.2283639907836914,0.5241228088409902,0.5224173106703052,0.5070066955457287,0.11682192457533565,0.19590337408430183,0.24093205859523734,0.5178489383523414,0.22190378606319427,0.5094106842251575,0.48402279864328507,0.4976036475299516,0.11330608570981632,0.19912314435800638,0.24467606373075637,0.49701237679946475,0.2170792520046234,0.49068170772513486,0.4978961317259568,0.5060396511953265,0.19852999396280277,0.2639281839612043,0.20094329120518165,0.49820583021547266,0.20927490293979645,0.4979243635662583,0.19500821787190256,1185.9858543725509,1469.1947997627356,1084.916320718923,1284.7396269547498,972.0787291533329,1105.5295791144094,1095.1301305769375,1272.9076332727682,1084.527758705436,1283.092909776166,0.7345031470532138,0.7276255707762557,5243.0,0.5777226778561892,0.1567804691970246,0.4970621468926554,0.2521031179448182,0.697391534828551,8850,static,nllpch_sample_event_ranking,2.5292465686798096,754.0,732.0,700.0,1328.0,0.21755622309517575,0.500797472781007,0.5019545555114746,0.5019545555114746,0.5019545555114746,0.5019545555114746,0.5019545555114746,0.5019545555114746,0.5019545555114746,0.5019545555114746,0.49804455041885376,0.49804455041885376,1475.0,0.49276435375213623,0.49276435375213623,0.49276435375213623,0.49276435375213623,0.49276435375213623,0.49276435375213623,0.49276435375213623,0.49276435375213623,0.49276435375213623,0.49276435375213623,0.49276435375213623,1475.0,0.503534985692358,0.4871293604373932,0.4871293604373932,0.4871293604373932,0.4871293604373932,0.5128704309463501,0.5128704309463501,0.5128704309463501,0.5128704309463501,0.5128704309463501,0.4871293604373932,1475.0,0.5049074907739569,0.5051102638244629,0.4948888123035431,0.5051102638244629,0.5051102638244629,0.5051102638244629,0.5051102638244629,0.5051102638244629,0.5051102638244629,0.5051102638244629,0.5051102638244629,1475.0,0.5005010757498646,11.901,123.939,0.252,nllpch_sample_event_ranking,L_PCH + L_rank + L_mul (paper) [static]
ehrsim2_level_static__ours_nllpch_sample_event_ranking__s2,09_sequential_ehr_v2,ehrsim2_level,2,ours,0.5075022870753544,0.4815242658879351,0.48983276945602483,0.12258404223130726,0.20277099541227145,0.2446686896662216,0.4929531074731048,0.23097293078899384,0.5315002647354629,0.5155300240423195,0.4957172074439609,0.10872700320762126,0.20029554130023083,0.24842461626843956,0.5142491654072477,0.2212776243686676,0.5100701104103826,0.5044679219210695,0.5011328214737791,0.11079712763202684,0.19634280179592545,0.25069446688972835,0.5052236179350771,0.22092697024345398,0.45912079579952547,0.4645157420888189,0.5280636425043651,0.1952248120295726,0.26627904208160674,0.21216539601586953,0.48390006013090314,0.21138392388820648,0.4990814877365832,0.1965812112109018,1173.429196996969,1490.3364576840497,1113.710536492764,1281.7086845661413,981.2838543421761,1129.844506706734,1144.2392269495351,1309.8624945389977,1103.1657036953611,1302.9380358739807,0.7327506044262599,0.7277823577906017,5377.0,0.5813650734610377,0.15138553096522223,0.4920424403183024,0.25307899243631854,0.6993772152865421,9048,static,nllpch_sample_event_ranking,2.5347046852111816,765.0,761.0,699.0,1364.0,0.21951579509106278,0.4924899384388259,0.5149409174919128,0.4850596487522125,0.5149409174919128,0.4850596487522125,0.4850596487522125,0.4850596487522125,0.4850596487522125,0.4850596487522125,0.4850596487522125,0.5149409174919128,1508.0,0.49887582659721375,0.49887582659721375,0.49887582659721375,0.49887582659721375,0.49887582659721375,0.49887582659721375,0.49887582659721375,0.49887582659721375,0.49887582659721375,0.49887582659721375,0.49887582659721375,1508.0,0.49529810138391417,0.4897979497909546,0.4897979497909546,0.4897979497909546,0.4897979497909546,0.4897979497909546,0.5102015733718872,0.4897979497909546,0.4897979497909546,0.5102015733718872,0.4897979497909546,1508.0,0.4997217458022143,0.4726598560810089,0.5273393392562866,0.4726598560810089,0.4726598560810089,0.4726598560810089,0.4726598560810089,0.5273393392562866,0.5273393392562866,0.5273393392562866,0.4726598560810089,1508.0,0.496596403055542,14.277,105.625,0.21,nllpch_sample_event_ranking,L_PCH + L_rank + L_mul (paper) [static]
ehrsim2_mixed__oracle__s0,09_sequential_ehr_v2,ehrsim2_mixed,0,oracle,0.7878372400053874,0.7540937758476653,0.6870124885351369,0.07902609979111479,0.137830236569761,0.2072924775229022,0.7429811681293965,0.14138293796125934,0.8016092166263556,0.7314013322971307,0.6913118498339045,0.08551724526124868,0.15193345719674248,0.21039159047095976,0.7414407995857969,0.14928076430965032,0.7415768743252754,0.6853456982133905,0.6430639679943819,0.08513511390237213,0.1691447220850117,0.23984668597286976,0.689995513511016,0.16470884065341784,0.7734802980189355,0.737259306687822,0.7144062734422375,0.13376958925289203,0.18746395297733262,0.16777254867519928,0.7417152927163317,0.16300203030180796,0.7290331934856353,0.15459364330653386,1566.1440179523104,1425.7298994448226,1493.0475062686116,1329.1325249495153,1542.472991065917,1365.7851583918239,776.8104899149365,891.4544575325316,1344.6187513004438,1253.0255100796733,0.6817686580715453,0.7005091103965703,5507.0,0.5627383330306882,0.11903032504085709,0.6350077622532713,0.21599405269940872,0.6176323984358955,9018,,,,,,,,,,,,,,,,,,,,,,,,,,,,,,,,,,,,,,,,,,,,,,,,,,,,,,,,,,,,,,Oracle (true CIF)
ehrsim2_mixed__oracle__s1,09_sequential_ehr_v2,ehrsim2_mixed,1,oracle,0.8028324083249343,0.7600875428175071,0.7098411827330788,0.08582441521853344,0.14162271537192686,0.20105831259927767,0.7575870446251735,0.14283514772991265,0.7968182484622637,0.7290560417588369,0.6788754058325198,0.08095534521492309,0.1474826724092282,0.21794464293772198,0.7349165653512068,0.14879422018729108,0.7102505304431234,0.6686121906985438,0.6301062223547012,0.0876465658974446,0.17371280284865206,0.234000918515002,0.6696563144987895,0.16512009575369954,0.7696166580537479,0.7298150891555996,0.7166249236352771,0.14302799304751204,0.19517545730332217,0.16136297974340177,0.7386855569482081,0.16652214336474533,0.7252113703558445,0.15581790175891216,1575.2786362630109,1436.6042859735412,1518.3712422243282,1350.5101129515324,1586.6525067519924,1393.0873612638031,771.0959963562907,890.658374618607,1362.8495953989056,1267.7150337018709,0.6757672754660139,0.6958995815899581,5311.0,0.5821879118810017,0.09357936358501218,0.6333333333333333,0.21741984614973422,0.6200507713972884,8850,,,,,,,,,,,,,,,,,,,,,,,,,,,,,,,,,,,,,,,,,,,,,,,,,,,,,,,,,,,,,,Oracle (true CIF)
ehrsim2_mixed__oracle__s2,09_sequential_ehr_v2,ehrsim2_mixed,2,oracle,0.7927474289537962,0.7476737183896255,0.6964809956717435,0.08490701035836183,0.15145784440734048,0.2090160775456808,0.7456340476717217,0.14846031077046104,0.7899288554069833,0.7111984974089716,0.6682491944669328,0.07489124665999097,0.1591505324512891,0.21716300684603737,0.7231255157609625,0.15040159531910582,0.7363070696803832,0.6867448701883943,0.6312921522375979,0.08311224905045597,0.16084526410876374,0.2357274183692086,0.6847813640354584,0.15989497717614276,0.7463295194528147,0.7278520114619158,0.7122263434312065,0.14772332667801305,0.19142409063543575,0.16476094286592044,0.728802624781979,0.16796945339312308,0.7205858880625304,0.15668158416470818,1627.4250841736186,1474.4592207140017,1540.9180332732392,1377.645119498479,1577.6553096744647,1382.3817587876808,764.134464405869,884.8360553366508,1377.5332228817979,1279.8305385842032,0.6816761624701342,0.6978503401360544,5441.0,0.5835324388899099,0.09814372358022427,0.6345048629531388,0.21932771012519006,0.6249607333934348,9048,,,,,,,,,,,,,,,,,,,,,,,,,,,,,,,,,,,,,,,,,,,,,,,,,,,,,,,,,,,,,,Oracle (true CIF)
ehrsim2_mixed_bag__coxph__s0,09_sequential_ehr_v2,ehrsim2_mixed,0,coxph,0.7533824290731965,0.7299324670443122,0.6735957580564185,0.09025857992153137,0.1474200296308244,0.20646876389529498,0.7189702180579758,0.14804912448255025,0.7513887184020104,0.6866865357197545,0.6494604273822304,0.10706632630204364,0.17493153266700673,0.2146711970581624,0.6958452271679985,0.16555635200907093,0.7162088066681392,0.6653775373948819,0.6324988498710593,0.10044337987033944,0.1767397263614272,0.23097976899419384,0.6713617313113601,0.16938762507532015,0.7338416805662356,0.7091941458450465,0.6892871348594937,0.1540270317749385,0.20150100486636927,0.17302023484730517,0.7107743204235919,0.176182757162871,0.6992378742402315,0.16479396468245308,983.2672306605264,1178.1768619096113,920.4185640376504,1052.3776352964182,907.1760161683317,954.4677388060649,820.4692526886944,938.2063032794455,907.8327658888007,1030.807134822885,0.6791356455420374,0.6922025723472668,5507.0,0.5627383330306882,0.11639731251134922,0.6152140164116212,0.22584442962194318,0.6417377826615976,9018,bag,,,,,,,,,,,,,,,,,,,,,,,,,,,,,,,,,,,,,,,,,,,,,,,,,,,,,,,,,,,,,Cox PH (cause-specific) [bag]
ehrsim2_mixed_bag__coxph__s1,09_sequential_ehr_v2,ehrsim2_mixed,1,coxph,0.7721006316784345,0.7330845027810602,0.6915388393654072,0.09392799418332262,0.14588672135843803,0.1909058076559175,0.7322413246083007,0.1435735077325594,0.7204846533909797,0.6671480002907627,0.6301675765807342,0.10702316044627647,0.1709430788256588,0.2131627035752655,0.672600076754159,0.1637096476157336,0.6921095762405236,0.66420916881027,0.6421829156752875,0.10111490806219905,0.17641283231102517,0.21464486520437212,0.666167220242027,0.1640575351925321,0.72866057506546,0.7009019909420835,0.6927932152315446,0.16404359259957624,0.2089842165719058,0.16534910614477868,0.7074519270796961,0.17945897177208692,0.6946151371710457,0.162699915578228,950.9390507403344,1156.0806185718934,952.7385957870182,1061.9701465367796,885.0423894033933,939.3680521463114,819.6558137756929,939.329615867767,902.0939624266097,1024.1871082806877,0.6885708906044059,0.7010041841004184,5311.0,0.5821879118810017,0.10638297872340419,0.6188700564971752,0.2264529264953021,0.6433131145884763,8850,bag,,,,,,,,,,,,,,,,,,,,,,,,,,,,,,,,,,,,,,,,,,,,,,,,,,,,,,,,,,,,,Cox PH (cause-specific) [bag]
ehrsim2_mixed_bag__coxph__s2,09_sequential_ehr_v2,ehrsim2_mixed,2,coxph,0.7718412401437215,0.7293165508330114,0.6948290638950039,0.09041714944343412,0.15375100712033252,0.19750453475407453,0.7319956182905788,0.14722423043928037,0.7394708595853946,0.6780531001575761,0.6536113967888165,0.09442203298139037,0.17290530034332158,0.2133549343380767,0.6903784521772623,0.1602274225542629,0.7043355336773008,0.6692278454377362,0.6319301826834067,0.09584616554769737,0.16579645496715292,0.22787359858078002,0.6684978539328146,0.16317207303187678,0.7087061393807972,0.697393020413448,0.6850938179031396,0.1680283729119352,0.20682401714871337,0.1705572581728654,0.6970643258991283,0.181803216077838,0.6969840625749459,0.1631067355258145,990.7649980867556,1181.5924053839965,937.3945353584587,1060.096050910225,872.710868607536,944.9112371606292,815.0065340780882,938.2026093763811,903.9692340327097,1031.200575707808,0.6972982907553759,0.7108843537414965,5441.0,0.5835324388899099,0.11376585186546595,0.631078691423519,0.22437243506479224,0.6398969331256923,9048,bag,,,,,,,,,,,,,,,,,,,,,,,,,,,,,,,,,,,,,,,,,,,,,,,,,,,,,,,,,,,,,Cox PH (cause-specific) [bag]
ehrsim2_mixed_bag__ours_nllpch__s0,09_sequential_ehr_v2,ehrsim2_mixed,0,ours,0.7743703034343489,0.7305491686358111,0.6744074119837552,0.09272881214879132,0.14479636749276903,0.19998537848312117,0.7264422946846384,0.1845819652080536,0.756597582875959,0.6849694911479919,0.6582886979929244,0.10012999793697602,0.17043784770127984,0.2120759675105334,0.6999519240056252,0.1901981681585312,0.7305998848335873,0.6722233769912083,0.6384208280351948,0.09403395276103214,0.1709216058456957,0.22634234225049696,0.6804146966199968,0.18512141704559326,0.7256118079638038,0.6908803021795576,0.664022034615846,0.1531507980905487,0.2078875415305903,0.18343430074865197,0.6935047149197358,0.17568323016166687,0.7000784075574991,0.16299374270837388,946.300648355116,1164.234819700998,868.2478445580546,1039.406888522714,960.5783588623738,963.241745896776,888.4333559420045,1006.5121095794406,915.8900519293873,1043.3488909249822,0.7081895769021246,0.7191318327974275,5507.0,0.5627383330306882,0.14545124387143638,0.6087824351297405,0.2268871897371677,0.6444232257013642,9018,bag,nllpch,4.12262487411499,759.0,761.0,761.0,1354.0,0.18255598612713847,0.631532982852396,0.6334428787231445,0.641478955745697,0.6347384452819824,0.6291388273239136,0.6290627121925354,0.6290062069892883,0.629998505115509,0.6327259540557861,0.6361932754516602,0.6269890666007996,1503.0,0.6169322730111636,0.6220024228096008,0.6191926002502441,0.625652015209198,0.624454915523529,0.6212517023086548,0.6189851760864258,0.617273211479187,0.6189446449279785,0.6164745092391968,0.6025212407112122,1503.0,0.6137855896867555,0.6030875444412231,0.6102982759475708,0.6089334487915039,0.6100031137466431,0.6121591329574585,0.6096502542495728,0.6125761866569519,0.6165206432342529,0.6165834069252014,0.6180914640426636,1503.0,0.6514130549128381,0.6310886740684509,0.6511812210083008,0.6523112654685974,0.6534250974655151,0.6530893445014954,0.6536766290664673,0.65261310338974,0.6530091166496277,0.6507362127304077,0.6486202478408813,1503.0,0.6284159751157883,13.4397,111.833,0.223,nllpch,L_PCH [bag]
ehrsim2_mixed_bag__ours_nllpch__s1,09_sequential_ehr_v2,ehrsim2_mixed,1,ours,0.7870104815496837,0.7308375627570999,0.6819470283152537,0.09530903198805125,0.1509041365674481,0.1996342965451207,0.7332650242073457,0.1900070756673813,0.7269922040676919,0.6800288068811544,0.6376804270794262,0.10504120916766108,0.17198591240342093,0.21918072486508972,0.6815671460094243,0.1933204084634781,0.7264891121218164,0.6626259462116085,0.6306688778571362,0.09565866125381615,0.17644130668169108,0.22145373776246594,0.6732613120635205,0.18891111016273499,0.7027232501080242,0.6696146369987668,0.6479796840560061,0.17027142828316044,0.21301690019303895,0.17944613644290494,0.6734391903875991,0.18037106096744537,0.6903831681669724,0.16652862351282244,1090.8475401604667,1213.351485647687,1041.028502766516,1099.0846865851922,1009.0019421367324,987.3869252208914,882.5116235445445,1016.9659310580196,1005.8474021520649,1079.1972571279475,0.6851816983618905,0.7022315202231519,5311.0,0.5821879118810017,0.10299378648088875,0.607457627118644,0.22871602457723725,0.6480864815944508,8850,bag,nllpch,4.132704734802246,746.0,745.0,716.0,1308.0,0.18690033723331279,0.639654342350667,0.641756534576416,0.6413341760635376,0.6417149901390076,0.6405803561210632,0.6410553455352783,0.6404412984848022,0.6402233839035034,0.639861524105072,0.6399726867675781,0.6348457932472229,1475.0,0.6135744707282826,0.6116466522216797,0.6101163625717163,0.609708309173584,0.6154115796089172,0.6169886589050293,0.616222620010376,0.6148972511291504,0.6128339767456055,0.6187572479248047,0.6063334941864014,1475.0,0.6009713362837781,0.592650830745697,0.5986892580986023,0.6005294322967529,0.6024237871170044,0.5990093350410461,0.5966546535491943,0.5985586047172546,0.6069777607917786,0.60581374168396,0.5976253151893616,1475.0,0.6407895219316009,0.6381844282150269,0.6480029821395874,0.6443197131156921,0.6442129611968994,0.6439812779426575,0.643410325050354,0.6424495577812195,0.6393406391143799,0.6375524401664734,0.6389798521995544,1475.0,0.6237474178235822,12.8434,114.845,0.234,nllpch,L_PCH [bag]
ehrsim2_mixed_bag__ours_nllpch__s2,09_sequential_ehr_v2,ehrsim2_mixed,2,ours,0.7779362695252668,0.7163239744926162,0.6851042124430394,0.08977123903676522,0.15246582454976368,0.1971732115813577,0.7264548188203075,0.1844291090965271,0.7201498147476716,0.6704859543486194,0.6379503052522916,0.09481794269947878,0.180662654519389,0.2222216376588133,0.6761953581161942,0.2005240023136139,0.7050551715716156,0.6639058264092396,0.632025899134275,0.09399833920397656,0.16316249364852597,0.222606059652128,0.6669956323717101,0.1873246431350708,0.6797258223636574,0.6572370359715977,0.6463570583435099,0.17125564895485487,0.21552937186789348,0.17634259464899818,0.6611066388929216,0.18047840893268585,0.6826881120502835,0.16500058483516208,1014.6352676768113,1216.665033309871,1177.394474001171,1171.7938856163885,902.6635359165747,949.8044811639237,817.4532501544162,977.9787599494839,978.0366319372433,1079.0605400099168,0.6079764749126999,0.628625850340136,5441.0,0.5835324388899099,0.024444036022789994,0.5880857648099027,0.2307883407065858,0.6518005144494368,9048,bag,nllpch,4.147662162780762,766.0,768.0,725.0,1349.0,0.18695977585030898,0.6403592219876428,0.6423715949058533,0.6433030366897583,0.6429310441017151,0.6448133587837219,0.6442070007324219,0.6440072059631348,0.6435027718544006,0.6436612606048584,0.6389110088348389,0.6260339021682739,1508.0,0.6020339141481666,0.6027000546455383,0.6114419102668762,0.6108464002609253,0.6098407506942749,0.6079245209693909,0.6090570092201233,0.6043108701705933,0.5988427996635437,0.5959647297859192,0.5909777283668518,1508.0,0.6072396009463958,0.6092509627342224,0.6110595464706421,0.6135227680206299,0.6117822527885437,0.609933614730835,0.6104856133460999,0.6101158261299133,0.6110979318618774,0.6085355877876282,0.5926705002784729,1508.0,0.6371857903308918,0.6215063333511353,0.6356378197669983,0.6359450817108154,0.6367629766464233,0.6348099708557129,0.6339572668075562,0.6357243061065674,0.638450562953949,0.6378600597381592,0.6399242281913757,1508.0,0.6217046318532743,13.3381,113.06,0.225,nllpch,L_PCH [bag]
ehrsim2_mixed_bag__ours_nllpch_sample_event_ranking__s0,09_sequential_ehr_v2,ehrsim2_mixed,0,ours,0.7695569895947882,0.7327295800139654,0.6827042405921779,0.09723783101867797,0.17057778842020335,0.22618422064912003,0.7283302700669773,0.2098192423582077,0.7501746822488905,0.6855699721429529,0.6515204148464538,0.11213439995356213,0.19228819406154155,0.23126524402993798,0.6957550230794324,0.2052280604839325,0.7300194348185969,0.6662296435682356,0.6350119089316942,0.10557833392024892,0.19198706782542221,0.24191680187134842,0.6770869957728421,0.19830292463302612,0.7217480698146616,0.6884409244939491,0.6643056747751174,0.1710765049459178,0.23539983958658459,0.18934041647423822,0.6914982230279093,0.19261236488819122,0.6981676279867902,0.1804155535630669,884.5694767998667,1248.5828871964864,940.1434016436434,1117.9029027759686,880.2584340919057,985.825387684662,964.1899595658441,1092.435031965492,917.290318025315,1111.1865524056523,0.761031414563283,0.7621114683815648,5507.0,0.5627383330306882,0.19829308153259484,0.573519627411843,0.23944878972831288,0.6716490596655471,9018,bag,nllpch_sample_event_ranking,2.449934959411621,759.0,761.0,761.0,1354.0,0.20003769647386413,0.6350373681327297,0.6318765878677368,0.6316806077957153,0.6338436007499695,0.6409743428230286,0.6370824575424194,0.641587495803833,0.6406071186065674,0.6383588910102844,0.6269800662994385,0.6283609867095947,1503.0,0.6095445844353398,0.6250861287117004,0.616286039352417,0.6183264851570129,0.6161467432975769,0.614296019077301,0.6183186769485474,0.6130084991455078,0.6035909652709961,0.6014730334281921,0.59950852394104,1503.0,0.6072996248870061,0.605340838432312,0.6124364137649536,0.6120620965957642,0.6062473654747009,0.6007252335548401,0.6016665697097778,0.6125307083129883,0.6114820837974548,0.6084306240081787,0.6038336157798767,1503.0,0.6480159814506226,0.6170330047607422,0.6396788358688354,0.6473515033721924,0.645179033279419,0.6547635793685913,0.6547532081604004,0.6516626477241516,0.6542748808860779,0.6463524103164673,0.6401792764663696,1503.0,0.6249743897264245,12.6813,118.521,0.237,nllpch_sample_event_ranking,L_PCH + L_rank + L_mul (paper) [bag]
ehrsim2_mixed_bag__ours_nllpch_sample_event_ranking__s1,09_sequential_ehr_v2,ehrsim2_mixed,1,ours,0.7764734722931688,0.7354117578263595,0.6826714194752862,0.10440247332256128,0.1707211969710925,0.2132384535774559,0.7315188831982714,0.20097753405570984,0.7260128811618002,0.6783395914985502,0.6253168179184097,0.11162721522506965,0.187350638201797,0.23044109586972944,0.67655643019292,0.20768184959888458,0.7131401018423812,0.660156741791374,0.6173844138971213,0.10428859585745409,0.18906278613113137,0.23042676929408576,0.6635604191769588,0.1981637179851532,0.7153365753638178,0.6724695702343959,0.659880570541527,0.1899363148109375,0.2529673249414588,0.1988456724037468,0.682562238713247,0.20162302255630493,0.6885494928203493,0.18194237805054336,1009.8636946281696,1270.8462034987879,1000.8171562979211,1139.8790301825156,882.6123003745984,984.0222918966487,1057.7313799997023,1172.182204141809,987.7561328250978,1141.7324324299402,0.7849745810581812,0.7902649930264994,5311.0,0.5821879118810017,0.20278666917717947,0.5771751412429379,0.2405686035519285,0.6738549469385321,8850,bag,nllpch_sample_event_ranking,2.4428763389587402,746.0,745.0,716.0,1308.0,0.20206553454843387,0.6372464902370517,0.6376565098762512,0.6384379863739014,0.6426016688346863,0.6426764130592346,0.6344163417816162,0.6361476182937622,0.6358988881111145,0.6391898393630981,0.6392166614532471,0.6314575672149658,1475.0,0.6038962325590537,0.619568407535553,0.6159299612045288,0.6075427532196045,0.6127261519432068,0.6124670505523682,0.606890082359314,0.5950962901115417,0.5994637608528137,0.596195638179779,0.603114664554596,1475.0,0.5877439902197491,0.5893734097480774,0.5925329923629761,0.5909179449081421,0.5858656167984009,0.5892546772956848,0.5882723927497864,0.5884739756584167,0.5916591286659241,0.575161874294281,0.593170702457428,1475.0,0.6453654037014364,0.6348357200622559,0.6523305177688599,0.6488980054855347,0.6489896774291992,0.6485491394996643,0.6432031989097595,0.6402546763420105,0.6460289359092712,0.6461547613143921,0.6452051997184753,1475.0,0.6185630291793228,14.9458,98.69,0.201,nllpch_sample_event_ranking,L_PCH + L_rank + L_mul (paper) [bag]
ehrsim2_mixed_bag__ours_nllpch_sample_event_ranking__s2,09_sequential_ehr_v2,ehrsim2_mixed,2,ours,0.778775784262123,0.7189602910991894,0.6760328083106204,0.10000018911148724,0.17611007729431769,0.21947384568583272,0.7245896278906443,0.20488324761390686,0.7180160006397694,0.6599340126940978,0.6264240456721708,0.09958096456941867,0.19200399246572192,0.23503813352645184,0.6681246863353459,0.20678803324699402,0.6959927721908582,0.6538477883680263,0.6316403124034723,0.09904985153829257,0.17998120509379642,0.2327764571153163,0.6604936243207856,0.19879640638828278,0.6791296125671487,0.6709774359874142,0.6516215922544472,0.1965878719439584,0.2569247185805343,0.19884285744539293,0.66724288026967,0.20177197456359863,0.6801127047041114,0.18219751369754342,1087.3941089157343,1325.7544641963593,1011.8904622589513,1143.4734505411564,868.0458187646386,988.084060192397,1039.467938358832,1160.7997285580932,1001.699582074539,1154.5279258720016,0.7803712552839551,0.7814965986394558,5441.0,0.5835324388899099,0.1968388163940452,0.5707338638373121,0.24098091834979707,0.6747242549932779,9048,bag,nllpch_sample_event_ranking,2.4635508060455322,766.0,768.0,725.0,1349.0,0.2029023186041418,0.6440069176407863,0.651357889175415,0.6447057723999023,0.6459159851074219,0.6463080048561096,0.6375684142112732,0.6417691707611084,0.6429181694984436,0.6441057920455933,0.6450316905975342,0.6460303068161011,1508.0,0.5862364647849914,0.5968436598777771,0.6079902648925781,0.6085804104804993,0.6007915735244751,0.5734291672706604,0.5848580598831177,0.5910386443138123,0.5957611799240112,0.5851361751556396,0.5618425607681274,1508.0,0.5964779709391342,0.5952367782592773,0.6029112339019775,0.606340765953064,0.6015233397483826,0.6006855964660645,0.6060423254966736,0.6050377488136292,0.6003838777542114,0.5789511799812317,0.5890682935714722,1508.0,0.6414548701063469,0.6184362173080444,0.6347796320915222,0.6328516006469727,0.6386816501617432,0.6398292183876038,0.6453008651733398,0.6442027688026428,0.6431674957275391,0.6430028080940247,0.6396141052246094,1508.0,0.6170440558678147,14.9755,100.698,0.2,nllpch_sample_event_ranking,L_PCH + L_rank + L_mul (paper) [bag]
ehrsim2_mixed_sequence__deephit_paper__s0,09_sequential_ehr_v2,ehrsim2_mixed,0,deephit_paper,0.7740871526948119,0.7333723240918647,0.6766739773262964,0.10832009130916243,0.21090229318119175,0.32006457380787434,0.7280444847043244,0.3165210783481598,0.6757869008947681,0.6407954939139069,0.620671184849339,0.1293198244439064,0.24384601834648983,0.3444006485165035,0.645751193219338,0.3449037969112396,0.7313685504767644,0.6439634305686405,0.6072219899083251,0.11673292166199448,0.23205861564946312,0.36257187623319104,0.6608513236512433,0.3273313641548157,0.7109638506994462,0.6948789060018974,0.68161267408531,0.17520679501845515,0.24446516327942655,0.18250486905164062,0.6958184769288845,0.19172567129135132,0.6826163696259475,0.22253280754160829,2837.967714947719,2232.8116107252613,2930.5429447763163,2378.38566990556,2753.6435978812074,2324.1012641730936,990.5782249358078,1101.9284635056567,2378.1831206352626,2009.3067520773927,0.4559651352823679,0.48360128617363346,5507.0,0.5627383330306882,-0.10677319774832034,0.540031049013085,0.2804786151651061,0.7645759536557906,9018,sequence,,8.754944801330566,759.0,761.0,761.0,1354.0,0.27824126959174994,0.638616220613714,0.6376969814300537,0.6380161643028259,0.6397015452384949,0.6414631605148315,0.640561580657959,0.6419609785079956,0.6351746916770935,0.6370929479598999,0.6380113959312439,0.6380000114440918,1503.0,0.584658886821304,0.56548011302948,0.5813511610031128,0.585062563419342,0.5888957381248474,0.5948759317398071,0.5968326926231384,0.5900334715843201,0.5866252779960632,0.5747434496879578,0.5748092532157898,1503.0,0.5791469704830783,0.5995545387268066,0.5916231870651245,0.5882080793380737,0.5874218940734863,0.5855963826179504,0.5842666029930115,0.5857678651809692,0.5790454745292664,0.5674821734428406,0.5677472352981567,1503.0,0.6698315453947913,0.6449346542358398,0.6574679613113403,0.6623045206069946,0.6622645258903503,0.6641097664833069,0.6643292903900146,0.6710538268089294,0.6732962131500244,0.673695981502533,0.673413872718811,1503.0,0.6180634058282218,14.4969,103.677,0.207,,DeepHit [sequence]
ehrsim2_mixed_sequence__deephit_paper__s1,09_sequential_ehr_v2,ehrsim2_mixed,1,deephit_paper,0.7599483598791984,0.7151917118380239,0.667973667306024,0.12600911798590758,0.2427162960487695,0.3492957460538936,0.7143712463410821,0.3489900529384613,0.7106174222463693,0.6556374907190727,0.6177456880346297,0.13222006683727014,0.24182916037721428,0.3826129680117009,0.6613335336666906,0.36115309596061707,0.6947149615319322,0.6358057743878426,0.6095831082556155,0.11544264960645591,0.22768305198430647,0.3261757221578544,0.6467012813917967,0.31310224533081055,0.7255535979704871,0.7003230889365502,0.6903523347099232,0.18528957977306607,0.2465475184907024,0.18332410464669047,0.7054096738723201,0.1950829178094864,0.6819539338179723,0.22992883183115265,2994.1371716663957,2366.0301797933125,2992.7207086985863,2450.173053705628,2689.601694869469,2240.5541983376124,1023.4275329529411,1141.0487182995773,2424.971777046848,2049.4515375340325,0.40519676143852384,0.4302092050209205,5311.0,0.5821879118810017,-0.17699115044247787,0.5327683615819209,0.2807223067903047,0.7651012429453077,8850,sequence,,8.635552406311035,746.0,745.0,716.0,1308.0,0.2869858606356815,0.6306568074972971,0.6320444345474243,0.6347960233688354,0.6360050439834595,0.6328431963920593,0.6314828991889954,0.6303521990776062,0.6328360438346863,0.6332225203514099,0.6264864206314087,0.6250302791595459,1475.0,0.5930500614363118,0.6008831858634949,0.6054956912994385,0.6083987355232239,0.6035240888595581,0.6028238534927368,0.5947812795639038,0.5894737243652344,0.5833151936531067,0.587047278881073,0.5869394540786743,1475.0,0.5850739117184799,0.578284740447998,0.5768817067146301,0.5806032419204712,0.5807574391365051,0.5826948881149292,0.5840340852737427,0.5865919589996338,0.5872998833656311,0.5873426795005798,0.5873435735702515,1475.0,0.6828861964639749,0.6642853617668152,0.6791744232177734,0.6834026575088501,0.6850225925445557,0.6826187372207642,0.6820549368858337,0.6793044209480286,0.6830487847328186,0.6844034790992737,0.6844054460525513,1475.0,0.6229167442790159,13.6912,107.734,0.219,,DeepHit [sequence]
ehrsim2_mixed_sequence__deephit_paper__s2,09_sequential_ehr_v2,ehrsim2_mixed,2,deephit_paper,0.7535448026910856,0.7164460547169031,0.6852714586271982,0.11516484445089976,0.2303115598306089,0.3444492088833503,0.7184207720117289,0.3314247131347656,0.7015999137462617,0.6514888855420061,0.6193748994060483,0.1071191019323616,0.2310916907373846,0.3349095305545782,0.657487899564772,0.32304486632347107,0.6990885054893003,0.6535758814238265,0.6266459778390538,0.11105124936065415,0.2153983824786155,0.3367918556091533,0.6597701215840602,0.311599999666214,0.7049586621018006,0.6917197238786089,0.6893989782822544,0.18626294357803666,0.25075058503709596,0.1854249989223853,0.695359121420888,0.19454748928546906,0.6827594786453622,0.22072716261459369,2900.055778040531,2282.065290897554,2730.6426566947916,2224.93100492822,2704.4271736036585,2249.671914899838,995.1952032182617,1116.470314406918,2332.580202889311,1968.2846312831325,0.45120382282668625,0.47711564625850345,5441.0,0.5835324388899099,-0.13232861606322366,0.5537135278514589,0.2777117777119601,0.7579964461856437,9048,sequence,,8.44006633758545,766.0,768.0,725.0,1349.0,0.2744801414639022,0.6537399698290464,0.6419016122817993,0.6467899084091187,0.6539316177368164,0.6548186540603638,0.6558506488800049,0.6578507423400879,0.6579223275184631,0.6567705273628235,0.6503310203552246,0.6502089500427246,1508.0,0.5877990995555795,0.586351752281189,0.5860662460327148,0.586182177066803,0.5844284892082214,0.5893529057502747,0.5833886861801147,0.5861106514930725,0.5921955704689026,0.5890668630599976,0.5890973806381226,1508.0,0.5930999647500623,0.5870109796524048,0.5911298394203186,0.590901255607605,0.589714765548706,0.5904897451400757,0.5916885137557983,0.5925561189651489,0.5961957573890686,0.5946241021156311,0.59465491771698,1508.0,0.6786528853596152,0.668812096118927,0.6732287406921387,0.6769796013832092,0.6739369630813599,0.6721512079238892,0.6742897033691406,0.6780267953872681,0.6824177503585815,0.6808832287788391,0.6814067959785461,1508.0,0.6283229798735759,14.4383,104.444,0.208,,DeepHit [sequence]
ehrsim2_mixed_sequence__mensa_paper__s0,09_sequential_ehr_v2,ehrsim2_mixed,0,mensa_paper,0.7632643421822272,0.7300832377802534,0.6760370067420925,0.0924414516924007,0.1545240344529138,0.21137690059198863,0.7231281955681911,0.19935812056064606,0.7381716994380308,0.6798822702757332,0.6508207362868221,0.10682549082237588,0.18324714192284325,0.22566795151077856,0.6896249020001953,0.20102337002754211,0.7296212051532748,0.6629148438202137,0.6283534613356658,0.09856240526024922,0.17894931603380537,0.23040214394880523,0.6736298367697181,0.18972988426685333,0.7299631361959147,0.6957647985936859,0.6574556646991612,0.1583172769083087,0.2129702644146119,0.17757738498519143,0.6943945331629205,0.1829608976840973,0.6951943668752563,0.16923848021202273,818.5241244769755,1215.6279331793394,875.8323191350222,1074.8035128865793,879.1264085185245,959.7300072123982,805.3660148766835,967.7532571365256,844.7122167518014,1054.4786776037106,0.6288360268748865,0.6435155412647374,5507.0,0.5627383330306882,0.06609769384419828,0.5968063872255489,0.23163655993563545,0.6547526843336373,9018,sequence,,18.85702896118164,759.0,761.0,761.0,1354.0,0.19158324497602008,0.6199689035368439,0.6352570652961731,0.6346758008003235,0.6327093243598938,0.6330665946006775,0.6347694396972656,0.6360667943954468,0.6321361660957336,0.6244198083877563,0.6115182638168335,0.5739294290542603,1503.0,0.6051670624542196,0.6146549582481384,0.6146011352539062,0.614804208278656,0.6143827438354492,0.6135119795799255,0.6129509806632996,0.6109645366668701,0.6049359440803528,0.5994564890861511,0.5829787254333496,1503.0,0.6004231614628057,0.6067287921905518,0.6054227352142334,0.6051318049430847,0.6054314970970154,0.6059514284133911,0.605962872505188,0.6061442494392395,0.6054975390434265,0.6022104024887085,0.5785693526268005,1503.0,0.6511626340431582,0.6493803262710571,0.6586195230484009,0.661635160446167,0.663148045539856,0.6636404991149902,0.6626353859901428,0.6588606238365173,0.6533147096633911,0.6412118673324585,0.638167679309845,1503.0,0.6191804403742569,13.4946,111.378,0.222,,MENSA [sequence]
ehrsim2_mixed_sequence__mensa_paper__s1,09_sequential_ehr_v2,ehrsim2_mixed,1,mensa_paper,0.7547424871157048,0.7081806378643243,0.6628774203465047,0.14363069871793152,0.19534859018887096,0.22308067729774655,0.7086001817755112,0.21580322086811066,0.6797342228477389,0.6239973102618638,0.59613895589382,0.1208539764026616,0.19316572818594646,0.2344696419911718,0.6332901630011408,0.21445322036743164,0.680452366013503,0.6294238676604769,0.6119058104620114,0.10697058192487079,0.2018919596215574,0.2558420343801397,0.6405940147119971,0.21785515546798706,0.6835919674789123,0.6710667511112057,0.662358010810823,0.19448302625147748,0.23524230611975588,0.1960277521190593,0.6723389098003136,0.19804677367210388,0.6637058173222407,0.1917505811000991,796.6594508714942,1174.3596587586367,1308.4334949091058,1273.908425586745,1297.67640791391,1150.9466585242053,1007.2733926753231,1123.1605751396921,1102.5106865924581,1180.5938295023197,0.6463942760308793,0.6539748953974895,5311.0,0.5821879118810017,0.06420636414987757,0.5418079096045197,0.24939801995173702,0.6968520782485402,8850,sequence,,19.14042854309082,746.0,745.0,716.0,1308.0,0.20932754572390833,0.6201701115373235,0.6110612750053406,0.6151585578918457,0.6169849634170532,0.6183753609657288,0.6194055676460266,0.6205588579177856,0.6215323805809021,0.6219296455383301,0.6226602792739868,0.6212815046310425,1475.0,0.5528849804614593,0.5800924897193909,0.5801108479499817,0.580166220664978,0.5802459120750427,0.580385684967041,0.5806199312210083,0.5807473659515381,0.580880880355835,0.5669785737991333,0.4210273027420044,1475.0,0.577142511301276,0.5865488052368164,0.5864901542663574,0.58659428358078,0.5870587229728699,0.5874164700508118,0.5875036716461182,0.5881943106651306,0.5885850191116333,0.5856097936630249,0.5294263958930969,1475.0,0.6320570851052938,0.616392195224762,0.6223310232162476,0.627248227596283,0.6316876411437988,0.6356613636016846,0.6400469541549683,0.6446821689605713,0.6503581404685974,0.652254581451416,0.5919899344444275,1475.0,0.5955636721013382,13.8056,106.841,0.217,,MENSA [sequence]
ehrsim2_mixed_sequence__mensa_paper__s2,09_sequential_ehr_v2,ehrsim2_mixed,2,mensa_paper,0.7650470669233235,0.7189692580728488,0.6842060021662464,0.09532481105652055,0.17150273358391613,0.2302884382691657,0.7227407757208062,0.20234762132167816,0.7065280808589804,0.6531658226542801,0.6270287830010023,0.09830148038170804,0.18792911759688202,0.22667446379063794,0.6622408955047544,0.20198248326778412,0.7163136418121016,0.6732949559664447,0.6427632450188943,0.09721194239480384,0.16654700574833262,0.220712341215877,0.67745728093248,0.18896161019802094,0.6929042862355954,0.676362141365381,0.6445458984415317,0.1708287885357154,0.22360797223755097,0.18210578924682427,0.6712707753475028,0.1827276349067688,0.6834274318763859,0.1725862403381612,1236.1041241292726,1303.3361026755636,1078.2625029493995,1153.4866451058906,875.9266683758694,950.0734613109983,905.1982675923024,1047.8041063829462,1023.8728907617109,1113.6750788688496,0.5510016541077007,0.5682721088435374,5441.0,0.5835324388899099,-0.032530784782209166,0.6014588859416445,0.2321805168053528,0.6554951164789634,9048,sequence,,18.875732421875,766.0,768.0,725.0,1349.0,0.1922443381277328,0.6494640875066651,0.6596723794937134,0.6614416837692261,0.6613810062408447,0.6614264845848083,0.6624717712402344,0.661708652973175,0.661563515663147,0.6602233052253723,0.6553784012794495,0.58902508020401,1508.0,0.5642923022470167,0.586903989315033,0.5880467891693115,0.5886444449424744,0.5896860957145691,0.5910298824310303,0.5914729833602905,0.5914703607559204,0.5872536301612854,0.5679506659507751,0.45613598823547363,1508.0,0.5983144369219209,0.6109239459037781,0.6107245087623596,0.6105307340621948,0.6104907393455505,0.6106683015823364,0.6111169457435608,0.6096888780593872,0.6073086857795715,0.590351402759552,0.563595175743103,1508.0,0.6333267849247725,0.657674252986908,0.6571758389472961,0.6576547026634216,0.658053457736969,0.6581357717514038,0.6575741767883301,0.6559115052223206,0.6520220637321472,0.617641270160675,0.5855907201766968,1508.0,0.6113494029000938,14.4082,104.662,0.208,,MENSA [sequence]
ehrsim2_mixed_sequence__ours_nllpch__s0,09_sequential_ehr_v2,ehrsim2_mixed,0,ours,0.75013330777172,0.7289473012010237,0.672651972110065,0.09340004283008355,0.14792973156581182,0.20285224916255606,0.7172441936942695,0.1877312958240509,0.7339739819272988,0.6601185764476405,0.64106996413057,0.1085386744926538,0.1861419114593466,0.21831134196971264,0.6783875075018364,0.19545002281665802,0.7270178645158096,0.6731998128385097,0.6437105629925188,0.09440429959649606,0.1730167252105315,0.22735674843692927,0.681309413448946,0.1858595609664917,0.7344311462082873,0.7069953925288366,0.6881079984849622,0.15908504517804617,0.21566573379075052,0.1934135315076648,0.7098448457406953,0.17743487656116486,0.6966964900964367,0.1683430029333819,1054.3548793852146,1207.275837407491,959.813986869401,1091.18279940168,839.9950092694595,919.7176385479597,941.9614005056543,1015.2558436380193,949.0313190074323,1058.3580297487877,0.7223533684401671,0.7317524115755627,5507.0,0.5627383330306882,0.15961503540947886,0.6093368817919717,0.23144121221367095,0.6552566162167822,9018,sequence,nllpch,4.179596424102783,759.0,761.0,761.0,1354.0,0.18512007418246185,0.6305308990155902,0.6289528012275696,0.6358739137649536,0.6352317929267883,0.6346681714057922,0.6334089040756226,0.6302141547203064,0.6319593191146851,0.6275671720504761,0.6284885406494141,0.6265947222709656,1503.0,0.6038607145361696,0.6130569577217102,0.6120957732200623,0.6121041774749756,0.6044108271598816,0.6092034578323364,0.6098098158836365,0.6023176908493042,0.5990635752677917,0.603327214717865,0.5950158834457397,1503.0,0.6110196779925248,0.6023801565170288,0.6172227263450623,0.6162264347076416,0.6167830228805542,0.6176372170448303,0.6171334385871887,0.6141270995140076,0.6195146441459656,0.6136249303817749,0.5872951745986938,1503.0,0.6749661185066997,0.6569148302078247,0.6605463027954102,0.6710162162780762,0.6757696270942688,0.6728873252868652,0.6769614219665527,0.6796944737434387,0.6800324320793152,0.6778944134712219,0.6685705184936523,1503.0,0.630094352512746,13.2407,113.514,0.227,nllpch,L_PCH [sequence]
ehrsim2_mixed_sequence__ours_nllpch__s1,09_sequential_ehr_v2,ehrsim2_mixed,1,ours,0.7520081056458257,0.7066072026422178,0.664007846958734,0.09773318200275974,0.15421918812787147,0.20028870262577955,0.7075410517489259,0.19098155200481415,0.7095006149414581,0.6623152919044782,0.633514869203047,0.11290146800295335,0.17675534961034642,0.21715643467257567,0.6684435920163277,0.1934637874364853,0.7090983154225466,0.6427965952282689,0.6165502416886175,0.09835137108908663,0.18209723466132383,0.2288813487919179,0.6561483841131444,0.19412247836589813,0.7301504999877454,0.6996556140603425,0.6912969361713108,0.1665502328967658,0.21325990384665805,0.16927115421376485,0.707034350073133,0.17064879834651947,0.6847918444878828,0.16812213087848363,1012.8356326626862,1202.2172239777087,1078.5634348494566,1138.0981674278594,960.2654248497093,970.2414111135613,805.9602656417604,925.618788185078,964.4061895009031,1059.043897676052,0.6844285445302203,0.6998326359832635,5311.0,0.5821879118810017,0.10224063264921857,0.6184180790960452,0.22809024524663596,0.6474961351536443,8850,sequence,nllpch,4.135899066925049,746.0,745.0,716.0,1308.0,0.18458124670924705,0.6286022466890204,0.6260064244270325,0.6279080510139465,0.6273437738418579,0.6276205778121948,0.6275390386581421,0.6293625235557556,0.6293748021125793,0.629797637462616,0.632073700428009,0.6256486177444458,1475.0,0.5971958150613978,0.6141893863677979,0.609245777130127,0.6131507754325867,0.6128233075141907,0.61651211977005,0.6112681031227112,0.6087685823440552,0.6071704626083374,0.5968207120895386,0.5382396578788757,1475.0,0.5936915307851167,0.5850887894630432,0.5934548377990723,0.5970370173454285,0.5971837043762207,0.5942187309265137,0.5915672183036804,0.5934821367263794,0.595252513885498,0.5984082221984863,0.5874791741371155,1475.0,0.6820801247977891,0.6576451659202576,0.6612799167633057,0.6753914952278137,0.6846042275428772,0.680245578289032,0.6778618693351746,0.6803560853004456,0.6854113936424255,0.6851990818977356,0.684105396270752,1475.0,0.625392429333331,12.7078,116.071,0.236,nllpch,L_PCH [sequence]
ehrsim2_mixed_sequence__ours_nllpch__s2,09_sequential_ehr_v2,ehrsim2_mixed,2,ours,0.754589432631236,0.7110454242280277,0.6727726860089535,0.09283091288411083,0.15822048121202975,0.20351500560250935,0.7128025142894057,0.18968042731285095,0.6961423130329419,0.6468982221954028,0.621073178249813,0.10042962633526901,0.18753187544304026,0.22415756530883013,0.6547045711593859,0.1990336924791336,0.6833974082182288,0.6601409212764134,0.6236004806640086,0.10077266247191309,0.17177791898157116,0.23338383310632885,0.6557129367195503,0.1956626921892166,0.7073474133351078,0.6933294251444311,0.6833077115531817,0.18398983961182577,0.2283287317732381,0.18699468773473288,0.6946615166775736,0.18182556331157684,0.6794703847114788,0.17266109503878327,1006.5074348194335,1213.7813786353,1067.7662974355108,1145.9178207167379,1066.749297859263,1027.9676060794375,906.7132023918674,1003.1533545466542,1011.9340581265187,1097.7050399945324,0.7092446241499725,0.718204081632653,5441.0,0.5835324388899099,0.12571218526006256,0.6107427055702918,0.2289337729406435,0.6500443785856694,9048,sequence,nllpch,4.249497890472412,766.0,768.0,725.0,1349.0,0.1899365908786357,0.6413778384226136,0.6291155219078064,0.6296359300613403,0.6328787803649902,0.6389529705047607,0.6407182812690735,0.6441951990127563,0.6451215147972107,0.6467996835708618,0.6446903347969055,0.6401313543319702,1508.0,0.5865189801877545,0.600260317325592,0.6007642149925232,0.6020733118057251,0.5963873863220215,0.5944594144821167,0.5939926505088806,0.5899892449378967,0.5849051475524902,0.5862293839454651,0.560125470161438,1508.0,0.5905246517461752,0.5873444080352783,0.5948519706726074,0.5970444679260254,0.598581850528717,0.5954676866531372,0.5956818461418152,0.5940547585487366,0.5974180698394775,0.5876191854476929,0.5734038949012756,1508.0,0.6717300832485701,0.6471076607704163,0.6521822810173035,0.6521316170692444,0.6723353266716003,0.6678870916366577,0.670233428478241,0.6721903681755066,0.6751576066017151,0.6773169636726379,0.6721266508102417,1508.0,0.6225378884012784,16.3544,92.208,0.183,nllpch,L_PCH [sequence]
ehrsim2_mixed_sequence__ours_nllpch_sample_event_ranking__s0,09_sequential_ehr_v2,ehrsim2_mixed,0,ours,0.7638861576453381,0.7302191558598523,0.6751818326628888,0.10098745463428285,0.17192889753976548,0.22815945002367885,0.7230957153893597,0.2108469009399414,0.706355418617744,0.6489932479265976,0.6153530404934283,0.11554605994204908,0.19640572371610826,0.2343064021087041,0.6569005690125901,0.20765574276447296,0.7399046240121786,0.6765909533699639,0.6416335904443804,0.10359192837423875,0.1886465695705442,0.23735201493632094,0.6860430559421742,0.19528724253177643,0.7362973362607446,0.707472772099129,0.6816332164610289,0.1702371732002789,0.22821952551136437,0.18747601203131511,0.7084677749403009,0.18778374791145325,0.6936267788211062,0.1802381009657209,928.9901760610032,1276.7958445707077,958.2576325717879,1135.8724274019348,849.661556600448,972.7774285976318,955.8058348046268,1080.3260710017653,923.1788000094664,1116.4429428930098,0.7712002905393136,0.7719989281886388,5507.0,0.5627383330306882,0.2084619575086254,0.5701929474384564,0.2426968872403519,0.6782980085961208,9018,sequence,nllpch_sample_event_ranking,2.463766574859619,759.0,761.0,761.0,1354.0,0.19833056514332023,0.632152919193404,0.6391902565956116,0.640222430229187,0.6376639604568481,0.6383059024810791,0.6376982927322388,0.636472225189209,0.6281265020370483,0.6268879175186157,0.6238151788711548,0.63172847032547,1503.0,0.5828573511965028,0.5934498310089111,0.5890946984291077,0.5927228927612305,0.5995332598686218,0.6012375950813293,0.5889513492584229,0.5853363871574402,0.5788089036941528,0.5789605975151062,0.5567449927330017,1503.0,0.6105972294697817,0.595801591873169,0.6117497086524963,0.6235660910606384,0.6224693655967712,0.6198487877845764,0.6126190423965454,0.6196435689926147,0.6112551689147949,0.6002967953681946,0.5989505648612976,1503.0,0.6688674147080096,0.670612096786499,0.6686063408851624,0.6700683236122131,0.6713266968727112,0.6713221073150635,0.6738831400871277,0.6750937104225159,0.674092710018158,0.6680474877357483,0.6582781076431274,1503.0,0.6236187286419245,13.5796,110.681,0.221,nllpch_sample_event_ranking,L_PCH + L_rank + L_mul (paper) [sequence]
ehrsim2_mixed_sequence__ours_nllpch_sample_event_ranking__s1,09_sequential_ehr_v2,ehrsim2_mixed,1,ours,0.7653499412760743,0.7222208495536687,0.6688594861494177,0.10645751698894924,0.17621485537096113,0.2167550274422915,0.7188100923263869,0.20546279847621918,0.7110726340381626,0.6547839738137052,0.6210017307269505,0.11320268438244914,0.18818965437206392,0.22666643862100874,0.6622861128596061,0.20312152802944183,0.6914841851352745,0.6424504301429106,0.6201952122199856,0.10118221966273314,0.18620595351024935,0.2290482510448628,0.6513766091660569,0.19634613394737244,0.7338451072448808,0.6972805137228004,0.6916499361157641,0.18103784612743212,0.23820649464540902,0.17895375219566842,0.7075918523611485,0.1889602094888687,0.6850161666782997,0.17851005786367322,990.2028671356484,1285.4158540940734,983.6711023262465,1128.0139204719646,829.6986488507636,959.3824291140297,939.6679197343947,1069.6796784919918,935.8101345117633,1110.6229705430148,0.771417812088119,0.7765411436541144,5311.0,0.5821879118810017,0.18922990020711727,0.5766101694915254,0.239259287425723,0.6710968899976094,8850,sequence,nllpch_sample_event_ranking,2.465902805328369,746.0,745.0,716.0,1308.0,0.196968583773244,0.6194017581675443,0.6257393956184387,0.6217542290687561,0.6220837831497192,0.6249290704727173,0.6208176612854004,0.6210798025131226,0.620484471321106,0.6211939454078674,0.6176547408103943,0.6102156043052673,1475.0,0.5969823283179263,0.5942561030387878,0.5968356132507324,0.5969372987747192,0.601670503616333,0.602462112903595,0.6010069847106934,0.5998833775520325,0.6008774042129517,0.5973678231239319,0.5830027461051941,1475.0,0.5864301541018772,0.5824277400970459,0.5886295437812805,0.5891063213348389,0.5884876847267151,0.5844852328300476,0.5866118669509888,0.5960130095481873,0.599096417427063,0.5964937210083008,0.5582682490348816,1475.0,0.6772451378536464,0.6657464504241943,0.6706246137619019,0.6790274381637573,0.6727820038795471,0.6698610186576843,0.6768625974655151,0.6798591017723083,0.681700587272644,0.6807889342308044,0.6743822693824768,1475.0,0.6200148446102485,13.681,107.814,0.219,nllpch_sample_event_ranking,L_PCH + L_rank + L_mul (paper) [sequence]
ehrsim2_mixed_sequence__ours_nllpch_sample_event_ranking__s2,09_sequential_ehr_v2,ehrsim2_mixed,2,ours,0.7604321338116883,0.7060653081774795,0.6770249644768023,0.1048222772237894,0.18076529333450042,0.22298912222471987,0.71450746882199,0.20615746080875397,0.705141190373312,0.6535737979682137,0.6284143190460894,0.10046396450974575,0.1901070484684289,0.23062208517121274,0.6623764357958717,0.20366911590099335,0.7068747572729333,0.6565913064094925,0.629610781293654,0.09795864563357976,0.17674526736342877,0.23257003795760464,0.6643589483253599,0.19561181962490082,0.7109388925364292,0.6973685592335906,0.6881152946704104,0.19178882693886237,0.24862937445281008,0.1922639074243507,0.6988075821468102,0.19397367537021637,0.685012608772508,0.1808104875585861,1060.4267772102492,1323.8275398379837,984.5937014469661,1131.650268792793,858.5092981860039,977.7713210005271,1008.9518399177776,1120.0323414549678,978.1204041902492,1138.320367771568,0.7864363168535196,0.7900408163265307,5441.0,0.5835324388899099,0.20290387796360965,0.5686339522546419,0.2411534603895937,0.6749931411271558,9048,sequence,nllpch_sample_event_ranking,2.458756685256958,766.0,768.0,725.0,1349.0,0.1989533129972127,0.650051322144149,0.6588259935379028,0.6557323932647705,0.6473711729049683,0.6473687291145325,0.6483024954795837,0.6437499523162842,0.6458526849746704,0.6572381258010864,0.6565308570861816,0.6460281610488892,1508.0,0.59178033731317,0.5987207889556885,0.5889906883239746,0.6025193333625793,0.5998469591140747,0.5991206765174866,0.5995367765426636,0.5954047441482544,0.5873606204986572,0.5816665291786194,0.5846943259239197,1508.0,0.5918472893270326,0.5948211550712585,0.5925658941268921,0.5917518138885498,0.5921750664710999,0.5937380790710449,0.5966955423355103,0.5995491147041321,0.5911749601364136,0.5932447910308838,0.581070601940155,1508.0,0.6782654361795708,0.6706637740135193,0.6721168756484985,0.678719162940979,0.6794001460075378,0.6798533797264099,0.6771553754806519,0.6800402402877808,0.6793558597564697,0.6813381314277649,0.6742206811904907,1508.0,0.6279860962409806,13.148,114.694,0.228,nllpch_sample_event_ranking,L_PCH + L_rank + L_mul (paper) [sequence]
ehrsim2_mixed_static__ours_nllpch__s0,09_sequential_ehr_v2,ehrsim2_mixed,0,ours,0.4878881037152083,0.492097041113658,0.5021770624591472,0.11237020095741755,0.19667085650964708,0.24694932326669414,0.4940540690960045,0.2260400801897049,0.5315395301582273,0.5163324974433627,0.5035915135227952,0.12461108264273045,0.20789933202247943,0.2493659995749668,0.5171545137081285,0.2194087952375412,0.48505473911051217,0.49719830662067094,0.5051204969371204,0.11842794088145263,0.2089915227580914,0.25417729285366375,0.49579118088943447,0.21047748625278473,0.5132226611828989,0.5109078989212539,0.5099746289207775,0.18317862764194073,0.24971026366930593,0.19850220928275722,0.5113683963416434,0.20650045573711395,0.5045920400088028,0.19590455433842893,1271.6536989215128,1438.27370343889,1081.1770234751718,1198.157318040481,1067.3974153988954,1086.397193421378,973.9452801510774,1122.4423045063124,1098.5433544866646,1211.3176298517653,0.5039041220265117,0.5164790996784566,5507.0,0.5627383330306882,-0.05883421100417652,0.49390108671545796,0.2508303077109182,0.694811478350196,9018,static,nllpch,4.399593353271484,759.0,761.0,761.0,1354.0,0.21411540526717368,0.49596303701400757,0.49596303701400757,0.49596303701400757,0.49596303701400757,0.49596303701400757,0.49596303701400757,0.49596303701400757,0.49596303701400757,0.49596303701400757,0.49596303701400757,0.49596303701400757,1503.0,0.4938918352127075,0.4938918352127075,0.4938918352127075,0.4938918352127075,0.4938918352127075,0.4938918352127075,0.4938918352127075,0.4938918352127075,0.4938918352127075,0.4938918352127075,0.4938918352127075,1503.0,0.5041422247886659,0.5041422247886658,0.5041422247886658,0.5041422247886658,0.5041422247886658,0.5041422247886658,0.5041422247886658,0.5041422247886658,0.5041422247886658,0.5041422247886658,0.5041422247886658,1503.0,0.5098302364349365,0.5098302364349365,0.5098302364349365,0.5098302364349365,0.5098302364349365,0.5098302364349365,0.5098302364349365,0.5098302364349365,0.5098302364349365,0.5098302364349365,0.5098302364349365,1503.0,0.5009568333625793,12.6113,119.179,0.238,nllpch,L_PCH [static]
ehrsim2_mixed_static__ours_nllpch__s1,09_sequential_ehr_v2,ehrsim2_mixed,1,ours,0.460486811788048,0.4849004772373178,0.49861674428924785,0.11924199186037188,0.20261830984628196,0.24134466805202937,0.48133467777153793,0.2258610725402832,0.5114943789094194,0.5077153135904601,0.4996683881222,0.12095471171877664,0.20157171480584649,0.24370893249041048,0.5062926935406932,0.21901272237300873,0.500857596650445,0.5007916052008483,0.5060112586569576,0.11414324588229177,0.20242711213018466,0.24175429334409637,0.5025534868360837,0.2084352821111679,0.49153147340396347,0.4980805401654047,0.5037495736328956,0.19036451096885815,0.24951398274355238,0.19334629208423276,0.497787195734088,0.20595264434814453,0.4969920134706007,0.1934158138272444,1321.2523150471925,1456.4404655845628,1091.2634505337571,1195.4909223742575,950.3942148494697,1033.040023444983,957.4188621844256,1128.1840785846916,1080.0822106537114,1203.2888724971237,0.6270005648653737,0.6383542538354253,5311.0,0.5821879118810017,0.04481265298437198,0.5029378531073446,0.250420018355959,0.6939889199331027,8850,static,nllpch,4.321704387664795,746.0,745.0,716.0,1308.0,0.21345165265488253,0.4989073574543,0.4989073574542999,0.4989073574542999,0.4989073574542999,0.4989073574542999,0.4989073574542999,0.4989073574542999,0.4989073574542999,0.4989073574542999,0.4989073574542999,0.4989073574542999,1475.0,0.4926377982061707,0.4891565144062042,0.4891565144062042,0.4891565144062042,0.4891565144062042,0.4891565144062042,0.4891565144062042,0.4891565144062042,0.4891565144062042,0.4891565144062042,0.5108432769775391,1475.0,0.506784200668335,0.506784200668335,0.506784200668335,0.506784200668335,0.506784200668335,0.506784200668335,0.506784200668335,0.506784200668335,0.506784200668335,0.506784200668335,0.506784200668335,1475.0,0.5023818612098694,0.5023818612098694,0.5023818612098694,0.5023818612098694,0.5023818612098694,0.5023818612098694,0.5023818612098694,0.5023818612098694,0.5023818612098694,0.5023818612098694,0.5023818612098694,1475.0,0.5001778043846687,14.6348,100.787,0.205,nllpch,L_PCH [static]
ehrsim2_mixed_static__ours_nllpch__s2,09_sequential_ehr_v2,ehrsim2_mixed,2,ours,0.48316031265730586,0.4923416265574921,0.49707433762265096,0.11480345946594321,0.20558115895242424,0.25054747328245386,0.49085875894581626,0.2295399010181427,0.5330303037702676,0.5124046182082838,0.5005465713596533,0.10570331923293126,0.20170023543767793,0.2479084143517396,0.5153271644460683,0.2170705795288086,0.4917990994119514,0.4913648497118586,0.49688845132195913,0.10952288257837489,0.19225005636478168,0.248525616733197,0.49335080014858973,0.20888501405715942,0.4651739717919392,0.47521501821368456,0.47741701177109575,0.19513846141944452,0.2572316491845478,0.20030760689683955,0.4726020005922398,0.20789647102355957,0.49303468103317855,0.1941016944916963,1391.1987353500704,1502.4292582346689,1117.572003981931,1201.5506602263276,1065.2369902104185,1079.7041432471065,995.8508849326981,1154.3525193683226,1142.4646536187795,1234.5091452691063,0.567726520860136,0.583047619047619,5441.0,0.5835324388899099,-0.015805918029773935,0.5026525198938993,0.2506220688556245,0.6943940232430869,9048,static,nllpch,4.353704929351807,766.0,768.0,725.0,1349.0,0.21464294452889268,0.4971199754967995,0.49293240904808044,0.49293240904808044,0.49293240904808044,0.49293240904808044,0.49293240904808044,0.49293240904808044,0.49293240904808044,0.49293240904808044,0.5070672035217285,0.5070672035217285,1508.0,0.5004362671606002,0.4975705146789551,0.4975705146789551,0.4975705146789551,0.4975705146789551,0.4975705146789551,0.4975705146789551,0.5024303793907166,0.5024303793907166,0.5024303793907166,0.5024303793907166,1508.0,0.49609525265288973,0.49393007159233093,0.49393007159233093,0.49393007159233093,0.49393007159233093,0.49393007159233093,0.49393007159233093,0.49393007159233093,0.49393007159233093,0.49393007159233093,0.5060700178146362,1508.0,0.47767895460128784,0.47767895460128784,0.47767895460128784,0.47767895460128784,0.47767895460128784,0.47767895460128784,0.47767895460128784,0.47767895460128784,0.47767895460128784,0.47767895460128784,0.47767895460128784,1508.0,0.49283261247789434,14.9396,100.94,0.201,nllpch,L_PCH [static]
ehrsim2_mixed_static__ours_nllpch_sample_event_ranking__s0,09_sequential_ehr_v2,ehrsim2_mixed,0,ours,0.4878881037152083,0.492097041113658,0.4978229375408524,0.11125204543775023,0.1967824822275717,0.25257139164932674,0.49260269412323954,0.2308039367198944,0.46846046984177303,0.4836675025566367,0.49640848647720404,0.12226448304002473,0.20720028403785706,0.25599001899183027,0.48284548629187124,0.22298455238342285,0.5149452608894881,0.49719830662067094,0.49487950306288075,0.11774494554159975,0.21008223723777786,0.25470017675428674,0.5023410235243466,0.2102309912443161,0.5132226611828989,0.5109078989212539,0.49002537107922345,0.18464978047927022,0.25173685156632103,0.2028985969108152,0.5047186437277921,0.20746181905269623,0.4956269619168123,0.19732277448953595,1010.7933343386476,1354.5501930967139,923.5733338327452,1144.6307251420528,923.2102105563329,1031.491088109828,1019.5271401614546,1155.3676482835597,969.276004722295,1171.5099136580386,0.7185400399491556,0.7112808145766345,5507.0,0.5627383330306882,0.1558017069184674,0.5117542692392992,0.2510095116892227,0.6951901244129226,9018,static,nllpch_sample_event_ranking,2.542675495147705,759.0,761.0,761.0,1354.0,0.21616520486064922,0.49831649251651056,0.49596303701400757,0.49596303701400757,0.49596303701400757,0.5040377378463745,0.5040377378463745,0.5040377378463745,0.49596303701400757,0.49596303701400757,0.49596303701400757,0.49596303701400757,1503.0,0.5061081647872925,0.5061081647872925,0.5061081647872925,0.5061081647872925,0.5061081647872925,0.5061081647872925,0.5061081647872925,0.5061081647872925,0.5061081647872925,0.5061081647872925,0.5061081647872925,1503.0,0.49794671264188045,0.4958574175834656,0.4958574175834656,0.4958574175834656,0.4958574175834656,0.5041422247886658,0.4958574175834656,0.4958574175834656,0.4958574175834656,0.5041422247886658,0.4958574175834656,1503.0,0.5044967548742165,0.4901699423789978,0.5098302364349365,0.5098302364349365,0.5098302364349365,0.4901699423789978,0.5098302364349365,0.5098302364349365,0.5098302364349365,0.4901699423789978,0.5098302364349365,1503.0,0.501717031204975,13.2857,113.129,0.226,nllpch_sample_event_ranking,L_PCH + L_rank + L_mul (paper) [static]
ehrsim2_mixed_static__ours_nllpch_sample_event_ranking__s1,09_sequential_ehr_v2,ehrsim2_mixed,1,ours,0.460486811788048,0.4849004772373178,0.49861674428924785,0.11897873716329661,0.20185550421884163,0.24113841323575105,0.48133467777153793,0.22588233649730682,0.5114943789094194,0.5077153135904601,0.4996683881222,0.12119106431465745,0.2015636761920475,0.2454771515657595,0.5062926935406932,0.21923141181468964,0.500857596650445,0.5007916052008483,0.5060112586569576,0.11481999965196422,0.20324485358379477,0.24377243409714872,0.5025534868360837,0.20979006588459015,0.49153147340396347,0.4980805401654047,0.5037495736328956,0.19547792093840977,0.26326273152425966,0.20903016241182718,0.497787195734088,0.21235452592372894,0.4969920134706007,0.1966510540748132,1164.045812171985,1401.68560314738,1070.1896681994679,1187.3967880778528,914.8446311605773,1021.6371662174947,1084.9161733035003,1218.180221125288,1058.4990712088825,1207.2249446420037,0.7286763321408398,0.7233751743375175,5311.0,0.5821879118810017,0.1464884202598381,0.500225988700565,0.25179173918873393,0.6967696188078415,8850,static,nllpch_sample_event_ranking,2.51281476020813,746.0,745.0,716.0,1308.0,0.21616074876544486,0.499243277554459,0.4989073574542999,0.4989073574542999,0.4989073574542999,0.4989073574542999,0.4989073574542999,0.4989073574542999,0.4989073574542999,0.4989073574542999,0.4989073574542999,0.5010930895805359,1475.0,0.4926377982061707,0.4891565144062042,0.4891565144062042,0.4891565144062042,0.4891565144062042,0.4891565144062042,0.4891565144062042,0.4891565144062042,0.4891565144062042,0.4891565144062042,0.5108432769775391,1475.0,0.506784200668335,0.506784200668335,0.506784200668335,0.506784200668335,0.506784200668335,0.506784200668335,0.506784200668335,0.506784200668335,0.506784200668335,0.506784200668335,0.506784200668335,1475.0,0.502347466011792,0.49761852622032166,0.5023818612098694,0.5023818612098694,0.5023818612098694,0.5023818612098694,0.5023818612098694,0.5023818612098694,0.5023818612098694,0.5023818612098694,0.5023818612098694,1475.0,0.5002531856101892,11.575,127.429,0.259,nllpch_sample_event_ranking,L_PCH + L_rank + L_mul (paper) [static]
ehrsim2_mixed_static__ours_nllpch_sample_event_ranking__s2,09_sequential_ehr_v2,ehrsim2_mixed,2,ours,0.5168396873426949,0.4923416265574921,0.49707433762265096,0.113983063507091,0.20277204121487463,0.24498701193688865,0.5020852171742793,0.229059636592865,0.5330303037702676,0.5124046182082838,0.49945342864034725,0.10633276242154241,0.2009873716552209,0.24764669021511873,0.5149627835396329,0.2173425555229187,0.4917990994119514,0.4913648497118586,0.49688845132195913,0.11029308625908188,0.1945167241781145,0.2484086172692163,0.49335080014858973,0.21029949188232422,0.4651739717919392,0.47521501821368456,0.47741701177109575,0.20009574541925512,0.2636749254230933,0.21040920351428938,0.4726020005922398,0.21179261803627014,0.49575020036368544,0.1953422702511489,1127.4346344943392,1409.5300244186608,1009.4007664019882,1163.2584699769727,928.9548077656849,1035.7556154570218,1069.3056810928547,1206.264191974629,1033.7739724387168,1203.7020754568211,0.7358941371071495,0.7302857142857142,5441.0,0.5835324388899099,0.15236169821723955,0.5119363395225465,0.25142981815208243,0.6960408738267494,9048,static,nllpch_sample_event_ranking,2.5227017402648926,766.0,768.0,725.0,1349.0,0.2163398385857399,0.4968078063391045,0.49293240904808044,0.5070672035217285,0.5070672035217285,0.49293240904808044,0.49293240904808044,0.49293240904808044,0.49293240904808044,0.49293240904808044,0.49293240904808044,0.5070672035217285,1508.0,0.49968272684722814,0.4975705146789551,0.4975705146789551,0.4975705146789551,0.4975705146789551,0.4975705146789551,0.4975705146789551,0.5024303793907166,0.5024303793907166,0.4975705146789551,0.5024303793907166,1508.0,0.498302244106342,0.5060700178146362,0.49393007159233093,0.49393007159233093,0.49393007159233093,0.49393007159233093,0.49393007159233093,0.49393007159233093,0.49393007159233093,0.5060700178146362,0.5060700178146362,1508.0,0.48023036821148585,0.47767895460128784,0.5223214030265808,0.5223214030265808,0.47767895460128784,0.47767895460128784,0.47767895460128784,0.47767895460128784,0.47767895460128784,0.47767895460128784,0.47767895460128784,1508.0,0.49375578637604006,12.6069,119.617,0.238,nllpch_sample_event_ranking,L_PCH + L_rank + L_mul (paper) [static]
ehrsim2_order__oracle__s0,09_sequential_ehr_v2,ehrsim2_order,0,oracle,0.7810777401957325,0.7330003365186947,0.6718175407724072,0.07540047764128055,0.1383912432288239,0.20845212274350558,0.7286318724956115,0.14074794787120334,0.7456886556663903,0.6881210239494361,0.6511936048075747,0.08756462537048039,0.16525455833563596,0.22371088251807125,0.6950010948078004,0.15884335540806252,0.6830494693946276,0.6469715643126417,0.6062931153403108,0.09118286019925322,0.17849443123789138,0.25254946671677303,0.6454380496825267,0.17407558605130588,0.7557023687857175,0.7093213650434722,0.6817484945895823,0.13220124416433213,0.1947725799644628,0.1764430748192986,0.7155907428062575,0.16780563298269788,0.696165439948049,0.16036813057831742,1503.7862239818026,1376.5253158268865,1365.2515030788936,1249.6304091094821,1477.7459391334444,1295.3400786763286,776.9394733635619,890.8763262728468,1280.9307848894255,1203.093032471386,0.6770833333333334,0.6981676098086768,5520.0,0.6204710144927537,0.05661231884057971,0.5998558438678199,0.22214855209443152,0.6289418423593996,9018,,,,,,,,,,,,,,,,,,,,,,,,,,,,,,,,,,,,,,,,,,,,,,,,,,,,,,,,,,,,,,Oracle (true CIF)
ehrsim2_order__oracle__s1,09_sequential_ehr_v2,ehrsim2_order,1,oracle,0.7964529164872912,0.7316392156274724,0.6903578409233412,0.07844841772423364,0.14536337093043697,0.20614230739177894,0.7394833243460349,0.14331803201548318,0.7596945137296012,0.6983452075343436,0.6652815188259145,0.08883539337103968,0.15779488260943175,0.22433350656102882,0.7077737466966197,0.15698792751383342,0.6588070141202838,0.6208219578484503,0.5849376584363296,0.09193266249250573,0.18423682068544267,0.24749226933872967,0.6215222101350212,0.17455391750555938,0.7504462804835967,0.708494244566432,0.6851180482940838,0.13766612513154372,0.20020914446735183,0.1724008301929315,0.7146861911147041,0.17009203326394237,0.695866368073095,0.1612379775747046,1535.966586912042,1404.3049779893495,1393.8803648324847,1265.3553652777025,1517.4886210087686,1315.10154247191,785.7840916878941,897.7255623515247,1308.2799161102973,1220.6218620226216,0.67946328736489,0.6985240879977722,5366.0,0.6319418561311965,0.04752143123369357,0.6019209039548022,0.22314726555880474,0.6308032490815271,8850,,,,,,,,,,,,,,,,,,,,,,,,,,,,,,,,,,,,,,,,,,,,,,,,,,,,,,,,,,,,,,Oracle (true CIF)
ehrsim2_order__oracle__s2,09_sequential_ehr_v2,ehrsim2_order,2,oracle,0.7848092594829768,0.7256724855516451,0.6807205012828357,0.0791877999855773,0.15485004828362547,0.2097922333762365,0.7304007487724858,0.14794336054847976,0.7532099619938107,0.6909909187806015,0.6541233701240059,0.0806268960647337,0.1636153995082859,0.22755575402686481,0.6994414169661395,0.1572660165332948,0.6967190775928106,0.6430306433157937,0.594699720297536,0.08699790887339967,0.1760504642110784,0.2509389759973947,0.6448164804020468,0.17132911636062423,0.7343864746135006,0.7044533905248969,0.6793901797891047,0.14375976526198497,0.19799843602979345,0.17550170842012203,0.7060766816425007,0.1724199699039668,0.6951838319457931,0.16223961583659138,1573.3251377634458,1433.5105215091035,1399.7653274585102,1276.4556280887027,1521.359777625328,1309.590127520442,765.8124254044592,893.4154098476414,1315.065667062936,1228.2429217414724,0.6850970340534602,0.707047619047619,5462.0,0.640790919077261,0.044306114976199185,0.6065428824049514,0.22417380262610082,0.6339740806495782,9048,,,,,,,,,,,,,,,,,,,,,,,,,,,,,,,,,,,,,,,,,,,,,,,,,,,,,,,,,,,,,,Oracle (true CIF)
ehrsim2_order_bag__coxph__s0,09_sequential_ehr_v2,ehrsim2_order,0,coxph,0.7312714557791712,0.7006220831190713,0.645032525265273,0.0933930076313646,0.15651508489145194,0.2169359294957337,0.6923086880545052,0.15561467400618342,0.6646386563185407,0.6125268652411884,0.5760144578618792,0.11220830014462145,0.19414831037869806,0.2432430354027827,0.6177266598072028,0.1831998819753674,0.6509693880865032,0.6168325648165544,0.584753435782042,0.11040164872929766,0.19060493824035604,0.24747719178999383,0.6175184628950331,0.18282792625321584,0.7007288507916735,0.6713965756433622,0.6494725708075588,0.16222976653797166,0.2161713676274449,0.18212523993599555,0.6738659990808649,0.1868421247004707,0.6503549524594014,0.17712115173380935,1009.4193105571624,1203.6977949619932,888.7243188568926,1012.2791053759917,906.3596222861613,943.9970804887499,842.0276400773761,959.466275841052,911.6327229443981,1029.8600641669466,0.663768115942029,0.676098086769065,5520.0,0.6204710144927537,0.043297101449275344,0.585717453980927,0.23690790788190302,0.6662209596798151,9018,bag,,,,,,,,,,,,,,,,,,,,,,,,,,,,,,,,,,,,,,,,,,,,,,,,,,,,,,,,,,,,,Cox PH (cause-specific) [bag]
ehrsim2_order_bag__coxph__s1,09_sequential_ehr_v2,ehrsim2_order,1,coxph,0.7539329470738245,0.695729936848574,0.6633169425384381,0.09427434360927897,0.15952140146188987,0.20173235745485713,0.7043266088202788,0.15184270084200865,0.6720301682629356,0.6169422579326916,0.5814115923740498,0.11697778329830562,0.1900682084139011,0.23012737687890336,0.6234613395232257,0.17905778953037002,0.6519390148565665,0.6243587009140875,0.603274485071597,0.1080380987169925,0.18866273795589195,0.22823554248467579,0.6265240669474169,0.17497879305252007,0.6907859236643881,0.6675993622686077,0.6523745913007499,0.1669045902705382,0.2224227000581074,0.17731817002957675,0.6702532924112484,0.18888182011940746,0.6561413269255424,0.17369027588607655,975.02575811029,1173.3425100157615,891.2360418036405,1024.6294264457279,919.6460400312244,934.6875506615559,858.8053452196187,970.9298263495588,911.1782962911934,1025.897328368151,0.6846813268729035,0.6978000556947925,5366.0,0.6319418561311965,0.05273947074170704,0.5914124293785311,0.2348867235201621,0.6617165127200205,8850,bag,,,,,,,,,,,,,,,,,,,,,,,,,,,,,,,,,,,,,,,,,,,,,,,,,,,,,,,,,,,,,Cox PH (cause-specific) [bag]
ehrsim2_order_bag__coxph__s2,09_sequential_ehr_v2,ehrsim2_order,2,coxph,0.7519956155554116,0.6992999173963876,0.6655857041024712,0.09105225847358751,0.16387271054775904,0.20627892829235764,0.7056270790180901,0.1537346324379014,0.6685281411077175,0.6210964756837196,0.5863115956523474,0.10054485015895794,0.18689249918040252,0.23816347136871213,0.6253120708145948,0.17520027356935752,0.650977922282801,0.621194528862796,0.5888521865327767,0.10249681738664175,0.18325395070160425,0.24263996986153683,0.6203415458927913,0.17613024598326096,0.6803680773526459,0.6579755671541611,0.6413442024696502,0.1759804211192786,0.2228020722610375,0.18321284163373516,0.6598959489921524,0.19399844500468377,0.6527941611794071,0.17476589924880093,1026.1660824283601,1208.0677002523425,908.1664043330469,1025.1904672746493,898.8916535556049,939.3640684114506,842.0812983522146,971.0495953179526,918.8263596673066,1035.9179578140988,0.6893079458073965,0.7074557823129252,5462.0,0.640790919077261,0.04851702673013547,0.6032272325375774,0.23361018130428352,0.6595446791963746,9048,bag,,,,,,,,,,,,,,,,,,,,,,,,,,,,,,,,,,,,,,,,,,,,,,,,,,,,,,,,,,,,,Cox PH (cause-specific) [bag]
ehrsim2_order_bag__ours_nllpch__s0,09_sequential_ehr_v2,ehrsim2_order,0,ours,0.7750998972365865,0.7244034318492841,0.671104035547983,0.09127904315787368,0.1485415369770771,0.2055033997606525,0.7235357882112846,0.19027654826641083,0.6778763573167028,0.6254870552515577,0.5715213405606439,0.10797230226345539,0.19054415543212117,0.24284678981980784,0.6249615843763014,0.20490024983882904,0.6571806652758653,0.6115882811365023,0.5831363957036596,0.10562171601747038,0.18831681999411165,0.25314338989208723,0.6173017807053425,0.19956064224243164,0.7055276345586546,0.6696662425943676,0.6460527497804196,0.1500863590000464,0.20791368000598467,0.19301213395588346,0.6737488756444806,0.17859667539596558,0.6598870072343523,0.17373177718971428,982.707995403407,1172.8521206382795,1043.2308148203288,1088.8920154026514,1031.158681480381,1001.8363434649041,810.1638317523228,938.5644407246126,966.8153308641099,1050.5362300576119,0.6516304347826087,0.6640797628671518,5520.0,0.6204710144927537,0.031159420289855078,0.5969172765579951,0.23219803650773532,0.6556116556902951,9018,bag,nllpch,4.157012939453125,742.0,787.0,763.0,1342.0,0.1910795827873408,0.6236992113354827,0.6260817050933838,0.6260459423065186,0.6244415044784546,0.6241689324378967,0.6250588297843933,0.6256893873214722,0.6249886155128479,0.6237711310386658,0.6251154541969299,0.6172277927398682,1503.0,0.5378633049310206,0.5643956661224365,0.5553187131881714,0.5577492713928223,0.5510322451591492,0.5407895445823669,0.5421749949455261,0.5416646599769592,0.54408198595047,0.5473951697349548,0.4931892156600952,1503.0,0.5593504147848523,0.5638598203659058,0.5653570294380188,0.5636436343193054,0.5685467720031738,0.5665757656097412,0.5657187104225159,0.5626806020736694,0.5590591430664062,0.5539005994796753,0.5479068160057068,1503.0,0.6336837098950167,0.6222978234291077,0.6344497203826904,0.6338222026824951,0.6365151405334473,0.636124849319458,0.6365842819213867,0.6350005865097046,0.6346873641014099,0.6345139741897583,0.6290793418884277,1503.0,0.5886491602365931,13.0358,115.298,0.23,nllpch,L_PCH [bag]
ehrsim2_order_bag__ours_nllpch__s1,09_sequential_ehr_v2,ehrsim2_order,1,ours,0.7642680319401581,0.7021877928915711,0.658433860050573,0.09597296216615037,0.15757661992538666,0.20380429879535056,0.7082965616274342,0.19364260137081146,0.6744680463885286,0.6424175776585151,0.5802431616518698,0.1175638837832477,0.1925035258649534,0.23683681065367568,0.6323762618996379,0.20578500628471375,0.6801345751335595,0.6343105963080122,0.6083208333047214,0.10521484998722942,0.1895070558501691,0.23420789454790403,0.6409220015820977,0.19564372301101685,0.687683956830723,0.6535045525254259,0.6316414771271565,0.15416724830942846,0.2157900049318352,0.19039222862493416,0.6576099954944352,0.18341831862926483,0.6598012051509012,0.17446144862002205,979.9537653567039,1182.4658516704937,905.8347334897751,1045.905328553909,954.1315776101804,949.0249347781188,862.6402962789156,979.3327501509038,925.6400931838938,1039.1822162883564,0.7139396198285501,0.7261487050960735,5366.0,0.6319418561311965,0.08199776369735368,0.5988700564971752,0.23476464434793137,0.6617006621082819,8850,bag,nllpch,4.175206184387207,741.0,763.0,736.0,1308.0,0.19289968103556784,0.6126961763389791,0.6077427268028259,0.6090713143348694,0.6103115677833557,0.610991895198822,0.611301064491272,0.6110841631889343,0.6126186847686768,0.6145623326301575,0.614316999912262,0.6159204840660095,1475.0,0.553211892542438,0.5582559108734131,0.5568857789039612,0.5632430911064148,0.5646587610244751,0.5552579164505005,0.5574941039085388,0.5592107176780701,0.5581356287002563,0.5442489385604858,0.5366692543029785,1475.0,0.5722617689201628,0.5726985931396484,0.5707197189331055,0.5746767520904541,0.5771222114562988,0.5759913325309753,0.5764439105987549,0.5777124166488647,0.5776363015174866,0.5713348388671875,0.5575556755065918,1475.0,0.6244249991418711,0.6313279271125793,0.6351253390312195,0.632075309753418,0.6307896971702576,0.6305426955223083,0.6280981302261353,0.6233304142951965,0.6255894303321838,0.621616005897522,0.6182374954223633,1475.0,0.5906487092358628,12.9039,114.307,0.232,nllpch,L_PCH [bag]
ehrsim2_order_bag__ours_nllpch__s2,09_sequential_ehr_v2,ehrsim2_order,2,ours,0.7589840986562524,0.6891887269539748,0.6550661765315586,0.08651602154644258,0.15811155797128912,0.20409810274667237,0.7010796673805952,0.19184201955795288,0.6465822441094018,0.6163952620198889,0.5580832063013114,0.09998557805429799,0.1873239472044203,0.24312504194687234,0.6070202374768674,0.20494379103183746,0.6572506483526797,0.6263440382912865,0.5884132775732871,0.10290477594413641,0.18197775293789656,0.2418102606905731,0.6240026547390843,0.19912214577198029,0.6680642000921997,0.6480629735993461,0.6296906218957543,0.16512281612692462,0.21439087155030642,0.19594213463017932,0.6486059318624334,0.18350377678871155,0.645177122864745,0.17344240511250092,1097.0348951607327,1221.6022466998618,990.1742253372872,1074.1642084867353,917.0814294156277,940.4398246826726,846.0078075164902,970.02441195746,962.5745893575344,1051.5576729566824,0.7050530941047235,0.7202448979591837,5462.0,0.640790919077261,0.06426217502746245,0.6027851458885941,0.23344564466242984,0.6590480444182659,9048,bag,nllpch,4.178771018981934,758.0,780.0,735.0,1341.0,0.19305637787654378,0.6318094981030915,0.62665855884552,0.6289232969284058,0.6288385987281799,0.6322674751281738,0.6304877400398254,0.6296863555908203,0.6335628628730774,0.6352171897888184,0.6352759599685669,0.629555344581604,1508.0,0.5274548014795593,0.5437861084938049,0.5464345216751099,0.5445941686630249,0.5411774516105652,0.5406118631362915,0.5386649966239929,0.5354125499725342,0.5297337174415588,0.5280103087425232,0.48392435908317566,1508.0,0.5626256424845386,0.5717958807945251,0.5725591778755188,0.5665416121482849,0.5660610198974609,0.5654765367507935,0.5636802911758423,0.5660030841827393,0.5689951777458191,0.5616747140884399,0.5485167503356934,1508.0,0.620901657559405,0.6086133122444153,0.6167328357696533,0.6164988875389099,0.6179235577583313,0.6208662390708923,0.6191145777702332,0.6200257539749146,0.6215487718582153,0.6237814426422119,0.6218703985214233,1508.0,0.5856978999066486,12.9339,116.593,0.232,nllpch,L_PCH [bag]
ehrsim2_order_bag__ours_nllpch_sample_event_ranking__s0,09_sequential_ehr_v2,ehrsim2_order,0,ours,0.7579580884441329,0.697384208933347,0.6576029694715254,0.1003238309330746,0.17601919449735687,0.23068333003604533,0.7043150889496684,0.21400289237499237,0.6533266456237891,0.6071533933315293,0.5663224706808718,0.11493521700670957,0.19867615969965507,0.24608839033296775,0.6089341698787301,0.20620474219322205,0.6560622069014925,0.6024241361800001,0.5838662801644859,0.11144419572676045,0.1963009162993096,0.24604876401368952,0.6141175410819928,0.1994846910238266,0.7030543651619401,0.6672369338011651,0.6410786335411953,0.16545761471336443,0.2326647401756905,0.20685674159638714,0.6704566441681002,0.19686055183410645,0.6494558610196229,0.1854582579192509,1029.7159922818691,1298.9652290168428,932.2587404859127,1049.5528150686953,847.8363584072017,942.956610411161,966.1130487692803,1074.2596336018855,943.981034986066,1091.4335720246463,0.7646739130434783,0.767475074104015,5520.0,0.6204710144927537,0.14420289855072466,0.5687513861166555,0.24392997065572147,0.680924164189022,9018,bag,nllpch_sample_event_ranking,2.4577736854553223,742.0,787.0,763.0,1342.0,0.20293532142566337,0.6070811948981605,0.6078178882598877,0.6129431128501892,0.6125580668449402,0.6069228649139404,0.6046033501625061,0.6092920303344727,0.6078017950057983,0.6077127456665039,0.6083844900131226,0.6002992391586304,1503.0,0.5416614090902276,0.5257530212402344,0.547842800617218,0.5416890978813171,0.5415084958076477,0.5477986335754395,0.5502971410751343,0.5457525849342346,0.5378576517105103,0.5429022312164307,0.5315351486206055,1503.0,0.5693857356288649,0.5854374766349792,0.573516845703125,0.5745528936386108,0.5621317625045776,0.5590202212333679,0.5623745918273926,0.567491352558136,0.5751798152923584,0.5658125877380371,0.5782119035720825,1503.0,0.6300099549287117,0.6084243655204773,0.630884051322937,0.6320016980171204,0.6320396065711975,0.6304952502250671,0.6310803294181824,0.6324553489685059,0.6316116452217102,0.6282567977905273,0.6282557249069214,1503.0,0.5870345736364911,12.7668,117.727,0.235,nllpch_sample_event_ranking,L_PCH + L_rank + L_mul (paper) [bag]
ehrsim2_order_bag__ours_nllpch_sample_event_ranking__s1,09_sequential_ehr_v2,ehrsim2_order,1,ours,0.7564977844367665,0.6988708846468453,0.6519879316558425,0.10368838494575297,0.17679309253048067,0.22240033184133282,0.7024522002464848,0.2086154669523239,0.6470582525606783,0.608695024068835,0.5631307022372709,0.1190293118287764,0.1986438555360501,0.24219406245460473,0.6062946596222615,0.20909039676189423,0.6527114429187214,0.626987830948013,0.5984608707910613,0.10909338634980646,0.19497094505992354,0.2382832713491192,0.6260533815525986,0.19879060983657837,0.6922587748683431,0.6603499300150547,0.6273625711579024,0.16934150777608314,0.24212191421866897,0.20288040227817414,0.6599904253471002,0.19953638315200806,0.6486976666921113,0.1849533721807311,997.3229985513753,1266.6082146664153,962.0430887907963,1074.8798166385693,893.7991644602843,947.9529571191594,979.6434647067573,1086.0801044031696,958.2021791273033,1093.8802732068284,0.7776742452478569,0.7824004455583403,5366.0,0.6319418561311965,0.14573238911666042,0.5749152542372882,0.2429746359158508,0.6789388993199803,8850,bag,nllpch_sample_event_ranking,2.4569125175476074,741.0,763.0,736.0,1308.0,0.20333244412163065,0.6057066531519135,0.6110657453536987,0.6090136170387268,0.6097671985626221,0.6059902310371399,0.6097277998924255,0.6080422401428223,0.6030912399291992,0.604205310344696,0.6093813180923462,0.597095787525177,1475.0,0.5301606586665255,0.5487574338912964,0.5461261868476868,0.5459031462669373,0.5472087860107422,0.5433778166770935,0.5397936105728149,0.5413976907730103,0.5348300337791443,0.524961531162262,0.4850955009460449,1475.0,0.5656505233530352,0.5633551478385925,0.5703969597816467,0.5726084113121033,0.5693971514701843,0.5732945203781128,0.573573112487793,0.5680052638053894,0.5701348781585693,0.5491771697998047,0.5622390508651733,1475.0,0.6240154869628062,0.6103066802024841,0.630992591381073,0.6276677250862122,0.6291671991348267,0.6273621916770935,0.6323933005332947,0.631130576133728,0.6240245699882507,0.6124960780143738,0.6220175623893738,1475.0,0.5813833305335702,11.768,125.34,0.255,nllpch_sample_event_ranking,L_PCH + L_rank + L_mul (paper) [bag]
ehrsim2_order_bag__ours_nllpch_sample_event_ranking__s2,09_sequential_ehr_v2,ehrsim2_order,2,ours,0.7696452325477268,0.7035596645727883,0.6651251847830925,0.09573370306223095,0.18092334996883072,0.22463130940346163,0.7127766939678692,0.21264323592185974,0.6122665949585342,0.5888345984614494,0.5464500845959747,0.10321314270473533,0.19643445917545932,0.24436600398485153,0.5825170926719861,0.20746734738349915,0.674015506682649,0.6511599650315218,0.5999370994644728,0.1020542528976074,0.18928475756246574,0.24314369747125933,0.6417041903928812,0.20134104788303375,0.6737065350715945,0.6557544643069113,0.6333946972481816,0.17642841686382194,0.24263681241890567,0.21425476722297757,0.6542852322088958,0.20243710279464722,0.6478208023104082,0.18442538939471728,999.2291200346353,1292.2083409005088,971.9928812170245,1075.0580750226604,858.4433969949185,949.6420220104012,1020.3782224976836,1120.6369257202848,962.5109051860655,1109.3863409134638,0.7705968509703406,0.774204081632653,5462.0,0.640790919077261,0.12980593189307954,0.5466401414677277,0.24650288259328712,0.6861092190739436,9048,bag,nllpch_sample_event_ranking,2.494436264038086,758.0,780.0,735.0,1341.0,0.2054404894381712,0.6328158559866798,0.635317325592041,0.6376271843910217,0.6379503607749939,0.6386319398880005,0.6350071430206299,0.6317048072814941,0.629962146282196,0.6293429732322693,0.6272088885307312,0.6350942850112915,1508.0,0.5262266533537061,0.539107084274292,0.5436401963233948,0.5316674113273621,0.5356801748275757,0.5329321026802063,0.5328572392463684,0.5320207476615906,0.5199905633926392,0.5153133869171143,0.517146110534668,1508.0,0.5721484691072086,0.5749913454055786,0.5779553651809692,0.5785249471664429,0.5759505033493042,0.5833193063735962,0.583204984664917,0.580074667930603,0.5718596577644348,0.5510408282279968,0.5689335465431213,1508.0,0.6243349007363372,0.6188551783561707,0.6249682307243347,0.6275903582572937,0.6270123720169067,0.6269007325172424,0.6270608305931091,0.6252819895744324,0.6254152059555054,0.6259558796882629,0.6182842254638672,1508.0,0.5888814697959829,16.3595,92.179,0.183,nllpch_sample_event_ranking,L_PCH + L_rank + L_mul (paper) [bag]
ehrsim2_order_sequence__deephit_paper__s0,09_sequential_ehr_v2,ehrsim2_order,0,deephit_paper,0.7455083851847584,0.702874878266261,0.636822636323931,0.11456230856522716,0.2266974919329736,0.3405587606753909,0.6950686332583168,0.3366183340549469,0.6149864828481095,0.559645290225346,0.5188308493745765,0.12789048116235677,0.24879433190444644,0.36776538403156955,0.5644875408160107,0.3831007182598114,0.669479017611581,0.618652436363751,0.5854609678982496,0.12840052911584768,0.2501627203371327,0.4081027164482908,0.6245308072911938,0.36011043190956116,0.7077111329307179,0.6799964164778335,0.6528668961290641,0.17002727709620682,0.24803324011875508,0.20371713923416107,0.6801914818458719,0.20397411286830902,0.6410696158028483,0.23622603171852988,2833.6485363976903,2194.848261191907,2859.1874041300025,2377.8518974795034,2757.246245166891,2345.1461118928087,1032.4848118283867,1121.8008397438384,2370.6417493807426,2009.9117775770146,0.3835144927536232,0.40641336566963077,5520.0,0.6204710144927537,-0.23695652173913045,0.5215125304945665,0.28972170193561764,0.7862332242869928,9018,sequence,,8.750962257385254,742.0,787.0,763.0,1342.0,0.302633073240371,0.5990523636967193,0.5981370210647583,0.598203182220459,0.5966175198554993,0.5958731174468994,0.595993161201477,0.5971127152442932,0.5971958637237549,0.6004868149757385,0.6025010943412781,0.6026058197021484,1503.0,0.5159881829873039,0.5108943581581116,0.516369640827179,0.5211184024810791,0.5173905491828918,0.5149614214897156,0.5130990147590637,0.5149579644203186,0.5144607424736023,0.5172074437141418,0.5173941850662231,1503.0,0.5733604935743388,0.5640062689781189,0.5759263634681702,0.5747182369232178,0.5724649429321289,0.5752585530281067,0.5724591612815857,0.5766474008560181,0.5743709206581116,0.5716094374656677,0.5716044306755066,1503.0,0.6415431772948391,0.6395418047904968,0.6411674618721008,0.6405877470970154,0.6409602165222168,0.6416753530502319,0.6440308094024658,0.6461966037750244,0.6423341631889343,0.6393947005271912,0.6393948793411255,1503.0,0.5824860543883004,13.276,113.212,0.226,,DeepHit [sequence]
ehrsim2_order_sequence__deephit_paper__s1,09_sequential_ehr_v2,ehrsim2_order,1,deephit_paper,0.7423395894198251,0.6855193849588138,0.6399532937957456,0.11689960919507648,0.22084680160167128,0.31801046512793674,0.6892707560581282,0.3213895559310913,0.639784504300093,0.6098592701290743,0.5586554376807378,0.13138134328362844,0.2431082894525235,0.3724433724101315,0.6027664040366351,0.3574028015136719,0.6218926951485185,0.5860113104622826,0.5741968496649361,0.11444272319082022,0.22264423822503374,0.3381852055953741,0.5940336184252458,0.3087629973888397,0.7052115955727105,0.6699342469676254,0.6552880025475011,0.1633210611997022,0.23823619958784092,0.19771319390042594,0.6768112816959456,0.19708433747291565,0.6407205150539886,0.22310270856418044,2687.9875979803905,2115.602276323781,2722.4923012458603,2239.587195224081,2443.3946742542216,2056.6673506318366,982.1097567463055,1083.2267917055522,2208.9960825566945,1873.7709034713127,0.41073425270219904,0.43890281258702313,5366.0,0.6319418561311965,-0.22120760342899742,0.5300564971751413,0.277820576187536,0.7562782419960186,8850,sequence,,8.766087532043457,741.0,763.0,736.0,1308.0,0.28068880439476607,0.6058286870896694,0.6026505827903748,0.608320951461792,0.6080155372619629,0.6025993227958679,0.5999053716659546,0.6004328727722168,0.6027458906173706,0.6079832911491394,0.6104163527488708,0.610386848449707,1475.0,0.5432498386839593,0.5460209846496582,0.5441540479660034,0.5464919209480286,0.5459951162338257,0.544376015663147,0.5407784581184387,0.5450964570045471,0.5447143316268921,0.5407006144523621,0.5406715869903564,1475.0,0.5570217085417134,0.546515703201294,0.5498022437095642,0.5524718761444092,0.5550262928009033,0.5515564680099487,0.5553260445594788,0.5575929284095764,0.557147741317749,0.5611037015914917,0.5610920190811157,1475.0,0.6398131694601056,0.6301308274269104,0.6379284262657166,0.6377584934234619,0.6332073211669922,0.6316249966621399,0.6305872797966003,0.6411653161048889,0.63896644115448,0.6451695561408997,0.6451907157897949,1475.0,0.5864783509438619,14.9076,98.943,0.201,,DeepHit [sequence]
ehrsim2_order_sequence__deephit_paper__s2,09_sequential_ehr_v2,ehrsim2_order,2,deephit_paper,0.7608700476602099,0.6991893877528144,0.6584502553189687,0.11242954733848715,0.23891928623506847,0.3402969493710286,0.7061698969106643,0.3365348279476166,0.594718621707106,0.5730413826046701,0.5306746086453089,0.10997262961773806,0.23584184522127355,0.3568445021724472,0.566144870985695,0.3541633188724518,0.658901764247615,0.6144427867403701,0.5773021920550034,0.11403947447072564,0.2289819874101458,0.3495552697432903,0.6168822476809962,0.3105749189853668,0.684454445073084,0.6683988949997273,0.6464318956950108,0.1806532816972639,0.24654405591520384,0.20513945126184674,0.6664284119226074,0.20255199074745178,0.6389063568749908,0.22660152337120995,2807.454940297523,2193.78889104222,2704.6766273876483,2229.0478840827227,2500.697594713273,2077.32715279102,1017.8898692546147,1121.949965004045,2257.679757913265,1905.528473230002,0.43976565360673747,0.4680544217687075,5462.0,0.640790919077261,-0.20102526547052357,0.5296198054818745,0.2793480105405578,0.7594657695974594,9048,sequence,,8.503479957580566,758.0,780.0,735.0,1341.0,0.2853446522831719,0.6232743196356029,0.6196648478507996,0.6218421459197998,0.6187226176261902,0.6244197487831116,0.6276753544807434,0.6256471276283264,0.6208699345588684,0.6226775050163269,0.6235003471374512,0.6234368085861206,1508.0,0.5136294374915318,0.5286301970481873,0.5257622599601746,0.5202220678329468,0.5212063193321228,0.5162564516067505,0.5149242877960205,0.5126146674156189,0.512848973274231,0.5077621340751648,0.5078600645065308,1508.0,0.5565561582865647,0.5608011484146118,0.5635374784469604,0.5611791014671326,0.5595659017562866,0.5543303489685059,0.556907594203949,0.561790406703949,0.5556864142417908,0.5533792972564697,0.5530891418457031,1508.0,0.6395321330823,0.6391676068305969,0.6386714577674866,0.6355903148651123,0.6376330852508545,0.6425374746322632,0.6441585421562195,0.640101969242096,0.6381321549415588,0.6388249397277832,0.6388469934463501,1508.0,0.5832480121239998,12.9896,116.093,0.231,,DeepHit [sequence]
ehrsim2_order_sequence__mensa_paper__s0,09_sequential_ehr_v2,ehrsim2_order,0,mensa_paper,0.7052237712985508,0.6834083070747825,0.6360168253848041,0.11000897962258899,0.17999419273027262,0.23411432025705564,0.6748829679193792,0.21442925930023193,0.6660034252813608,0.6121478592111117,0.5783272407573206,0.12342776519891609,0.20526907025568336,0.2510135263062837,0.6188261750832643,0.21082592010498047,0.6717395779164701,0.6186272066093996,0.5916434074115111,0.12327354596282043,0.20614489112872547,0.24605644607318786,0.6273367306457936,0.20232272148132324,0.7049930150319816,0.669624176191761,0.6361176959781565,0.15651398463518332,0.21922183450020863,0.2007581606525238,0.6702449624006329,0.18757006525993347,0.6478227090122675,0.18798305977695415,1123.439172293982,1312.3482782085166,978.7414951383117,1074.4445618002235,854.336771387188,929.7472978815058,907.6696874997842,1023.3855131557444,966.0467815798165,1084.9814127614977,0.7193840579710145,0.7220964699541903,5520.0,0.6204710144927537,0.0989130434782608,0.5722998447549346,0.23972341699336652,0.671886795393062,9018,sequence,,19.314594268798828,742.0,787.0,763.0,1342.0,0.20118816004195708,0.5843120666987756,0.582841157913208,0.5854977965354919,0.586808979511261,0.5879616737365723,0.5890385508537292,0.5907120108604431,0.5925722718238831,0.5954990386962891,0.6051225662231445,0.5379709005355835,1503.0,0.5161324905282805,0.553814709186554,0.5538467168807983,0.5539177656173706,0.5536794066429138,0.5534043312072754,0.5525484681129456,0.5490109324455261,0.5271797180175781,0.45131927728652954,0.44779878854751587,1503.0,0.5590859650875843,0.5545800924301147,0.5565661787986755,0.5587922930717468,0.5606512427330017,0.5631469488143921,0.5663647055625916,0.5678120255470276,0.562165379524231,0.5540803670883179,0.5482985377311707,1503.0,0.5979744268856027,0.5532923936843872,0.5932918787002563,0.6247552633285522,0.6323094367980957,0.631972074508667,0.6312187314033508,0.6305320858955383,0.6290314793586731,0.5775088667869568,0.5367581844329834,1503.0,0.5643762373000608,15.477,97.112,0.194,,MENSA [sequence]
ehrsim2_order_sequence__mensa_paper__s1,09_sequential_ehr_v2,ehrsim2_order,1,mensa_paper,0.7621512470734727,0.69946298572921,0.6547045506498379,0.09629997121438418,0.1634936715259802,0.21039705077463786,0.7054395944841735,0.1974111646413803,0.6362113628550974,0.6125360955264205,0.5558767752935739,0.12255446841604006,0.2026748654610025,0.24421427138153476,0.6015414112250306,0.21108242869377136,0.6583693513958173,0.5971301816833082,0.5728502124602725,0.10934127399468577,0.19696585263764257,0.24125571983802443,0.6094499151797993,0.201054647564888,0.6965523835479775,0.659187804955193,0.6388423428935536,0.15506341338333895,0.21370654485388474,0.19078034569073193,0.6648608437989081,0.1829245388507843,0.6453229411719779,0.178895620764324,940.8788682102656,1192.4311895368633,958.3186576791314,1076.7095313908949,996.669012733843,985.9936490393455,813.8683889445861,949.4243430746507,927.4337318919565,1051.1396782604386,0.6759224748415952,0.6909217488164856,5366.0,0.6319418561311965,0.04398061871039871,0.5779661016949152,0.23841537658589657,0.6689358448955517,8850,sequence,,18.83290672302246,741.0,763.0,736.0,1308.0,0.19576637077711212,0.6107509641064754,0.6121706962585449,0.6120766401290894,0.6123276948928833,0.6125379800796509,0.6120783090591431,0.611630916595459,0.6115550994873047,0.6109460592269897,0.6079718470573425,0.6086285710334778,1475.0,0.5216440249269253,0.5400277972221375,0.5474910736083984,0.5503724813461304,0.550214946269989,0.5489123463630676,0.5464829802513123,0.5432348847389221,0.5321958065032959,0.4791792631149292,0.4654448330402374,1475.0,0.546649100557757,0.5603122711181641,0.5610021352767944,0.5572914481163025,0.5547610521316528,0.5537464022636414,0.55293208360672,0.5541135668754578,0.5573591589927673,0.5621862411499023,0.49942150712013245,1475.0,0.6308995760614288,0.6341772079467773,0.6341928839683533,0.6325136423110962,0.6317160725593567,0.6313891410827637,0.6313104629516602,0.6313351392745972,0.6308199167251587,0.6293331980705261,0.6306594610214233,1475.0,0.5774859164131466,14.0259,105.163,0.214,,MENSA [sequence]
ehrsim2_order_sequence__mensa_paper__s2,09_sequential_ehr_v2,ehrsim2_order,2,mensa_paper,0.7392343250600271,0.6907151404030983,0.6682154360929318,0.0951045802277354,0.16799567264032844,0.21005399630126018,0.6993883005186857,0.19841615855693817,0.6253279428874695,0.5817184988802631,0.5502220124779915,0.10250431293989107,0.19443800084856702,0.24634213018278636,0.5857561514152414,0.20740865170955658,0.6697560424712373,0.6339995421152538,0.5925751940802566,0.10464253842630897,0.18296711120147116,0.24010578150395032,0.6321102595555825,0.19902530312538147,0.6631667431657774,0.6505908980219306,0.6356286033978954,0.17399638983609028,0.22432534816427316,0.19312389426810117,0.6497954148618678,0.18804940581321716,0.6417625315878444,0.17796664637839696,1122.7118289252442,1254.1360605334075,962.2821374068564,1071.1114475896036,901.6216270192964,944.492195721005,870.6516468452023,992.3969458725987,964.3168100491498,1065.5341624291536,0.7164042475283778,0.7287891156462585,5462.0,0.640790919077261,0.07561332845111679,0.6009062776304156,0.23428366382051735,0.6604626838908583,9048,sequence,,18.843360900878906,758.0,780.0,735.0,1341.0,0.196634213478775,0.6245102391670496,0.60347580909729,0.6086490750312805,0.6138267517089844,0.6191331148147583,0.6248018741607666,0.6295322775840759,0.6307616233825684,0.6325083374977112,0.6350650191307068,0.6155577898025513,1508.0,0.513151836170576,0.5285124182701111,0.529423177242279,0.5302557945251465,0.5303000211715698,0.5305729508399963,0.531187891960144,0.5319582223892212,0.5256726741790771,0.4835349917411804,0.4726482927799225,1508.0,0.5562859323506479,0.5628681778907776,0.5644659996032715,0.5657011866569519,0.5665411949157715,0.5666135549545288,0.5661081075668335,0.5652420520782471,0.5675663352012634,0.5619229078292847,0.5149813890457153,1508.0,0.6187508539121719,0.6133971810340881,0.6187362670898438,0.6208316683769226,0.6220642924308777,0.6236507296562195,0.626819372177124,0.6285326480865479,0.6285420656204224,0.6260377764701843,0.5936430096626282,1508.0,0.5781747154001113,13.0053,115.953,0.231,,MENSA [sequence]
ehrsim2_order_sequence__ours_nllpch__s0,09_sequential_ehr_v2,ehrsim2_order,0,ours,0.7486027576613283,0.7005109472269815,0.6484423939786305,0.09399540217005312,0.15590680368720938,0.21263301429133016,0.6991853662889801,0.19675149023532867,0.6620139780811869,0.5944398500084674,0.5586362848746228,0.11145146667009934,0.19536040348773745,0.24341188869232971,0.605030037654759,0.20457817614078522,0.6539317388530894,0.623121687494345,0.5926550614072926,0.10489835497793636,0.18534751308188005,0.2391750607198319,0.623236162584909,0.1920487880706787,0.7232475735354561,0.6799800488609333,0.6477305328721259,0.14648611419495616,0.2085759319610018,0.19295763362081156,0.6836527184228384,0.17827165126800537,0.6527760712378716,0.17418329896293142,999.3976211855969,1210.2428901544868,891.2175612200057,1031.5790638228677,818.0978678430049,898.542747303135,834.0499334464838,949.8676543755713,885.6907459237729,1022.5580889140152,0.6985507246376812,0.7088116410670978,5520.0,0.6204710144927537,0.07807971014492754,0.5950321579064094,0.23438198858205356,0.6603075992475054,9018,sequence,nllpch,4.174372673034668,742.0,787.0,763.0,1342.0,0.19063467575041357,0.6060130050327598,0.6084117293357849,0.6095855832099915,0.606977641582489,0.6030510663986206,0.6044508218765259,0.6079828143119812,0.6097304224967957,0.6081432700157166,0.6054610013961792,0.6009321212768555,1503.0,0.5372013482198297,0.5422012209892273,0.5418485999107361,0.546598494052887,0.5417747497558594,0.5373137593269348,0.5348197221755981,0.5344052314758301,0.528238832950592,0.52695631980896,0.5510032773017883,1503.0,0.5727758480288093,0.5765478610992432,0.575686514377594,0.5752661824226379,0.5743754506111145,0.5745018124580383,0.5720251798629761,0.5742629766464233,0.5765049457550049,0.5716115832328796,0.5669136643409729,1503.0,0.637598965687727,0.6305392384529114,0.6399154663085938,0.6411656141281128,0.6419152617454529,0.6432175040245056,0.6418629884719849,0.6417493224143982,0.6395894885063171,0.634405255317688,0.6309128403663635,1503.0,0.5883972917422815,13.9725,107.568,0.215,nllpch,L_PCH [sequence]
ehrsim2_order_sequence__ours_nllpch__s1,09_sequential_ehr_v2,ehrsim2_order,1,ours,0.7559244109745825,0.6860489736726972,0.6374642060346611,0.09571070004773094,0.16258028070843228,0.21127571250444174,0.693145863560647,0.1997952163219452,0.6250236099063027,0.6024341035414195,0.564657284198754,0.11864225049316597,0.19246316651952106,0.24220819821142553,0.5973716658821587,0.20641452074050903,0.6400480613396256,0.5954030822845126,0.5743369506751094,0.10730382796097172,0.19200680458713124,0.24624801587452128,0.6032626980997492,0.20235797762870789,0.7082735261310222,0.6752065116814556,0.6592583974325762,0.15211575604148822,0.21105248851726344,0.1869963878031447,0.6809128117483514,0.18113113939762115,0.6436732598227266,0.17655029910576983,1055.2889230872047,1220.6904000424765,1018.2841462029744,1089.6419182840737,1065.9127429132798,996.2521363182902,855.630947722053,959.2195940703039,998.7791899813778,1066.4510121787862,0.6595229221021245,0.672458925090504,5366.0,0.6319418561311965,0.02758106597092802,0.5887005649717514,0.23704990052409905,0.6672258620421974,8850,sequence,nllpch,4.229234218597412,741.0,763.0,736.0,1308.0,0.19486965515399865,0.6030855289597286,0.6014627814292908,0.6036880612373352,0.604438841342926,0.6015661358833313,0.601863443851471,0.5976689457893372,0.5979546308517456,0.601958155632019,0.6032280325889587,0.6131328344345093,1475.0,0.5357289230959685,0.5381848812103271,0.5358426570892334,0.5396662950515747,0.5380066633224487,0.5379774570465088,0.5399277806282043,0.5418640971183777,0.5422844886779785,0.5415527820587158,0.5117616653442383,1475.0,0.5507287506039158,0.5478103756904602,0.5511854290962219,0.5551650524139404,0.5512790083885193,0.5517709851264954,0.5476130843162537,0.5552536845207214,0.5522640943527222,0.5503484606742859,0.5464898943901062,1475.0,0.6471750966419167,0.64169842004776,0.6262093782424927,0.6501008868217468,0.64634108543396,0.6480951309204102,0.647367000579834,0.648407518863678,0.6478687524795532,0.649540364742279,0.6457306146621704,1475.0,0.5841795748253824,13.5906,108.531,0.221,nllpch,L_PCH [sequence]
ehrsim2_order_sequence__ours_nllpch__s2,09_sequential_ehr_v2,ehrsim2_order,2,ours,0.7607000071214128,0.6968232152165623,0.6606671810066235,0.09085086112906039,0.16693415945230394,0.20951884607423876,0.706063467781533,0.19689048826694489,0.6069836378141907,0.5758719404444947,0.543720852626717,0.10234592610590253,0.19345729702151634,0.24317174807340494,0.5755254769618008,0.2051311433315277,0.6622188594422798,0.6318828613724691,0.5928098448797348,0.10293199181062405,0.18702330692549285,0.23769829579829993,0.6289705218981612,0.19854356348514557,0.6854673353990928,0.663134787667395,0.6435036384219661,0.16930487755339288,0.2154036162013896,0.19672102282721876,0.6640352538294846,0.18477743864059448,0.6436486801177449,0.17628016241440375,1156.6041865423922,1276.644498835618,1003.6134957908293,1090.4115721672222,799.8746576980233,907.6464760078135,884.0784792199308,1005.2110717676576,961.042704812794,1069.9784046945779,0.7255584035151958,0.7378503401360544,5462.0,0.640790919077261,0.0847674844379348,0.5747126436781609,0.2397653733755035,0.6724808887164869,9048,sequence,nllpch,4.254936695098877,758.0,780.0,735.0,1341.0,0.19451061048244467,0.6332565208260243,0.6441835761070251,0.6386110782623291,0.636195957660675,0.6351648569107056,0.6341093182563782,0.6330767273902893,0.6315556168556213,0.6292731761932373,0.6333417296409607,0.6314228177070618,1508.0,0.5320294718967058,0.5305073857307434,0.5385735630989075,0.5406280159950256,0.5364149808883667,0.534545361995697,0.5333357453346252,0.5336767435073853,0.5328441858291626,0.5310075283050537,0.5219148397445679,1508.0,0.5656267854831285,0.5709487199783325,0.5705210566520691,0.573830783367157,0.5765782594680786,0.572702944278717,0.5704692602157593,0.5679811835289001,0.5700320601463318,0.5575219988822937,0.5531027317047119,1508.0,0.6302061583957314,0.6247815489768982,0.6276976466178894,0.630253255367279,0.6329262256622314,0.6354163885116577,0.6353406310081482,0.6357991099357605,0.6378147602081299,0.6370425820350647,0.6114353537559509,1508.0,0.5902797341503975,14.2318,105.96,0.211,nllpch,L_PCH [sequence]
ehrsim2_order_sequence__ours_nllpch_sample_event_ranking__s0,09_sequential_ehr_v2,ehrsim2_order,0,ours,0.7396869433790044,0.6951554129751791,0.6462546235400904,0.09619341240696161,0.1712384344086058,0.2311446610379632,0.6936989932980914,0.20994462072849274,0.6438091104610585,0.5901401129373882,0.5414886456299677,0.11355660934986725,0.19999240490800924,0.24747502752192901,0.5918126230094715,0.20632781088352203,0.6482549932051181,0.6127758601241413,0.5542624079681349,0.10696160771436693,0.19379372455876168,0.2491579143300142,0.6050977537657981,0.1987166702747345,0.6997818691970414,0.6709652897553308,0.6499222757216867,0.15940827312912842,0.22625629020307075,0.1988765546285184,0.6735564782246865,0.19100460410118103,0.6410414620745118,0.18283790951643303,976.9316665378943,1258.369312518372,932.4931936856422,1055.1378686386508,834.4515783412105,932.0968370070619,928.0688833741468,1035.7369388756476,917.9863304847236,1070.3352392599331,0.7630434782608696,0.7669361358124495,5520.0,0.6204710144927537,0.14257246376811594,0.5717453980927035,0.2417800559056467,0.6764523794314977,9018,sequence,nllpch_sample_event_ranking,2.7257401943206787,742.0,787.0,763.0,1342.0,0.19980954701961498,0.6108458057171157,0.6223071813583374,0.6162338256835938,0.6103788614273071,0.6145932674407959,0.6147651076316833,0.6038302779197693,0.6035251021385193,0.6112543344497681,0.6085777282714844,0.6153199076652527,1503.0,0.5242358685872767,0.5541173219680786,0.5508198738098145,0.5522807836532593,0.540406346321106,0.5480127930641174,0.5358132719993591,0.5268470048904419,0.518405556678772,0.5250107049942017,0.47488775849342346,1503.0,0.5515542321391637,0.5639790892601013,0.564738929271698,0.554405689239502,0.5558617115020752,0.5603519082069397,0.5553548336029053,0.5418999791145325,0.5558905601501465,0.5448483228683472,0.548346221446991,1503.0,0.6259176913554446,0.5726284384727478,0.5956786274909973,0.6085472106933594,0.6197959780693054,0.6173677444458008,0.6304945349693298,0.6295292973518372,0.6329028010368347,0.6374385952949524,0.6206444501876831,1503.0,0.5781383994497502,14.0702,106.821,0.213,nllpch_sample_event_ranking,L_PCH + L_rank + L_mul (paper) [sequence]
ehrsim2_order_sequence__ours_nllpch_sample_event_ranking__s1,09_sequential_ehr_v2,ehrsim2_order,1,ours,0.7349211167826109,0.6860183130108414,0.6443608458323313,0.10563115025823135,0.1777090518723313,0.22348402541776002,0.6884334252085944,0.20968495309352875,0.6418916640080048,0.6160522701697404,0.5612578182975113,0.11920508051396388,0.19771168556847846,0.24095006450153328,0.6064005841584188,0.20746731758117676,0.6444229932610988,0.616679180763855,0.5844335752345351,0.1089833904884699,0.19470752669518002,0.2362984416613409,0.6151785830864963,0.19790294766426086,0.6935819672261203,0.6578200409240464,0.6549478722920316,0.1677359414267657,0.24468594929189302,0.20049694144115368,0.6687832934807328,0.20028908550739288,0.6446989714835606,0.1847999374280918,964.5932100419151,1258.151968270055,918.0812751069451,1057.8379934365269,883.8133492010866,945.0895471905858,979.0529020844414,1079.4733742397077,936.3851841085971,1085.138220784219,0.7752515840477078,0.7780840991367307,5366.0,0.6319418561311965,0.1433097279165113,0.5665536723163842,0.24441873193984975,0.6818562367210733,8850,sequence,nllpch_sample_event_ranking,2.4725351333618164,741.0,763.0,736.0,1308.0,0.20330011467906103,0.6071572147355677,0.6091237664222717,0.6079334616661072,0.6117895841598511,0.6134963035583496,0.6072021126747131,0.5992161631584167,0.6001448631286621,0.6044214367866516,0.6125491261482239,0.6094317436218262,1475.0,0.5370408240384649,0.5479653477668762,0.5383189916610718,0.5500723719596863,0.5504471659660339,0.5420648455619812,0.5419740676879883,0.5439906716346741,0.5329003930091858,0.5437211394309998,0.5083988904953003,1475.0,0.5485736212830035,0.5605676770210266,0.5548602342605591,0.5518484115600586,0.5624337196350098,0.5612034201622009,0.5606161952018738,0.5603455901145935,0.5547868609428406,0.5310291647911072,0.5279986262321472,1475.0,0.6358826411456411,0.6343109011650085,0.6405980587005615,0.6298655867576599,0.6335172057151794,0.6322407722473145,0.6362889409065247,0.6212751865386963,0.6425332427024841,0.6427406072616577,0.6364466547966003,1475.0,0.5821635753006693,13.3713,110.311,0.224,nllpch_sample_event_ranking,L_PCH + L_rank + L_mul (paper) [sequence]
ehrsim2_order_sequence__ours_nllpch_sample_event_ranking__s2,09_sequential_ehr_v2,ehrsim2_order,2,ours,0.7643701564314521,0.6939533106107927,0.6507418453644015,0.0976914813444313,0.18756729543862577,0.22644466021365292,0.7030217708022155,0.21292193233966827,0.6159796290320777,0.5902707284433225,0.5525842577448989,0.101264833859236,0.19503554311107413,0.24692277440478586,0.5862782050734331,0.20683600008487701,0.6569354077531283,0.64252144280076,0.5948165612704154,0.09939755043084612,0.1875516408617558,0.2392409270924383,0.6314244706081013,0.19893455505371094,0.6821374252360209,0.6651831540473573,0.6424016918436601,0.17596604405964392,0.24219666629971925,0.20735868414980455,0.6632407570423461,0.1994839906692505,0.645991300881524,0.1838865084388345,1042.4369421260074,1302.6878057980402,953.6549861214455,1064.550774173657,851.7553534217996,941.4334300807225,973.4353379952953,1084.480948296734,955.320654916137,1098.2882395872884,0.7783778835591358,0.7819455782312925,5462.0,0.640790919077261,0.1375869644818748,0.5677497789566756,0.24415078866422615,0.6812571042461809,9048,sequence,nllpch_sample_event_ranking,2.5013625621795654,758.0,780.0,735.0,1341.0,0.2037774859523008,0.6288806895573681,0.6436276435852051,0.6423934102058411,0.6406878232955933,0.6372963190078735,0.6134436130523682,0.6218410730361938,0.6235199570655823,0.6248648166656494,0.6388119459152222,0.6253768801689148,1508.0,0.5341123264996793,0.5362409353256226,0.5386573076248169,0.5534203052520752,0.5496224164962769,0.5431593060493469,0.53294438123703,0.5403633117675781,0.5230817794799805,0.5387756824493408,0.5139907598495483,1508.0,0.5716350456772997,0.560914933681488,0.5622817277908325,0.5679417252540588,0.5681163668632507,0.5860002040863037,0.5826670527458191,0.5741636753082275,0.5651804208755493,0.5562685132026672,0.580385148525238,1508.0,0.6332346033562779,0.6246650815010071,0.634648323059082,0.6374025940895081,0.6357477307319641,0.6374315619468689,0.6397511959075928,0.6426496505737305,0.6361095905303955,0.6347960829734802,0.6186425685882568,1508.0,0.5919656662726562,14.2891,105.535,0.21,nllpch_sample_event_ranking,L_PCH + L_rank + L_mul (paper) [sequence]
ehrsim2_order_static__ours_nllpch__s0,09_sequential_ehr_v2,ehrsim2_order,0,ours,0.5152175712080821,0.49094131354117737,0.5010229906490882,0.10822536150631558,0.1936215167162833,0.2470028743132847,0.5023939584661159,0.22519592940807343,0.5253907552443674,0.5138414645479069,0.5007444723993919,0.11846942868969512,0.2055226630060856,0.25115194758065224,0.5133255640638887,0.21078184247016907,0.47785004794494546,0.49778520210294647,0.4978113847632216,0.11862000184761007,0.20547474861734266,0.25562113180269125,0.4911488782703712,0.2077343910932541,0.4948813712710323,0.4877467380659323,0.5081628388924103,0.17550506128639531,0.24965747560592602,0.2160498144616559,0.4969303160764584,0.2083786576986313,0.5009496792192085,0.1954101687861615,1234.6102077097075,1394.4545841670051,984.988083499164,1075.4102257389231,1045.5888915816583,1031.1745952254998,991.1574944791515,1107.716540519981,1064.0861693174204,1152.1889864128523,0.6329710144927536,0.6398814335758556,5520.0,0.6204710144927537,0.012499999999999956,0.5125304945664227,0.24962887746138818,0.6924050403935648,9018,static,nllpch,4.332380294799805,742.0,787.0,763.0,1342.0,0.2121976303468711,0.49760986523968836,0.5070392489433289,0.49296024441719055,0.49296024441719055,0.49296024441719055,0.49296024441719055,0.49296024441719055,0.49296024441719055,0.49296024441719055,0.5070392489433289,0.5070392489433289,1503.0,0.4998348902667894,0.4978921115398407,0.4978921115398407,0.4978921115398407,0.4978921115398407,0.4978921115398407,0.4978921115398407,0.4978921115398407,0.502108097076416,0.502108097076416,0.502108097076416,1503.0,0.5013488710712873,0.5067237615585327,0.5067237615585327,0.5067237615585327,0.5067237615585327,0.49327564239501953,0.5067237615585327,0.49327564239501953,0.5067237615585327,0.5067237615585327,0.49327564239501953,1503.0,0.49494926820247037,0.5092518329620361,0.5092518329620361,0.5092518329620361,0.49074792861938477,0.49074792861938477,0.49074792861938477,0.49074792861938477,0.5092518329620361,0.49074792861938477,0.49074792861938477,1503.0,0.4984357236950588,14.6372,102.684,0.205,nllpch,L_PCH [static]
ehrsim2_order_static__ours_nllpch__s1,09_sequential_ehr_v2,ehrsim2_order,1,ours,0.46497538466573807,0.4790598069842394,0.5018623847494035,0.11666196945918261,0.19955169233795744,0.24381981741961334,0.48196585879979364,0.22635996341705322,0.5118906703077731,0.505949228717781,0.49464692576245756,0.12389710251332185,0.20476135150453587,0.25088962932113473,0.5041622749293372,0.21425436437129974,0.5060513683781387,0.5038444354382692,0.5101188672485776,0.11467603539967254,0.2055816251443626,0.24621956215627822,0.5066715570216619,0.2066107988357544,0.4947141321311966,0.4984004830386826,0.501132325495204,0.17476606699964653,0.25263035761854274,0.21276130704006646,0.4980823135550277,0.20862579345703125,0.4977205010764551,0.19551804307619292,1298.6750015207235,1416.4175639331827,1030.0805694025219,1105.829566310879,1052.7105525962825,1020.0444342296624,986.6236607136119,1109.2864036761018,1092.022446058285,1162.8944920374565,0.6317554975773388,0.641186299081036,5366.0,0.6319418561311965,-0.000186358553857624,0.5099435028248588,0.24970506477426335,0.6925571244979972,8850,static,nllpch,4.328749656677246,741.0,763.0,736.0,1308.0,0.213122012032765,0.4962004766204764,0.49453842639923096,0.49453842639923096,0.49453842639923096,0.49453842639923096,0.49453842639923096,0.49453842639923096,0.49453842639923096,0.49453842639923096,0.49453842639923096,0.5054617524147034,1475.0,0.49253813400941965,0.48907601833343506,0.48907601833343506,0.48907601833343506,0.48907601833343506,0.48907601833343506,0.48907601833343506,0.48907601833343506,0.48907601833343506,0.48907601833343506,0.5109241008758545,1475.0,0.503657315581264,0.495936781167984,0.495936781167984,0.5040632486343384,0.5040632486343384,0.5040632486343384,0.5040632486343384,0.5040632486343384,0.5040632486343384,0.5040632486343384,0.5040632486343384,1475.0,0.49964201450347895,0.499642014503479,0.499642014503479,0.499642014503479,0.499642014503479,0.499642014503479,0.499642014503479,0.499642014503479,0.499642014503479,0.499642014503479,0.499642014503479,1475.0,0.4980094851786597,15.2177,96.927,0.197,nllpch,L_PCH [static]
ehrsim2_order_static__ours_nllpch__s2,09_sequential_ehr_v2,ehrsim2_order,2,ours,0.47453634259095995,0.4944568380561573,0.49384912404354286,0.10755736756197955,0.20378935635757076,0.24856767750023132,0.48761410156355334,0.22845344245433807,0.5280408389819387,0.5175815923071464,0.49447074872831437,0.10476334494814332,0.2022431789011065,0.2531330299295255,0.5133643933391332,0.2139357477426529,0.5076356033699216,0.5165559426741763,0.5084926551103617,0.10915925859336878,0.19968085203710897,0.24955847805515793,0.5108947337181532,0.20771129429340363,0.5277014179265248,0.5202829654838058,0.5195944796489563,0.18582053531826848,0.25022264389683796,0.21527517359608223,0.522526287686429,0.20768600702285767,0.5085998790768171,0.1941475747246151,1325.931657580272,1442.9122427194418,1105.0362792774517,1129.3642309578427,952.3635723062656,995.2388445919493,941.9573692333795,1088.5200161630016,1081.3222195993421,1164.0088336080587,0.629073599414134,0.639265306122449,5462.0,0.640790919077261,-0.011717319663127057,0.4875110521662246,0.25096369748214525,0.6950771600291632,9048,static,nllpch,4.359512805938721,758.0,780.0,735.0,1341.0,0.2133957745829998,0.4918114840984345,0.49181148409843445,0.49181148409843445,0.49181148409843445,0.49181148409843445,0.49181148409843445,0.49181148409843445,0.49181148409843445,0.49181148409843445,0.49181148409843445,0.49181148409843445,1508.0,0.5016717714789026,0.5056420564651489,0.49435746669769287,0.49435746669769287,0.5056420564651489,0.49435746669769287,0.5056420564651489,0.5056420564651489,0.5056420564651489,0.49435746669769287,0.5056420564651489,1508.0,0.5058719766495311,0.5062866806983948,0.49371346831321716,0.5062866806983948,0.5062866806983948,0.5062866806983948,0.5062866806983948,0.5062866806983948,0.5062866806983948,0.5062866806983948,0.5062866806983948,1508.0,0.51926189661026,0.51926189661026,0.51926189661026,0.51926189661026,0.51926189661026,0.51926189661026,0.51926189661026,0.51926189661026,0.51926189661026,0.51926189661026,0.51926189661026,1508.0,0.5046542822092821,13.6525,110.456,0.22,nllpch,L_PCH [static]
ehrsim2_order_static__ours_nllpch_sample_event_ranking__s0,09_sequential_ehr_v2,ehrsim2_order,0,ours,0.5152175712080821,0.49094131354117737,0.5010229906490882,0.1082187659122369,0.19357521783913326,0.2511234843951514,0.5023939584661159,0.22937822341918945,0.5253907552443674,0.5138414645479069,0.499255527600608,0.11820610516817753,0.20532259152208585,0.252941645088506,0.5128292491309607,0.21009650826454163,0.47785004794494546,0.5022147978970539,0.4978113847632216,0.11842816200650395,0.20806767282788713,0.25241348462969854,0.4926254102017403,0.20657560229301453,0.4948813712710323,0.5122532619340684,0.5081628388924103,0.17530642719495473,0.25225526353653505,0.22142051756678677,0.5050991573658371,0.2114877998828888,0.5032369437911635,0.19643994480730476,1064.3450921075394,1346.0599184568382,900.1375297325911,1042.1593333509627,870.09284473858,964.4363933085818,1035.8551668497194,1139.98742001893,967.6076583571074,1123.1607662838283,0.7284420289855073,0.7247372675828617,5520.0,0.6204710144927537,0.10797101449275359,0.5194056331780883,0.25099549638086943,0.6951848245722952,9018,static,nllpch_sample_event_ranking,2.5110812187194824,742.0,787.0,763.0,1342.0,0.2138080368116785,0.49554533894572944,0.5070392489433289,0.49296024441719055,0.49296024441719055,0.49296024441719055,0.49296024441719055,0.49296024441719055,0.49296024441719055,0.49296024441719055,0.49296024441719055,0.5070392489433289,1503.0,0.5003711871549053,0.4978921115398407,0.4978921115398407,0.4978921115398407,0.4978921115398407,0.4978921115398407,0.4978921115398407,0.502108097076416,0.502108097076416,0.502108097076416,0.502108097076416,1503.0,0.5008509078530132,0.49327564239501953,0.5067237615585327,0.5067237615585327,0.5067237615585327,0.5067237615585327,0.49327564239501953,0.49327564239501953,0.5067237615585327,0.5067237615585327,0.49327564239501953,1503.0,0.5059665282473986,0.5092518329620361,0.5092518329620361,0.49074792861938477,0.49074792861938477,0.49074792861938477,0.5092518329620361,0.5092518329620361,0.5092518329620361,0.5092518329620361,0.5092518329620361,1503.0,0.5006834905502616,13.8096,108.837,0.217,nllpch_sample_event_ranking,L_PCH + L_rank + L_mul (paper) [static]
ehrsim2_order_static__ours_nllpch_sample_event_ranking__s1,09_sequential_ehr_v2,ehrsim2_order,1,ours,0.46497538466573807,0.4790598069842394,0.5018623847494035,0.11685667831494471,0.2010251226478147,0.2429977039132641,0.48196585879979364,0.22580790519714355,0.5118906703077731,0.505949228717781,0.49464692576245756,0.12412311115623628,0.20614415691809604,0.25291112112334035,0.5041622749293372,0.21453231573104858,0.5060513683781387,0.5038444354382692,0.5101188672485776,0.11421551947144003,0.20440430516216843,0.2442392539222841,0.5066715570216619,0.20479898154735565,0.4947141321311966,0.4984004830386826,0.501132325495204,0.17904447481391852,0.2637359974390284,0.2173560122960137,0.4980823135550277,0.2149873971939087,0.4977205010764551,0.19725445476487913,1110.6158663499396,1351.156871987644,997.4695682030843,1092.7723509747761,899.7231307119595,960.810006289847,1037.7420585638606,1145.8093082865778,1011.387655957211,1137.6371343847113,0.7195303764442788,0.7156502367028683,5366.0,0.6319418561311965,0.08758852031308229,0.511638418079096,0.2511210388943077,0.6954207842851974,8850,static,nllpch_sample_event_ranking,2.5294246673583984,741.0,763.0,736.0,1308.0,0.21503590208634718,0.494538426399231,0.49453842639923096,0.49453842639923096,0.49453842639923096,0.49453842639923096,0.49453842639923096,0.49453842639923096,0.49453842639923096,0.49453842639923096,0.49453842639923096,0.49453842639923096,1475.0,0.489076018333435,0.48907601833343506,0.48907601833343506,0.48907601833343506,0.48907601833343506,0.48907601833343506,0.48907601833343506,0.48907601833343506,0.48907601833343506,0.48907601833343506,0.48907601833343506,1475.0,0.5040632486343384,0.5040632486343384,0.5040632486343384,0.5040632486343384,0.5040632486343384,0.5040632486343384,0.5040632486343384,0.5040632486343384,0.5040632486343384,0.5040632486343384,0.5040632486343384,1475.0,0.49964201450347895,0.499642014503479,0.499642014503479,0.499642014503479,0.499642014503479,0.499642014503479,0.499642014503479,0.499642014503479,0.499642014503479,0.499642014503479,0.499642014503479,1475.0,0.49682992696762085,12.2783,120.131,0.244,nllpch_sample_event_ranking,L_PCH + L_rank + L_mul (paper) [static]
ehrsim2_order_static__ours_nllpch_sample_event_ranking__s2,09_sequential_ehr_v2,ehrsim2_order,2,ours,0.5254636574090401,0.4944568380561573,0.49384912404354286,0.10778884841130369,0.20263205003980708,0.24745579829137282,0.50458987316958,0.23037683963775635,0.5280408389819387,0.5175815923071464,0.49447074872831437,0.10480616405316155,0.20035899036122964,0.2509354657962916,0.5133643933391332,0.21046237647533417,0.5076356033699216,0.4834440573258233,0.5084926551103617,0.10938635702503278,0.20039911040442385,0.2495773846431969,0.4998574386020356,0.20750689506530762,0.5277014179265248,0.5202829654838058,0.4804055203510448,0.18830066420240776,0.26001587443207386,0.223389787973978,0.5094633012537918,0.2145252376794815,0.5068187515911352,0.19542054130285663,1041.4213702297848,1349.616336085892,967.7544763479997,1073.6318509005619,939.5061282162935,991.0983595700033,1038.7303799023607,1155.609367699756,996.8530886741097,1142.4889785640532,0.7297693152691321,0.7241088435374149,5462.0,0.640790919077261,0.08897839619187109,0.5133731211317418,0.25152872253749226,0.6962509946516265,9048,static,nllpch_sample_event_ranking,2.5241854190826416,758.0,780.0,735.0,1341.0,0.21554571380668672,0.49628499269295046,0.49181148409843445,0.5081881880760193,0.5081881880760193,0.49181148409843445,0.49181148409843445,0.49181148409843445,0.49181148409843445,0.49181148409843445,0.49181148409843445,0.5081881880760193,1508.0,0.49931559640075523,0.49435746669769287,0.49435746669769287,0.49435746669769287,0.49435746669769287,0.49435746669769287,0.49435746669769287,0.5056420564651489,0.5056420564651489,0.49435746669769287,0.5056420564651489,1508.0,0.5026925789415764,0.49371346831321716,0.5062866806983948,0.5062866806983948,0.5062866806983948,0.49371346831321716,0.5062866806983948,0.5062866806983948,0.5062866806983948,0.5062866806983948,0.49371346831321716,1508.0,0.49464815755325003,0.51926189661026,0.51926189661026,0.51926189661026,0.51926189661026,0.48073825240135193,0.51926189661026,0.51926189661026,0.48073825240135193,0.48073825240135193,0.48073825240135193,1508.0,0.49823533139713294,12.1111,124.513,0.248,nllpch_sample_event_ranking,L_PCH + L_rank + L_mul (paper) [static]
