tag,source,dataset,seed,sweep,value,base_knobs,model,ctd_0th_event_0.25,ctd_0th_event_0.5,ctd_0th_event_0.75,brier_0th_event_0.25,brier_0th_event_0.5,brier_0th_event_0.75,ctd_0th_event,brier_0th_event,ctd_1th_event_0.25,ctd_1th_event_0.5,ctd_1th_event_0.75,brier_1th_event_0.25,brier_1th_event_0.5,brier_1th_event_0.75,ctd_1th_event,brier_1th_event,ctd_2th_event_0.25,ctd_2th_event_0.5,ctd_2th_event_0.75,brier_2th_event_0.25,brier_2th_event_0.5,brier_2th_event_0.75,ctd_2th_event,brier_2th_event,ctd_3th_event_0.25,ctd_3th_event_0.5,ctd_3th_event_0.75,brier_3th_event_0.25,brier_3th_event_0.5,brier_3th_event_0.75,ctd_3th_event,brier_3th_event,ctd_weighted_avg,brier_survtrace_weighted_avg,mae_uncensored_0th_event,mae_margin_0th_event,mae_uncensored_1th_event,mae_margin_1th_event,mae_uncensored_2th_event,mae_margin_2th_event,mae_uncensored_3th_event,mae_margin_3th_event,mae_uncensored,mae_margin,within_ctd,within_ctd_subject,within_ctd_pairs,within_ctd_km,within_ctd_gain,recipe,loss,brier_0th_event_n,brier_1th_event_n,brier_2th_event_n,brier_3th_event_n,brier_weighted_avg,ipcw_0th_event,ipcw_0th_event_0.10,ipcw_0th_event_0.20,ipcw_0th_event_0.30,ipcw_0th_event_0.40,ipcw_0th_event_0.50,ipcw_0th_event_0.60,ipcw_0th_event_0.70,ipcw_0th_event_0.80,ipcw_0th_event_0.90,ipcw_0th_event_1.00,ipcw_0th_event_n,ipcw_1th_event,ipcw_1th_event_0.10,ipcw_1th_event_0.20,ipcw_1th_event_0.30,ipcw_1th_event_0.40,ipcw_1th_event_0.50,ipcw_1th_event_0.60,ipcw_1th_event_0.70,ipcw_1th_event_0.80,ipcw_1th_event_0.90,ipcw_1th_event_1.00,ipcw_1th_event_n,ipcw_2th_event,ipcw_2th_event_0.10,ipcw_2th_event_0.20,ipcw_2th_event_0.30,ipcw_2th_event_0.40,ipcw_2th_event_0.50,ipcw_2th_event_0.60,ipcw_2th_event_0.70,ipcw_2th_event_0.80,ipcw_2th_event_0.90,ipcw_2th_event_1.00,ipcw_2th_event_n,ipcw_3th_event,ipcw_3th_event_0.10,ipcw_3th_event_0.20,ipcw_3th_event_0.30,ipcw_3th_event_0.40,ipcw_3th_event_0.50,ipcw_3th_event_0.60,ipcw_3th_event_0.70,ipcw_3th_event_0.80,ipcw_3th_event_0.90,ipcw_3th_event_1.00,ipcw_3th_event_n,ipcw_weighted_avg,runtime,samples_per_second,steps_per_second,variant,label
sim_base__coxph__s0,02_synthetic_scenarios,sim_base,0,base,,"{'order_spread': 0.0, 'shared': 0.5, 'frailty': 0.0, 'nonlin': 0.5, 'censor': 0.4, 'events': 4, 'n': 5000, 'regime': 'non-competing'}",coxph,0.7007518597196284,0.680179643327545,0.6587866238769579,0.11817009643633124,0.1865663367658121,0.21636537828708577,0.6799060423080437,0.17370060382974303,0.6843379287525533,0.6720909944739472,0.6523162683915731,0.12850306837832517,0.1977220916260799,0.2274393979973947,0.6695817305393579,0.1845548526672666,0.6829955633141989,0.6868267478936758,0.6731466771077009,0.12255709695757995,0.19334207328026512,0.2114838899343872,0.6809896627718586,0.1757943533907441,0.6911518630281188,0.6672680096665577,0.6568198014389424,0.12049452944869925,0.20020912371938168,0.20954304348798444,0.6717465580445396,0.17674889888535514,0.6755559984159499,0.17769967719327723,237.67570558156032,313.0779782144777,225.73175308205927,277.1647924764795,193.2980305494531,223.94075779733785,182.53981140150066,200.82397447555442,209.81132515364334,253.75187574096236,0.6435307987032125,0.6468935292601187,6786.0,0.5789861479516651,0.06454465075154736,,,,,,,,,,,,,,,,,,,,,,,,,,,,,,,,,,,,,,,,,,,,,,,,,,,,,,,,,,,,,Cox PH (cause-specific)
sim_base__coxph__s1,02_synthetic_scenarios,sim_base,1,base,,"{'order_spread': 0.0, 'shared': 0.5, 'frailty': 0.0, 'nonlin': 0.5, 'censor': 0.4, 'events': 4, 'n': 5000, 'regime': 'non-competing'}",coxph,0.6745227517801984,0.6517407832914339,0.6392451965414261,0.13471318560317905,0.2036100515109653,0.2278675784028521,0.6551695772043528,0.18873027183899882,0.684381360235272,0.6781631924354274,0.6622162447343367,0.12330431554541081,0.19160854629834906,0.21121153991048935,0.6749202658016786,0.17537480058474975,0.7048509889753647,0.6933591599444309,0.6763561587842818,0.11806301422310467,0.1872223971456143,0.20784329402446242,0.6915221025680257,0.17104290179772716,0.6960510536104204,0.6684601321945441,0.6637355611550436,0.11955138836292183,0.20233100758564265,0.20412204597978584,0.6760822489866695,0.17533481397611675,0.6744235486401816,0.17762069704939812,257.17731957385894,320.95105718609335,224.75760482476457,270.571827007842,189.07562518003573,221.97689283263134,186.7688601756239,200.69712494154527,214.4448524385708,253.54922549202803,0.6542689354012949,0.6581554677206851,6641.0,0.5893690709230538,0.06489986447824114,,,,,,,,,,,,,,,,,,,,,,,,,,,,,,,,,,,,,,,,,,,,,,,,,,,,,,,,,,,,,Cox PH (cause-specific)
sim_base__coxph__s2,02_synthetic_scenarios,sim_base,2,base,,"{'order_spread': 0.0, 'shared': 0.5, 'frailty': 0.0, 'nonlin': 0.5, 'censor': 0.4, 'events': 4, 'n': 5000, 'regime': 'non-competing'}",coxph,0.6777852669742412,0.6687358252377635,0.6467215760309938,0.11635417706150203,0.1951051962060201,0.21924819693630898,0.6644142227476663,0.17690252340127702,0.6793758561633659,0.6688330182884056,0.662753003061277,0.11966633430425837,0.19360925451436042,0.2114020953233918,0.6703206258376828,0.1748925613806702,0.7134554416006962,0.6949010441137518,0.6817148814041707,0.10999827023003383,0.19082822988486423,0.2011596859234617,0.6966904557062062,0.16732872867945325,0.7153626965399633,0.6761609244067704,0.6652286475869509,0.11296423443764612,0.19755083791030084,0.2032146857137846,0.6855840895112282,0.17124325268724383,0.6792523484506959,0.17259176653716107,257.31629345811126,322.0570865147914,232.5057311970328,276.06929075032696,191.00360435732267,216.32590547782854,176.49404187965672,196.31338115187222,214.32991772303086,252.6914159737048,0.6518081180811808,0.6553488372093023,6775.0,0.5778597785977859,0.07394833948339485,,,,,,,,,,,,,,,,,,,,,,,,,,,,,,,,,,,,,,,,,,,,,,,,,,,,,,,,,,,,,Cox PH (cause-specific)
sim_base__oracle__s0,02_synthetic_scenarios,sim_base,0,base,,"{'order_spread': 0.0, 'shared': 0.5, 'frailty': 0.0, 'nonlin': 0.5, 'censor': 0.4, 'events': 4, 'n': 5000, 'regime': 'non-competing'}",oracle,0.7507165692824461,0.7360182479357089,0.7199634732972537,0.10937161704286823,0.16668745143808855,0.18940577423870525,0.7355660968384696,0.15515494757322068,0.7401846724539095,0.7389918926546921,0.731483422782356,0.1197081283860281,0.17348844742707553,0.18382039513777498,0.7368866626303192,0.1590056569836262,0.7296327487943277,0.7289295392262405,0.7166878814060303,0.11652578822491377,0.1766255157073592,0.18880412514962694,0.7250833898088662,0.16065180969396664,0.750223701472113,0.7373983188131605,0.7238439834773357,0.1086893001088255,0.17189280706057405,0.1823627635797538,0.7371553345875363,0.15431495691638444,0.7336728709662979,0.1572818427917995,203.20168779739245,263.5968743460619,183.48220669229735,226.43053964917428,170.4445438826232,201.39024506848045,155.35250908165057,170.4089664721378,178.1202368634909,215.4566563839636,0.6926024167403477,0.7023201856148492,6786.0,0.5789861479516651,0.11361626878868258,,,,,,,,,,,,,,,,,,,,,,,,,,,,,,,,,,,,,,,,,,,,,,,,,,,,,,,,,,,,,Oracle (true CIF)
sim_base__oracle__s1,02_synthetic_scenarios,sim_base,1,base,,"{'order_spread': 0.0, 'shared': 0.5, 'frailty': 0.0, 'nonlin': 0.5, 'censor': 0.4, 'events': 4, 'n': 5000, 'regime': 'non-competing'}",oracle,0.737063356511255,0.72222604047712,0.7081686205712272,0.12389647791272,0.18163813744838714,0.1975558763797382,0.7224860058532009,0.1676968305802818,0.7317781237305331,0.7353606543322939,0.7274900515804728,0.11680034558224393,0.16860762222115233,0.18027752944828998,0.7315429432144332,0.15522849908389544,0.7429419475865721,0.7440342016959244,0.7314075507089043,0.11407211662996149,0.16780911470632862,0.17944355549862165,0.7394612333304669,0.15377492894497058,0.7422452192647877,0.7183785108009175,0.7180430480594445,0.1107994153017455,0.18490301621451474,0.17945450971957,0.7262222593750499,0.15838564707861008,0.7299281104432876,0.15877147642193948,214.2398742458003,270.94523998805556,182.81995695977642,223.2000085541969,171.00055205515105,197.8437204785559,164.64241809516923,176.99153413482927,183.17570033897425,217.2451257889094,0.6967324198162927,0.7034782608695653,6641.0,0.5893690709230538,0.10736334889323895,,,,,,,,,,,,,,,,,,,,,,,,,,,,,,,,,,,,,,,,,,,,,,,,,,,,,,,,,,,,,Oracle (true CIF)
sim_base__oracle__s2,02_synthetic_scenarios,sim_base,2,base,,"{'order_spread': 0.0, 'shared': 0.5, 'frailty': 0.0, 'nonlin': 0.5, 'censor': 0.4, 'events': 4, 'n': 5000, 'regime': 'non-competing'}",oracle,0.7314555228056955,0.7366547968755648,0.7215619048485687,0.10942474984974393,0.17351228377414368,0.1868596468844505,0.729890741509943,0.15659889350277936,0.7520485072266467,0.7434722366600984,0.7419140393193182,0.11102998335245237,0.17090423042212996,0.17251313724378226,0.745811594402021,0.15148245033945487,0.7506144285596902,0.747295321120928,0.7370887141336345,0.10542281265528726,0.1707744042325445,0.17108546348282289,0.7449994879380842,0.14909422679021822,0.7480425402754182,0.7242864021724388,0.7205123536362376,0.10321903155363847,0.17885674403733218,0.17905383722650128,0.7309470986946982,0.1537098709391573,0.7379122306361866,0.15272136039290243,217.3870433372818,268.90134697440226,184.62668815973262,221.83838363400554,161.95722747248996,187.97897517776826,158.4883734571318,172.47911519116505,180.61483310665903,212.7994552443353,0.7068634686346863,0.7145994832041344,6775.0,0.5778597785977859,0.12900369003690038,,,,,,,,,,,,,,,,,,,,,,,,,,,,,,,,,,,,,,,,,,,,,,,,,,,,,,,,,,,,,Oracle (true CIF)
sim_base__ours_nllpch__s0,02_synthetic_scenarios,sim_base,0,base,,"{'order_spread': 0.0, 'shared': 0.5, 'frailty': 0.0, 'nonlin': 0.5, 'censor': 0.4, 'events': 4, 'n': 5000, 'regime': 'non-competing'}",ours,0.7349804793638315,0.7178827070419282,0.7011956473119075,0.11287176164159285,0.1767410815379954,0.1991748079260542,0.7180196112392224,0.18205733597278595,0.7304178795749707,0.7219991916645037,0.7124310816931793,0.12505521251585788,0.18687984180758518,0.20385682017281526,0.7216160509775512,0.17479783296585083,0.7075566113432871,0.7065757011264568,0.6921934227606982,0.12042889498828843,0.18686241021828087,0.19921839071082365,0.7021085784101473,0.16736815869808197,0.737188868618598,0.7212440791077407,0.7029745006777312,0.11257169112341181,0.18115686277258153,0.19162134068964357,0.7204691494680233,0.15459617972373962,0.7155533475237361,0.16636992634207753,235.3953656550703,287.3164117856508,237.7701859765754,258.2409730463888,177.97405339431697,210.3402691012527,165.8626404422719,181.90327085865425,204.25056136705865,234.45023119798662,0.6799292661361627,0.6872647589584946,6786.0,0.5789861479516651,0.10094311818449753,nllpch,3.7899889945983887,894.0,906.0,904.0,899.0,0.16969438691685804,0.6967555788181264,0.6966328024864197,0.6977857351303101,0.6979560852050781,0.6982044577598572,0.6977140307426453,0.697831928730011,0.6975431442260742,0.6967138648033142,0.6976276636123657,0.6922533512115479,1503.0,0.7046101511614249,0.703942060470581,0.7053388953208923,0.705585777759552,0.7058455944061279,0.7055928707122803,0.7052058577537537,0.705712080001831,0.7041493654251099,0.7037762999534607,0.7029950022697449,1503.0,0.6850390222858204,0.6748241186141968,0.6849916577339172,0.6846776604652405,0.6873449683189392,0.6866647005081177,0.6851363778114319,0.6843766570091248,0.6838477849960327,0.6867552995681763,0.6839314103126526,1503.0,0.692777904581398,0.6887710094451904,0.6950070858001709,0.6958325505256653,0.6949522495269775,0.6950652003288269,0.6969199776649475,0.6958445906639099,0.6954940557479858,0.6940644383430481,0.683881938457489,1503.0,0.6947956642116925,13.3865,112.277,0.224,nllpch,L_PCH
sim_base__ours_nllpch__s1,02_synthetic_scenarios,sim_base,1,base,,"{'order_spread': 0.0, 'shared': 0.5, 'frailty': 0.0, 'nonlin': 0.5, 'censor': 0.4, 'events': 4, 'n': 5000, 'regime': 'non-competing'}",ours,0.6984980848496706,0.6988099527392123,0.6808404080968753,0.12923766039317344,0.19092692948822917,0.21438064232670787,0.6927161485619194,0.18685534596443176,0.7320073689545005,0.724596686748577,0.7133099091696061,0.11615066606908121,0.17757754154709834,0.18858576618352654,0.7233046549575612,0.1672014743089676,0.7285868530649727,0.7255347009132788,0.7084135057212628,0.11696450893708442,0.1776918325299071,0.1949341368924248,0.7208450198998381,0.16512002050876617,0.7430437336173461,0.7104185434684943,0.7048304219221782,0.11234314828152059,0.1941164964893334,0.1892162253566397,0.7194308996693396,0.15847359597682953,0.7140741807721646,0.16684379620789389,226.6741342494047,285.60633961333156,185.5647118234412,230.44481965048053,182.27059780803145,210.87578417332404,177.84672667774868,186.76298933706846,193.0890426396565,228.42248319355116,0.6783616925161873,0.6844268774703557,6641.0,0.5893690709230538,0.08899262159313348,nllpch,3.773162841796875,902.0,897.0,861.0,879.0,0.16953655638223855,0.6857232333837332,0.6869688034057617,0.6869766116142273,0.6878974437713623,0.6867577433586121,0.6866359710693359,0.6858394145965576,0.6860419511795044,0.6861484050750732,0.6848766207695007,0.6827689409255981,1475.0,0.7095854200664037,0.6998306512832642,0.7091755867004395,0.7093759179115295,0.7099906802177429,0.7108099460601807,0.7106615900993347,0.7093194127082825,0.711611807346344,0.7112250328063965,0.7062866687774658,1475.0,0.697166811857505,0.678195595741272,0.6967340707778931,0.6933274269104004,0.6986265778541565,0.6965868473052979,0.7001979947090149,0.6996275186538696,0.7007268667221069,0.7008852958679199,0.6899164319038391,1475.0,0.6874506141110905,0.6523953080177307,0.6622431874275208,0.6796024441719055,0.6825674772262573,0.6839568614959717,0.6861971616744995,0.6891754269599915,0.6900373697280884,0.6927751302719116,0.6869834661483765,1475.0,0.6949815198546831,12.896,114.376,0.233,nllpch,L_PCH
sim_base__ours_nllpch__s2,02_synthetic_scenarios,sim_base,2,base,,"{'order_spread': 0.0, 'shared': 0.5, 'frailty': 0.0, 'nonlin': 0.5, 'censor': 0.4, 'events': 4, 'n': 5000, 'regime': 'non-competing'}",ours,0.7128830267568184,0.7143054083059635,0.6971850432769929,0.11268049854147687,0.18596315430163818,0.20238321856606667,0.708124492779925,0.18597392737865448,0.7283906970163344,0.720005462043078,0.7135129386012615,0.11455031863084504,0.18029837651964245,0.19137646064456187,0.7206363658868913,0.1698841005563736,0.7317574479339842,0.71886930475948,0.7084515892022161,0.10800320715171602,0.18932369829987253,0.19458857799751297,0.7196927806318935,0.1668889969587326,0.7240253275468214,0.6907761414773802,0.6893596451404667,0.1105629184579717,0.19826879006771395,0.1960336474810672,0.7013870380548894,0.16183224320411682,0.7124601693383998,0.1653360722216738,235.35454218016898,289.5773543956293,211.47797873347338,245.666433085243,211.52484585291128,221.2996117542778,182.83122204241258,192.68156321631784,210.29714720224158,237.30624061286696,0.6792619926199261,0.6860206718346253,6775.0,0.5778597785977859,0.10140221402214022,nllpch,3.784933567047119,922.0,907.0,899.0,894.0,0.17124905409666796,0.6876852148843889,0.6836543679237366,0.6877341270446777,0.6880619525909424,0.6887730956077576,0.6885481476783752,0.6882326602935791,0.688578188419342,0.6878790855407715,0.6875056624412537,0.6860225200653076,1508.0,0.7061055605723424,0.7020472288131714,0.7071335315704346,0.7073529362678528,0.7073013782501221,0.7067360281944275,0.7069209218025208,0.7068719863891602,0.7058403491973877,0.7058144211769104,0.704357385635376,1508.0,0.7014300880244507,0.7028076648712158,0.7070072889328003,0.70209139585495,0.7021292448043823,0.7017064690589905,0.7017803192138672,0.7008148431777954,0.7006276845932007,0.7026327252388,0.7000072598457336,1508.0,0.6814534696442283,0.6781368255615234,0.6698706746101379,0.6799363493919373,0.6820329427719116,0.6816782355308533,0.681824803352356,0.6841774582862854,0.6828712224960327,0.6854478120803833,0.6761706471443176,1508.0,0.6941685832813527,13.8233,109.091,0.217,nllpch,L_PCH
sim_base__ours_nllpch_event_ranking__s0,02_synthetic_scenarios,sim_base,0,base,,"{'order_spread': 0.0, 'shared': 0.5, 'frailty': 0.0, 'nonlin': 0.5, 'censor': 0.4, 'events': 4, 'n': 5000, 'regime': 'non-competing'}",ours,0.7349444753876481,0.709170487586588,0.6910928374447568,0.11542600186942108,0.1816179998812126,0.2039924054998809,0.7117359334729976,0.1861497163772583,0.7200758783134965,0.714880700999675,0.7000037149228983,0.12523933114320118,0.18539179619242763,0.20347341653227824,0.7116534314120232,0.17607322335243225,0.6904651274274928,0.6889616120552828,0.678056807956553,0.12534745801545474,0.19272864974695872,0.20721909641244785,0.6858278491464428,0.17400914430618286,0.7168586596212221,0.6990148022748858,0.6881924067470502,0.12222834354512643,0.1929931547966666,0.19928538228085838,0.7013552895477194,0.16150763630867004,0.7026431258947957,0.1712452529929945,208.27355783558494,291.14703288146274,188.30131811416675,246.729925032232,175.93989388055002,214.2512412329241,160.692575797102,181.59396980992724,183.30183640685092,233.43054223913649,0.6597406424992632,0.6639855632895075,6786.0,0.5789861479516651,0.08075449454759809,nllpch_event_ranking,2.056856632232666,894.0,906.0,904.0,899.0,0.17442126513817824,0.6860728408665855,0.6878007054328918,0.6897171139717102,0.6847207546234131,0.6824912428855896,0.6834697723388672,0.6838294267654419,0.6857558488845825,0.6841087937355042,0.6909265518188477,0.6878184080123901,1503.0,0.6949849649412616,0.6981833577156067,0.6921605467796326,0.6953406929969788,0.6952300071716309,0.6986470818519592,0.6957569122314453,0.6961138844490051,0.6906274557113647,0.697087287902832,0.6934259533882141,1503.0,0.6644965937828428,0.6561130881309509,0.6665984392166138,0.6590443849563599,0.6647570729255676,0.6639736294746399,0.6655566096305847,0.666378378868103,0.6669006943702698,0.6719866394996643,0.6556824445724487,1503.0,0.6753974958631573,0.660628080368042,0.6775761246681213,0.6821713447570801,0.6811861991882324,0.6840862035751343,0.6790215969085693,0.6804823279380798,0.6820701360702515,0.6784635782241821,0.6575397849082947,1503.0,0.6802379738634617,12.9787,115.805,0.231,nllpch_event_ranking,L_PCH + L_mul
sim_base__ours_nllpch_event_ranking__s1,02_synthetic_scenarios,sim_base,1,base,,"{'order_spread': 0.0, 'shared': 0.5, 'frailty': 0.0, 'nonlin': 0.5, 'censor': 0.4, 'events': 4, 'n': 5000, 'regime': 'non-competing'}",ours,0.6986901323731147,0.6764653980115576,0.6599238646877049,0.1372503072730465,0.2092487270974644,0.22771112859792603,0.6783597983574591,0.1999177634716034,0.7194073094242119,0.704441936977979,0.6911718215204645,0.11844419159552566,0.18618814321150245,0.20103332230188561,0.7050070226408852,0.17514364421367645,0.7240348219069979,0.7095647402547596,0.6883891147203464,0.11667100382052153,0.18359637676806226,0.20488333995818722,0.7073295589607013,0.17235776782035828,0.7078453263681458,0.6950541360645293,0.6994091660240102,0.11823309215834163,0.1947933195883508,0.1923372230452192,0.700769542818895,0.1612829715013504,0.6978664806944851,0.1741991812846694,259.8372913379123,315.8507439426049,209.564319943738,250.8540045469858,200.65625823807235,225.06077950336623,185.44960460878158,192.74537983940778,213.87686853212605,246.12772695809116,0.6724890829694323,0.6791040843214756,6641.0,0.5893690709230538,0.08312001204637853,nllpch_event_ranking,2.0582077503204346,902.0,897.0,861.0,879.0,0.1773375082096834,0.663794801477746,0.6729113459587097,0.6667579412460327,0.664482057094574,0.661007285118103,0.6588312387466431,0.6608153581619263,0.6645737886428833,0.6650101542472839,0.6676576137542725,0.6621180176734924,1475.0,0.6943531864970512,0.7018935680389404,0.7000197172164917,0.6998096108436584,0.6979793906211853,0.6958644986152649,0.6940443515777588,0.6925761103630066,0.6874911785125732,0.6925719380378723,0.6968114972114563,1475.0,0.6809872868945924,0.6669077277183533,0.6859657764434814,0.6855649352073669,0.6812615990638733,0.6769177317619324,0.683048665523529,0.6812782287597656,0.6810379028320312,0.6857982873916626,0.6762047410011292,1475.0,0.6806008305184184,0.6713275909423828,0.6580654382705688,0.6712669730186462,0.6762685179710388,0.6778724193572998,0.6789517998695374,0.6827617287635803,0.6859738826751709,0.6846814751625061,0.6780097484588623,1475.0,0.679934026346952,12.0494,122.413,0.249,nllpch_event_ranking,L_PCH + L_mul
sim_base__ours_nllpch_event_ranking__s2,02_synthetic_scenarios,sim_base,2,base,,"{'order_spread': 0.0, 'shared': 0.5, 'frailty': 0.0, 'nonlin': 0.5, 'censor': 0.4, 'events': 4, 'n': 5000, 'regime': 'non-competing'}",ours,0.6937137365096635,0.7000645281242903,0.6814956611388628,0.1165556449122643,0.19741686928863805,0.213355626182329,0.6917579752576056,0.19278287887573242,0.7176917955348054,0.7070932067426371,0.6942107455557843,0.11689879649145922,0.18524555164529807,0.1971134391791111,0.7063319159444089,0.17656134068965912,0.7040369044953088,0.6920156401713518,0.6831115592459299,0.11126797546488308,0.19240830869420994,0.20047609784766013,0.6930547013041969,0.169783353805542,0.7179983588948988,0.6884474389544223,0.6758779826904123,0.11602719855799808,0.19627722794195465,0.2011079313755183,0.6941079268465778,0.16596545279026031,0.6963131298381974,0.17034588896511033,237.1945330782307,301.10937634286114,199.97513140538396,249.9170931806091,187.238352796231,212.6563298161056,172.39925693607853,192.40270321686106,199.20181855398107,239.02137563910924,0.6557933579335793,0.6610335917312662,6775.0,0.5778597785977859,0.07793357933579337,nllpch_event_ranking,2.058535099029541,922.0,907.0,899.0,894.0,0.1763929597445116,0.6731035526081653,0.6599928140640259,0.6690953969955444,0.6698221564292908,0.6726145148277283,0.671604573726654,0.6721445918083191,0.6733701825141907,0.6718316078186035,0.6765996813774109,0.6782305240631104,1508.0,0.6894445054559866,0.6960723996162415,0.69693922996521,0.6965198516845703,0.6940478086471558,0.6950721144676208,0.6854159832000732,0.6875718832015991,0.6797552108764648,0.686475396156311,0.6943848133087158,1508.0,0.6809358222357197,0.6822984218597412,0.6923127174377441,0.6790772676467896,0.6753363609313965,0.6765572428703308,0.6782202124595642,0.6810258030891418,0.6762180328369141,0.6891064643859863,0.6813406944274902,1508.0,0.6610095555807463,0.6606164574623108,0.6606314182281494,0.6617661714553833,0.6664319634437561,0.6673016548156738,0.6645731329917908,0.6695765256881714,0.6674614548683167,0.6624582409858704,0.6440104842185974,1508.0,0.6761233589701544,11.7897,127.908,0.254,nllpch_event_ranking,L_PCH + L_mul
sim_base__ours_nllpch_sample_event_ranking__s0,02_synthetic_scenarios,sim_base,0,base,,"{'order_spread': 0.0, 'shared': 0.5, 'frailty': 0.0, 'nonlin': 0.5, 'censor': 0.4, 'events': 4, 'n': 5000, 'regime': 'non-competing'}",ours,0.7203656749424371,0.7107362878797021,0.6917077007218172,0.12261872904708633,0.1989184730830297,0.22196806788567416,0.7076032211813188,0.20228980481624603,0.7311398754879413,0.7160359200494787,0.7100717609963677,0.13088757043241905,0.20330169027490624,0.21797015505169026,0.719082518844596,0.19191914796829224,0.6983397431831321,0.6963222828434361,0.6909504549221119,0.12439201159737466,0.20363021550174212,0.21937535517978424,0.6952041603162268,0.18354570865631104,0.7308334741674277,0.71191939105816,0.6930704172498,0.12315740346295714,0.20726836283101863,0.21393363834589996,0.7119410941584626,0.17276939749717712,0.7084577486251511,0.1822851393911319,236.00100195710786,319.24040496610957,209.16788634738296,270.645132210392,176.5407419843465,222.93083902612662,170.62736306830908,194.35724038690714,198.0842483392866,251.79340414738382,0.6600353669319187,0.6662284093838619,6786.0,0.5789861479516651,0.08104921898025352,nllpch_sample_event_ranking,2.317166805267334,894.0,906.0,904.0,899.0,0.1876133340383747,0.6896030930765629,0.6867520213127136,0.6934932470321655,0.6916996240615845,0.6927796006202698,0.6897273659706116,0.6892818212509155,0.69120192527771,0.6838815808296204,0.695735514163971,0.6842038035392761,1503.0,0.699301954441096,0.699318528175354,0.7032540440559387,0.6999358534812927,0.6999938488006592,0.6983330845832825,0.6990664601325989,0.7027438879013062,0.6970116496086121,0.7002476453781128,0.6969801783561707,1503.0,0.6817464736477857,0.6893590092658997,0.6893071532249451,0.6773277521133423,0.6849146485328674,0.6812850832939148,0.6785075664520264,0.6788212656974792,0.6834747791290283,0.6879679560661316,0.6773518919944763,1503.0,0.6783190338326612,0.6764095425605774,0.670473575592041,0.6848134398460388,0.6827845573425293,0.6802660226821899,0.6869942545890808,0.6845544576644897,0.6834620237350464,0.6777485609054565,0.6649601459503174,1503.0,0.6872426387495265,11.9202,126.089,0.252,nllpch_sample_event_ranking,L_PCH + L_rank + L_mul (paper)
sim_base__ours_nllpch_sample_event_ranking__s1,02_synthetic_scenarios,sim_base,1,base,,"{'order_spread': 0.0, 'shared': 0.5, 'frailty': 0.0, 'nonlin': 0.5, 'censor': 0.4, 'events': 4, 'n': 5000, 'regime': 'non-competing'}",ours,0.6987171492154609,0.6921668989924977,0.677100647042189,0.13829444476606056,0.20933490194268498,0.22760540457460365,0.6893282317500492,0.20604296028614044,0.7337497015885298,0.7220927541364457,0.7057504404539522,0.12132076039864295,0.19428116117183383,0.2140038586574144,0.7205309653929759,0.1882134974002838,0.7242235162220192,0.7252470077476146,0.7010994295008252,0.12127305864235681,0.19470774679251335,0.21474623675186133,0.7168566511568196,0.18165358901023865,0.7247591143137149,0.7079589668015409,0.7055158731987197,0.12188066545046958,0.2071821743784313,0.21173139350111872,0.7127446514379918,0.17423652112483978,0.7098651249344591,0.18136348391899929,258.4807317750909,327.6856422921211,189.44165547963593,257.41510103942494,183.85533258198024,226.0784975906796,173.54164604607004,193.18313130006018,201.32984147069428,251.09059305557145,0.6660141544948049,0.6721739130434782,6641.0,0.5893690709230538,0.07664508357175115,nllpch_sample_event_ranking,2.315218925476074,902.0,897.0,861.0,879.0,0.18769027961364873,0.6769186591371631,0.6751879453659058,0.6790964007377625,0.6811703443527222,0.6754167079925537,0.6748044490814209,0.6773061752319336,0.6789208054542542,0.6792208552360535,0.6799480319023132,0.6700723171234131,1475.0,0.7040170277646745,0.7012813687324524,0.7073236107826233,0.7029939293861389,0.7041284441947937,0.7049424648284912,0.7045067548751831,0.7013775706291199,0.7031046152114868,0.7071704864501953,0.7028613686561584,1475.0,0.6928147056228529,0.668803334236145,0.690607488155365,0.6923525333404541,0.6948510408401489,0.6900131702423096,0.69570392370224,0.6926292777061462,0.6927042603492737,0.6976176500320435,0.6897263526916504,1475.0,0.6853644302807869,0.6754770874977112,0.6679583191871643,0.6869458556175232,0.6828393936157227,0.6872798204421997,0.6890051960945129,0.6876423358917236,0.6887902021408081,0.6867088079452515,0.6796539425849915,1475.0,0.6897787057013693,14.1303,104.385,0.212,nllpch_sample_event_ranking,L_PCH + L_rank + L_mul (paper)
sim_base__ours_nllpch_sample_event_ranking__s2,02_synthetic_scenarios,sim_base,2,base,,"{'order_spread': 0.0, 'shared': 0.5, 'frailty': 0.0, 'nonlin': 0.5, 'censor': 0.4, 'events': 4, 'n': 5000, 'regime': 'non-competing'}",ours,0.7127476932452947,0.7236919254459766,0.7055001070427127,0.11869866882867268,0.20731438298079763,0.22348501796701095,0.7139799085779946,0.20392882823944092,0.7320094645291052,0.7214241674481146,0.7163235905646451,0.11975413099928141,0.19762800696649485,0.2135323524226403,0.723252407513955,0.18789680302143097,0.7295198020210176,0.7140938983633297,0.7033861149279755,0.11249800997694916,0.20075400634128757,0.21212868853659025,0.7156666051041077,0.17798934876918793,0.7324007776472348,0.6897724216579084,0.6936534021700941,0.11740927657758035,0.20704564619786772,0.20839532306489109,0.7052755338250791,0.17220070958137512,0.7145436137552842,0.178220292571672,248.76110593375884,320.3913781083229,211.90090894073143,267.8340680757632,186.35645755834102,220.55845985447337,170.92601847702045,194.98259505991123,204.48612272746294,250.94162527461768,0.6729151291512915,0.6792764857881137,6775.0,0.5778597785977859,0.09505535055350556,nllpch_sample_event_ranking,2.311251163482666,922.0,907.0,899.0,894.0,0.1856445717521954,0.69393854826097,0.6877299547195435,0.6942518353462219,0.6937066316604614,0.6940311193466187,0.6950993537902832,0.6944597363471985,0.6951744556427002,0.694806694984436,0.6973173022270203,0.6891881227493286,1508.0,0.7067313797627799,0.7013324499130249,0.7088491916656494,0.7074056267738342,0.7075121998786926,0.709481954574585,0.7086491584777832,0.7078761458396912,0.7004418969154358,0.7083433270454407,0.7063254714012146,1508.0,0.6972796232700881,0.6864601373672485,0.7012655735015869,0.6989830732345581,0.700871467590332,0.6966810822486877,0.6985377669334412,0.6991128325462341,0.697249174118042,0.6993889212608337,0.6922794580459595,1508.0,0.6835498518363169,0.6823529005050659,0.6709105372428894,0.6745899319648743,0.6864973306655884,0.6842721104621887,0.6790167093276978,0.6884472966194153,0.6863125562667847,0.6846127510070801,0.6814877986907959,1508.0,0.6953748507825387,11.0666,136.266,0.271,nllpch_sample_event_ranking,L_PCH + L_rank + L_mul (paper)
sim_censor0p2__coxph__s0,02_synthetic_scenarios,sim_censor0p2,0,censor,0.2,,coxph,0.6923258149525994,0.6683409724667249,0.6545378680708491,0.14936648054813742,0.21825992199880717,0.19879861844576657,0.671734885163391,0.18880834033090368,0.6757199466342181,0.6651518756295168,0.6514234289085187,0.1606541630813749,0.21866490898211022,0.20029942280778695,0.6640984170574179,0.19320616495709073,0.6804465868513793,0.6825957100301968,0.6745208634329426,0.1535470488019007,0.21239674613565854,0.17982144853906412,0.6791877201048395,0.18192174782554113,0.6750993645588638,0.6562094829489883,0.6476987818128327,0.15456989706183974,0.22002294088077773,0.18879675435712687,0.6596692097735616,0.18779653076658143,0.6686725580248025,0.18793319597002925,231.68795395285494,323.381144429161,227.88890541716881,287.46921885525836,194.80888993734226,230.07922115418376,181.8885127672021,203.64299141324102,209.06856551864203,261.14314396296106,0.6419229837733107,0.6420410043768716,8258.0,0.5716880600629692,0.07023492371034146,,,,,,,,,,,,,,,,,,,,,,,,,,,,,,,,,,,,,,,,,,,,,,,,,,,,,,,,,,,,,Cox PH (cause-specific)
sim_censor0p2__coxph__s1,02_synthetic_scenarios,sim_censor0p2,1,censor,0.2,,coxph,0.6663601879480134,0.6448030428827534,0.6379373448139753,0.16445433551084707,0.2310544465433929,0.20334076863471962,0.6497001918815807,0.19961651689631987,0.6804089818936028,0.6743894373937044,0.6643535845546638,0.15601730278252268,0.21275896552864035,0.18643143176315513,0.6730506679473237,0.18506923335810607,0.7035289940101876,0.6853490759703466,0.6725947849859836,0.14301807091775917,0.2073089586707303,0.18538426146973175,0.6871576183221726,0.17857043035274042,0.6843354444716403,0.6657561580508238,0.658856461313455,0.1517676507406378,0.2146115152034255,0.18797494275119972,0.669649354611973,0.184784702898421,0.6698894581907625,0.18701022087639685,249.4409867796263,328.31607588463453,223.23497593730846,280.27262815405953,193.04700820660668,233.01548927536217,182.28973922451985,202.3523755504533,212.00317753701532,260.98914221612733,0.6470441817050404,0.6496569671161581,8035.0,0.5848164281269446,0.062227753578095846,,,,,,,,,,,,,,,,,,,,,,,,,,,,,,,,,,,,,,,,,,,,,,,,,,,,,,,,,,,,,Cox PH (cause-specific)
sim_censor0p2__coxph__s2,02_synthetic_scenarios,sim_censor0p2,2,censor,0.2,,coxph,0.6710915633360467,0.6539022266592107,0.6370397213261949,0.1509617055919177,0.2274878947366151,0.2105316142467492,0.6540111704404841,0.196327071525094,0.6779784672463586,0.659358396676332,0.6536960037702961,0.15260589156325413,0.22360693871957804,0.1950233613988926,0.6636776225643289,0.19041206389390827,0.7027674147397385,0.6988985854405108,0.6847663198721871,0.14831798225264534,0.20507820261205867,0.17589412617405129,0.6954774400174788,0.17643010367958512,0.7010771401017831,0.6659646385131892,0.6567470401355068,0.15026958246694003,0.21693482115285953,0.18095651668907148,0.6745962729168263,0.1827203067696237,0.6719406264847795,0.18647238646705278,246.58083065891933,332.9864687333251,226.79205925368944,289.4298091213624,184.6004142116076,221.50916700940635,176.77691512107506,203.60717862359627,208.68755481132285,261.88315587192255,0.647044514716614,0.6489454378725354,8222.0,0.5723668207248844,0.07467769399172952,,,,,,,,,,,,,,,,,,,,,,,,,,,,,,,,,,,,,,,,,,,,,,,,,,,,,,,,,,,,,Cox PH (cause-specific)
sim_censor0p2__oracle__s0,02_synthetic_scenarios,sim_censor0p2,0,censor,0.2,,oracle,0.7485661150477032,0.7261820627348744,0.7219019938251241,0.1373688641865622,0.19963510495752523,0.1808024298929098,0.7322167238692338,0.1726021330123324,0.7416186786440366,0.7398417012788299,0.7321115798190768,0.14744291554407216,0.1894567944677299,0.1674801978499583,0.7378573199139811,0.1681266359539201,0.7308772504014572,0.7259634722193322,0.7184126517467287,0.14312433784611375,0.19300904002732527,0.16517940303272405,0.7250844581225061,0.16710426030205436,0.7417460245977289,0.7273549848614095,0.7181128386292289,0.13782733974752737,0.18813269408846284,0.1611291578268024,0.7290712826961224,0.16236306388759755,0.7310574461504608,0.1675490232889761,203.51542133845822,269.6998340920442,190.02964731739428,236.31383379377482,175.6323301657853,205.08313231160645,155.76253457019354,172.66318259114988,181.23498334795784,220.93999569714381,0.6916929038508113,0.6953697304768486,8258.0,0.5716880600629692,0.12000484378784204,,,,,,,,,,,,,,,,,,,,,,,,,,,,,,,,,,,,,,,,,,,,,,,,,,,,,,,,,,,,,Oracle (true CIF)
sim_censor0p2__oracle__s1,02_synthetic_scenarios,sim_censor0p2,1,censor,0.2,,oracle,0.7317122048555833,0.7129410698125261,0.7123471295720066,0.15204010967099132,0.21068326855172503,0.18114972499156407,0.7190001347467053,0.18129103440476016,0.7302106219701157,0.7272728490257409,0.7216425878994528,0.14669294470360675,0.19147624381347475,0.16744496828229577,0.726375352965103,0.1685380522664591,0.7487781985691052,0.7388822888765001,0.7311290677776814,0.13360842155171954,0.18341992083542635,0.15822721348747637,0.7395965184077622,0.15841851862487408,0.7369209556098982,0.7280262813200606,0.7190729128745247,0.1388125575546046,0.18708760870371136,0.1645265236452293,0.7280067166014944,0.16347556330118176,0.7282446806802663,0.16793079214931877,215.46630432130334,275.51641235881965,190.134395744333,234.47544154090065,171.561353743005,203.43210879709483,158.60634406561846,174.4123308382396,183.94209946856495,221.95907338376367,0.6927193528313628,0.6963567541991956,8035.0,0.5848164281269446,0.1079029247044182,,,,,,,,,,,,,,,,,,,,,,,,,,,,,,,,,,,,,,,,,,,,,,,,,,,,,,,,,,,,,Oracle (true CIF)
sim_censor0p2__oracle__s2,02_synthetic_scenarios,sim_censor0p2,2,censor,0.2,,oracle,0.7277576312510239,0.7231934170282079,0.7161775151069059,0.14256145016941701,0.2064847175787115,0.18874675984795036,0.7223761877953793,0.17926430919869296,0.757744652251237,0.73820946874616,0.7348356430612802,0.13636783393000482,0.19461489535786064,0.16380253619228236,0.7435965880195591,0.16492842182671594,0.7526810276955535,0.7499771424115599,0.7384736526090013,0.1360709481949894,0.17935330773125904,0.15102713609254886,0.7470439409053715,0.1554837973395991,0.746957182248968,0.7257322952814637,0.7173561796811323,0.13414689733681037,0.19059794067842256,0.16110964236425337,0.7300152190705212,0.16195149345982876,0.7357579839477077,0.1654070054562092,216.94662119571962,279.182840556832,189.28029382791493,235.97922309855048,160.9304470992047,191.30310098026976,159.10778006762592,177.4430647406984,181.5662855476163,220.97705734408765,0.7031135976648017,0.7056854653828518,8222.0,0.5723668207248844,0.13074677693991732,,,,,,,,,,,,,,,,,,,,,,,,,,,,,,,,,,,,,,,,,,,,,,,,,,,,,,,,,,,,,Oracle (true CIF)
sim_censor0p2__ours_nllpch__s0,02_synthetic_scenarios,sim_censor0p2,0,censor,0.2,,ours,0.7311978373080665,0.711324818139914,0.7043666176778139,0.14219021657130168,0.20800877035609613,0.1910113841279634,0.7156297577085983,0.1734844148159027,0.7359172972157213,0.7256496286292874,0.721297530475242,0.15083399648498536,0.19844676453611204,0.17187645939022575,0.7276214854400834,0.16240914165973663,0.7109152502722867,0.7068545684750345,0.7007414470290224,0.15232651731454439,0.20676355304895924,0.17351600969165631,0.706170421925448,0.16186407208442688,0.7241418906505026,0.7095511161281748,0.6983693230993757,0.1458563662640456,0.19686367448856826,0.1706797959906351,0.7106874432926844,0.15122941136360168,0.7150272770917036,0.17569779235542443,226.2916961876444,289.0350462444559,200.27458946589792,245.16860405323993,183.27314639216365,213.67439291923694,163.92012134118397,182.52348600183387,193.43988834672248,232.60038230469166,0.6748607410995399,0.6779083160562082,8258.0,0.5716880600629692,0.10317268103657062,nllpch,6.277355670928955,1139.0,1188.0,1224.0,1277.0,0.1619267587634089,0.702895586835927,0.7005255222320557,0.7046951651573181,0.7054072022438049,0.7047956585884094,0.7041069269180298,0.7036718726158142,0.7029982805252075,0.70231032371521,0.7014095187187195,0.7011134624481201,1503.0,0.7114968030332935,0.7018640637397766,0.7072145342826843,0.7107090353965759,0.7111903429031372,0.7118118405342102,0.7133021950721741,0.7126134634017944,0.7127400636672974,0.7119382619857788,0.7105500102043152,1503.0,0.6955855247159867,0.6892043352127075,0.693769097328186,0.696115255355835,0.6970356106758118,0.6963698267936707,0.6959912776947021,0.6961461305618286,0.696835994720459,0.6965775489807129,0.6927972435951233,1503.0,0.6912733374697726,0.6812788844108582,0.6859105229377747,0.6920109987258911,0.692919135093689,0.6956191062927246,0.6931424736976624,0.6930047869682312,0.6928427815437317,0.6907981634140015,0.6868286728858948,1503.0,0.7003128130137452,15.3733,97.767,0.195,nllpch,L_PCH
sim_censor0p2__ours_nllpch__s1,02_synthetic_scenarios,sim_censor0p2,1,censor,0.2,,ours,0.7114175122253868,0.6937171839820752,0.6918312422288022,0.15511106630876356,0.21653403006123567,0.18875697610158146,0.6989886461454214,0.17669963836669922,0.7213541833360098,0.7126510414091832,0.7093711580825569,0.14964680281933201,0.20133600921207204,0.17262860316125014,0.7144587942759166,0.16264449059963226,0.7324360190765137,0.7144072935327043,0.7069169950498335,0.13652127969141553,0.1971121186956494,0.17025750254847907,0.7179201025530171,0.160618394613266,0.734283651056378,0.7185113246069313,0.7078724746633994,0.14309479173547365,0.19330956479833297,0.17017332908978525,0.7202224834422363,0.1510106474161148,0.7128975066041479,0.17454017285194756,223.1893008471218,290.8316268201477,202.80680918703885,245.96472159709876,183.22972353704887,216.52260344526732,163.95049352993442,182.81977370274515,193.29408177528597,234.03468139131473,0.6777846919726198,0.6820203453986278,8035.0,0.5848164281269446,0.09296826384567525,nllpch,6.225700378417969,1144.0,1162.0,1180.0,1239.0,0.16249083220327973,0.6904550638826406,0.690191924571991,0.6903753876686096,0.6899590492248535,0.690001368522644,0.6904032826423645,0.6908164024353027,0.6905266642570496,0.6915194988250732,0.6905527710914612,0.6897697448730469,1475.0,0.705161605938537,0.7021998763084412,0.7046924233436584,0.7050416469573975,0.7053196430206299,0.7043338418006897,0.7047545909881592,0.7059683203697205,0.7058391571044922,0.7049206495285034,0.7053625583648682,1475.0,0.6964239893698684,0.6930109858512878,0.6991103291511536,0.698138952255249,0.6972109079360962,0.6964684128761292,0.6971709132194519,0.6994955539703369,0.6985564827919006,0.6946794390678406,0.693061351776123,1475.0,0.6967524165737734,0.6902236342430115,0.6962143778800964,0.6960927844047546,0.6954241991043091,0.6961995363235474,0.6965538859367371,0.6977224946022034,0.6976146101951599,0.6974844932556152,0.6958692073822021,1475.0,0.6971982689412048,16.7708,87.951,0.179,nllpch,L_PCH
sim_censor0p2__ours_nllpch__s2,02_synthetic_scenarios,sim_censor0p2,2,censor,0.2,,ours,0.7176047167559924,0.7057598006769216,0.6930877683991591,0.14456023093912326,0.21277068630171514,0.1953463145235625,0.7054840952773577,0.17819350957870483,0.7307756531577311,0.7130594671371818,0.7083551684922144,0.1472304019679434,0.20514532877297398,0.17120143810046184,0.7173967629290424,0.1688489466905594,0.7304776744368229,0.7263958345460528,0.7123189028605295,0.14134156916706883,0.1954137054009704,0.16402927013199697,0.7230641372811352,0.15397270023822784,0.7196028004925078,0.6948849620412988,0.6842180633639748,0.14354968386250133,0.21041217808008628,0.1754045456875902,0.6995686086325938,0.15793654322624207,0.7113784010300322,0.17553377941133286,217.660133971277,296.1630612845324,187.76015959661947,252.24680490232592,178.23627160728964,209.1054385659133,182.2879494501524,200.11326657518578,191.4861286563346,239.40714283198932,0.6612746290440282,0.6643282897753324,8222.0,0.5723668207248844,0.0889078083191438,nllpch,6.318113327026367,1157.0,1176.0,1212.0,1260.0,0.16448516317262363,0.6876632205743688,0.680040717124939,0.6842913031578064,0.6874008178710938,0.6877041459083557,0.6881281733512878,0.6880325078964233,0.6884790658950806,0.6885166764259338,0.6881446242332458,0.6881202459335327,1508.0,0.7006775760134639,0.6944072842597961,0.6991230845451355,0.6985202431678772,0.699002206325531,0.7001308798789978,0.701169490814209,0.7004868388175964,0.7010607719421387,0.7022175788879395,0.7016297578811646,1508.0,0.7084852649736,0.6978510022163391,0.7022271156311035,0.7065097093582153,0.7085545063018799,0.709312915802002,0.7083532214164734,0.7083328366279602,0.7080985903739929,0.7103239893913269,0.7087174654006958,1508.0,0.6778810998704028,0.6778044104576111,0.676332414150238,0.6789566278457642,0.6800306439399719,0.6794402003288269,0.6799432635307312,0.6788341999053955,0.6783170104026794,0.6784331202507019,0.6740357279777527,1508.0,0.6936767903579589,17.196,87.695,0.174,nllpch,L_PCH
sim_censor0p2__ours_nllpch_event_ranking__s0,02_synthetic_scenarios,sim_censor0p2,0,censor,0.2,,ours,0.7272291665862759,0.6990739852384262,0.6920885154447898,0.14713343847960503,0.21856623467935313,0.19255043791107432,0.7061305557564973,0.1802864968776703,0.7162104276358261,0.6983140811437897,0.6862137290609199,0.15527320502247877,0.20788421930773848,0.18657268519624629,0.7002460792801787,0.17719046771526337,0.6870908773234685,0.6887975407423899,0.6849546752514538,0.15194304861440583,0.20925335694629293,0.1753612856037871,0.6869476977724375,0.1661301702260971,0.6995778173454421,0.68870913150015,0.6801490013805165,0.15165813138561932,0.20480291471603865,0.17427048801534153,0.6894786500753695,0.15646710991859436,0.6957007457211207,0.1812724538231651,218.7277045920811,300.51364395011655,204.992791316454,264.6811657691152,194.94896107958633,227.6406423111604,173.3946981879536,191.3663375718122,198.01603879401875,246.05044740055106,0.6554855897311698,0.6564846809490901,8258.0,0.5716880600629692,0.08379752966820053,nllpch_event_ranking,3.386111259460449,1139.0,1188.0,1224.0,1277.0,0.16963554749631052,0.6933889209813086,0.6921469569206238,0.6941264867782593,0.6901029944419861,0.6903380751609802,0.6906464695930481,0.6915295124053955,0.6899536848068237,0.6952324509620667,0.6979026198387146,0.6965013742446899,1503.0,0.6836384918772063,0.6929838061332703,0.6909200549125671,0.6825871467590332,0.6843564510345459,0.6799194812774658,0.6798529624938965,0.6754040122032166,0.6823480129241943,0.6879055500030518,0.6883456707000732,1503.0,0.6737353171028091,0.675443172454834,0.6694743633270264,0.6677588224411011,0.6705006957054138,0.6720441579818726,0.6730442643165588,0.6750609278678894,0.6797789931297302,0.6782691478729248,0.6682945489883423,1503.0,0.6718855437290694,0.6626006960868835,0.6753160357475281,0.6757664084434509,0.6780604124069214,0.6727275848388672,0.6785243153572083,0.6769714951515198,0.6765267848968506,0.6709010004997253,0.6595420837402344,1503.0,0.6806620684225984,16.6862,90.075,0.18,nllpch_event_ranking,L_PCH + L_mul
sim_censor0p2__ours_nllpch_event_ranking__s1,02_synthetic_scenarios,sim_censor0p2,1,censor,0.2,,ours,0.7074275982975711,0.6747673286280874,0.6818754872794159,0.16499594518501434,0.23540769325649985,0.19650769209763885,0.6880234714016916,0.18340745568275452,0.7187828302609235,0.7000786157397645,0.6989560694694014,0.15094237659582457,0.20719662926462623,0.17577527139834007,0.7059391718233631,0.1679214984178543,0.7207183265991011,0.6991761924821378,0.6892425669962657,0.13934154587165437,0.20236952787440923,0.18083821676408604,0.7030456953591683,0.1689693182706833,0.7051003315761136,0.7024387623343264,0.6998585777721491,0.15062598916505188,0.19954703567845594,0.1723820620831081,0.7024658905608631,0.1538734883069992,0.6998685572862715,0.18132749876955911,232.4404844592616,302.93144292018155,204.1161187823206,254.89530215808915,188.25305382490382,227.8401986502926,161.3004075012562,182.31202264203378,196.52751614193556,241.99474159264926,0.6738021157436217,0.6772651999053703,8035.0,0.5848164281269446,0.08898568761667713,nllpch_event_ranking,3.358936071395874,1144.0,1162.0,1180.0,1239.0,0.1682488800072796,0.6833490574867236,0.6846826076507568,0.6824131608009338,0.6772546172142029,0.6717652082443237,0.6757345795631409,0.6826392412185669,0.6827578544616699,0.6875256299972534,0.6908225417137146,0.6880918741226196,1475.0,0.6982463839015786,0.7048638463020325,0.6976977586746216,0.6973005533218384,0.6947576403617859,0.6912506222724915,0.6922436356544495,0.6940610408782959,0.698822557926178,0.7030296325683594,0.7053273320198059,1475.0,0.6763129484087721,0.6588994264602661,0.6633391976356506,0.6667478084564209,0.6663900017738342,0.6733469367027283,0.6742344498634338,0.6774681806564331,0.6830328106880188,0.6832223534584045,0.6751145720481873,1475.0,0.687842731165562,0.6684733033180237,0.6699501276016235,0.6760854721069336,0.6836622357368469,0.6857964396476746,0.6886071562767029,0.6908258199691772,0.6917060017585754,0.6900916695594788,0.6866939663887024,1475.0,0.6864377802406592,16.9425,87.059,0.177,nllpch_event_ranking,L_PCH + L_mul
sim_censor0p2__ours_nllpch_event_ranking__s2,02_synthetic_scenarios,sim_censor0p2,2,censor,0.2,,ours,0.7082615188526297,0.6975256092952721,0.6798151915721814,0.1491691802953843,0.22484616211198954,0.20364520205944708,0.6952007732400277,0.18338732421398163,0.7395649897919772,0.7110620996600494,0.7027084792852631,0.1430896134167925,0.2065841417693543,0.17486329261988573,0.7177785229124298,0.16879157721996307,0.704488730673217,0.7010105072313799,0.6983575718864172,0.14897586261209678,0.20665451063480408,0.16508064872502234,0.7012856032636714,0.16097459197044373,0.7207484746688698,0.6964722197086223,0.6872533519399654,0.1493836061468596,0.20774203780855083,0.1714095617639479,0.7014913487724859,0.15648138523101807,0.7039390620471537,0.17928698499701126,229.68333056882403,306.31639138942523,197.53474738055402,259.6044829720374,173.64133329832447,211.91017279533244,164.3964931374706,189.15428299167024,191.3139760962933,241.74633253711633,0.6797616151787886,0.6817973406694178,8222.0,0.5723668207248844,0.10739479445390421,nllpch_event_ranking,3.3699378967285156,1157.0,1176.0,1212.0,1260.0,0.16710630172435254,0.6827068920008377,0.6724056005477905,0.6808492541313171,0.6785588264465332,0.6791545152664185,0.6788017749786377,0.6788660287857056,0.6785181760787964,0.6854962110519409,0.6888054609298706,0.6897643208503723,1508.0,0.6995019930125768,0.7076928019523621,0.702791690826416,0.697737991809845,0.7005260586738586,0.6965784430503845,0.6979003548622131,0.693548858165741,0.6979958415031433,0.7006845474243164,0.7051250338554382,1508.0,0.6911615015185513,0.6903476119041443,0.6917877197265625,0.682438313961029,0.6833136677742004,0.686280369758606,0.6890032291412354,0.6909806132316589,0.6958036422729492,0.6978733539581299,0.689684271812439,1508.0,0.6785004676539976,0.6798861026763916,0.6753239631652832,0.6774225234985352,0.680823564529419,0.6783590912818909,0.6813550591468811,0.6806197166442871,0.6818355321884155,0.6794231534004211,0.6719912886619568,1508.0,0.6879677135464909,16.4384,91.736,0.182,nllpch_event_ranking,L_PCH + L_mul
sim_censor0p2__ours_nllpch_sample_event_ranking__s0,02_synthetic_scenarios,sim_censor0p2,0,censor,0.2,,ours,0.7332454643235493,0.7121891916251324,0.705421379757772,0.15423457459875015,0.2299426099616721,0.19853932288511972,0.7169520119021513,0.19320784509181976,0.7353537132817118,0.7213749907107679,0.7124006764739976,0.16235002523897843,0.2219796390673341,0.18824027460927287,0.7230431268221592,0.18623048067092896,0.7102177776680071,0.7107252026688208,0.7007562635899869,0.15427782494786668,0.2170236516897636,0.17784343378599807,0.7072330813089382,0.17431612312793732,0.7189453747133768,0.704338859235896,0.6993454478548649,0.1547961422351266,0.21892206794300528,0.1791578600349117,0.7075432272680459,0.16436167061328888,0.7136928618253237,0.1881089522498166,228.70877542144862,321.71656185125676,209.97155638949113,276.7531375531391,183.07520273694539,228.3097756755992,164.41174316578372,192.05807255226355,196.5418194284172,254.70938690806466,0.6626301767982562,0.6647085924902095,8258.0,0.5716880600629692,0.09094211673528696,nllpch_sample_event_ranking,3.7347488403320312,1139.0,1188.0,1224.0,1277.0,0.1790717346061333,0.7020128837782762,0.6980388164520264,0.706787109375,0.704754114151001,0.7020410299301147,0.7047306895256042,0.7018693685531616,0.7034364342689514,0.7030966877937317,0.6983565092086792,0.6997497081756592,1503.0,0.7044398583481712,0.7023293972015381,0.7080711126327515,0.7039698362350464,0.705100417137146,0.7044596076011658,0.7053003907203674,0.7032005786895752,0.7045149803161621,0.7070322632789612,0.7016777396202087,1503.0,0.691870808877459,0.6838329434394836,0.692393958568573,0.6904839277267456,0.690548837184906,0.6923070549964905,0.6917993426322937,0.6922081708908081,0.6952977776527405,0.6942093968391418,0.687910258769989,1503.0,0.6922951616445014,0.6797932982444763,0.693699300289154,0.692955493927002,0.6939645409584045,0.6930687427520752,0.6908088326454163,0.6941468715667725,0.6966536641120911,0.6932196617126465,0.6869913339614868,1503.0,0.697654678162102,15.1947,98.916,0.197,nllpch_sample_event_ranking,L_PCH + L_rank + L_mul (paper)
sim_censor0p2__ours_nllpch_sample_event_ranking__s1,02_synthetic_scenarios,sim_censor0p2,1,censor,0.2,,ours,0.709002736219359,0.7016172652294268,0.695063500293884,0.17190604612260377,0.2421631952058439,0.2011840995627257,0.7018945005808899,0.19851620495319366,0.7266819856272134,0.7143804996984435,0.7079214475145177,0.15879806246108102,0.22064426838565593,0.18563671841953883,0.7163279776133916,0.18462896347045898,0.7355017637451661,0.7159779004882562,0.7087298326993074,0.14759279351162058,0.21474139047887686,0.18661557326248104,0.7200698323109099,0.17818860709667206,0.7348518862720059,0.7095653497843836,0.7066243858615517,0.15437473258163328,0.22152745823379835,0.1862101169875142,0.7170138739726472,0.16848838329315186,0.7138265461194597,0.19094953793444777,236.13623848818378,324.5543459559561,209.01160817796136,275.18796587566607,190.31685869402816,237.7614949127969,171.07874400243549,197.37471577631845,201.63586234065218,258.7196306301844,0.6530180460485376,0.6562337355098178,8035.0,0.5848164281269446,0.06820161792159307,nllpch_sample_event_ranking,3.7055747509002686,1144.0,1162.0,1180.0,1239.0,0.18215048831606667,0.6938977188277483,0.683720052242279,0.6974576711654663,0.6964093446731567,0.6937887668609619,0.6935828328132629,0.6944217681884766,0.6940406560897827,0.6959499716758728,0.6947123408317566,0.6911835670471191,1475.0,0.7053151320941959,0.6991512775421143,0.7033808827400208,0.7050477862358093,0.7053130865097046,0.7028674483299255,0.7028412222862244,0.702886700630188,0.7067948579788208,0.7091136574745178,0.7065743803977966,1475.0,0.695722236472001,0.6638351678848267,0.6846314072608948,0.6965774893760681,0.6901366710662842,0.6961942911148071,0.6955081820487976,0.6990313529968262,0.6998741030693054,0.6987501382827759,0.6928654313087463,1475.0,0.6955265234265575,0.685326874256134,0.6944114565849304,0.6903263926506042,0.6928104758262634,0.6921094655990601,0.6920596361160278,0.6962234973907471,0.6987433433532715,0.6983067393302917,0.6954442858695984,1475.0,0.6976154027051257,16.4838,89.482,0.182,nllpch_sample_event_ranking,L_PCH + L_rank + L_mul (paper)
sim_censor0p2__ours_nllpch_sample_event_ranking__s2,02_synthetic_scenarios,sim_censor0p2,2,censor,0.2,,ours,0.7092197494307695,0.7018947984648091,0.695920531447474,0.15767036022188735,0.2466885812954569,0.20380281213940155,0.7023450264476843,0.19613143801689148,0.7353779665608352,0.715835810315034,0.7112423134188866,0.1536620386183275,0.22559273614039427,0.18507932283838133,0.7208186967649185,0.18554218113422394,0.7201420890639262,0.7178843976774657,0.7096025488349635,0.15295082194720439,0.2203222345882569,0.1792141109537442,0.7158763451921185,0.17547479271888733,0.7319422611411482,0.7095454895787815,0.7012981479226335,0.15553522975540215,0.22038365451805947,0.17745043046102651,0.7142619662141877,0.16659724712371826,0.7133255086547273,0.18986269445646187,238.80296719944496,326.9269193850873,208.61191042284193,280.3677535875789,185.79000666284963,232.0337292828066,166.9760109994882,198.8346988095575,200.04522382115618,259.5407752662576,0.6662612503040622,0.6685694635488307,8222.0,0.5723668207248844,0.09389442957917782,nllpch_sample_event_ranking,3.7287588119506836,1157.0,1176.0,1212.0,1260.0,0.18058473651416593,0.693845850535031,0.6735612154006958,0.6883430480957031,0.6889826059341431,0.6938567757606506,0.6909050345420837,0.6968466639518738,0.6938130855560303,0.6990368366241455,0.6983898878097534,0.6932991743087769,1508.0,0.7029837451647695,0.7051765322685242,0.705048680305481,0.7010353803634644,0.7015921473503113,0.6971772313117981,0.7030901908874512,0.7036410570144653,0.7053336501121521,0.7048337459564209,0.7026945948600769,1508.0,0.7038438085298677,0.6862263083457947,0.7012555003166199,0.6955198049545288,0.700100302696228,0.7029770612716675,0.701706051826477,0.703218936920166,0.7052560448646545,0.7085065245628357,0.7049478888511658,1508.0,0.6914503383624861,0.6884127855300903,0.6830990314483643,0.6913726329803467,0.6899423599243164,0.6879402995109558,0.6943855881690979,0.6918470859527588,0.6952762603759766,0.6918107867240906,0.6891484260559082,1508.0,0.6980309356480385,14.5781,103.443,0.206,nllpch_sample_event_ranking,L_PCH + L_rank + L_mul (paper)
sim_censor0p6__coxph__s0,02_synthetic_scenarios,sim_censor0p6,0,censor,0.6,,coxph,0.6867668906892601,0.6767716548642407,0.665774672811408,0.09440038421303469,0.16422852644678726,0.2116131963967712,0.6764377394549695,0.1567473690188644,0.6936739813785839,0.6787188702686868,0.6628233822411638,0.09642401522577282,0.16057286206351834,0.2109892572510392,0.6784054112961448,0.1559953781801101,0.6766815634436304,0.6687453189050967,0.6686807145810578,0.08485199725475326,0.15574182528728436,0.21474386303751256,0.671369198976595,0.15177922852651674,0.7019804155208093,0.6825052640931826,0.6632093567707725,0.08328915534591953,0.1583436001632514,0.22194191066120858,0.6825650121282548,0.15452488872345985,0.6771943404639911,0.15476171611223777,284.8786732512397,295.8424756028673,282.5209966926603,279.88436999391035,249.54691984987923,243.63124365841793,224.4841885440022,213.08912070822257,260.35769458444537,258.11180249085453,0.6577404222048475,0.6674931129476585,5116.0,0.6012509773260359,0.05648944487881158,,,,,,,,,,,,,,,,,,,,,,,,,,,,,,,,,,,,,,,,,,,,,,,,,,,,,,,,,,,,,Cox PH (cause-specific)
sim_censor0p6__coxph__s1,02_synthetic_scenarios,sim_censor0p6,1,censor,0.6,,coxph,0.6903696628186496,0.656333802341787,0.6388926325320835,0.10433818874648804,0.1739887041573318,0.22259129638885392,0.6618653658975067,0.1669727297642246,0.7055801380715675,0.6689576061027607,0.6650881193784556,0.09251198093039535,0.1675636886781481,0.20950659235698219,0.6798752878509279,0.15652742065517522,0.7029398510220906,0.6914248272844039,0.6871170980326804,0.08338220897987175,0.15063099705253127,0.1994098087346659,0.693827258779725,0.14447433825568964,0.7124103225490136,0.6763187195612632,0.6606320596970688,0.07881955907027977,0.16485004494965572,0.21370608607152516,0.6831203672691152,0.15245856336382022,0.6796720699493187,0.15510826300972744,290.0801415421569,304.9320928541727,269.357764957816,273.1272176955338,245.69423768531396,238.37487574592188,233.1787946926226,218.0375599624689,259.5777347194774,258.61793656452426,0.6621187800963082,0.6702932828760644,4984.0,0.6057383627608347,0.0563804173354735,,,,,,,,,,,,,,,,,,,,,,,,,,,,,,,,,,,,,,,,,,,,,,,,,,,,,,,,,,,,,Cox PH (cause-specific)
sim_censor0p6__coxph__s2,02_synthetic_scenarios,sim_censor0p6,2,censor,0.6,,coxph,0.6700448864244183,0.6688830060852314,0.6600152347288585,0.09229430117237307,0.16581009444565808,0.21171356785515333,0.6663143757461695,0.15660598782439483,0.6785697240665068,0.6610206280494517,0.6596420921149526,0.0863253647570574,0.16200761791018795,0.2083755173586053,0.6664108147436371,0.15223616667528353,0.6935667038123691,0.6999938025970401,0.6882892496595907,0.07942374728089181,0.14815767888672957,0.20667282640777096,0.6939499186896666,0.1447514175251308,0.7110777468850192,0.7012545145583965,0.6705688738543915,0.08824336407233525,0.15756557164737425,0.2111828286323957,0.6943003784326024,0.1523305881173684,0.6802438719030188,0.15148104003554438,262.1590454627245,292.71882934296167,277.54673332294067,277.65594756104053,241.17005708534188,235.2792753007267,221.39616438116707,212.65615240963555,250.56800006304354,254.5775511535911,0.6600276079668704,0.6696657294595438,5071.0,0.5935712877144548,0.06645632025241566,,,,,,,,,,,,,,,,,,,,,,,,,,,,,,,,,,,,,,,,,,,,,,,,,,,,,,,,,,,,,Cox PH (cause-specific)
sim_censor0p6__oracle__s0,02_synthetic_scenarios,sim_censor0p6,0,censor,0.6,,oracle,0.752258852909061,0.7331940410773254,0.7223276541302885,0.08726760006674322,0.14991007392582528,0.1874671724357012,0.7359268493722251,0.14154828214275658,0.7548009326171975,0.7378056681819071,0.7392888157984835,0.09099331572686696,0.14509580392611976,0.17558980267586083,0.7439651388658627,0.1372263074429492,0.7361636681497854,0.7251677934543951,0.7211844152934063,0.07985605459735623,0.14120390618058593,0.18911984014570216,0.7275052922991957,0.13672660030788145,0.7765538094851269,0.7383028282439734,0.7290543321239241,0.07570834530634855,0.14097900317895254,0.18943097007387463,0.7479703232843414,0.13537277285305857,0.7388419009554062,0.13771849068666145,224.4730914212865,247.51334698845918,208.71119524361154,226.07526951681,200.59245946368662,208.68796080862464,195.87972902489474,189.48390218259524,207.41411878836988,217.94011987412227,0.7036747458952306,0.7161616161616161,5116.0,0.6012509773260359,0.10242376856919466,,,,,,,,,,,,,,,,,,,,,,,,,,,,,,,,,,,,,,,,,,,,,,,,,,,,,,,,,,,,,Oracle (true CIF)
sim_censor0p6__oracle__s1,02_synthetic_scenarios,sim_censor0p6,1,censor,0.6,,oracle,0.7551089149651843,0.7322463149710989,0.7098260435337737,0.09728424863145041,0.15522331499886893,0.19445924888687652,0.7323937578233523,0.14898893750573194,0.7449563342057273,0.7275626488916096,0.7254493989187695,0.08823297676648796,0.15196478723143542,0.18178231174350523,0.7326561273387021,0.14066002524714286,0.736143955987118,0.740106793633144,0.7415887633468701,0.08070001214201777,0.14040807399538863,0.17516556351210988,0.7392798376557108,0.13209121654983877,0.7689182197367789,0.7218358951704369,0.7176395036216368,0.07115961401021309,0.15236330627652664,0.1909467852468569,0.736131206176284,0.13815656851119887,0.7351152322485123,0.1399741869534781,243.17871945641483,264.519924521216,206.04141349765257,225.7532507305842,208.87917419459902,212.84011758321398,208.6311120811347,197.81840960085708,216.68260480745028,225.23292560896783,0.7048555377207063,0.7131819615263323,4984.0,0.6057383627608347,0.0991171749598716,,,,,,,,,,,,,,,,,,,,,,,,,,,,,,,,,,,,,,,,,,,,,,,,,,,,,,,,,,,,,Oracle (true CIF)
sim_censor0p6__oracle__s2,02_synthetic_scenarios,sim_censor0p6,2,censor,0.6,,oracle,0.7361245246145008,0.7350279547392553,0.7310966889909792,0.08689212273392086,0.15082879281219871,0.18209838339752468,0.7340830561149119,0.13993976631454808,0.7657239518844887,0.7374397469006122,0.7394817397630191,0.08075330879859803,0.14654526949835278,0.1780666262943996,0.74754847951604,0.13512173486378345,0.7265979268960354,0.7571394457916516,0.7460710689581362,0.07770405087892866,0.13285151423516864,0.17556260185813274,0.7432694805486078,0.12870605565741,0.7479717824297002,0.7454202054341469,0.7185609742770006,0.08134422179478602,0.14027478567298043,0.18626939455745373,0.7373176540469492,0.1359628006750734,0.7405546675566271,0.13493258937770372,232.53893803565032,255.34633190066373,207.20107769980146,221.38007565992137,191.77689867170403,199.7659304565185,201.5651102053736,196.43492777112667,208.27050615313235,218.23181644705758,0.7150463419443897,0.7264292408622305,5071.0,0.5935712877144548,0.12147505422993488,,,,,,,,,,,,,,,,,,,,,,,,,,,,,,,,,,,,,,,,,,,,,,,,,,,,,,,,,,,,,Oracle (true CIF)
sim_censor0p6__ours_nllpch__s0,02_synthetic_scenarios,sim_censor0p6,0,censor,0.6,,ours,0.7146189293663245,0.695689398700719,0.6866425785500954,0.09308320806894475,0.16257456362957212,0.20560940993877008,0.6989836355390463,0.19017146527767181,0.7338580149824936,0.7105047815862462,0.6956293581287658,0.09345641506164844,0.1524970344279438,0.19959583197603628,0.7133307182325019,0.174966499209404,0.7120849949775448,0.7058486013519794,0.6974050619276448,0.08557179059350502,0.15392391382176634,0.20099333173251918,0.7051128860857231,0.15999528765678406,0.7195940844963302,0.6911659238293025,0.684901377462197,0.08158850503741023,0.1573590903893188,0.20901496056937313,0.69855379526261,0.14963114261627197,0.7039952587799704,0.14960567127056737,244.63532392252205,270.77318846761113,252.69889856860334,257.3230197075892,202.10166397041738,222.35844011936695,217.61897735416994,210.83256573717298,229.26371595392817,240.32180350793507,0.6763096168881939,0.6872053872053873,5116.0,0.6012509773260359,0.07505863956215797,nllpch,1.93388032913208,698.0,614.0,559.0,546.0,0.17017173477327918,0.6808590896563335,0.6826472282409668,0.6829062104225159,0.6827815175056458,0.6817337870597839,0.6818402409553528,0.6814254522323608,0.6826708316802979,0.6826168298721313,0.6827982664108276,0.6726017594337463,1503.0,0.6533653532912997,0.6557217240333557,0.6523123383522034,0.6554351449012756,0.6531794667243958,0.6516345739364624,0.6515741348266602,0.6548641920089722,0.6535105109214783,0.6522933840751648,0.6545661091804504,1503.0,0.6824948280019036,0.6659817695617676,0.6855738162994385,0.6880886554718018,0.6866787672042847,0.6865031123161316,0.6875032782554626,0.6866335868835449,0.6856085658073425,0.680615246295929,0.6727803945541382,1503.0,0.6615264634950226,0.6612599492073059,0.6610758900642395,0.6639089584350586,0.666351854801178,0.6666962504386902,0.6683171391487122,0.6679266691207886,0.6680343151092529,0.6650300025939941,0.6444830298423767,1503.0,0.66956143361114,9.9909,150.436,0.3,nllpch,L_PCH
sim_censor0p6__ours_nllpch__s1,02_synthetic_scenarios,sim_censor0p6,1,censor,0.6,,ours,0.7127916160815834,0.7036566279034095,0.6788672805573428,0.10283189998205143,0.1648048153193916,0.2106948269149773,0.6984385081807787,0.19229678809642792,0.7438651938340813,0.7221166181443839,0.7076711297636317,0.08963238891842229,0.15796927420574683,0.20030729799975402,0.724550980580699,0.17102669179439545,0.7176952931349168,0.7220066647037502,0.7168427649407848,0.0832244002545983,0.14543500738251972,0.1887541237146943,0.7188482409264839,0.15395213663578033,0.7530061496241877,0.7091664725732948,0.6949398741310491,0.07241388467819371,0.16001058560332776,0.20482186376800907,0.7190374987761773,0.14548248052597046,0.7152188071160348,0.14840836406180719,234.9358416106561,272.128294027804,206.16958433604296,232.64982844204957,226.91333376306437,229.38240141967955,212.32689094193853,200.84955902062381,220.08641266292545,233.75252072753923,0.6793739967897271,0.6877325764742984,4984.0,0.6057383627608347,0.0736356340288924,nllpch,1.9090172052383423,679.0,609.0,529.0,530.0,0.1675633444309133,0.684445865102153,0.6849252581596375,0.6857114434242249,0.6888769865036011,0.6870195865631104,0.6862787008285522,0.6838312149047852,0.6861783266067505,0.6873186230659485,0.6802865266799927,0.6794365048408508,1475.0,0.6991287496675669,0.6879043579101562,0.6963251233100891,0.6988351345062256,0.698162317276001,0.6994643211364746,0.7001076340675354,0.7014378905296326,0.700321614742279,0.69925856590271,0.6977282166481018,1475.0,0.6987130916411575,0.6727813482284546,0.693866491317749,0.6989001631736755,0.701756477355957,0.7030894160270691,0.7031065225601196,0.7041383385658264,0.7041593194007874,0.7034019827842712,0.6836286187171936,1475.0,0.6865305881296678,0.6529595851898193,0.6719757318496704,0.6776564717292786,0.6821274161338806,0.6843461990356445,0.6855279207229614,0.6877903342247009,0.6855793595314026,0.6905895471572876,0.6880170702934265,1475.0,0.6922045736351363,9.9687,147.964,0.301,nllpch,L_PCH
sim_censor0p6__ours_nllpch__s2,02_synthetic_scenarios,sim_censor0p6,2,censor,0.6,,ours,0.7086828821714516,0.7048423417015522,0.6966020981068798,0.09002557967493162,0.16106268813159386,0.2008654585938354,0.7033757739932945,0.18763509392738342,0.7255994346551632,0.7111200297202901,0.7111689953551472,0.08614976549348274,0.15845636322580944,0.19319645184310744,0.7159628199102,0.16922888159751892,0.7055880897814556,0.7285903638599401,0.7088103097869365,0.08031415420799219,0.14280715161312266,0.1929624582829066,0.714329587809444,0.15275026857852936,0.7210899320930664,0.7094869567117749,0.6845278781106255,0.08596545843001224,0.1534932845885939,0.20156045465349384,0.7050349223051556,0.15121856331825256,0.7096757760045236,0.14557160572824016,231.08118590030531,268.9512640963091,225.0621035026543,241.8993624768388,222.38770510042426,224.31476285818624,219.781150031099,209.66952533019162,224.57803613362074,236.20872869038143,0.6860579767304279,0.6949078412995939,5071.0,0.5935712877144548,0.09248668901597312,nllpch,1.8932769298553467,690.0,602.0,557.0,534.0,0.16667084093234943,0.6723896000662981,0.6624818444252014,0.6685438752174377,0.6696131229400635,0.6713127493858337,0.6724905371665955,0.6741670966148376,0.6747010350227356,0.6746168732643127,0.6757783889770508,0.6691267490386963,1508.0,0.6913502333028193,0.6923202872276306,0.692821741104126,0.692897379398346,0.6935219168663025,0.6905171275138855,0.6919695138931274,0.6946289539337158,0.6944991946220398,0.6917464137077332,0.6841838359832764,1508.0,0.6926773593588147,0.6919015645980835,0.6930908560752869,0.6941828727722168,0.6973323225975037,0.6971827149391174,0.6968597173690796,0.6965709328651428,0.6962043642997742,0.6959819793701172,0.6790861487388611,1508.0,0.669918637524069,0.6578620672225952,0.662765383720398,0.6646260023117065,0.6679328680038452,0.6685339212417603,0.6724733710289001,0.6707817912101746,0.6759107112884521,0.6719371676445007,0.664668083190918,1508.0,0.6815839575630002,11.1885,134.781,0.268,nllpch,L_PCH
sim_censor0p6__ours_nllpch_event_ranking__s0,02_synthetic_scenarios,sim_censor0p6,0,censor,0.6,,ours,0.7248983670546519,0.7084519059152115,0.6950110343041065,0.09256518679602925,0.1622344475841662,0.20540046973329038,0.7094537690913233,0.18981054425239563,0.7372629528200061,0.7064343852126306,0.7040034836232661,0.09456996938922964,0.1556774106546722,0.19265824047702287,0.715900273885301,0.17270711064338684,0.6859440989279026,0.6802929820424368,0.6799474367983983,0.08464405283405321,0.15605514064912984,0.20663230894564974,0.6820615059229126,0.1633976399898529,0.7363982712020449,0.6993546625904616,0.6867612070127214,0.08160927810458078,0.15744250880946614,0.21027409994253454,0.7075047136017426,0.15044841170310974,0.7037300656253199,0.14998025949331875,276.7015124114667,283.7472559396896,249.37401250444285,254.90465436948182,232.35810596646127,234.0126514367977,217.28134969873182,207.76553074415173,243.92874514527566,245.1075231225302,0.6729867083659109,0.6829813284358739,5116.0,0.6012509773260359,0.07173573103987496,nllpch_event_ranking,1.0497452020645142,698.0,614.0,559.0,546.0,0.17046505559265096,0.676888995914049,0.67745441198349,0.6736975312232971,0.6773403882980347,0.676338791847229,0.6751464009284973,0.6748415231704712,0.6742342114448547,0.6722642183303833,0.6720372438430786,0.6913044452667236,1503.0,0.6732591819044607,0.6842979192733765,0.6850818395614624,0.6776728630065918,0.6790909767150879,0.6735805869102478,0.6725261211395264,0.6706141233444214,0.6730250716209412,0.6659817099571228,0.6746723055839539,1503.0,0.6635326583039857,0.6528280973434448,0.6646536588668823,0.6704532504081726,0.6575349569320679,0.6606719493865967,0.6645243763923645,0.6655324697494507,0.6684950590133667,0.6654931306838989,0.6582503318786621,1503.0,0.6716450242971888,0.6421131491661072,0.6691030263900757,0.6699753999710083,0.6703439354896545,0.6761045455932617,0.6811763048171997,0.6743859052658081,0.669298529624939,0.6758860349655151,0.6639730334281921,1503.0,0.671331465104921,9.4689,158.729,0.317,nllpch_event_ranking,L_PCH + L_mul
sim_censor0p6__ours_nllpch_event_ranking__s1,02_synthetic_scenarios,sim_censor0p6,1,censor,0.6,,ours,0.7169501723828301,0.6968298957607459,0.6700901712201939,0.10381741269302186,0.17108549598820869,0.2149538383517557,0.6946234131212566,0.19575007259845734,0.7408881705824159,0.7072544129974271,0.6963782865352939,0.09001948067939657,0.16029186988115893,0.19763368944366355,0.7148402900383789,0.1713026612997055,0.7094794334745748,0.7124343651316438,0.6984928347064493,0.08406869267832817,0.1506237096327065,0.19737203083763774,0.7068022111042226,0.16044186055660248,0.7309486611624387,0.6862899763486308,0.6716349899952817,0.08056048814875721,0.1650824150516079,0.21053448442439368,0.6962912091687837,0.15354685485363007,0.7031392808581605,0.15217030065088635,276.27250446341844,291.59750712997135,223.82145890488707,242.09463081817825,223.42922626394937,229.6869539891853,211.74951318635007,203.8157954901644,233.81817570465122,241.79872185687483,0.6695425361155698,0.6771680857773573,4984.0,0.6057383627608347,0.0638041733547351,nllpch_event_ranking,1.0493777990341187,679.0,609.0,529.0,530.0,0.17191785144130373,0.6724779008907047,0.6789242625236511,0.6722386479377747,0.6737210750579834,0.6757344007492065,0.6716412305831909,0.6718699932098389,0.6739471554756165,0.671720027923584,0.6717643141746521,0.6698485612869263,1475.0,0.68903268012621,0.6956498026847839,0.699631929397583,0.6877205967903137,0.6877219676971436,0.6861335635185242,0.6903973817825317,0.686913013458252,0.6881977319717407,0.6868064403533936,0.6921318173408508,1475.0,0.6766347758035353,0.6818652749061584,0.6683317422866821,0.6743685007095337,0.6783883571624756,0.6694554090499878,0.6702607870101929,0.6712830066680908,0.675631582736969,0.675535261631012,0.6889839768409729,1475.0,0.6669489730787257,0.643013060092926,0.6668679118156433,0.6577523350715637,0.6574693918228149,0.6622375249862671,0.6709536910057068,0.6682851314544678,0.6634560823440552,0.6688716411590576,0.670593798160553,1475.0,0.6762735824747939,9.345,157.839,0.321,nllpch_event_ranking,L_PCH + L_mul
sim_censor0p6__ours_nllpch_event_ranking__s2,02_synthetic_scenarios,sim_censor0p6,2,censor,0.6,,ours,0.7102334228431748,0.7095987224684864,0.7035986673704732,0.09157849627369458,0.166027004766835,0.21411939978922065,0.7078102708940448,0.19621941447257996,0.737779203561696,0.7121006807317084,0.7077650555242979,0.08411569385856577,0.15534596029278638,0.19820428687610928,0.7192149799392341,0.171354278922081,0.6802029827107103,0.7052522394240652,0.6852859317751816,0.08136730778963394,0.14807306806157491,0.20543957991256784,0.6902470513033191,0.1599876433610916,0.7215284089547801,0.696515348421314,0.671256678984783,0.08586881857675016,0.15803384441902996,0.2085446611919242,0.6964334787869592,0.15366686880588531,0.7034264452308894,0.14972651015072438,298.0009393609416,296.9549939021308,274.34275446125105,265.24421937508885,255.56734999747698,242.30275780294073,241.32644827866767,222.83268957153612,267.3093730245843,256.83366516292415,0.6801419838296194,0.6884411121524523,5071.0,0.5935712877144548,0.08657069611516466,nllpch_event_ranking,1.0515245199203491,690.0,602.0,557.0,534.0,0.17193365387815515,0.6733663670382106,0.6687736511230469,0.6643701195716858,0.6696630120277405,0.6729430556297302,0.6699817776679993,0.6727113127708435,0.674982488155365,0.6747185587882996,0.6789552569389343,0.6742827296257019,1508.0,0.690807702988084,0.7042794823646545,0.6983404159545898,0.6975561380386353,0.6992157697677612,0.6943380832672119,0.6991943120956421,0.6985392570495605,0.6932544112205505,0.6867064237594604,0.6710790991783142,1508.0,0.6754586651118215,0.6623377799987793,0.6892985105514526,0.689144492149353,0.6747585535049438,0.6666243076324463,0.6749635338783264,0.6767556071281433,0.6824102997779846,0.6751497387886047,0.669793963432312,1508.0,0.6590310194956561,0.6366939544677734,0.6559699177742004,0.6524812579154968,0.6636505722999573,0.6665472984313965,0.6667205691337585,0.661885142326355,0.6553074717521667,0.6600211262702942,0.6536233425140381,1508.0,0.6746659386584432,12.5118,120.526,0.24,nllpch_event_ranking,L_PCH + L_mul
sim_censor0p6__ours_nllpch_sample_event_ranking__s0,02_synthetic_scenarios,sim_censor0p6,0,censor,0.6,,ours,0.723559281794489,0.7086957425156372,0.6934016873720323,0.09937906019592882,0.17860929507454074,0.23384762761918668,0.7085522372273863,0.2132364809513092,0.7412009846154488,0.7163935828827859,0.7054519948457196,0.09955506317595955,0.16879578183975538,0.22191485421121437,0.721015520781318,0.19322718679904938,0.7001126067328691,0.6880197262694187,0.6872614850446519,0.08587289022831007,0.15952322267284935,0.21941761108122726,0.6917979393489798,0.17170876264572144,0.7187400220086161,0.6919710980451307,0.6864900804246601,0.08534509400841589,0.16575424301875616,0.2317325750563782,0.6990670668261356,0.16197291016578674,0.7051081910459549,0.16247894318187686,317.26714956007277,321.2522445579085,313.0088799548269,295.4258635509766,279.65816786161514,257.4023693498158,237.17320930769282,220.20342101464828,286.7768516710519,273.5709746183373,0.6593041438623924,0.6716865625956535,5116.0,0.6012509773260359,0.058053166536356504,nllpch_sample_event_ranking,1.2166639566421509,698.0,614.0,559.0,546.0,0.18696854102941993,0.6826808454568172,0.6871611475944519,0.6883584856987,0.6712002158164978,0.6919576525688171,0.6712237000465393,0.6693321466445923,0.6723136305809021,0.6922398805618286,0.6975206732749939,0.6830910444259644,1503.0,0.6644976688848153,0.6603102684020996,0.6636717319488525,0.6693492531776428,0.6668508648872375,0.6687573790550232,0.6679063439369202,0.6657771468162537,0.6678947806358337,0.6630626320838928,0.6555263996124268,1503.0,0.6669916252689908,0.6712182760238647,0.6720720529556274,0.6719231009483337,0.6633558869361877,0.6676146388053894,0.6684763431549072,0.6686443090438843,0.6692325472831726,0.6625258922576904,0.6664239764213562,1503.0,0.6635484362185813,0.6456705927848816,0.6639518737792969,0.6689984798431396,0.6658223271369934,0.6667702198028564,0.6656462550163269,0.6747173070907593,0.6718894243240356,0.6703716516494751,0.642830491065979,1503.0,0.6694296439573012,10.8562,138.446,0.276,nllpch_sample_event_ranking,L_PCH + L_rank + L_mul (paper)
sim_censor0p6__ours_nllpch_sample_event_ranking__s1,02_synthetic_scenarios,sim_censor0p6,1,censor,0.6,,ours,0.7067107001013538,0.6985395582323158,0.6823194601273762,0.10873123935521746,0.1824282491110777,0.23057964659107405,0.6958565728203486,0.21252019703388214,0.7333914047828558,0.7118383986064912,0.7075994195887128,0.09293634730884766,0.16986320632537022,0.21268504256816606,0.7176097409926866,0.18620724976062775,0.7077796012606706,0.7134749040047457,0.7115839848288396,0.08601634024574506,0.1599294026007721,0.21561898550961606,0.7109461633647519,0.16994929313659668,0.742495436012771,0.7064838946450169,0.6988204972461891,0.08112804180365837,0.16758534431979455,0.22395217391724004,0.7159332759679923,0.16096995770931244,0.7100864382864448,0.16095450163804825,319.0749508162274,325.43810891312063,268.1325388285267,274.55556573565076,245.88535151941434,247.3392017700812,241.98881679850243,220.45003003412768,268.77041449066775,266.9457266132451,0.6769662921348315,0.6853989277830338,4984.0,0.6057383627608347,0.0712279293739968,nllpch_sample_event_ranking,1.2129836082458496,679.0,609.0,529.0,530.0,0.18445619196652047,0.6820519992171741,0.6748420000076294,0.6738284826278687,0.6875396966934204,0.6798239350318909,0.6893653273582458,0.6865977644920349,0.6856845021247864,0.6845513582229614,0.6847341060638428,0.6694837212562561,1475.0,0.6967364107586246,0.6965407729148865,0.696623682975769,0.7000795006752014,0.6946765780448914,0.6935384273529053,0.6967571377754211,0.7023023366928101,0.7010747790336609,0.702437162399292,0.6854981184005737,1475.0,0.6897075670202648,0.6812238693237305,0.6804479956626892,0.6867472529411316,0.6800655722618103,0.691365122795105,0.6950522065162659,0.6998502612113953,0.6865878105163574,0.6986185312271118,0.6796959042549133,1475.0,0.6881148342224688,0.678810715675354,0.6751244068145752,0.6903694868087769,0.6814345121383667,0.6917654275894165,0.6888964176177979,0.686667799949646,0.6928735971450806,0.6951829791069031,0.6801447868347168,1475.0,0.689152702804633,8.8009,167.597,0.341,nllpch_sample_event_ranking,L_PCH + L_rank + L_mul (paper)
sim_censor0p6__ours_nllpch_sample_event_ranking__s2,02_synthetic_scenarios,sim_censor0p6,2,censor,0.6,,ours,0.7158118841965985,0.7163818000815256,0.708165928625141,0.09279366422929104,0.17137992432556104,0.22580908625162227,0.7134532043010884,0.20652253925800323,0.7434626189151997,0.7126631276502596,0.7170806122439057,0.08658745558844295,0.16389450681137316,0.21484387807199476,0.7244021196031216,0.1862320750951767,0.6959130581723221,0.7254295356871362,0.7036566234963655,0.08112944039228863,0.15444567966871595,0.21736431971227158,0.7083330724519413,0.1674802452325821,0.7414448082206182,0.7204431598376784,0.6919636316458119,0.08993487831454523,0.16360749383072215,0.21796593703181055,0.7179505332347028,0.16066627204418182,0.7160347323977135,0.15664635535238658,279.72397624513155,306.1221997632931,271.35638800351217,278.2182072410227,264.0985741112659,248.74198103721258,230.06409548113515,217.53457420793984,261.3107584602612,262.654240562367,0.6612108065470321,0.6691346454233053,5071.0,0.5935712877144548,0.06763951883257735,nllpch_sample_event_ranking,1.2053159475326538,690.0,602.0,557.0,534.0,0.1819951939410239,0.682109267469842,0.6714231371879578,0.6882823705673218,0.6864281892776489,0.685271680355072,0.682323157787323,0.6837921738624573,0.6867789626121521,0.6806440949440002,0.6846991777420044,0.6720632910728455,1508.0,0.6990797579581931,0.7063732147216797,0.7050336003303528,0.70571368932724,0.7010815143585205,0.6979864835739136,0.7037206888198853,0.7037094235420227,0.7058197855949402,0.6956505179405212,0.6859545707702637,1508.0,0.6894647013061418,0.6814103722572327,0.6978449821472168,0.6977168917655945,0.6964786648750305,0.6955912709236145,0.697941780090332,0.6934713125228882,0.6915249824523926,0.691311776638031,0.6728324890136719,1508.0,0.6774076482588322,0.673250138759613,0.6737809181213379,0.6753360629081726,0.67705899477005,0.6790190935134888,0.6717408299446106,0.6774458885192871,0.680880069732666,0.6843057870864868,0.6716357469558716,1508.0,0.6870153437482523,9.1799,164.272,0.327,nllpch_sample_event_ranking,L_PCH + L_rank + L_mul (paper)
sim_censor0p8__coxph__s0,02_synthetic_scenarios,sim_censor0p8,0,censor,0.8,,coxph,0.6777475396567655,0.7037246410701269,0.6763521517516916,0.06569102229204407,0.11724094811156154,0.1740114457685283,0.685941444159528,0.11898113872404463,0.6964535656391221,0.7025010577141456,0.6826618188354093,0.05272130302855556,0.11467828989400462,0.16836909639803507,0.6938721473962257,0.11192289644019841,0.6965620362750449,0.6830725368671037,0.6687990429072939,0.04243679063162662,0.09016024167703011,0.1508998100186836,0.6828112053498142,0.09449894744244679,0.7656412473735075,0.6891482720655353,0.6696390326288748,0.03961118057555519,0.09127081149695258,0.15672593012228261,0.7081428506893058,0.09586930739826345,0.6926919118987184,0.10531807250123831,228.17161140381978,184.78149787961667,228.67378373083667,244.31745855248272,245.93751330590138,186.6585993401338,231.9177650697489,180.50694170881434,233.67516837757665,199.0661243702619,0.6945578231292517,0.6994088221919055,2940.0,0.6581632653061225,0.03639455782312928,,,,,,,,,,,,,,,,,,,,,,,,,,,,,,,,,,,,,,,,,,,,,,,,,,,,,,,,,,,,,Cox PH (cause-specific)
sim_censor0p8__coxph__s1,02_synthetic_scenarios,sim_censor0p8,1,censor,0.8,,coxph,0.679285010325725,0.6717498586886068,0.6534136661135089,0.06609142857706274,0.12935105367121336,0.18455508126592451,0.6681495117092803,0.12666585450473353,0.6857615230862043,0.68958018940961,0.6623577857617788,0.05463360929321342,0.10961560184408715,0.17601258237921338,0.6792331660858645,0.113420597838838,0.7076671247817756,0.6867628205636956,0.6784239326673749,0.04449545010415936,0.08921981082368192,0.15114705529340253,0.6909512926709488,0.09495410540708127,0.7602482154367917,0.7351956927030093,0.7087407843280049,0.033127916203385205,0.07968608235681578,0.14082380622760465,0.734728230822602,0.08454593492926854,0.6932655503221739,0.10489662316998033,204.82149477734035,179.9533137447264,251.73654504095668,253.41016631185087,237.60550175178867,177.2205687087227,217.38055506276052,171.80835456723045,227.88602415821157,195.5981008331326,0.6974818903070024,0.7031531531531531,2899.0,0.6540186271127976,0.04346326319420479,,,,,,,,,,,,,,,,,,,,,,,,,,,,,,,,,,,,,,,,,,,,,,,,,,,,,,,,,,,,,Cox PH (cause-specific)
sim_censor0p8__coxph__s2,02_synthetic_scenarios,sim_censor0p8,2,censor,0.8,,coxph,0.6921466463395471,0.6791326584804201,0.6740603612947339,0.05671799962602098,0.11091884415957902,0.17074553985885063,0.6817798887049005,0.11279412788148353,0.706450475701488,0.6885723346834471,0.6546186828029728,0.0501677257805927,0.10024464275613583,0.17374925487458218,0.6832138310626359,0.1080538744704369,0.7319581328413033,0.6984156611980419,0.6928712748153201,0.03646447439162295,0.08628771477549277,0.1478383379814198,0.7077483562848884,0.09019684238284516,0.6955430035067549,0.7040040027036205,0.7264237861725654,0.04811301543322324,0.09331784050568945,0.14377340042412287,0.7086569307943136,0.0950680854543452,0.6953497517116846,0.10152823254727769,206.9097430117901,176.46426127431124,246.1087240213657,247.894552547459,226.0419264451097,172.0070454607452,214.7511724880548,173.86180858240292,223.4528914915801,192.55691696622958,0.6893939393939394,0.6950186219739293,2904.0,0.6387741046831956,0.05061983471074383,,,,,,,,,,,,,,,,,,,,,,,,,,,,,,,,,,,,,,,,,,,,,,,,,,,,,,,,,,,,,Cox PH (cause-specific)
sim_censor0p8__oracle__s0,02_synthetic_scenarios,sim_censor0p8,0,censor,0.8,,oracle,0.7570921775244613,0.7550594422059076,0.7355927296263954,0.061056863973098056,0.10813950607910326,0.15921725907049739,0.7492481164522548,0.10947120970756623,0.7646358693242077,0.7523759568319192,0.7449142200180197,0.051181755041764226,0.10679919111586117,0.15122506535988578,0.7539753487247154,0.10306867050583705,0.7801630491353833,0.7403412933754594,0.7545581909538638,0.03960145815837541,0.083761806033907,0.13017665695424013,0.7583541778215688,0.08451330704884086,0.8023833053641383,0.7419147922097397,0.7090794494873541,0.03688082569726442,0.08513090876954078,0.14047298979557818,0.7511258490204106,0.08749490808746113,0.7531758730047373,0.09613702383742632,181.64968396323906,161.06574697019119,183.8629469010703,214.8565917836222,184.75829472090854,148.7747128279567,197.6033099181794,159.99020303093278,186.96855887584934,171.17181365317572,0.7295918367346939,0.7373351523419737,2940.0,0.6581632653061225,0.0714285714285714,,,,,,,,,,,,,,,,,,,,,,,,,,,,,,,,,,,,,,,,,,,,,,,,,,,,,,,,,,,,,Oracle (true CIF)
sim_censor0p8__oracle__s1,02_synthetic_scenarios,sim_censor0p8,1,censor,0.8,,oracle,0.7449263621221617,0.7388153224301623,0.7264564770173237,0.06298520774841354,0.11853276634424265,0.16567872007707649,0.7367327205232158,0.11573223138991089,0.7395638076956881,0.7283222238321697,0.7173775387018948,0.05214863756193832,0.10335782894300928,0.1601432316657956,0.7284211900765841,0.10521656605691439,0.7710498081710881,0.7463175456690384,0.7588968808885053,0.04208096550058982,0.0863170222773559,0.1364948031256099,0.758754744909544,0.08829759696785187,0.8378603889671369,0.7609074021333515,0.7165767858603872,0.029609260217688227,0.07441374440238992,0.13613932275757304,0.7717815256536252,0.08005410912588373,0.7489225452907423,0.09732512588514022,194.31830514676997,167.8458674276401,191.22883498846298,223.45894220574138,194.65232091519144,151.89062928590505,197.4472659046202,159.48248148527958,194.41168173876113,175.66948010114152,0.7161090031045187,0.7196396396396396,2899.0,0.6540186271127976,0.06209037599172118,,,,,,,,,,,,,,,,,,,,,,,,,,,,,,,,,,,,,,,,,,,,,,,,,,,,,,,,,,,,,Oracle (true CIF)
sim_censor0p8__oracle__s2,02_synthetic_scenarios,sim_censor0p8,2,censor,0.8,,oracle,0.7419041936232745,0.7348272809960272,0.7421149370348552,0.05307974235336642,0.10452196611071203,0.15324295884618336,0.7396154705513857,0.10361488910342061,0.7644072175018296,0.7561613498718889,0.7326604679726475,0.04825688488213821,0.09475831357406908,0.15416237060402577,0.7510763451154553,0.09905918968674436,0.7533050063050049,0.7364159628447011,0.7614880054861919,0.03519997232774336,0.0831204260843011,0.12822418908442224,0.7504029915452993,0.0821815291654889,0.7708031185235171,0.7379408413159325,0.7620421358128753,0.04674094858605861,0.08729336327452866,0.12725687511486392,0.7569286985507749,0.0870970623251504,0.7495058764407287,0.09298816757020108,186.29780253409007,161.68117535017123,185.36119414105366,213.49376051313425,187.70043148067083,148.10296931209166,190.3063458742991,157.0119505581404,187.4164435075284,170.07246393338437,0.7272727272727273,0.7345437616387336,2904.0,0.6387741046831956,0.08849862258953167,,,,,,,,,,,,,,,,,,,,,,,,,,,,,,,,,,,,,,,,,,,,,,,,,,,,,,,,,,,,,Oracle (true CIF)
sim_censor0p8__ours_nllpch__s0,02_synthetic_scenarios,sim_censor0p8,0,censor,0.8,,ours,0.7191501546981985,0.7411835671512297,0.7042203205401336,0.06445182922192633,0.11344461771519272,0.1743043121084188,0.721518014129854,0.17220710217952728,0.703158870710132,0.7172223559557337,0.7171468941836511,0.053587074357790435,0.11468692399212008,0.16048269085345448,0.7125093736165056,0.13646195828914642,0.7173467255739014,0.6879095445499224,0.7002263189288135,0.04242684814951155,0.09144507809140198,0.14438838082063085,0.7018275296842124,0.10719489306211472,0.754058892615417,0.705805538635886,0.6597966703932167,0.03980226398937949,0.08994309139545596,0.15543221058314255,0.7065537005481732,0.09135698527097702,0.7106021544946862,0.10369961010653543,213.69142060086094,183.5605860875633,211.1554276551333,228.17052828862722,210.22732628884583,161.1725380492302,219.1228394041338,172.22149703329697,213.54925348724345,186.28128736467943,0.7074829931972789,0.7161437016825831,2940.0,0.6581632653061225,0.04931972789115646,nllpch,0.615218997001648,428.0,325.0,241.0,206.0,0.135590236975501,0.6608376295062544,0.6475799083709717,0.6434005498886108,0.6609640121459961,0.663045346736908,0.668559730052948,0.6667531728744507,0.6725229620933533,0.6564247608184814,0.6443271040916443,0.6685757637023926,1503.0,0.7095770657456828,0.676278829574585,0.7026001811027527,0.704274594783783,0.7085350751876831,0.706587016582489,0.70613032579422,0.7112712860107422,0.7131533026695251,0.7161460518836975,0.7094637155532837,1503.0,0.6184907337834298,0.6436545252799988,0.646286129951477,0.6301735639572144,0.6276178359985352,0.6315094828605652,0.6308069825172424,0.6294874548912048,0.6137420535087585,0.6156948208808899,0.5979897379875183,1503.0,0.6543006906930473,0.5553056597709656,0.6530653834342957,0.659804105758667,0.6566301584243774,0.6626102924346924,0.6590155363082886,0.6500892639160156,0.6698994636535645,0.6515859961509705,0.6443077921867371,1503.0,0.6608015299321035,6.7769,221.784,0.443,nllpch,L_PCH
sim_censor0p8__ours_nllpch__s1,02_synthetic_scenarios,sim_censor0p8,1,censor,0.8,,ours,0.6675457469741447,0.6712947287768805,0.657797228681339,0.06589029387466482,0.129205648487686,0.18239953829438627,0.6655459014774547,0.1782117336988449,0.6888974055200121,0.7010711579128786,0.6728651576298846,0.054806813963285315,0.10812310859341082,0.1747480004867151,0.6876112403542584,0.14549481868743896,0.7453524705491235,0.7093955466481415,0.6974457090835791,0.044276218355426084,0.08873565088045804,0.14968041991768463,0.7173979087602813,0.10724648088216782,0.6746864422233205,0.6804510376395149,0.6543690483431835,0.03407207225204784,0.08621705397684036,0.15238891669337015,0.6698355094020063,0.09120424091815948,0.6850976399985002,0.10587864464799797,228.79892105768374,185.9791933100944,217.85651095141395,249.2413640456709,225.44716953350655,163.14150931901776,240.59356640936969,181.23933626767032,228.1740419879935,194.90035073561336,0.6781648844429113,0.6827027027027027,2899.0,0.6540186271127976,0.024146257330113774,nllpch,0.61982262134552,416.0,310.0,241.0,206.0,0.13970498766715161,0.6030481113699068,0.5696682929992676,0.5703313946723938,0.5706356167793274,0.5703326463699341,0.5703672766685486,0.5705357789993286,0.568246603012085,0.5690796971321106,0.684382975101471,0.6842088103294373,1475.0,0.6847300136920706,0.6699734926223755,0.6710677146911621,0.6856115460395813,0.6875192523002625,0.6887139678001404,0.6885752081871033,0.6892585158348083,0.6896073818206787,0.6869734525680542,0.672919511795044,1475.0,0.629181489517595,0.6369314193725586,0.633514404296875,0.6192272901535034,0.622123658657074,0.6321729421615601,0.6352316737174988,0.6363077163696289,0.634421706199646,0.6277260184288025,0.621870219707489,1475.0,0.6068072155099102,0.5610312819480896,0.6004915237426758,0.5691705942153931,0.5981226563453674,0.6062694787979126,0.6123402118682861,0.618192195892334,0.6217966079711914,0.6178256273269653,0.5880026817321777,1475.0,0.6309417075223707,7.038,209.577,0.426,nllpch,L_PCH
sim_censor0p8__ours_nllpch__s2,02_synthetic_scenarios,sim_censor0p8,2,censor,0.8,,ours,0.6836406291086962,0.6653533163778634,0.6811174495146511,0.056408914651477925,0.11174532478047003,0.16985748412610668,0.6767037983337368,0.17165231704711914,0.7114922664204818,0.7167046546250584,0.6894098765332067,0.052826498806263264,0.1033569670380151,0.17155759136438636,0.7058689325262489,0.14222879707813263,0.7358341412383076,0.7207907044990944,0.7364424557146331,0.03629983085739451,0.0859888926845344,0.1394118183751208,0.731022433817345,0.09942203760147095,0.6783821144136749,0.6912459317869712,0.7261355485349652,0.04980866426683778,0.0967986748390626,0.14886907694838997,0.6985878649118704,0.0940752923488617,0.7030457573973002,0.10191081156150494,211.4681304109776,176.20876400276723,173.51698574554396,224.10093462041502,249.05797738575674,180.91539148231405,257.5655108039317,193.1129968218035,222.90215108655252,193.58452173182496,0.6773415977961432,0.684683426443203,2904.0,0.6387741046831956,0.038567493112947604,nllpch,0.6060356497764587,410.0,319.0,236.0,220.0,0.13494396746661594,0.6380066629022304,0.6481913924217224,0.6519920825958252,0.648637056350708,0.674538254737854,0.6481199860572815,0.6190246939659119,0.6424890756607056,0.6356167793273926,0.6402902007102966,0.610944926738739,1508.0,0.6784415204494745,0.6626368165016174,0.6757446527481079,0.6769956350326538,0.6811681985855103,0.6804668307304382,0.6803132891654968,0.6810557842254639,0.6796461343765259,0.6813338994979858,0.672049343585968,1508.0,0.642080416375736,0.6242695450782776,0.6212700009346008,0.6311901211738586,0.637022852897644,0.6324862241744995,0.6358726024627686,0.6576782464981079,0.6596418619155884,0.6295735239982605,0.643388032913208,1508.0,0.6238555772948982,0.6302835941314697,0.6233780384063721,0.6381338238716125,0.6241363883018494,0.6354225277900696,0.6393604874610901,0.6315039396286011,0.6403708457946777,0.6424677968025208,0.5820187926292419,1508.0,0.6455960442555847,6.0301,250.08,0.498,nllpch,L_PCH
sim_censor0p8__ours_nllpch_event_ranking__s0,02_synthetic_scenarios,sim_censor0p8,0,censor,0.8,,ours,0.7021772021764855,0.726414010048463,0.6854383392936054,0.06589319778307202,0.11603265613928443,0.17508557908427128,0.7046765171728513,0.1731022596359253,0.7223009538455962,0.722384965896371,0.6997232791777663,0.05269020403003525,0.1135964493783996,0.1639337545208427,0.7148030663065779,0.13843052089214325,0.698873169024949,0.6896214720692164,0.6754323910712223,0.04339823419357297,0.0911554577445923,0.14968600278157734,0.6879756773884625,0.10863420367240906,0.6938142337394866,0.6721281031285729,0.6475941612401775,0.04120557558258953,0.09326652390351575,0.1564743767297951,0.6711788327027457,0.09352525323629379,0.6946585233926593,0.1052015009892957,235.20393745654695,186.42899801882535,210.42317964944522,239.55525085532605,222.1918808387863,159.29256551195442,232.21250967047007,178.74829694070607,225.00787690381213,191.00627783170296,0.6925170068027211,0.6968167348794907,2940.0,0.6581632653061225,0.034353741496598644,nllpch_event_ranking,0.34743648767471313,428.0,325.0,241.0,206.0,0.13710394305487475,0.6675147978000311,0.6589537858963013,0.6545560956001282,0.6753563284873962,0.6736166477203369,0.6711422801017761,0.673698902130127,0.6795395612716675,0.6802660226821899,0.6784953474998474,0.6283313035964966,1503.0,0.6987645837017299,0.6956430077552795,0.70371013879776,0.6963021159172058,0.7053062915802002,0.6892309784889221,0.6947527527809143,0.695412814617157,0.6990959048271179,0.701163649559021,0.7037178874015808,1503.0,0.58849476755295,0.6278965473175049,0.609028697013855,0.612727165222168,0.5954291820526123,0.5933512449264526,0.609549343585968,0.5889659523963928,0.5778565406799316,0.595100998878479,0.5682134032249451,1503.0,0.6537837206179316,0.5684115886688232,0.6211706399917603,0.629576563835144,0.6487300992012024,0.6490411162376404,0.6487354040145874,0.6629146933555603,0.6630775928497314,0.6728099584579468,0.6374773979187012,1503.0,0.6521394674181606,6.682,224.933,0.449,nllpch_event_ranking,L_PCH + L_mul
sim_censor0p8__ours_nllpch_event_ranking__s1,02_synthetic_scenarios,sim_censor0p8,1,censor,0.8,,ours,0.7111009015718462,0.7093028695863615,0.6988910957759867,0.06560473533351925,0.1290806265457682,0.17971942241971148,0.7064316223113982,0.17514656484127045,0.7218628739459622,0.7093503811758424,0.6793524337324207,0.05333350327612767,0.10737586503883066,0.17463507163239117,0.7035218962847418,0.14379295706748962,0.7545927839478476,0.733009494956284,0.7221686907670818,0.043673053864007015,0.08886402232836374,0.1443608154205017,0.7365903232237377,0.10406960546970367,0.725429149671775,0.69958920946459,0.6656698546613976,0.03423865568215132,0.08779866362260241,0.15219946931513958,0.6968960712659209,0.09300112724304199,0.7108599782714496,0.10507365870659285,240.3547994350492,188.7102276465817,230.02111435386453,243.0427499171702,235.01920968983384,168.9369202408041,236.95150910522852,181.7973558527128,235.58665814599402,195.62181341431722,0.6964470507071404,0.7018468468468468,2899.0,0.6540186271127976,0.042428423594342846,nllpch_event_ranking,0.3498314917087555,416.0,310.0,241.0,206.0,0.13783102710584444,0.6823124162226375,0.7062641382217407,0.7072127461433411,0.7037603259086609,0.7117782831192017,0.7074443697929382,0.706068217754364,0.7064892649650574,0.7055507898330688,0.6994062662124634,0.5479463338851929,1475.0,0.712606858449524,0.7218284010887146,0.7179442644119263,0.7216641902923584,0.7274313569068909,0.7215457558631897,0.7203517556190491,0.715165376663208,0.717185914516449,0.704469621181488,0.693947434425354,1475.0,0.6709734967702341,0.6733862161636353,0.6839780211448669,0.6825559735298157,0.6826191544532776,0.6807735562324524,0.684386670589447,0.6800311207771301,0.6724307537078857,0.6756764054298401,0.642189621925354,1475.0,0.5891141051424169,0.5893729329109192,0.6008911728858948,0.6041843295097351,0.6045736074447632,0.6048180460929871,0.5966519713401794,0.5934496521949768,0.5922124981880188,0.5955864787101746,0.5688124299049377,1475.0,0.6637517191462031,6.3873,230.927,0.47,nllpch_event_ranking,L_PCH + L_mul
sim_censor0p8__ours_nllpch_event_ranking__s2,02_synthetic_scenarios,sim_censor0p8,2,censor,0.8,,ours,0.6814838700858206,0.6828610949229551,0.6808815642777307,0.057497189525561855,0.1122820545147832,0.17657005152241803,0.6817421764288354,0.17665836215019226,0.6972080962078264,0.6910478397989064,0.6792031392524422,0.05159481292067072,0.10059967955429176,0.16888368273913001,0.6891530250863918,0.13972541689872742,0.7198202164655422,0.6747548610905652,0.7106004274459211,0.03666118266895925,0.08865849236247175,0.14502719947918477,0.7017251683340096,0.10399054735898972,0.668752417158987,0.6952074614815926,0.6896211167061341,0.04975846719955841,0.0962824082557014,0.15278343055586274,0.6845269984489045,0.0964859127998352,0.6892868420745353,0.10304988760821615,244.89662285862565,189.79433983408504,226.89717119074044,249.78060174459023,209.41628495211194,150.5186702022278,229.8208894511729,181.51425408764746,227.75774211316272,192.90196646713764,0.690771349862259,0.6982774674115456,2904.0,0.6387741046831956,0.051997245179063345,nllpch_event_ranking,0.34288710355758667,410.0,319.0,236.0,220.0,0.137359499126547,0.6285877735362646,0.6265175342559814,0.6303571462631226,0.6272264719009399,0.6227920651435852,0.6233752965927124,0.6251991391181946,0.623228907585144,0.6438160538673401,0.6370895504951477,0.6205986142158508,1508.0,0.6891271607411086,0.6842889189720154,0.7018741369247437,0.6995722055435181,0.6981349587440491,0.6903890371322632,0.6908689141273499,0.6869821548461914,0.6933135986328125,0.6976250410079956,0.670042097568512,1508.0,0.6396296989242986,0.6015070676803589,0.6406346559524536,0.645283043384552,0.6372480392456055,0.6310380697250366,0.6341539025306702,0.6347747445106506,0.6351075172424316,0.6346322894096375,0.6559181213378906,1508.0,0.6219854582271003,0.5643100738525391,0.5892642140388489,0.6079708933830261,0.5966255068778992,0.5992181897163391,0.5862948894500732,0.658661425113678,0.5852872133255005,0.5689688920974731,0.6999160051345825,1508.0,0.644832522857193,6.3484,237.54,0.473,nllpch_event_ranking,L_PCH + L_mul
sim_censor0p8__ours_nllpch_sample_event_ranking__s0,02_synthetic_scenarios,sim_censor0p8,0,censor,0.8,,ours,0.7053075020956803,0.7282692959539148,0.7002100784821969,0.06626269134761409,0.11917586050856149,0.1782997200930793,0.7112622921772639,0.17634877562522888,0.7078687676657937,0.740908241938026,0.7152172165749443,0.05285936980388336,0.11653353667712545,0.1699252841380158,0.7213314087262547,0.14533482491970062,0.7308575540473599,0.7152788901184265,0.7097806100738816,0.04248945535921698,0.0909020027697511,0.1496805628401126,0.7186390180798893,0.10843587666749954,0.7647929077313002,0.6868668025957233,0.665253468905095,0.04044151550629583,0.09296730642453621,0.1582261853507573,0.7056377264107061,0.09400062263011932,0.7142176113485285,0.10648029090157911,229.64995754500467,188.7415737605119,243.10388817970295,262.28930631885817,226.06043668086525,157.36261387568817,224.06281369684206,179.86783539121487,230.71927402560374,197.06533233656825,0.6982993197278912,0.7043201455206912,2940.0,0.6581632653061225,0.04013605442176871,nllpch_sample_event_ranking,0.43333640694618225,428.0,325.0,241.0,206.0,0.1401735571709772,0.659126243119976,0.6451135277748108,0.652409553527832,0.6584939956665039,0.657411515712738,0.673885703086853,0.6461443305015564,0.6593782901763916,0.6615597605705261,0.6774395704269409,0.6454046368598938,1503.0,0.6918989940081306,0.7013795375823975,0.7033681869506836,0.7036173343658447,0.7025485634803772,0.6982570886611938,0.692329466342926,0.6879881024360657,0.6837670803070068,0.698572039604187,0.6808649897575378,1503.0,0.627050295472145,0.6147655248641968,0.6054989695549011,0.6261624693870544,0.6321251392364502,0.6326581835746765,0.630118727684021,0.6355499625205994,0.6350961327552795,0.6251494288444519,0.6145501732826233,1503.0,0.6703828388296049,0.6486591696739197,0.6603263020515442,0.66715008020401,0.671134352684021,0.6793183088302612,0.6857892870903015,0.6827890872955322,0.67756187915802,0.6825348138809204,0.6413957476615906,1503.0,0.6621145928574642,6.6489,226.052,0.451,nllpch_sample_event_ranking,L_PCH + L_rank + L_mul (paper)
sim_censor0p8__ours_nllpch_sample_event_ranking__s1,02_synthetic_scenarios,sim_censor0p8,1,censor,0.8,,ours,0.708261929772543,0.7061756319141177,0.6991990357200368,0.06735762965184193,0.1358695411033407,0.1935858071604337,0.7045455324688992,0.18875788152217865,0.7080824696401192,0.7164266530188028,0.6802476002830272,0.05430766650198831,0.11041059922228767,0.18061038108037872,0.7015855743139832,0.15007859468460083,0.7180863031496315,0.7093763882064885,0.7240214845802901,0.04536657649222656,0.09218610355030199,0.1534941922196713,0.7171613919788035,0.1096578910946846,0.8023569195956867,0.7376045477941003,0.7084710125764352,0.033522387335587205,0.08570949108135907,0.1521856927785997,0.749477493322074,0.09116362780332565,0.71819249802094,0.10871717234816808,260.8071910667742,201.9610339256476,256.25997811420575,271.270539243744,253.5113318393974,169.12538813074576,258.306187190822,188.05016590863352,257.22117205279983,207.6017818021927,0.6916177992411177,0.6967567567567567,2899.0,0.6540186271127976,0.03759917212832009,nllpch_sample_event_ranking,0.432373970746994,416.0,310.0,241.0,206.0,0.14514484411488204,0.7115438185122132,0.7225377559661865,0.7197138667106628,0.720569372177124,0.7234888672828674,0.720676600933075,0.7177547216415405,0.717833936214447,0.7121400833129883,0.7096543312072754,0.6800296902656555,1475.0,0.6950806556992374,0.7077922224998474,0.6880785822868347,0.6864046454429626,0.7108638882637024,0.6975259184837341,0.7082998752593994,0.6983131766319275,0.7088721990585327,0.6814712285995483,0.6800030469894409,1475.0,0.6831383386553636,0.6740960478782654,0.6599758267402649,0.6597742438316345,0.6698783040046692,0.686261773109436,0.6954600214958191,0.6962092518806458,0.6904510855674744,0.6934181451797485,0.666321337223053,1475.0,0.6874258898208048,0.6666622757911682,0.7028511762619019,0.7055561542510986,0.6965873837471008,0.702680230140686,0.7118792533874512,0.6877487897872925,0.7078982591629028,0.696459949016571,0.651463508605957,1475.0,0.6942971756719047,5.99,246.245,0.501,nllpch_sample_event_ranking,L_PCH + L_rank + L_mul (paper)
sim_censor0p8__ours_nllpch_sample_event_ranking__s2,02_synthetic_scenarios,sim_censor0p8,2,censor,0.8,,ours,0.6939690796497953,0.7073539088738575,0.7089742808438343,0.057263607519407095,0.11166399443850747,0.17676234695263074,0.7034324231224957,0.17707869410514832,0.7075783928753406,0.7058840149998653,0.6935733757362555,0.051347169791598764,0.10302267948321375,0.17315251935636036,0.7023452612038206,0.144363135099411,0.7503769721937988,0.7199649201468608,0.7294117193940114,0.036878986819998134,0.08669130254789366,0.14576410732760858,0.733251203911557,0.10339358448982239,0.6781279687407511,0.7122206660198479,0.7356483967461153,0.049189326741332286,0.09529053226457708,0.1530969850965122,0.7086656771689048,0.09489499777555466,0.7119236413516945,0.10334362986163668,241.21198426616547,191.29322165880785,239.1926586781899,260.66455064003236,228.83321216533776,157.14529517302157,242.0922824663936,186.26065047537995,237.83253439402168,198.84092948681044,0.6831955922865014,0.6924115456238361,2904.0,0.6387741046831956,0.044421487603305776,nllpch_sample_event_ranking,0.42348554730415344,410.0,319.0,236.0,220.0,0.13833914778906584,0.6539938421107843,0.66130530834198,0.6664900779724121,0.6625896692276001,0.664325475692749,0.6576228141784668,0.7099924087524414,0.7111178636550903,0.6161488890647888,0.6411117315292358,0.5943307280540466,1508.0,0.70200429353197,0.7013367414474487,0.7023032903671265,0.6933838129043579,0.7005452513694763,0.7103098034858704,0.7069171071052551,0.7080425024032593,0.704344630241394,0.7073459029197693,0.6867411136627197,1508.0,0.6552618268525826,0.6094407439231873,0.6254116892814636,0.6335312724113464,0.6374778747558594,0.6451204419136047,0.6539730429649353,0.65018230676651,0.6600054502487183,0.6632102131843567,0.6647871732711792,1508.0,0.6864284131762979,0.7100501656532288,0.7085477113723755,0.7052061557769775,0.71999192237854,0.7159398198127747,0.7139083743095398,0.7141293287277222,0.7051719427108765,0.709244430065155,0.6104394793510437,1508.0,0.6744220939179087,6.8195,221.13,0.44,nllpch_sample_event_ranking,L_PCH + L_rank + L_mul (paper)
sim_frailty0p5__coxph__s0,02_synthetic_scenarios,sim_frailty0p5,0,frailty,0.5,,coxph,0.6701934719271765,0.637655680884616,0.6210509714551573,0.11210304023272356,0.19601917450495668,0.23609575744542527,0.6429667080889833,0.18140599072770183,0.6365448155398203,0.6337254493667029,0.6257977059846045,0.11719173696409843,0.20124893752346798,0.24117639743676342,0.6320226569637093,0.18653902397477662,0.6717497266886295,0.6689613527678445,0.6635820445516191,0.13004073716594788,0.20094938873414364,0.2156788009292044,0.6680977080026977,0.1822229756097653,0.6681918356029378,0.6618750923793675,0.6506005653989674,0.13156469138447938,0.20476964953802468,0.23211541066557648,0.6602224977937575,0.1894832505293602,0.650827392712287,0.18491281021040099,419.35049649597994,553.1221454951177,381.7094698999014,458.55181902501437,330.15155142442524,368.80944436886597,280.2522341962316,313.4082514601247,352.8659380041346,423.47291508728074,0.6359150717703349,0.6373312152501985,6688.0,0.5764055023923444,0.05950956937799046,,,,,,,,,,,,,,,,,,,,,,,,,,,,,,,,,,,,,,,,,,,,,,,,,,,,,,,,,,,,,Cox PH (cause-specific)
sim_frailty0p5__coxph__s1,02_synthetic_scenarios,sim_frailty0p5,1,frailty,0.5,,coxph,0.6267620808640508,0.6236168455275332,0.6160534735848958,0.1198132008413879,0.20235964627197836,0.23463763097343424,0.6221441333254932,0.18560349269560017,0.627653174245602,0.6410055799275053,0.6260451466513406,0.12688221110958092,0.20368361598917412,0.23773695983807974,0.6315679669414827,0.18943426231227825,0.6558540409320383,0.648633337854419,0.6461360443860791,0.1222096156807217,0.20620553357332416,0.218193358141825,0.6502078077241787,0.18220283579862362,0.665970369690059,0.6612458249017756,0.6432797229905113,0.13138665791369128,0.2027524747051922,0.2207177860091159,0.6568319725274486,0.18495230620933314,0.6401879701296508,0.18554822425395878,464.6067426739152,566.2603582841978,392.5251861515462,460.9454940879232,329.99181488786763,370.4668369314238,287.3848771216152,312.48374366293996,368.6271552087361,427.5391082416212,0.6475558237779119,0.6501324854266031,6628.0,0.5899215449607724,0.05763427881713945,,,,,,,,,,,,,,,,,,,,,,,,,,,,,,,,,,,,,,,,,,,,,,,,,,,,,,,,,,,,,Cox PH (cause-specific)
sim_frailty0p5__coxph__s2,02_synthetic_scenarios,sim_frailty0p5,2,frailty,0.5,,coxph,0.6929657136621871,0.6461599886642322,0.6330363265749792,0.11515134308993284,0.193970037410279,0.23287804063479525,0.6573873429671329,0.18066647371166902,0.6530898050357283,0.6433681113204699,0.6294527848356701,0.1243856046969105,0.19916361578097164,0.23097676947464896,0.6419702337306228,0.1848419966508437,0.6759578536902905,0.6799071757806453,0.6712180750717651,0.13094190738435074,0.20097312470557774,0.21264169507539513,0.6756943681809003,0.18151890905510784,0.6702947724005287,0.6535217224546656,0.6440431763580856,0.12838819545731892,0.20536619219786428,0.2137967510117207,0.65595322373776,0.18251704622230128,0.657751292154104,0.18238610640998046,449.60010021104955,575.4706805980178,403.1533394229654,473.61172037025193,323.8082537355458,361.21212904253116,283.03554246574436,309.22436423891827,364.8993089588263,429.8797235624298,0.6424715056988602,0.6440522875816993,6668.0,0.5815836832633473,0.06088782243551294,,,,,,,,,,,,,,,,,,,,,,,,,,,,,,,,,,,,,,,,,,,,,,,,,,,,,,,,,,,,,Cox PH (cause-specific)
sim_frailty0p5__oracle__s0,02_synthetic_scenarios,sim_frailty0p5,0,frailty,0.5,,oracle,0.7366087587279884,0.6982983137493055,0.6883828463537409,0.10361981592284442,0.17764499037547346,0.20642779439273207,0.7077633062770117,0.16256420023034998,0.7339125335856712,0.7257078083049551,0.7123881191841066,0.10730075485337623,0.17344254578081655,0.20139747185051604,0.7240028203582444,0.16071359082823627,0.7347289310916473,0.7184596845155775,0.7048255419280705,0.11997554349512826,0.18229361461650434,0.19683215412911864,0.7193380525117651,0.1663671040802504,0.7261322800434727,0.7159706625737702,0.7059801537216449,0.12123309392641594,0.18540430596178353,0.2001253798644923,0.7160276987796292,0.1689209265842306,0.7167829694816626,0.1646414554307668,373.93034578734705,492.8475272734434,321.98596797591216,397.7037712703141,289.8140921851944,333.5221429800011,254.4251916377999,285.5007594074702,310.03889939656335,377.39355023280723,0.6875,0.6889594916600478,6688.0,0.5764055023923444,0.11109449760765555,,,,,,,,,,,,,,,,,,,,,,,,,,,,,,,,,,,,,,,,,,,,,,,,,,,,,,,,,,,,,Oracle (true CIF)
sim_frailty0p5__oracle__s1,02_synthetic_scenarios,sim_frailty0p5,1,frailty,0.5,,oracle,0.7152448769591003,0.7006572167775784,0.6962011086029748,0.11243545774898431,0.18096287704550512,0.20130510130055135,0.7040344007798846,0.16490114536501357,0.6994209127709092,0.7017353625961389,0.6944302900166537,0.11756222980585761,0.18445687247797457,0.20241820117046005,0.6985288551279005,0.1681457678180974,0.7129330882570939,0.6895701599216663,0.6861777282088759,0.11543472842719019,0.1934516472921134,0.19984547724203697,0.6962269921292119,0.16957728432044683,0.7269933136501537,0.7160064518895931,0.6986562791164542,0.12193668413380639,0.18502791468127516,0.19516375113287268,0.7138853482187337,0.16737611664931806,0.7031688990639327,0.16750007853821897,379.3805472040426,482.45664781776406,321.7066229506433,392.55049860515896,293.350681611775,339.30030118508563,254.12671844264955,284.0620134549575,312.1411425522776,374.59236526574153,0.6980989740494871,0.7024642289348172,6628.0,0.5899215449607724,0.10817742908871464,,,,,,,,,,,,,,,,,,,,,,,,,,,,,,,,,,,,,,,,,,,,,,,,,,,,,,,,,,,,,Oracle (true CIF)
sim_frailty0p5__oracle__s2,02_synthetic_scenarios,sim_frailty0p5,2,frailty,0.5,,oracle,0.7597183415908842,0.7280755094128005,0.7093555614750247,0.10377525461702639,0.1687026153259621,0.20057658729144812,0.7323831374929032,0.15768481907814555,0.7382876575939652,0.7312080422729277,0.7159664069192593,0.11359075931521703,0.16833801771481632,0.19327033524059065,0.7284873689287173,0.158399704090208,0.7157014243410594,0.7151548116561276,0.7046963444602713,0.12400971547341057,0.18384302685571835,0.19378388903172913,0.7118508601524861,0.16721221045361934,0.7306287102940323,0.7191935975055667,0.7015874539607828,0.1158406810176602,0.18091330807766715,0.1909637505851294,0.7171365872534605,0.16257257989348559,0.7224644884568918,0.16146732837886463,389.36279147326934,504.5908874112761,325.7080845918575,399.0006522082056,284.126804035271,329.18365642429086,252.6688861034029,280.7393774929042,312.9666415509502,378.3786433841692,0.6877624475104979,0.6919477124183007,6668.0,0.5815836832633473,0.10617876424715056,,,,,,,,,,,,,,,,,,,,,,,,,,,,,,,,,,,,,,,,,,,,,,,,,,,,,,,,,,,,,Oracle (true CIF)
sim_frailty0p5__ours_nllpch__s0,02_synthetic_scenarios,sim_frailty0p5,0,frailty,0.5,,ours,0.7011894772251931,0.6772283187152455,0.6670045529316233,0.10864040402700142,0.18679808244124083,0.21749353511690764,0.6818074496240207,0.20084847509860992,0.707244967221787,0.6938631412468266,0.6813663151549791,0.11185177097858388,0.18339289572191692,0.21452516038457176,0.6941581412078642,0.19039493799209595,0.6941994514443142,0.6863526387825545,0.6813415502214667,0.12699443301774765,0.19460543556726634,0.2059716733941114,0.687297880149445,0.17993010580539703,0.6780123262631458,0.6686357888380168,0.6645592510396481,0.1320481594711017,0.20489509541026565,0.22023011593730696,0.6704024553802702,0.17839588224887848,0.6834164815904,0.1756205634556685,357.6879899314046,499.0111305302867,336.1527581873457,416.7341135440948,298.75475593217004,348.0443661252193,253.68098404507504,296.79145344752686,311.56912202399883,390.1452659117819,0.6604366028708134,0.6620863118877416,6688.0,0.5764055023923444,0.08403110047846896,nllpch,3.975024461746216,883.0,905.0,933.0,928.0,0.18719725673837054,0.6609529090118919,0.6506314277648926,0.657951295375824,0.6599830389022827,0.6599885821342468,0.6603310704231262,0.6609617471694946,0.6625869274139404,0.6622162461280823,0.663508951663971,0.6605350971221924,1503.0,0.6589712483595827,0.6593225598335266,0.6613184213638306,0.6600157022476196,0.6594162583351135,0.6603343486785889,0.6600947380065918,0.6597014665603638,0.6596002578735352,0.6587399840354919,0.6556677222251892,1503.0,0.6631720214895047,0.6609295010566711,0.6581282615661621,0.6620073914527893,0.6639596223831177,0.6645892858505249,0.6643942594528198,0.6651067733764648,0.6664362549781799,0.6654930710792542,0.656859815120697,1503.0,0.6417218642957935,0.6354867815971375,0.6336147785186768,0.6376892924308777,0.6429635286331177,0.6452351808547974,0.6451141834259033,0.6462852358818054,0.6475203037261963,0.648108720779419,0.6276925802230835,1503.0,0.6562045107891933,14.4862,103.754,0.207,nllpch,L_PCH
sim_frailty0p5__ours_nllpch__s1,02_synthetic_scenarios,sim_frailty0p5,1,frailty,0.5,,ours,0.6876794989366742,0.6733209122175646,0.6665273516810784,0.11469884857962977,0.19017284570949583,0.21560306554430306,0.6758425876117724,0.19768162071704865,0.6734173172355175,0.67560718482219,0.6659635510633994,0.12135346431030122,0.1908858470390671,0.21765110693912224,0.6716626843737022,0.18777891993522644,0.6728749635039618,0.6686530585531679,0.6673771520025372,0.12061471222848044,0.1986125678490105,0.20727144028294542,0.669635058019889,0.1800011843442917,0.6834354153014599,0.6821089542613485,0.6541142763665029,0.12718771817268126,0.1959392756608065,0.21299883325957547,0.6732195486431038,0.1759326010942459,0.6725899696621168,0.1760824771312849,382.84719706609934,506.41652393344714,349.6549672366073,423.52573645718047,300.8406890546428,349.73341818832597,261.0272331541373,295.0539944256238,323.5925216278717,393.6824182511443,0.6629450814725407,0.6660307366189719,6628.0,0.5899215449607724,0.0730235365117683,nllpch,3.9600000381469727,887.0,892.0,898.0,908.0,0.1852804071110163,0.6608086452373337,0.6617110967636108,0.6628879904747009,0.6605795621871948,0.658343493938446,0.658970832824707,0.6609973311424255,0.6613091230392456,0.662064254283905,0.6619433164596558,0.6598395705223083,1475.0,0.660356788457522,0.6660156846046448,0.6631260514259338,0.6630247235298157,0.6606002449989319,0.6602050065994263,0.6618678569793701,0.6611464023590088,0.6609577536582947,0.6593786478042603,0.6570026278495789,1475.0,0.6518920618592321,0.651926577091217,0.6508800983428955,0.6518992185592651,0.6526781320571899,0.6525194048881531,0.6541358232498169,0.654270350933075,0.6547938585281372,0.654109537601471,0.6444001793861389,1475.0,0.6383815181201399,0.6431757807731628,0.6464263200759888,0.6407020688056946,0.643544614315033,0.6449575424194336,0.6452232003211975,0.6441298723220825,0.6425670385360718,0.6400244235992432,0.6220434308052063,1475.0,0.652859753418557,11.9753,123.17,0.251,nllpch,L_PCH
sim_frailty0p5__ours_nllpch__s2,02_synthetic_scenarios,sim_frailty0p5,2,frailty,0.5,,ours,0.7189527554665898,0.6898855350641493,0.6715560799946754,0.10990153957546052,0.18169842671016473,0.22228300476060106,0.6934647901751382,0.2034793496131897,0.70627461231786,0.6966782031840224,0.6747315228220975,0.11817226900014384,0.18250643193890898,0.21963200329848326,0.6925614461079933,0.195322185754776,0.6750566548184852,0.6750651058574504,0.6712873577475962,0.12873049025103783,0.1995403729408285,0.20979909324327525,0.6738030394745106,0.1829071044921875,0.685729353957159,0.6652286108026629,0.6541293026093898,0.12445864475478807,0.20320824508182048,0.21467281648009232,0.6683624224564039,0.178569033741951,0.6820479245535115,0.17621694483630038,495.1719152930846,567.0681212644477,428.68787740657285,463.74560289958856,315.79261368125594,358.54478800735285,307.8724638610867,321.9121752219224,386.88121756050003,427.81767184832785,0.6642171565686863,0.6679738562091503,6668.0,0.5815836832633473,0.08263347330533899,nllpch,3.9476191997528076,866.0,869.0,926.0,922.0,0.18977413453970612,0.6565067185486383,0.653942346572876,0.6567375659942627,0.6556188464164734,0.6552428603172302,0.6554847359657288,0.657698392868042,0.6566542983055115,0.6580719351768494,0.6579427719116211,0.6550441384315491,1508.0,0.6594510650630044,0.6623602509498596,0.6594011187553406,0.6608514785766602,0.6592169404029846,0.6597229242324829,0.6593284010887146,0.6599447131156921,0.66102534532547,0.658770740032196,0.6576688885688782,1508.0,0.6542686240880364,0.6554422378540039,0.6566635370254517,0.6564615368843079,0.6523377299308777,0.6534991264343262,0.6567733883857727,0.657720148563385,0.6572113037109375,0.6593021154403687,0.6439976096153259,1508.0,0.6315392352956968,0.6308549046516418,0.6312927603721619,0.6363480687141418,0.6399431824684143,0.6413235664367676,0.6399598717689514,0.6369218826293945,0.6410112977027893,0.6365566849708557,0.6062307953834534,1508.0,0.650441410748844,11.52,130.903,0.26,nllpch,L_PCH
sim_frailty0p5__ours_nllpch_event_ranking__s0,02_synthetic_scenarios,sim_frailty0p5,0,frailty,0.5,,ours,0.7064682390691193,0.6780306538153,0.6615291652127261,0.10691970481945624,0.18550298427586362,0.21854341429546664,0.6820093526990485,0.20126502215862274,0.7022485255345792,0.6835912608076914,0.6660314497037353,0.1113441702872169,0.18847886595703214,0.2251352729750417,0.6839570786820021,0.1967405080795288,0.6746207480988057,0.6651301134660654,0.6610051488063086,0.12775534459603094,0.20172691085970126,0.2178578614705923,0.6669186701237265,0.1887727826833725,0.6895820011386578,0.6642776026381514,0.6557707208756066,0.12999117106105085,0.2031586307187774,0.22458752459653464,0.6698767748841385,0.17938001453876495,0.675690469097229,0.17841682132606373,374.1578779499041,520.2209457487619,357.42778985170696,437.06473512655015,313.9528026974971,366.3695626531507,279.2161398112318,313.5213067598817,331.188652577585,409.29413757208613,0.6492224880382775,0.6514429441355573,6688.0,0.5764055023923444,0.07281698564593309,nllpch_event_ranking,2.1223926544189453,883.0,905.0,933.0,928.0,0.19138307320186293,0.6564136889741595,0.6563355326652527,0.6597340106964111,0.6593990921974182,0.6555706262588501,0.653738796710968,0.6536204218864441,0.655950665473938,0.6553220748901367,0.6596340537071228,0.656451404094696,1503.0,0.6493098844809374,0.6499847173690796,0.6537252068519592,0.6508677005767822,0.6486405730247498,0.6469439268112183,0.6464211940765381,0.6492658257484436,0.6496230959892273,0.6514817476272583,0.6489629745483398,1503.0,0.6388061898879398,0.6487457156181335,0.6444814205169678,0.6476468443870544,0.6410595178604126,0.6398295164108276,0.6415778398513794,0.6443661451339722,0.6419892311096191,0.640195906162262,0.6250976920127869,1503.0,0.6336651024213165,0.6423426270484924,0.6399426460266113,0.6483355164527893,0.6487851142883301,0.6483979225158691,0.6420270204544067,0.6430570483207703,0.6421408653259277,0.6403999924659729,0.6000037789344788,1503.0,0.6445487164410882,12.7801,117.605,0.235,nllpch_event_ranking,L_PCH + L_mul
sim_frailty0p5__ours_nllpch_event_ranking__s1,02_synthetic_scenarios,sim_frailty0p5,1,frailty,0.5,,ours,0.6802035350723871,0.6764559367479063,0.6623589841040091,0.11829573451279873,0.19942741219308685,0.22344619060154783,0.6730061519747674,0.20437687635421753,0.6761968115019596,0.6745133256882733,0.6642330391378276,0.12238416521128388,0.19575234100689154,0.22436657731323556,0.6716477254426868,0.1933891326189041,0.6628524455616327,0.6474232236945078,0.6481270725599255,0.12020642010996622,0.20806142858537668,0.215549201464407,0.6528009139386887,0.1870068907737732,0.675883463293478,0.6718773326999716,0.6491693390144423,0.129752974564912,0.19848653510953004,0.21736110314836818,0.665643378335964,0.17947286367416382,0.6657745424230268,0.18109084031845038,438.3207180954948,537.7642943467766,392.8985659641249,449.51572074108464,340.4715563657967,376.79361619892694,315.54127280848905,329.9481770350352,371.80802830847637,423.5054520804558,0.660229330114665,0.6640699523052465,6628.0,0.5899215449607724,0.07030778515389258,nllpch_event_ranking,2.131747245788574,887.0,892.0,898.0,908.0,0.19098436366896582,0.6546114072206259,0.6619853377342224,0.662138819694519,0.6582180261611938,0.6540951728820801,0.6527604460716248,0.652140200138092,0.6528193354606628,0.653097927570343,0.655741274356842,0.653660774230957,1475.0,0.6592062843403056,0.6619274616241455,0.6638426184654236,0.6586205363273621,0.6583259701728821,0.6592351794242859,0.6582283973693848,0.6613929271697998,0.6593040823936462,0.6595306396484375,0.6570647954940796,1475.0,0.637324344142177,0.6380654573440552,0.6333487629890442,0.6417688727378845,0.6399312019348145,0.6397978067398071,0.6350760459899902,0.6364827752113342,0.6368855834007263,0.6361327767372131,0.6380143165588379,1475.0,0.6312068375867729,0.642763614654541,0.6418238878250122,0.6394039988517761,0.6423594355583191,0.6441819071769714,0.6417449116706848,0.6403563022613525,0.638187050819397,0.6313175559043884,0.604953408241272,1475.0,0.6455872183224703,12.3751,119.191,0.242,nllpch_event_ranking,L_PCH + L_mul
sim_frailty0p5__ours_nllpch_event_ranking__s2,02_synthetic_scenarios,sim_frailty0p5,2,frailty,0.5,,ours,0.701371191118595,0.6578877735444897,0.6396893539493694,0.11564500274698142,0.19356513493651492,0.23422708427576347,0.6663161062041514,0.21378785371780396,0.6789658428756322,0.668627664584221,0.6542358749780929,0.12229645744263361,0.1939751199508998,0.22626754975928112,0.6672764608126487,0.2015070617198944,0.6500025461454867,0.6552487860929678,0.6513384986478357,0.13180604575578553,0.20502451278761336,0.21977310624890425,0.6521966102954301,0.1906583458185196,0.625104869252102,0.6191598482510651,0.6166656525497064,0.13396911892363042,0.21461135644083137,0.2239039468212619,0.6203101233509578,0.18798233568668365,0.651524825165797,0.18458870300750843,495.10905736826686,602.2586083979162,407.39177384402484,475.01369616315145,328.28661151623646,374.611616208809,302.51785972058127,326.17048728285823,383.3263256122774,444.5136020131837,0.6364727054589082,0.6392679738562091,6668.0,0.5815836832633473,0.05488902219556091,nllpch_event_ranking,2.133070707321167,866.0,869.0,926.0,922.0,0.19819125305198937,0.6281989130581953,0.6237906813621521,0.6301195621490479,0.6294910907745361,0.6269755363464355,0.6278342604637146,0.6288159489631653,0.6301551461219788,0.6286200881004333,0.6291236877441406,0.6255195140838623,1508.0,0.642264825715998,0.6428865790367126,0.6442933678627014,0.6446346044540405,0.6434270143508911,0.6410316228866577,0.6420296430587769,0.6426833868026733,0.6430171728134155,0.6445047855377197,0.6381926536560059,1508.0,0.6394400398651036,0.6292020082473755,0.637118935585022,0.6387275457382202,0.6333128809928894,0.635401725769043,0.6385401487350464,0.6407303214073181,0.6370034217834473,0.6380202770233154,0.6472558975219727,1508.0,0.6064541365321243,0.6006891131401062,0.5951709151268005,0.6045000553131104,0.6033586263656616,0.6050228476524353,0.6051508188247681,0.5983566045761108,0.6062151789665222,0.6018151044845581,0.619089663028717,1508.0,0.6290894787928554,12.2995,122.607,0.244,nllpch_event_ranking,L_PCH + L_mul
sim_frailty0p5__ours_nllpch_sample_event_ranking__s0,02_synthetic_scenarios,sim_frailty0p5,0,frailty,0.5,,ours,0.6939883150930328,0.6760809806866547,0.6655118401651294,0.11153695696875067,0.1992118612393134,0.23386557308549433,0.6785270453149389,0.21260781586170197,0.6979218574755701,0.690664797865513,0.6750859300629647,0.11406309242063505,0.19858773496138904,0.23293525705864127,0.6878908618013493,0.20279891788959503,0.7075716021678216,0.6864125623193299,0.6747299556734369,0.13091715118125938,0.20872715888087648,0.22826383902239522,0.6895713733868628,0.19557824730873108,0.6981788997820111,0.6828151130509063,0.676945646346416,0.13252384400025638,0.21161529693677625,0.2411574578284805,0.685979886393111,0.18884636461734772,0.6854922917240655,0.186950435298689,450.7101063404464,574.6094069049233,365.1142385812867,453.9657604552928,323.4610615642643,380.0249141813919,269.4317041537475,315.7084858075877,352.1792776599362,431.07714183729894,0.6501196172248804,0.6513370399788192,6688.0,0.5764055023923444,0.07371411483253598,nllpch_sample_event_ranking,2.3929734230041504,883.0,905.0,933.0,928.0,0.1997779263359581,0.6540320984288759,0.6478514075279236,0.6541600823402405,0.6557523608207703,0.656923234462738,0.656702995300293,0.6568167805671692,0.658541738986969,0.655820906162262,0.6542023420333862,0.6440770626068115,1503.0,0.6498761434284368,0.654697597026825,0.6452304720878601,0.6488673090934753,0.6550832390785217,0.6538930535316467,0.6505221724510193,0.653976321220398,0.6548795104026794,0.6474494934082031,0.6413129568099976,1503.0,0.6560045157755305,0.6568182110786438,0.6547673940658569,0.6625656485557556,0.6551960706710815,0.6569830179214478,0.6570815443992615,0.659712553024292,0.6608076691627502,0.657855212688446,0.6459734439849854,1503.0,0.6332508455922096,0.6454383730888367,0.648062527179718,0.6529632806777954,0.65492844581604,0.6543014645576477,0.6518166065216064,0.6513509154319763,0.6552336812019348,0.6431965827941895,0.571537435054779,1503.0,0.6482909008062632,15.6788,95.862,0.191,nllpch_sample_event_ranking,L_PCH + L_rank + L_mul (paper)
sim_frailty0p5__ours_nllpch_sample_event_ranking__s1,02_synthetic_scenarios,sim_frailty0p5,1,frailty,0.5,,ours,0.6786817726976404,0.663939493062596,0.6590049845272425,0.11930172095901859,0.20653411440911018,0.23384762743063034,0.6672087500958263,0.21444737911224365,0.6556608900434826,0.6733528727664435,0.6661036338572148,0.12610991972833713,0.20661562525455499,0.2359292228685939,0.6650391322223803,0.20425689220428467,0.6800297762659054,0.667287997914884,0.6666370961553469,0.12194325708710144,0.21162554625417315,0.2285468565546049,0.6713182901120455,0.1952631026506424,0.6975799615719882,0.6824756760175535,0.6620710270451537,0.13230040909587493,0.2125839390131933,0.22746930959858025,0.6807088882115652,0.18684159219264984,0.6710687651604543,0.1885672956878144,452.58095301858094,570.3535910390059,407.278782208904,474.1217477940823,314.95409036055025,377.0820897050971,295.33747701299205,322.37471628373623,367.53782565025676,435.9830362054804,0.6570609535304768,0.6604663487016428,6628.0,0.5899215449607724,0.06713940856970435,nllpch_sample_event_ranking,2.385188341140747,887.0,892.0,898.0,908.0,0.20011447838493304,0.6480178044329561,0.6543144583702087,0.6560139656066895,0.6511547565460205,0.6374520659446716,0.6372525095939636,0.6451448798179626,0.6530190706253052,0.6511613130569458,0.6534726619720459,0.6452978849411011,1475.0,0.6556025954944003,0.6524477005004883,0.6533344388008118,0.6535369753837585,0.6558942794799805,0.6600567698478699,0.6607928276062012,0.6597252488136292,0.658742368221283,0.6557409167289734,0.6454973220825195,1475.0,0.6526148711555595,0.6459261178970337,0.6457518935203552,0.6569815874099731,0.6535433530807495,0.6534798741340637,0.6481908559799194,0.6530823707580566,0.6566809415817261,0.6515585780143738,0.6519979238510132,1475.0,0.6403073037939714,0.6444703340530396,0.6465252637863159,0.6418242454528809,0.6521120667457581,0.6513367295265198,0.6505606770515442,0.6469390988349915,0.6483654975891113,0.6384481191635132,0.6188722848892212,1475.0,0.6491356437192218,14.2853,103.253,0.21,nllpch_sample_event_ranking,L_PCH + L_rank + L_mul (paper)
sim_frailty0p5__ours_nllpch_sample_event_ranking__s2,02_synthetic_scenarios,sim_frailty0p5,2,frailty,0.5,,ours,0.7250726437924261,0.7011880649883679,0.6791281777211333,0.11568466784334286,0.19222325355394237,0.22916555129593047,0.7017962955006425,0.21097105741500854,0.6920420135092449,0.6898635803484431,0.6686348824891015,0.1232495498874598,0.1972721226615237,0.22948129045087584,0.6835134921155964,0.20598557591438293,0.6806221593823529,0.6773327758482618,0.6774971443359694,0.13225605519578948,0.21152832539689395,0.22907890960222907,0.6784840265221946,0.1969202309846878,0.6878743607439902,0.6720428316678742,0.6682389479640185,0.12934647136528465,0.21174308558408056,0.2222564072294585,0.676052046791961,0.1850426346063614,0.6849614652325986,0.1852738075055676,391.7044969074973,559.7740727670583,366.7272959308923,463.52895744593565,317.141316659365,375.7972533964583,294.72279882920594,320.87579957188746,342.5739770817401,429.9940207953349,0.628374325134973,0.630483660130719,6668.0,0.5815836832633473,0.04679064187162574,nllpch_sample_event_ranking,2.362088441848755,866.0,869.0,926.0,922.0,0.19945851079818094,0.6669263449339822,0.6666552424430847,0.6678371429443359,0.6688277125358582,0.6685665845870972,0.6676134467124939,0.6680302023887634,0.6718975305557251,0.6723023056983948,0.6668456196784973,0.6550779938697815,1508.0,0.6547949494147306,0.6502977013587952,0.6520599722862244,0.6587027907371521,0.659568727016449,0.6574622392654419,0.6528578996658325,0.6550885438919067,0.656385064125061,0.6515641212463379,0.6536377668380737,1508.0,0.664135021842608,0.6670148968696594,0.658571183681488,0.6659717559814453,0.6600694060325623,0.6577597856521606,0.6641382575035095,0.6665400862693787,0.6640103459358215,0.666557788848877,0.6650303602218628,1508.0,0.6422657088553322,0.6433890461921692,0.6529698371887207,0.6499162912368774,0.6567011475563049,0.6541655659675598,0.6500864028930664,0.6423834562301636,0.6571427583694458,0.6452006101608276,0.6144641637802124,1508.0,0.6570305062616631,13.4267,112.314,0.223,nllpch_sample_event_ranking,L_PCH + L_rank + L_mul (paper)
sim_frailty1p0__coxph__s0,02_synthetic_scenarios,sim_frailty1p0,0,frailty,1.0,,coxph,0.660399955561476,0.6606656964409594,0.6381840109223278,0.11844511882882833,0.1953738780990403,0.22825069048182015,0.6530832209749211,0.18068989580322958,0.6226395132309599,0.6203868482151861,0.6054820279928443,0.1265320871012424,0.20919115791192394,0.23966636038530806,0.61616946314633,0.1917965351328248,0.6928946011942335,0.665091910873725,0.6597177023225169,0.11702956788921509,0.1957958191678681,0.21844345312992863,0.6725680714634917,0.17708961339567061,0.6527327753107947,0.6402994223509467,0.6227658339872834,0.13287948417412682,0.2078107984386089,0.22940452830512817,0.6385993438830083,0.19003160363928795,0.6451050248669378,0.18490191199275324,822.4935720208871,1018.5125169944652,724.9685298157294,858.4702463630804,614.7298707204864,712.2941596541566,545.3575934314284,602.6914804248662,676.8873914971329,797.992100859142,0.6445783132530121,0.6473267866884888,6474.0,0.5894346617238183,0.05514365152919376,,,,,,,,,,,,,,,,,,,,,,,,,,,,,,,,,,,,,,,,,,,,,,,,,,,,,,,,,,,,,Cox PH (cause-specific)
sim_frailty1p0__coxph__s1,02_synthetic_scenarios,sim_frailty1p0,1,frailty,1.0,,coxph,0.6437608788793071,0.6376985810596324,0.6355761551248098,0.12347682907816071,0.19588549722234858,0.22323570935208806,0.6390118716879164,0.18086601188419912,0.6410128021062265,0.630882005711531,0.6199363406975968,0.12306635070516221,0.20354728505833267,0.23033747819749956,0.6306103828384514,0.18565037132033146,0.6905501499418211,0.6579364491187548,0.6547355714564881,0.11677337541545468,0.1963809679481396,0.22010842871494635,0.667740723505688,0.17775425735951353,0.6616630222982672,0.6447498171026496,0.62609276163433,0.12205042828536684,0.2053639460884655,0.2225022981542696,0.6441685336784156,0.1833055575093673,0.6453828779276178,0.18189404951835286,839.2419151492564,1018.2971444655097,792.467257828833,856.0361139528784,627.6706797507546,718.0548401586411,546.3372338438352,580.5978742506993,701.4292716431698,793.2464932069322,0.6465013425999052,0.6453533667223149,6331.0,0.5929552993208024,0.05354604327910284,,,,,,,,,,,,,,,,,,,,,,,,,,,,,,,,,,,,,,,,,,,,,,,,,,,,,,,,,,,,,Cox PH (cause-specific)
sim_frailty1p0__coxph__s2,02_synthetic_scenarios,sim_frailty1p0,2,frailty,1.0,,coxph,0.6312969939955754,0.6243030763171227,0.6203521505005513,0.11583013993906541,0.19757642280599338,0.2284233251508273,0.6253174069377497,0.18060996263196202,0.6436499251228144,0.6214562494595288,0.6062709225212224,0.11880427889306074,0.2001485997886174,0.23384588048869234,0.6237923657011885,0.18426625305679015,0.67729613537826,0.6519049428327932,0.6405862037265895,0.12919459446683837,0.20255673754142958,0.2193238828526204,0.6565957606458809,0.1836917382869628,0.695030066816197,0.6568594145380721,0.6299565106793323,0.13184399230096697,0.20318434665557972,0.22708625459549675,0.6606153306778672,0.1873715311840145,0.6415802159906716,0.18398487128993238,862.9585885789019,1063.0000335793097,733.4405100184958,873.4930630352129,622.1923847287933,730.6851799267054,536.1594626435641,601.2056765703518,688.6877364924388,817.095988277895,0.6380597014925373,0.6395646258503401,6432.0,0.576181592039801,0.06187810945273631,,,,,,,,,,,,,,,,,,,,,,,,,,,,,,,,,,,,,,,,,,,,,,,,,,,,,,,,,,,,,Cox PH (cause-specific)
sim_frailty1p0__oracle__s0,02_synthetic_scenarios,sim_frailty1p0,0,frailty,1.0,,oracle,0.7151111951961067,0.7138030687350485,0.6959448031074518,0.11188429257158462,0.1769529776668526,0.2059888233487892,0.7082863556795357,0.16494203119574216,0.6987410583241377,0.6949244625308652,0.6736884450910844,0.11927558754970326,0.1894922436748943,0.21824902281783368,0.6891179886486958,0.17567228468081042,0.7405300000618151,0.7145085667320612,0.695505795771233,0.110758565489331,0.18143708181433968,0.20726518799850288,0.7168481208550365,0.1664869451007245,0.706351217260987,0.6967589791967277,0.6656187592008086,0.12363097659359751,0.19062530887045864,0.21816037315449197,0.6895763185528412,0.17747221953951606,0.7009571959340273,0.17114337012919828,750.0973727038453,935.5255435040165,629.4350588913533,773.7564006433827,507.8709540805576,639.0139114068328,477.8184378163998,544.1221136270419,591.3054558730389,723.1044922953184,0.6896818041396354,0.6932351336606656,6474.0,0.5894346617238183,0.10024714241581711,,,,,,,,,,,,,,,,,,,,,,,,,,,,,,,,,,,,,,,,,,,,,,,,,,,,,,,,,,,,,Oracle (true CIF)
sim_frailty1p0__oracle__s1,02_synthetic_scenarios,sim_frailty1p0,1,frailty,1.0,,oracle,0.6890496280802537,0.6788779782515377,0.6772485180866458,0.1175837187578257,0.18580696660741491,0.20703885337534852,0.6817253748061457,0.1701431795801964,0.7221817107070375,0.701290813978852,0.6810318430101845,0.1130395062989733,0.1834728873633204,0.20777883695196578,0.7015014558986913,0.16809707687141984,0.7241946437646868,0.6966797625701822,0.6789759401380798,0.10912825540579707,0.184702293416072,0.21208841598184408,0.6999501154909828,0.1686396549345711,0.7192615587211917,0.6939357733511172,0.6680968081591259,0.11475490897250153,0.19097908086083276,0.21077058620520014,0.6937647134104784,0.1721681920128448,0.6942354149015746,0.16976202584975805,770.0194233888442,940.4719813487917,632.4661026215649,742.3700746599919,548.4006464418926,668.1066824799246,478.46350520248905,524.5674694255601,607.3374194136977,718.8790519785671,0.7013110093192229,0.7025041736227045,6331.0,0.5929552993208024,0.10835570999842048,,,,,,,,,,,,,,,,,,,,,,,,,,,,,,,,,,,,,,,,,,,,,,,,,,,,,,,,,,,,,Oracle (true CIF)
sim_frailty1p0__oracle__s2,02_synthetic_scenarios,sim_frailty1p0,2,frailty,1.0,,oracle,0.6873707959315206,0.6766309247123211,0.6818559290798463,0.11255189959076109,0.1880283476376001,0.2053228061722423,0.681952549907896,0.1686343511335345,0.7156985458528634,0.7004315823874234,0.6780026677574548,0.11078713486053664,0.1801102459108626,0.21174410494202486,0.6980442653325806,0.16754716190447472,0.7168570845542285,0.6952163916221338,0.6793110012679187,0.12194643795691087,0.1900443111302732,0.20579641161544993,0.6971281591480937,0.17259572023421133,0.741417533592527,0.7063395071887849,0.6770058269312835,0.12203108353640943,0.18814607231904407,0.21175779293555766,0.7082542892375319,0.17397831626367036,0.6963448159065255,0.17068888738397273,784.6656509379762,973.6718632835087,645.5209742108938,785.4224365784123,536.8720128182846,666.5359900447047,474.4062020281607,545.4182058541879,610.3662099988288,742.7621239402034,0.6862562189054726,0.6907755102040816,6432.0,0.576181592039801,0.1100746268656716,,,,,,,,,,,,,,,,,,,,,,,,,,,,,,,,,,,,,,,,,,,,,,,,,,,,,,,,,,,,,Oracle (true CIF)
sim_frailty1p0__ours_nllpch__s0,02_synthetic_scenarios,sim_frailty1p0,0,frailty,1.0,,ours,0.680464553481413,0.6783565411494875,0.6574405749869524,0.1165582250656103,0.18921452224572416,0.22151130939195368,0.6720872232059509,0.20935426652431488,0.663741851668204,0.6571524999768437,0.6342757587086926,0.12428805539360599,0.20024455722101583,0.23184931700007147,0.6517233701179134,0.20894818007946014,0.7009330634747846,0.6737647318302248,0.6696592073247126,0.11781486296562002,0.19518024698585448,0.2160255482202191,0.6814523342099074,0.1898449957370758,0.6683953211067182,0.6489728951661324,0.624930636033339,0.13194145678611513,0.20932627831461045,0.23570534885784608,0.6474329507687299,0.19441808760166168,0.6631739695756254,0.18247164403735391,813.274023131579,997.2858632905387,627.5972226940922,798.4651674304324,512.813499293226,655.4729435606004,461.41033891942544,546.2328071997196,603.7737710095807,749.3641953703227,0.6702193388940377,0.6757774140752864,6474.0,0.5894346617238183,0.08078467717021942,nllpch,4.032203674316406,878.0,881.0,898.0,936.0,0.20048776198870089,0.6282033209270901,0.6316481232643127,0.6340143084526062,0.6340463161468506,0.6344921588897705,0.6343444585800171,0.633636474609375,0.6324702501296997,0.633527398109436,0.6310412287712097,0.6013951897621155,1503.0,0.6177878244567369,0.6188910007476807,0.6198425889015198,0.6205403804779053,0.6194677948951721,0.617669403553009,0.6180763244628906,0.6190965175628662,0.6186742782592773,0.6193500757217407,0.6123865842819214,1503.0,0.6489819277082021,0.6452020406723022,0.6417892575263977,0.6472019553184509,0.6487005352973938,0.6512055397033691,0.6535378694534302,0.6527248620986938,0.6538726091384888,0.6528943181037903,0.6374995112419128,1503.0,0.6125608432389031,0.611995279788971,0.6094497442245483,0.6127461194992065,0.613861620426178,0.6124390959739685,0.6123166084289551,0.6122384071350098,0.61406409740448,0.6127057671546936,0.6115401983261108,1503.0,0.626883479082733,12.5314,119.939,0.239,nllpch,L_PCH
sim_frailty1p0__ours_nllpch__s1,02_synthetic_scenarios,sim_frailty1p0,1,frailty,1.0,,ours,0.6385238843456559,0.6331698596115354,0.6319280668112559,0.12426008908428701,0.19671689164554984,0.2265797681299586,0.6345406035894824,0.21743348240852356,0.672340623530069,0.6515638428183244,0.6329495797525649,0.1202918257025995,0.20082844865493804,0.2295417970421545,0.6522846820336529,0.20792026817798615,0.6996911264993291,0.6652616644612348,0.6616788374457109,0.11757068386316796,0.19933460799676436,0.21854022704924048,0.6755438761354249,0.19101114571094513,0.6602652782881381,0.6495431628879935,0.6326846738998738,0.12526106463805703,0.2101378499095853,0.22390881382487057,0.6474977050253351,0.19183191657066345,0.6524667166959738,0.18274767229509778,720.3093379576983,966.0507236214808,603.2379604507814,764.4653240621406,495.47726005442996,657.4453203663609,432.6307987031435,511.56871360928164,562.9138392915133,724.882520414816,0.6667193176433422,0.6682248191430161,6331.0,0.5929552993208024,0.07376401832253987,nllpch,4.002157211303711,857.0,879.0,871.0,913.0,0.20187944826585325,0.6159804493134573,0.6181122660636902,0.6161954998970032,0.6169949769973755,0.6164754629135132,0.6152051091194153,0.6146426200866699,0.615406334400177,0.6155826449394226,0.6148838996887207,0.6178945899009705,1475.0,0.612823652668331,0.6097525358200073,0.6095410585403442,0.6092498302459717,0.6133821606636047,0.6153519153594971,0.6148558259010315,0.613010048866272,0.6131491661071777,0.6114209294319153,0.6130289435386658,1475.0,0.6435027626001009,0.6428136229515076,0.6403663158416748,0.6423782110214233,0.6438297033309937,0.6415714025497437,0.6425769329071045,0.6426545977592468,0.6433127522468567,0.6438759565353394,0.6458383798599243,1475.0,0.6112437432766624,0.6136747598648071,0.6116228699684143,0.6116639971733093,0.614126980304718,0.6143763065338135,0.6142119765281677,0.6143531203269958,0.6160232424736023,0.6166444420814514,0.5972199440002441,1475.0,0.6208876519646379,12.2538,120.371,0.245,nllpch,L_PCH
sim_frailty1p0__ours_nllpch__s2,02_synthetic_scenarios,sim_frailty1p0,2,frailty,1.0,,ours,0.6486468385590461,0.6407589283536562,0.638090610321895,0.11627280478795667,0.1997785839509526,0.23016193674901703,0.6424987924115325,0.21847102046012878,0.6768568400536669,0.6585617193900418,0.6351620330516811,0.11814571279720515,0.1984950862516814,0.23514401823020045,0.6568601974984632,0.2118888646364212,0.6896990769513697,0.6707118554913758,0.6576577002478602,0.12896648263405508,0.19997930214515416,0.21415597102412914,0.6726895442302019,0.19286243617534637,0.6875244638833808,0.6685095234335203,0.6402708887555564,0.13158422755146204,0.20248750694646195,0.23203888504483733,0.6654349586908191,0.19531352818012238,0.6593708732077542,0.18393420984275943,970.1409152159363,1098.5244405549608,828.164336831753,906.6428419346099,588.488571557125,714.0632098743573,573.797814156943,622.5685821062987,740.1479094404393,835.4497686175566,0.6565609452736318,0.6596462585034013,6432.0,0.576181592039801,0.08037935323383083,nllpch,4.025652885437012,848.0,862.0,896.0,919.0,0.20431475230565307,0.6138485165438528,0.6171941161155701,0.6145535707473755,0.6146277189254761,0.6149312853813171,0.6139166355133057,0.6148219108581543,0.6145728826522827,0.6145600080490112,0.6139598488807678,0.609944224357605,1508.0,0.6247782096870681,0.6265307664871216,0.6266357898712158,0.6258647441864014,0.6265426874160767,0.6278583407402039,0.6284101009368896,0.6279440522193909,0.6270737648010254,0.6274127960205078,0.6127886772155762,1508.0,0.6426002552198108,0.6430060863494873,0.6419878602027893,0.6413259506225586,0.6444786190986633,0.6462608575820923,0.646379828453064,0.6455705165863037,0.6466759443283081,0.6434785723686218,0.632290780544281,1508.0,0.6112418963652358,0.6230218410491943,0.62623530626297,0.6259710192680359,0.6245900988578796,0.624953031539917,0.6254686713218689,0.624933660030365,0.6252843141555786,0.6151196956634521,0.5666244029998779,1508.0,0.6231172194539918,12.388,121.731,0.242,nllpch,L_PCH
sim_frailty1p0__ours_nllpch_event_ranking__s0,02_synthetic_scenarios,sim_frailty1p0,0,frailty,1.0,,ours,0.6957829280951158,0.6803597529195817,0.6523415362115417,0.1196274973172384,0.19864138464584769,0.2261317402377283,0.6761614057420798,0.21310806274414062,0.6498987708644424,0.6377703542776496,0.6210138828006032,0.12483053595934725,0.20849316218265676,0.2338044401821153,0.6362276693142318,0.21056659519672394,0.6837692423679882,0.6631525252257413,0.656265753460389,0.11878623642652376,0.19324021159476185,0.2209397793999368,0.6677291736847062,0.19257652759552002,0.6416628782266378,0.6374438607339442,0.6117661798419737,0.1336838941918951,0.2097095174838485,0.23670064500002394,0.6302909729341852,0.1953466385602951,0.6526023054188008,0.1853824203851603,804.6125329718893,1023.1095315567517,690.346790958842,838.1022601576036,620.1221618621977,725.4297685663709,545.076926297678,596.8164752020116,665.0396030226518,795.8645088706844,0.6587890021624961,0.6629841789416258,6474.0,0.5894346617238183,0.06935434043867783,nllpch_event_ranking,2.136467695236206,878.0,881.0,898.0,936.0,0.20272647507121694,0.6243083270920647,0.6336937546730042,0.6314008831977844,0.6291071772575378,0.628724992275238,0.627837598323822,0.6229974627494812,0.6228370070457458,0.6267334222793579,0.6255946755409241,0.6118798851966858,1503.0,0.6152965781695822,0.6133226156234741,0.6175534129142761,0.6156984567642212,0.6169547438621521,0.613068163394928,0.6155005097389221,0.61541348695755,0.6165040135383606,0.6169698238372803,0.6126868724822998,1503.0,0.6389159892596379,0.6364215612411499,0.630827784538269,0.6349114775657654,0.6330568194389343,0.6381291747093201,0.6401289105415344,0.6383122801780701,0.6410269737243652,0.6383469700813293,0.6419833898544312,1503.0,0.603165526468552,0.6041648387908936,0.5972516536712646,0.6049109697341919,0.6028505563735962,0.6043452620506287,0.6051815152168274,0.6047045588493347,0.6058470606803894,0.6033312678337097,0.5987978577613831,1503.0,0.6204216052474592,12.8652,116.826,0.233,nllpch_event_ranking,L_PCH + L_mul
sim_frailty1p0__ours_nllpch_event_ranking__s1,02_synthetic_scenarios,sim_frailty1p0,1,frailty,1.0,,ours,0.6425953160004193,0.6345709632389083,0.6283346221843784,0.12583755807582273,0.20012881254252313,0.22849189609969,0.6351669671412353,0.21861961483955383,0.6841806568483128,0.6567406522467729,0.6327589718486629,0.12160002504710969,0.20488208157856086,0.23145306678278313,0.6578934269812495,0.20985382795333862,0.6713799110084334,0.6463474735519723,0.6383503889651893,0.11779392203284478,0.197933300986534,0.2279387531974777,0.6520259245085317,0.19574369490146637,0.681553031907287,0.6577997466770618,0.6361926460922998,0.12120465702285724,0.20220464961386822,0.22285176577924976,0.6585151415588829,0.19008289277553558,0.6509003650474748,0.18352670739661012,871.1800946975601,1033.256474552143,778.928396585624,852.6381377057008,682.5736338392643,765.2223788513703,633.0545066502063,635.8420712738322,741.4341579431637,821.7397655957615,0.6654556942031274,0.6648302726766834,6331.0,0.5929552993208024,0.07250039488232507,nllpch_event_ranking,2.1224310398101807,857.0,879.0,871.0,913.0,0.20336845569651235,0.6165698980155971,0.6230973601341248,0.6158093810081482,0.6187494993209839,0.6193993091583252,0.6149531006813049,0.6123514771461487,0.6136276125907898,0.6176308393478394,0.6176523566246033,0.617194414138794,1475.0,0.6127850804213593,0.6213242411613464,0.6179733276367188,0.6158450841903687,0.6187694072723389,0.6154565811157227,0.6169819831848145,0.6119160056114197,0.6116636395454407,0.6110295057296753,0.6060332655906677,1475.0,0.6206697140115511,0.6267810463905334,0.6174305081367493,0.6206252574920654,0.623383641242981,0.622568666934967,0.6236778497695923,0.6251063942909241,0.6235803365707397,0.6229102611541748,0.6100510954856873,1475.0,0.6139509002773129,0.6181309819221497,0.6232020854949951,0.6242246627807617,0.6202225089073181,0.6210333704948425,0.6214855909347534,0.6204675436019897,0.6196439266204834,0.6144983768463135,0.5940946936607361,1475.0,0.615993898181455,12.7284,115.883,0.236,nllpch_event_ranking,L_PCH + L_mul
sim_frailty1p0__ours_nllpch_event_ranking__s2,02_synthetic_scenarios,sim_frailty1p0,2,frailty,1.0,,ours,0.6603576759825133,0.6440067017160005,0.6388312441136194,0.1173820191740848,0.2052219959284558,0.2314994837610946,0.6477318739373777,0.218023881316185,0.6716555911707719,0.6466942325311935,0.6275171398011552,0.11731944512373654,0.19585138513206085,0.22895459458059322,0.6486223211677068,0.20644386112689972,0.6793781256997123,0.6558487634857111,0.6433998800098945,0.13038060008205005,0.20441490339103252,0.22312101046381105,0.6595422563984393,0.19832442700862885,0.6662902721445112,0.6450006446051206,0.6186122958425848,0.13584051385098195,0.2085379918097992,0.2334636272513937,0.6433010708640722,0.19881711900234222,0.649799380591899,0.1859989642124245,892.286045719798,1076.5264085763838,706.4972995742846,854.2811246482523,679.1962279123646,772.3881077529002,596.3364354347634,641.6152329186891,718.5790021603027,836.2027184740564,0.6442786069651741,0.6479727891156463,6432.0,0.576181592039801,0.06809701492537312,nllpch_event_ranking,2.134702444076538,848.0,862.0,896.0,919.0,0.20517744074053798,0.6212235224387587,0.6190017461776733,0.6231215000152588,0.6240419745445251,0.6260835528373718,0.6256891489028931,0.6225609183311462,0.621954619884491,0.6211323738098145,0.6243009567260742,0.6101843118667603,1508.0,0.6235231937358359,0.6283823251724243,0.6291342377662659,0.6271863579750061,0.6288577914237976,0.6270422339439392,0.6249377727508545,0.6240954995155334,0.6243758201599121,0.6245354413986206,0.6136769652366638,1508.0,0.6297586913186499,0.6412234306335449,0.6299254298210144,0.6301353573799133,0.634106457233429,0.6342675089836121,0.636703610420227,0.6333175897598267,0.6346196532249451,0.62800133228302,0.6164584159851074,1508.0,0.5988719303928124,0.613837480545044,0.6117406487464905,0.614425778388977,0.6056205034255981,0.6081888675689697,0.6114915609359741,0.609391450881958,0.6116878986358643,0.5969780683517456,0.5668373107910156,1508.0,0.6183443344715143,13.7429,109.729,0.218,nllpch_event_ranking,L_PCH + L_mul
sim_frailty1p0__ours_nllpch_sample_event_ranking__s0,02_synthetic_scenarios,sim_frailty1p0,0,frailty,1.0,,ours,0.6887657686225718,0.6787174554506037,0.6588571414262573,0.120342347894324,0.20504762509210564,0.23194369948893184,0.6754467884998109,0.218838170170784,0.6621738598038425,0.6537838525742156,0.6327846548259631,0.1255279525356055,0.21109923573303432,0.23752608231693595,0.6495807890680071,0.2150510847568512,0.6997945111582985,0.6728248325806458,0.6663253119707752,0.11914738415174005,0.2000996288446484,0.23266534045261175,0.6796482185699064,0.20049168169498444,0.6661831952693871,0.6481799289450401,0.62474624195432,0.13437588415526858,0.21395447138669962,0.23534936374405255,0.6463697887229157,0.1967128962278366,0.6627613962151601,0.18892325131632987,850.1039048820712,1055.1423902684085,659.1439337951814,837.9497983170121,545.5540868673594,704.2763021512617,519.216436802309,586.5923339794808,643.5045905867303,795.9902061790408,0.6580166821130676,0.6622204037097654,6474.0,0.5894346617238183,0.06858202038924932,nllpch_sample_event_ranking,2.390230894088745,878.0,881.0,898.0,936.0,0.20756045647427926,0.6304089910507201,0.6336885690689087,0.632521390914917,0.6312745213508606,0.6330726742744446,0.6331923007965088,0.6317049860954285,0.6313127875328064,0.6314073204994202,0.6319870948791504,0.6215168237686157,1503.0,0.622422007763255,0.6162858605384827,0.6223321557044983,0.6233674883842468,0.6225643754005432,0.61927729845047,0.6225453615188599,0.6234151721000671,0.6228267550468445,0.6246069669723511,0.6214513182640076,1503.0,0.6477520843982171,0.65190589427948,0.6472138166427612,0.6455070376396179,0.6459558606147766,0.6440348029136658,0.6470965147018433,0.6501887440681458,0.6477898359298706,0.6507149934768677,0.6464478373527527,1503.0,0.6108028949695055,0.5964827537536621,0.5979470610618591,0.6180774569511414,0.6169783473014832,0.616434633731842,0.6104646325111389,0.6118186712265015,0.6153886318206787,0.6107204556465149,0.6030229330062866,1503.0,0.6278464945454244,14.5529,103.278,0.206,nllpch_sample_event_ranking,L_PCH + L_rank + L_mul (paper)
sim_frailty1p0__ours_nllpch_sample_event_ranking__s1,02_synthetic_scenarios,sim_frailty1p0,1,frailty,1.0,,ours,0.6491271858660876,0.648293288135416,0.6428496698848234,0.12549287068123294,0.2017415139054903,0.23433907737398876,0.6467567146287757,0.2225867211818695,0.6946450592186298,0.6689515693055911,0.650730287462745,0.12425520438170126,0.2101763283474415,0.23597607196818174,0.6714423053289886,0.21446901559829712,0.6928855999582014,0.6680490946000561,0.6705101416688068,0.11902973353562296,0.20292117465190215,0.23362298008743113,0.6771482787423547,0.2007097750902176,0.6807079977927754,0.6604263272638098,0.6407656496359849,0.12474727834847603,0.21433637223018287,0.2296654560622426,0.6606333248975234,0.19671091437339783,0.6639951558994106,0.18802533846449118,809.9582568179403,1037.1020135910824,772.2364372168819,866.0810912392122,570.9204643013002,724.4830991810242,552.0840250772786,587.662867330585,676.2997958533502,803.8322678354759,0.6626125414626441,0.6642737896494156,6331.0,0.5929552993208024,0.06965724214184177,nllpch_sample_event_ranking,2.3711931705474854,857.0,879.0,871.0,913.0,0.20843476241200484,0.6264356956890155,0.6267509460449219,0.6181579232215881,0.6280295848846436,0.6304628849029541,0.6311431527137756,0.6280691027641296,0.6269590258598328,0.6311783790588379,0.6281113624572754,0.6164606809616089,1475.0,0.6275627323681894,0.6272621154785156,0.6279382705688477,0.6255612969398499,0.6296760439872742,0.6304721236228943,0.6261177659034729,0.6285407543182373,0.6300031542778015,0.6310492753982544,0.6208090782165527,1475.0,0.6456232367274417,0.6503876447677612,0.6407273411750793,0.6382002830505371,0.6408653855323792,0.6416445374488831,0.6480080485343933,0.6528794169425964,0.6525123119354248,0.6513398289680481,0.6342722177505493,1475.0,0.6194007445078392,0.6137663125991821,0.6129273176193237,0.6172329187393188,0.6280795931816101,0.6261496543884277,0.6215142607688904,0.624055027961731,0.623567521572113,0.6257591247558594,0.6027414798736572,1475.0,0.6297556023231214,11.8861,124.095,0.252,nllpch_sample_event_ranking,L_PCH + L_rank + L_mul (paper)
sim_frailty1p0__ours_nllpch_sample_event_ranking__s2,02_synthetic_scenarios,sim_frailty1p0,2,frailty,1.0,,ours,0.6608316787049128,0.6505819756330655,0.651818164282853,0.11734755739709711,0.20297139130638675,0.23140351134080708,0.6544106062069438,0.2191622108221054,0.6822166015637825,0.6606318884568531,0.6380069296654849,0.11847759126287605,0.19969564646961327,0.23345907058580373,0.6602851398953735,0.2118338793516159,0.6895689925610562,0.6689089313836016,0.654021497671118,0.13067905199219185,0.20765021706119458,0.22617372045715223,0.6708331405385919,0.20144140720367432,0.7088240058955794,0.6800358499965418,0.6560484288409903,0.13458912403777226,0.20903232245712855,0.22746436504431583,0.6816360949110373,0.19657637178897858,0.6667912453879866,0.18657863078436157,797.6361674680297,1057.5946037360802,682.4931249683673,865.1204804266682,584.8120207171603,738.9178322569938,526.7166960620224,602.3229664112856,647.914502303895,815.988970707757,0.6626243781094527,0.6667755102040817,6432.0,0.576181592039801,0.08644278606965172,nllpch_sample_event_ranking,2.3700356483459473,848.0,862.0,896.0,919.0,0.20697745966150405,0.6295020872822469,0.6307439804077148,0.6326068043708801,0.6284617185592651,0.6318955421447754,0.6355358958244324,0.632949948310852,0.6348043084144592,0.6302912831306458,0.6298172473907471,0.6161635518074036,1508.0,0.6283054125269549,0.6285650134086609,0.632315456867218,0.6323955655097961,0.6328549385070801,0.6328679323196411,0.6331210136413574,0.6308150887489319,0.6294743418693542,0.6255857348442078,0.6185072064399719,1508.0,0.6424424732515719,0.6470504403114319,0.6442599892616272,0.6433770060539246,0.6465949416160583,0.6460222005844116,0.64663165807724,0.6443262100219727,0.6452894806861877,0.6452366709709167,0.6299170255661011,1508.0,0.6318780550445291,0.6334532499313354,0.6378055214881897,0.6414409875869751,0.6352019906044006,0.6382812261581421,0.6401031613349915,0.6378150582313538,0.6430844664573669,0.6366739869117737,0.604929506778717,1508.0,0.6330320070263257,12.0982,124.646,0.248,nllpch_sample_event_ranking,L_PCH + L_rank + L_mul (paper)
sim_frailty2p0__coxph__s0,02_synthetic_scenarios,sim_frailty2p0,0,frailty,2.0,,coxph,0.6558434901003698,0.645698504836359,0.6244590960360746,0.12324242503080443,0.19148018990650312,0.2299670851802611,0.6420003636576012,0.1815632333725229,0.6679846116848056,0.641429852855807,0.629513018123701,0.13068068005899877,0.20392180055454584,0.23479587930351714,0.6463091608881045,0.18979945330568726,0.6438410956504077,0.6326496634478554,0.6198844940334378,0.12744304475580184,0.21055187535732933,0.23743167952597063,0.6321250843772337,0.19180886654636728,0.6404371103113964,0.6142875079871645,0.608510635690713,0.13385073919425838,0.2168516267867659,0.23999942757826237,0.6210784179964245,0.19690059785309555,0.6353782567298409,0.19001803776941825,4392.67264745794,4652.876236416873,3530.5646683370633,3851.5084196846437,3039.149092252341,2889.275798374991,2377.0828755830157,2440.117226939496,3334.8673209075896,3458.4444203540006,0.6527668913622825,0.6521505376344087,6379.0,0.6041699325913152,0.04859695877096726,,,,,,,,,,,,,,,,,,,,,,,,,,,,,,,,,,,,,,,,,,,,,,,,,,,,,,,,,,,,,Cox PH (cause-specific)
sim_frailty2p0__coxph__s1,02_synthetic_scenarios,sim_frailty2p0,1,frailty,2.0,,coxph,0.6358917063455414,0.6272789564685416,0.609967507327606,0.11626933107752474,0.18946417067143007,0.23085402515115067,0.6243793900472295,0.17886250896670183,0.6631857068807895,0.6475045425193202,0.6181997376133546,0.12635428423302034,0.19693343033100788,0.23575121172403696,0.642963329004488,0.1863463087626884,0.6594156572501363,0.6453461684840376,0.621348838991161,0.12381227670270328,0.1991087873351122,0.2321331841676265,0.6420368882417783,0.18501808273514733,0.6433798824458982,0.6173502427721259,0.6075535922525073,0.12498580452410948,0.21272578040450893,0.2354196271250442,0.6227612391568438,0.19104373735122085,0.6330352116125849,0.1853176594539396,4311.400061124484,4650.948557525035,3639.468652795545,3931.857283643063,2773.42653973591,2723.433321631507,2227.2333513764816,2397.0983394354994,3237.8821512581053,3425.8343755587757,0.6550267987656326,0.6595614035087719,6157.0,0.5950950138054247,0.0599317849602079,,,,,,,,,,,,,,,,,,,,,,,,,,,,,,,,,,,,,,,,,,,,,,,,,,,,,,,,,,,,,Cox PH (cause-specific)
sim_frailty2p0__coxph__s2,02_synthetic_scenarios,sim_frailty2p0,2,frailty,2.0,,coxph,0.6498749834968632,0.628844011660235,0.6127396070194804,0.11348282213100484,0.18334737239269433,0.22914032886189462,0.6304862007255262,0.17532350779519792,0.6573877850852502,0.6335376261134136,0.6132323128675403,0.11993909359579222,0.1954310282148418,0.2342185545419178,0.6347192413554014,0.1831962254508506,0.649259876002705,0.6440920535368848,0.6312881915816804,0.11873183411174956,0.19759475705533255,0.22529124693519892,0.6415467070404234,0.180539279367427,0.7035550902873884,0.6526722631085893,0.6348288173649769,0.12408230804307015,0.20382045411537034,0.22331637197549623,0.6636853902536516,0.18373971137797893,0.6426093848437506,0.18069968099786363,4402.395493653739,4663.177054349874,3579.2273671495345,3868.500159361113,2766.282637792429,2681.1583430771707,2288.208433994988,2398.8171962190972,3259.028483147673,3402.913188251814,0.6607802215443892,0.6630011454753723,6229.0,0.5851661582918607,0.07561406325252851,,,,,,,,,,,,,,,,,,,,,,,,,,,,,,,,,,,,,,,,,,,,,,,,,,,,,,,,,,,,,Cox PH (cause-specific)
sim_frailty2p0__oracle__s0,02_synthetic_scenarios,sim_frailty2p0,0,frailty,2.0,,oracle,0.6935588162915509,0.6741925462293645,0.6624460120465332,0.11649924047074506,0.1830842584793158,0.2152895757451427,0.6767324581891495,0.17162435823173453,0.7094426451828776,0.6884897197434764,0.6697160178059081,0.12228121254264847,0.18889639899172744,0.2196360800819697,0.6892161275774207,0.17693789720544853,0.7109047812027391,0.6839695505049297,0.663566949848904,0.11809716248805129,0.19624787341409972,0.22354227967273327,0.686147093852191,0.17929577185829473,0.6963301521963969,0.6619978442450543,0.649932682562925,0.12554659279286282,0.20355179467385098,0.22607584960366287,0.669420226334792,0.18505807902345892,0.6803789764883883,0.1782290265797342,3791.3747288864997,4300.50336766844,3125.4384532588415,3594.0982643247376,2604.429867408756,2563.658357012521,2239.0247255287823,2342.482493818772,2940.06694377072,3200.1856207061173,0.7049694309452892,0.7088002263723826,6379.0,0.6041699325913152,0.10079949835397395,,,,,,,,,,,,,,,,,,,,,,,,,,,,,,,,,,,,,,,,,,,,,,,,,,,,,,,,,,,,,Oracle (true CIF)
sim_frailty2p0__oracle__s1,02_synthetic_scenarios,sim_frailty2p0,1,frailty,2.0,,oracle,0.6876879118265402,0.6673292095532302,0.6583402348047815,0.11306967879208071,0.1837154566696834,0.2164821737609681,0.6711191187281841,0.17108910307424408,0.7091851152455904,0.6990933686064656,0.667711805792817,0.1192149369033498,0.18265880953562758,0.21923259685998364,0.6919967632149576,0.173702114432987,0.7176787355976423,0.6842963504135989,0.657838348468435,0.11704345218962282,0.19046866061241322,0.22277619012626887,0.6866044781598921,0.17676276764276833,0.6638531074289509,0.6398285984138121,0.6305823137332092,0.12299755650170284,0.2081265631523524,0.22687004566948116,0.6447546731919908,0.18599805510784548,0.6736187583237562,0.17688801006446123,3835.160801329593,4376.694055063784,3110.068966386312,3613.1301208673885,2656.3903778581853,2629.4734499481674,2235.6193559276926,2382.181480762011,2959.3098753754457,3250.3697766603373,0.7039142439499756,0.7109356725146199,6157.0,0.5950950138054247,0.10881923014455086,,,,,,,,,,,,,,,,,,,,,,,,,,,,,,,,,,,,,,,,,,,,,,,,,,,,,,,,,,,,,Oracle (true CIF)
sim_frailty2p0__oracle__s2,02_synthetic_scenarios,sim_frailty2p0,2,frailty,2.0,,oracle,0.7309983423189466,0.6953819937022068,0.6776600491314069,0.10632891956372059,0.1720842101190322,0.2125462150021072,0.7013467950508533,0.16365311489495335,0.7121923260219921,0.6909429067881708,0.662429859053735,0.1136240888843929,0.18258319861782174,0.221518874586736,0.6885216972879661,0.17257538736298353,0.7073766515080626,0.6959449188200283,0.6769496110582,0.11293785776736474,0.1847924311846659,0.21158848925219118,0.6934237271287637,0.16977292606807393,0.7399386929326415,0.689503461434572,0.6717096458702713,0.114592518216979,0.19122873045197541,0.21092557703218057,0.7003839334124949,0.17224894190037832,0.6959190382200194,0.16956259255659728,3867.0572617421208,4325.810685003931,3175.7283774855073,3580.4070956837195,2594.4849347218315,2562.8196700192893,2225.7115217686387,2343.0569298888654,2965.7455239295246,3203.0235951489512,0.7105474393963718,0.7161225658648339,6229.0,0.5851661582918607,0.12538128110451108,,,,,,,,,,,,,,,,,,,,,,,,,,,,,,,,,,,,,,,,,,,,,,,,,,,,,,,,,,,,,Oracle (true CIF)
sim_frailty2p0__ours_nllpch__s0,02_synthetic_scenarios,sim_frailty2p0,0,frailty,2.0,,ours,0.651181133303556,0.6393640597020749,0.6226521593333377,0.12197913533840102,0.19167201646804194,0.2304701453914936,0.6377324507796561,0.22029957175254822,0.678842180042945,0.6574673929096684,0.6381593752096102,0.12677384093514332,0.19702041345509125,0.23094233124740002,0.6581563160540745,0.21351587772369385,0.6459508775138934,0.6300161067477108,0.6230913767665633,0.1341158185679322,0.23479382094934656,0.26155928800004763,0.6330194536760558,0.22962094843387604,0.6376771418013935,0.6178852836455987,0.6063291025675115,0.13640635847090998,0.2297496109581584,0.2516286634547564,0.6206305093381679,0.21383874118328094,0.6373846824619886,0.19559262026972685,3696.7955682471224,4426.546740016559,2807.662760954292,3530.590868714327,3525.441408640513,3183.8724280742044,3022.770887311742,2885.682633338075,3263.167656288417,3506.6731675357914,0.6195328421382662,0.6181097906055462,6379.0,0.6041699325913152,0.015362909546950965,nllpch,4.142653942108154,822.0,873.0,959.0,983.0,0.21938289286902163,0.6091882425683127,0.6108587384223938,0.6103256940841675,0.6127490997314453,0.6119758486747742,0.6134666204452515,0.6125915050506592,0.6126651763916016,0.612372636795044,0.6117884516716003,0.5928515791893005,1503.0,0.6074758041810504,0.607459545135498,0.6089218854904175,0.6096774339675903,0.6104458570480347,0.6102140545845032,0.6094135046005249,0.6108806729316711,0.6111736297607422,0.6125263571739197,0.5921682119369507,1503.0,0.5953944560318623,0.6003590822219849,0.5971822738647461,0.6016836166381836,0.6015835404396057,0.6005386710166931,0.6027248501777649,0.6005271673202515,0.6022287607192993,0.5987335443496704,0.5727096199989319,1503.0,0.5707135178260879,0.5905439853668213,0.5868101716041565,0.5903525352478027,0.593320906162262,0.5934366583824158,0.5933963656425476,0.5925120115280151,0.5939380526542664,0.5884276628494263,0.4889626204967499,1503.0,0.5956930051518283,13.0765,114.939,0.229,nllpch,L_PCH
sim_frailty2p0__ours_nllpch__s1,02_synthetic_scenarios,sim_frailty2p0,1,frailty,2.0,,ours,0.6200037426337128,0.6187234236678109,0.6116108155397278,0.11694757780953408,0.19013555627366296,0.23025245732880217,0.6167793272804172,0.21997416019439697,0.6766971487953458,0.6621357068265471,0.6325223384440907,0.12350643741659072,0.19109770154785327,0.23022984595859938,0.6571183980219946,0.21440382301807404,0.65020085237601,0.6362114640471894,0.621338976724448,0.12404995142071981,0.19946949829572408,0.231208929706967,0.6359170977158826,0.2077670693397522,0.6402890721581402,0.610352881950295,0.6041447370327188,0.12640309764186322,0.21627599329912556,0.23736567785834595,0.6182622303803846,0.20626361668109894,0.6320192633496697,0.18474522704648236,3492.9840313299105,4392.646272620434,2701.6560595321716,3520.9480021556196,2381.5728134550177,2480.8187939878944,1900.5446434783441,2174.0196580035595,2619.189386948861,3142.108181691877,0.6680201396784148,0.6729824561403509,6157.0,0.5950950138054247,0.07292512587299005,nllpch,4.029549598693848,800.0,861.0,891.0,935.0,0.21180325785851048,0.5942543333541892,0.6152712106704712,0.6156184077262878,0.615799069404602,0.6122665405273438,0.6129130125045776,0.6144781708717346,0.6154254674911499,0.6155659556388855,0.616265058517456,0.48609840869903564,1475.0,0.5986683974693429,0.6030296087265015,0.6036762595176697,0.604767918586731,0.6032323837280273,0.6048100590705872,0.6058098673820496,0.6051841974258423,0.6066052317619324,0.6019087433815002,0.5708183646202087,1475.0,0.5820114459796097,0.5986234545707703,0.6043192148208618,0.6030418276786804,0.6041102409362793,0.605501651763916,0.6064280271530151,0.6061665415763855,0.6059468984603882,0.6068518757820129,0.48176252841949463,1475.0,0.5605654229165603,0.5842718482017517,0.5860830545425415,0.5860030055046082,0.5872395038604736,0.5868791341781616,0.5877947211265564,0.5878152251243591,0.5869983434677124,0.5862116813659668,0.4594614505767822,1475.0,0.5838748999299256,12.427,118.693,0.241,nllpch,L_PCH
sim_frailty2p0__ours_nllpch__s2,02_synthetic_scenarios,sim_frailty2p0,2,frailty,2.0,,ours,0.6685678568904306,0.6576553128802357,0.6387457755751705,0.11155393747055174,0.17961995982113357,0.2238902824640338,0.6549896484486123,0.21556414663791656,0.6786040679755947,0.6552219352281438,0.6280900736308269,0.11787671061005246,0.19162186899831174,0.23288211321311003,0.6539720256115218,0.2160532921552658,0.6738486746189175,0.6608481649195258,0.6390472706099934,0.11650923616630464,0.19432465857589687,0.22534241432224966,0.6579147033828122,0.20476490259170532,0.703077416886731,0.6397889992468558,0.6273697798000439,0.12155171079486383,0.20606621289304938,0.22841507152632645,0.6567453986445436,0.1973070204257965,0.6559054440218725,0.17913784807132369,3274.003506563562,4217.559154353224,2716.283069090311,3479.2213681249004,2268.843717985937,2365.672392539463,2048.7068824567086,2242.937180035346,2576.9592940241296,3076.3475237632333,0.6745866110130037,0.679639175257732,6229.0,0.5851661582918607,0.08942045272114296,nllpch,3.9810521602630615,814.0,868.0,906.0,948.0,0.2080224915344386,0.606516383418915,0.6074646711349487,0.6104232668876648,0.6122948527336121,0.6122387051582336,0.6109854578971863,0.6096332669258118,0.6086769104003906,0.6090291738510132,0.6079821586608887,0.5901593565940857,1508.0,0.601414105593439,0.6080781817436218,0.6070361137390137,0.6089979410171509,0.6082060933113098,0.6074285507202148,0.6066030263900757,0.6073587536811829,0.6057253479957581,0.605660080909729,0.5756406188011169,1508.0,0.6181663104555756,0.6188033223152161,0.6186737418174744,0.617033064365387,0.6200945973396301,0.6214298605918884,0.6216293573379517,0.6209346652030945,0.6181463003158569,0.6217305660247803,0.6090171933174133,1508.0,0.5936759661221164,0.5975381731987,0.597644567489624,0.601833164691925,0.6038790345191956,0.6023587584495544,0.6022413969039917,0.6025922298431396,0.6073042750358582,0.6100658774375916,0.5491378307342529,1508.0,0.6049431913975115,13.6294,110.643,0.22,nllpch,L_PCH
sim_frailty2p0__ours_nllpch_event_ranking__s0,02_synthetic_scenarios,sim_frailty2p0,0,frailty,2.0,,ours,0.6536205765297322,0.635501084100311,0.6257569404282628,0.12384458206479351,0.19331176513813014,0.22914702882390142,0.6382928670194353,0.21925747394561768,0.6705317528211677,0.6556584330563795,0.6256082261127256,0.12958258402867467,0.19969409200545746,0.23463750980956538,0.6505994706634243,0.21670415997505188,0.6527751981354823,0.6365869505935776,0.6284843631382241,0.12548666243951473,0.21040940997436244,0.23473588282083596,0.639282170622428,0.20776669681072235,0.6378312640674028,0.6193505185567763,0.6090201965145502,0.13221498388188108,0.21562524100126754,0.23952679939715854,0.6220673263795763,0.20196540653705597,0.6375604586712159,0.18901804511546189,3312.3477909871913,4284.712166369737,2999.4022273509613,3651.4823796887545,2500.5477087510585,2500.535334225232,2497.09310856925,2515.7751109304586,2827.3477089146154,3238.126247803546,0.6602915817526258,0.6603848330503678,6379.0,0.6041699325913152,0.05612164916131057,nllpch_event_ranking,2.1607913970947266,822.0,873.0,959.0,983.0,0.21094105914460456,0.6138118550665956,0.6172115206718445,0.6153945326805115,0.616618275642395,0.6162772178649902,0.6144626140594482,0.615718424320221,0.6163324117660522,0.6161403059959412,0.6156931519508362,0.6027349829673767,1503.0,0.6027705902780698,0.5995018482208252,0.6094638705253601,0.6107357740402222,0.6123681664466858,0.6101511716842651,0.6076655387878418,0.6016070246696472,0.6040293574333191,0.6029788851737976,0.5863563418388367,1503.0,0.5999686553816649,0.6044063568115234,0.6005147099494934,0.6053490042686462,0.6054295897483826,0.6043605208396912,0.6052965521812439,0.6038819551467896,0.6028472781181335,0.6037700772285461,0.582994818687439,1503.0,0.5791048175191201,0.5944269895553589,0.5903396606445312,0.5925103425979614,0.5956038236618042,0.5969357490539551,0.59714674949646,0.5938275456428528,0.5962883234024048,0.5977188944816589,0.5137551426887512,1503.0,0.5989139795613627,11.9554,125.717,0.251,nllpch_event_ranking,L_PCH + L_mul
sim_frailty2p0__ours_nllpch_event_ranking__s1,02_synthetic_scenarios,sim_frailty2p0,1,frailty,2.0,,ours,0.6251600489284808,0.6060626524214935,0.601103015850487,0.116906567512665,0.1947926834390113,0.236036322983345,0.6107752390668204,0.2264121174812317,0.6631502341483494,0.6504436534149832,0.6178068028887455,0.12547173796338829,0.19565514091382472,0.23672451085842106,0.6438002301506928,0.21979741752147675,0.6685095102545895,0.6420035859709239,0.6189374994376357,0.12429270020976772,0.20206983870476614,0.23621926733748497,0.643150198554383,0.21143321692943573,0.6296572342288927,0.5991491383772732,0.5902739920261999,0.13387888925818914,0.22309790798622856,0.24568568636965318,0.606360121544122,0.2130996137857437,0.6260214473290046,0.18923593779472875,2847.510984176851,4132.37754962964,2645.4927629214963,3493.367819547821,2215.6719445782996,2389.7891259428925,1941.2519525633697,2212.4736114997804,2412.4819110600038,3057.0020266550337,0.6683449732012343,0.6726900584795321,6157.0,0.5950950138054247,0.07324995939580958,nllpch_event_ranking,2.161238193511963,800.0,861.0,891.0,935.0,0.21738181980062357,0.5902537216643293,0.5933719277381897,0.6072773933410645,0.6029425263404846,0.598834216594696,0.5990584492683411,0.6027172803878784,0.603500247001648,0.6039257049560547,0.6059162020683289,0.5251214504241943,1475.0,0.5899774580323565,0.6024889349937439,0.6006739735603333,0.5974907875061035,0.5972878932952881,0.5954973697662354,0.5957050323486328,0.5925626754760742,0.5959108471870422,0.5861636996269226,0.570158839225769,1475.0,0.5961991232871395,0.602199137210846,0.601946234703064,0.6053668856620789,0.6073348522186279,0.6083733439445496,0.6082180142402649,0.6067482829093933,0.6046097874641418,0.6045957207679749,0.5547851324081421,1475.0,0.5585390090915962,0.5731993913650513,0.5745513439178467,0.5748881697654724,0.5733598470687866,0.5746825933456421,0.5732241868972778,0.5731205940246582,0.5742260217666626,0.5739937424659729,0.4999368190765381,1475.0,0.5837423280188554,12.7896,115.329,0.235,nllpch_event_ranking,L_PCH + L_mul
sim_frailty2p0__ours_nllpch_event_ranking__s2,02_synthetic_scenarios,sim_frailty2p0,2,frailty,2.0,,ours,0.643838166305264,0.621124808595812,0.5993975946651426,0.11514469219845154,0.18648754983201477,0.23506701292549045,0.6214535231887396,0.22509069740772247,0.660455120074784,0.6317518853358586,0.6025889084012307,0.1197057900413223,0.19658343235994893,0.2372852397076404,0.631598637937291,0.22101937234401703,0.6747192963702362,0.6449478214260829,0.6297136878383852,0.11710317776605762,0.20057935154123124,0.23114780953167852,0.6497936018782348,0.2090962678194046,0.6802948905715219,0.6237992986197227,0.6004584732296219,0.12456695274246155,0.20922960830141651,0.23528377853141666,0.6348508874736222,0.2030249536037445,0.6344241626194719,0.1840153662899275,3786.5328935824664,4506.209718457528,2830.008103478419,3582.37638988249,2776.9128438034027,2685.196688665964,2302.699333202999,2418.700765043305,2924.038293516822,3298.1208905123212,0.6700915074650827,0.6734822451317297,6229.0,0.5851661582918607,0.08492534917322203,nllpch_event_ranking,2.129831075668335,814.0,868.0,906.0,948.0,0.21407735224695226,0.5782507995257209,0.5877459049224854,0.5899499654769897,0.5886509418487549,0.5889826416969299,0.5872548818588257,0.5844725966453552,0.5833909511566162,0.5833080410957336,0.5829693675041199,0.5410794615745544,1508.0,0.5805460791360536,0.5921259522438049,0.5973793864250183,0.5951446294784546,0.5931801199913025,0.5910704135894775,0.5926841497421265,0.5865294933319092,0.5829100012779236,0.5694273710250854,0.5550050735473633,1508.0,0.6066566839484444,0.6108699440956116,0.6088043451309204,0.6090361475944519,0.6069002747535706,0.6053949594497681,0.6073126196861267,0.605534553527832,0.6053724884986877,0.6071427464485168,0.606984555721283,1508.0,0.5738238633658224,0.5823037028312683,0.5864574909210205,0.5911917686462402,0.5885820984840393,0.5851767063140869,0.5848535299301147,0.5793616771697998,0.5836536884307861,0.588100016117096,0.5303661823272705,1508.0,0.5848193564940103,11.6834,129.072,0.257,nllpch_event_ranking,L_PCH + L_mul
sim_frailty2p0__ours_nllpch_sample_event_ranking__s0,02_synthetic_scenarios,sim_frailty2p0,0,frailty,2.0,,ours,0.6578646416864997,0.644683167529148,0.6235895656593808,0.1274544240004648,0.2003448539676047,0.23813082481415734,0.6420457916250095,0.2279263138771057,0.6751553676780263,0.6575099663597704,0.6371508369946326,0.13314211520530725,0.2093128087688094,0.2429882049573967,0.6566053903441431,0.22448749840259552,0.6603250093167444,0.6376347834763603,0.6317999671064349,0.13001788738481576,0.2193438903317342,0.2470790266276527,0.6432532532998465,0.21676300466060638,0.6317212238337168,0.6188155487346119,0.6125252248155341,0.1355480658214967,0.22194626500090625,0.2457846478517186,0.6210206657946209,0.2065725475549698,0.640731275265905,0.1959244178943387,3350.9854885044956,4399.924501282342,2780.554532729922,3623.34194263408,2757.37397043766,2687.3684404956757,2244.982923308214,2373.956312891304,2783.474228745073,3271.1477993258504,0.6460260228875999,0.6443406904357668,6379.0,0.6041699325913152,0.041856090296284676,nllpch_sample_event_ranking,2.408148765563965,822.0,873.0,959.0,983.0,0.21838590921872522,0.6010853901078248,0.6088192462921143,0.6138815879821777,0.6086858510971069,0.6133601069450378,0.6121529340744019,0.6129481196403503,0.6139658093452454,0.6136033535003662,0.6153790354728699,0.5372119545936584,1503.0,0.6017635548684217,0.60186767578125,0.6076996922492981,0.6083245277404785,0.6090144515037537,0.612318217754364,0.6111379265785217,0.6089339852333069,0.6086128950119019,0.610999584197998,0.5635969638824463,1503.0,0.5946518586110435,0.5971531271934509,0.6008116006851196,0.604833722114563,0.6093520522117615,0.6080664992332458,0.6082685589790344,0.6106442213058472,0.6087076663970947,0.6067941188812256,0.5392446517944336,1503.0,0.5599989556835148,0.5855585336685181,0.5788912773132324,0.5811777114868164,0.5916299223899841,0.5948169231414795,0.5980925559997559,0.5960233211517334,0.5960228443145752,0.5932095646858215,0.42861977219581604,1503.0,0.5893749398177013,13.9118,108.038,0.216,nllpch_sample_event_ranking,L_PCH + L_rank + L_mul (paper)
sim_frailty2p0__ours_nllpch_sample_event_ranking__s1,02_synthetic_scenarios,sim_frailty2p0,1,frailty,2.0,,ours,0.6334231108375874,0.6154814098525452,0.6068092827820966,0.11793976409859008,0.19589086313835455,0.23811687370741627,0.6185712678240763,0.22840240597724915,0.6788714688002871,0.6666199562715128,0.6307979141465179,0.12805603127167958,0.202449480232355,0.2405855468270497,0.6587631130727726,0.22285787761211395,0.665388605512355,0.6613809787796335,0.6349992297867085,0.12544175319613224,0.20658974832696597,0.2378702306015507,0.6539229380262324,0.21365220844745636,0.6357780261749489,0.6125124185174067,0.6032079133539051,0.12889857656371906,0.21841473222999871,0.23929623271207814,0.6171661193487537,0.20766495168209076,0.6371058595679587,0.18996248607549085,3312.650990328452,4414.061626859958,3107.7727298029854,3783.99337504723,2438.6521012357134,2548.014405610189,2167.947556814403,2355.9447442302903,2756.7558445453883,3275.503537936917,0.6633100535975313,0.6675438596491228,6157.0,0.5950950138054247,0.06821503979210652,nllpch_sample_event_ranking,2.3868448734283447,800.0,861.0,891.0,935.0,0.21770387294386806,0.5952908546389463,0.591127872467041,0.612554132938385,0.611845850944519,0.6043811440467834,0.6054584980010986,0.6035332679748535,0.6128701567649841,0.6125093698501587,0.6159066557884216,0.5211624503135681,1475.0,0.5986240570278687,0.6071926355361938,0.6095675826072693,0.6105386018753052,0.6098615527153015,0.6069592237472534,0.6073998808860779,0.6071822643280029,0.6093058586120605,0.5960341095924377,0.5630544424057007,1475.0,0.5946767011242637,0.603944718837738,0.6094105839729309,0.6115888953208923,0.6185134053230286,0.6219504475593567,0.6226025223731995,0.6185155510902405,0.6203802824020386,0.6184132695198059,0.49259230494499207,1475.0,0.550976182439807,0.5826427936553955,0.5829971432685852,0.5832242965698242,0.5859760642051697,0.5856087803840637,0.584824800491333,0.5849339962005615,0.5865731239318848,0.583832859992981,0.4207485616207123,1475.0,0.5848919488077213,12.1697,121.203,0.247,nllpch_sample_event_ranking,L_PCH + L_rank + L_mul (paper)
sim_frailty2p0__ours_nllpch_sample_event_ranking__s2,02_synthetic_scenarios,sim_frailty2p0,2,frailty,2.0,,ours,0.6504991575039492,0.6240786824156407,0.608442384908975,0.11555989664325568,0.18812340254289373,0.23614052376425732,0.6276734082761882,0.22579169273376465,0.6729317705952178,0.6555709589641174,0.6234696948160371,0.12114707699688822,0.19949780172507292,0.2386418652044382,0.6506574747917907,0.22227880358695984,0.6690315355350576,0.6545067135754458,0.6351619471326497,0.11886691773955553,0.2035024351231633,0.23338078932058823,0.6529000654143844,0.21120284497737885,0.6896276789364602,0.6373538867802349,0.6232572071381015,0.12762340087548354,0.2120673433348608,0.2360788660035974,0.6500795909515988,0.20378068089485168,0.6453276348584905,0.18588585993950457,3277.462935850881,4335.937269696568,2964.712829258164,3678.526196074294,2432.8714643356193,2493.7864076091482,2237.812622718055,2381.7549057248757,2728.21496304068,3222.501194776222,0.6819714239845882,0.6875715922107675,6229.0,0.5851661582918607,0.09680526569272752,nllpch_sample_event_ranking,2.369112968444824,814.0,868.0,906.0,948.0,0.2152902439017506,0.5886330952980054,0.5890160799026489,0.6000868678092957,0.598212718963623,0.5965672731399536,0.5969460010528564,0.5973411798477173,0.5964614152908325,0.5957187414169312,0.5995122790336609,0.5449514985084534,1508.0,0.6015788427616259,0.6036095023155212,0.6111167073249817,0.6127042174339294,0.6138492226600647,0.6139148473739624,0.6113449335098267,0.6061690449714661,0.6081947684288025,0.5872661471366882,0.5810942053794861,1508.0,0.6128571952356554,0.6111816763877869,0.6121518015861511,0.6150667071342468,0.6151115894317627,0.6142809987068176,0.6134307980537415,0.6131346225738525,0.6112270951271057,0.6153749823570251,0.609539806842804,1508.0,0.5924622370497881,0.6052470803260803,0.6032494306564331,0.6037940979003906,0.5994158983230591,0.6003429293632507,0.6000988483428955,0.6025729179382324,0.6019219160079956,0.5938036441802979,0.5644956231117249,1508.0,0.5988828425862687,12.0329,125.323,0.249,nllpch_sample_event_ranking,L_PCH + L_rank + L_mul (paper)
sim_order_spread0p5__coxph__s0,02_synthetic_scenarios,sim_order_spread0p5,0,order_spread,0.5,,coxph,0.7013027362656841,0.6694496180300225,0.6538374346010063,0.13065023992037986,0.20204063157413546,0.21306169422490812,0.674863262965571,0.18191752190647448,0.6778156901268533,0.6737939576058332,0.6561235944055744,0.13415113149839059,0.20113826266549648,0.22235994461870423,0.669244414046087,0.18588311292753043,0.6840898784990848,0.6853503285856156,0.6716609882262538,0.12026522145260461,0.1897582883109817,0.21330249235555415,0.6803670651036514,0.17444200070638016,0.6972268673781239,0.6750528093413117,0.6576216777646796,0.10328712672232426,0.18460902365360657,0.2175369890692276,0.6766337848280384,0.16847771314838614,0.6752771317358369,0.1776800871721928,194.79744058170755,257.12038283354724,214.08536461262983,263.4475192056222,223.24526764792276,259.07721368158815,265.2928491782399,288.7820369174516,224.355230505125,267.10678815955225,0.7075018208302987,0.7105740181268881,6865.0,0.6855061908230153,0.02199563000728333,,,,,,,,,,,,,,,,,,,,,,,,,,,,,,,,,,,,,,,,,,,,,,,,,,,,,,,,,,,,,Cox PH (cause-specific)
sim_order_spread0p5__coxph__s1,02_synthetic_scenarios,sim_order_spread0p5,1,order_spread,0.5,,coxph,0.6669716220271683,0.6464309605667246,0.6411648961879306,0.14705958504325836,0.21523603399400268,0.21665144864486982,0.6515224929272745,0.19298235589404364,0.6821087834298611,0.6766105231071803,0.6620883710941706,0.12828400474089344,0.19641652144633215,0.2080175270252285,0.673602559210404,0.17757268440415133,0.7060988347274421,0.6914541829231378,0.6759117108169287,0.11529978232325361,0.1840017171235361,0.20748266157138698,0.6911549094891695,0.16892805367272556,0.7173648687344838,0.6681290709039671,0.6659625429522463,0.096649089442174,0.1898997275518175,0.20945606714405215,0.6838188275302324,0.1653349613793479,0.6750246972892701,0.1762045138375671,206.2432969064539,260.3629830979703,215.0585271355172,258.9593284698494,219.68633760074962,258.1216253835877,269.1230492513101,293.11357554854237,227.5278027235077,267.63937812498745,0.7090206568583742,0.7156954156954157,6729.0,0.6870263040570664,0.021994352801307793,,,,,,,,,,,,,,,,,,,,,,,,,,,,,,,,,,,,,,,,,,,,,,,,,,,,,,,,,,,,,Cox PH (cause-specific)
sim_order_spread0p5__coxph__s2,02_synthetic_scenarios,sim_order_spread0p5,2,order_spread,0.5,,coxph,0.6741222847111876,0.6575810424377908,0.6385526545053994,0.13056990044336406,0.20842179524157847,0.21900331076517462,0.6567519938847927,0.18599833548337238,0.6789386329655648,0.6670571088426971,0.6589421188552073,0.12794986733651523,0.19831276094639752,0.21142155861815992,0.6683126202211563,0.17922806230035757,0.7125970644655722,0.6944883440521084,0.6783279074630706,0.10748881849173446,0.1878724322890208,0.20982014712352717,0.6951377719935836,0.16839379930142748,0.7190552207356655,0.6815727874668742,0.6604301672861838,0.09969873373883295,0.1835354369335087,0.21453793051656786,0.6870193918295745,0.16592403372963652,0.6768054444822768,0.17488605770369847,204.0546562853274,266.34136278270944,221.31777645797865,264.2688061548727,218.99021721241567,249.39772083337283,258.4217711993991,290.18008218750145,225.6961052887802,267.5469929896141,0.7086556707050066,0.712964366944655,6851.0,0.6850094876660342,0.023646183038972368,,,,,,,,,,,,,,,,,,,,,,,,,,,,,,,,,,,,,,,,,,,,,,,,,,,,,,,,,,,,,Cox PH (cause-specific)
sim_order_spread0p5__oracle__s0,02_synthetic_scenarios,sim_order_spread0p5,0,order_spread,0.5,,oracle,0.7503137505337553,0.7275428803087309,0.7231882310375032,0.11697998291007627,0.17701387528738396,0.17666532742817306,0.7336816206266632,0.15688639520854444,0.7374797078469904,0.7428862446346847,0.7343319839433222,0.12268183871051071,0.17137851394220216,0.17493904792613527,0.7382326454749991,0.15633313352628272,0.7318013519160238,0.726558580892505,0.7146567207392481,0.11278286623443429,0.17167132554773457,0.19135487128209253,0.7243388845159257,0.15860302102142046,0.7721173742453875,0.7381204030038625,0.723750891339866,0.09111228590179611,0.16065790297772356,0.18841463137273795,0.7446628895297053,0.1467282734174192,0.7352290100368234,0.1546377057934167,158.47181788549878,206.44516779917953,170.12290365931227,213.12626002481178,196.48180169933036,232.5157622186392,233.43103586563586,251.41323606245103,189.62688977744432,225.87510652627037,0.7475600873998544,0.7564702920443102,6865.0,0.6855061908230153,0.06205389657683902,,,,,,,,,,,,,,,,,,,,,,,,,,,,,,,,,,,,,,,,,,,,,,,,,,,,,,,,,,,,,Oracle (true CIF)
sim_order_spread0p5__oracle__s1,02_synthetic_scenarios,sim_order_spread0p5,1,order_spread,0.5,,oracle,0.7310426926844655,0.7144166377860132,0.7116315557508903,0.13278377994498533,0.19043440469604653,0.18119112711124524,0.7190302954071229,0.16813643725075902,0.7312454553760839,0.7333650965327329,0.7248962953573596,0.11910256921617834,0.17060484375940335,0.175622590266505,0.7298356157553921,0.15511000108069556,0.7421106070824931,0.7429409722180569,0.7293708394402468,0.1097531370866105,0.1631072567996145,0.1805766002020759,0.7381408062469323,0.15114566469610027,0.7605230631003027,0.723930900452689,0.7206790423760367,0.0860267802513141,0.16956469282310416,0.18611377251657135,0.7350443353096763,0.14723508186366321,0.730512763179781,0.1554067962228045,168.45584556851787,212.83793027728063,171.08021177975087,211.09455525276843,197.23735402313784,228.885147901384,245.81986574156622,263.8138213663007,195.6483192782432,229.15786369943345,0.7437955119631446,0.7538979538979539,6729.0,0.6870263040570664,0.0567692079060782,,,,,,,,,,,,,,,,,,,,,,,,,,,,,,,,,,,,,,,,,,,,,,,,,,,,,,,,,,,,,Oracle (true CIF)
sim_order_spread0p5__oracle__s2,02_synthetic_scenarios,sim_order_spread0p5,2,order_spread,0.5,,oracle,0.7290952127463401,0.7275777045444386,0.7183239537574354,0.1192478137946117,0.18228337754711166,0.18200938990377472,0.7249989570160714,0.16118019374849935,0.7547712749025721,0.7441704001543932,0.7376921330550622,0.11465479347410366,0.1702157008926924,0.1722611372653983,0.7455446027040091,0.1523772105440648,0.7489451258241483,0.747332227202823,0.7332840091765312,0.10166218904687048,0.16531998752346946,0.17674240907720898,0.7431871207345009,0.14790819521584964,0.7551250659017372,0.724485691318172,0.7143505143261212,0.08892767633616715,0.1638277973467082,0.19107474908104363,0.7313204238486768,0.14794340758797297,0.7362627760758146,0.1523522517740967,171.84782855435415,216.4884600867343,172.64406621531924,210.90463784027312,187.20335787039429,217.98027840130948,234.34635689072223,257.91180906705074,191.51040238269746,225.8212963488419,0.7486498321412932,0.7567096285064443,6851.0,0.6850094876660342,0.06364034447525901,,,,,,,,,,,,,,,,,,,,,,,,,,,,,,,,,,,,,,,,,,,,,,,,,,,,,,,,,,,,,Oracle (true CIF)
sim_order_spread0p5__ours_nllpch__s0,02_synthetic_scenarios,sim_order_spread0p5,0,order_spread,0.5,,ours,0.7366848277645729,0.711665331279652,0.7043799067477421,0.12431878631624109,0.1867067080076002,0.19140644147028227,0.7175766885973224,0.15987728536128998,0.7353414706189815,0.726743542875339,0.7159711295804844,0.12490354415845768,0.18003964076065215,0.18722265880691935,0.7260187143582683,0.16404372453689575,0.7015052649385142,0.7029111877765638,0.6916635321249479,0.11685361942347627,0.18389953782277488,0.2045960560920329,0.6986933282800086,0.16593575477600098,0.7337693078449966,0.7154166133307884,0.7079869239738553,0.09887477823484749,0.17572069150870426,0.19804419507132426,0.7190576150498801,0.14386290311813354,0.7153365865713699,0.1643822214727761,153.83053473845365,212.77688365016664,187.73613316212942,227.99356247486193,203.8024622644972,243.7325434829177,221.65043319955356,257.2613986409338,191.75489084115844,235.44109706222002,0.7341587764020393,0.7430513595166163,6865.0,0.6855061908230153,0.048652585579023966,nllpch,3.7820420265197754,1056.0,970.0,868.0,725.0,0.15923892402556694,0.6997787482163796,0.6962360739707947,0.7006471157073975,0.7020074129104614,0.7002214789390564,0.7005422115325928,0.7003182172775269,0.7009941935539246,0.70052570104599,0.7002715468406677,0.6957354545593262,1503.0,0.7048344598170452,0.7045637965202332,0.708013117313385,0.7087510228157043,0.7085989713668823,0.7071439623832703,0.7080087065696716,0.7074730396270752,0.7053238749504089,0.7043172717094421,0.6955855488777161,1503.0,0.6806398335618282,0.6694064140319824,0.678489625453949,0.6800393462181091,0.6795709729194641,0.68072110414505,0.6804254651069641,0.681767463684082,0.6816607713699341,0.6827585697174072,0.678287148475647,1503.0,0.698309253674058,0.6813968420028687,0.6842997670173645,0.6862472891807556,0.6955714225769043,0.695482611656189,0.6977601647377014,0.7004560232162476,0.7020536661148071,0.7006054520606995,0.6960059404373169,1503.0,0.6958905738173278,13.5842,110.643,0.221,nllpch,L_PCH
sim_order_spread0p5__ours_nllpch__s1,02_synthetic_scenarios,sim_order_spread0p5,1,order_spread,0.5,,ours,0.6971783235157223,0.6837612212103438,0.6826233256198817,0.14026379733342925,0.20469003704846153,0.19730777565507712,0.687854290115316,0.16815204918384552,0.7295968758481428,0.7175894209300038,0.7137397737503327,0.12002533045601359,0.1809227562152556,0.18330632775655817,0.7203086901761598,0.16025446355342865,0.7252879005380153,0.7131251065743963,0.6951287815027559,0.11277004790696975,0.17594718361944747,0.20126298506358176,0.7111805962050558,0.1648882031440735,0.7508116263840366,0.6998868418864561,0.6952397165156012,0.09146134787197278,0.18512328633996022,0.20647193779775955,0.7153127282620314,0.1497354358434677,0.7086640761896408,0.16662940108870725,196.63516186314513,235.39612828712757,201.1254830432301,229.44885613295483,227.0370396846233,253.73344593376842,289.7052638340975,292.42959975966187,228.62573710627402,252.75200752837816,0.7278941893297667,0.7375550375550376,6729.0,0.6870263040570664,0.040867885272700244,nllpch,3.7957985401153564,1062.0,956.0,818.0,697.0,0.16162606633033424,0.6822142131957226,0.6839185953140259,0.6828218102455139,0.681958019733429,0.6817150712013245,0.6837989687919617,0.6842647790908813,0.6841701865196228,0.6825302243232727,0.6796820163726807,0.6797923445701599,1475.0,0.7115828898144971,0.7079165577888489,0.7097803354263306,0.7095130085945129,0.7101339101791382,0.7111514806747437,0.7118825912475586,0.7123861908912659,0.7128048539161682,0.7124924659729004,0.7111863493919373,1475.0,0.6863943496293379,0.6722180247306824,0.677783191204071,0.6869962811470032,0.6877564787864685,0.6851869225502014,0.6872795820236206,0.6868603825569153,0.6888089776039124,0.6872183680534363,0.6845523118972778,1475.0,0.6798000384897944,0.6510208249092102,0.6684932112693787,0.673306941986084,0.6772848963737488,0.6786574125289917,0.6773494482040405,0.6764827370643616,0.6793311834335327,0.6812781095504761,0.6834426522254944,1475.0,0.689997872782338,14.0767,104.783,0.213,nllpch,L_PCH
sim_order_spread0p5__ours_nllpch__s2,02_synthetic_scenarios,sim_order_spread0p5,2,order_spread,0.5,,ours,0.705871421703792,0.7151289725940754,0.7048707563993698,0.12264923153885604,0.18849335321781446,0.19086025457879313,0.7086237168990791,0.16450339555740356,0.7295871404078964,0.7210390283374485,0.7135316589419572,0.11932782330015129,0.1826457130884,0.18739038222160637,0.721385942562434,0.16251789033412933,0.7275607988128909,0.7149901252393246,0.7056644093504579,0.10529122783640904,0.18090302344396111,0.19443599964743757,0.7160717778008912,0.1607542634010315,0.7445601299467697,0.701416176190256,0.6878548452984268,0.0916820464817508,0.17823197206160446,0.2046338842580184,0.7112770504784841,0.14818936586380005,0.714339621935222,0.16221207597290022,177.9325468088969,227.07776128740377,196.45308491920306,230.4975144114519,217.2222821264586,240.8851605934071,256.9463098509872,277.67488426979065,212.13855592638643,244.03383014051337,0.7279229309589841,0.7368460955269144,6851.0,0.6850094876660342,0.04291344329294988,nllpch,3.7784767150878906,1071.0,967.0,864.0,711.0,0.15986500395868677,0.697238919110194,0.6827094554901123,0.6937568783760071,0.6982061862945557,0.6984791159629822,0.6983591318130493,0.698595404624939,0.6982227563858032,0.6989098191261292,0.6991046071052551,0.6943132281303406,1508.0,0.7067232254853097,0.701184093952179,0.705051839351654,0.7032108306884766,0.7052854895591736,0.707770824432373,0.7074270248413086,0.7079042792320251,0.7089217901229858,0.7059757709503174,0.7062098979949951,1508.0,0.6989735928191119,0.6881767511367798,0.698769211769104,0.6971333622932434,0.6949219107627869,0.697780191898346,0.6981779932975769,0.7007989883422852,0.702264130115509,0.7010772228240967,0.6959208250045776,1508.0,0.6841096932315791,0.6567173600196838,0.6783641576766968,0.6772729158401489,0.6862099170684814,0.6899386048316956,0.6874542236328125,0.6869384050369263,0.687623143196106,0.6853400468826294,0.6775250434875488,1508.0,0.6967613576615487,12.6637,119.081,0.237,nllpch,L_PCH
sim_order_spread0p5__ours_nllpch_event_ranking__s0,02_synthetic_scenarios,sim_order_spread0p5,0,order_spread,0.5,,ours,0.7324932725866432,0.707255547159381,0.6997898196005894,0.12515220446460476,0.19500302606224798,0.20174068268282194,0.7131795464488713,0.1697859913110733,0.7270194932033344,0.7209254088762734,0.7051996864193361,0.12664987391133214,0.18380742397554234,0.1939098081483567,0.7177148628329814,0.1692858785390854,0.6811474425929356,0.678242553507555,0.6720035207892767,0.12340483202049596,0.1917382391783372,0.2110269660242506,0.6771311722965891,0.1731041520833969,0.7164662733307497,0.6864755418993225,0.6814037507979382,0.11038517707434312,0.18890943085173326,0.2152924771359093,0.69478185534267,0.1567341685295105,0.700701859230278,0.17225167846083125,211.74825952564524,250.26902837268997,194.46423925540142,238.1320546446469,210.9620129005182,251.57724203408722,224.06365283100473,269.11716007205104,210.30954112814237,252.27387128086878,0.7169701383831026,0.7240433031218528,6865.0,0.6855061908230153,0.0314639475600873,nllpch_event_ranking,2.083299160003662,1056.0,970.0,868.0,725.0,0.16783309897753243,0.6954861349493056,0.6861752867698669,0.6980617642402649,0.6953074336051941,0.6907928586006165,0.6948516964912415,0.6961948275566101,0.69806307554245,0.6994305849075317,0.6976267099380493,0.6916370987892151,1503.0,0.6969220003394581,0.7066645622253418,0.7053547501564026,0.7047824263572693,0.7031928300857544,0.7033767700195312,0.699336051940918,0.6957153081893921,0.6961215734481812,0.6918259859085083,0.6893525123596191,1503.0,0.6614654275739962,0.6276401877403259,0.6563278436660767,0.6602562665939331,0.6545708775520325,0.6574503183364868,0.656332790851593,0.659859299659729,0.661541223526001,0.672012209892273,0.6606988906860352,1503.0,0.673749451905292,0.6234222054481506,0.6419610977172852,0.6625216603279114,0.6697850227355957,0.6724580526351929,0.6773873567581177,0.6784496307373047,0.6738784909248352,0.6784753203392029,0.6699199676513672,1503.0,0.681905753692013,13.9985,107.368,0.214,nllpch_event_ranking,L_PCH + L_mul
sim_order_spread0p5__ours_nllpch_event_ranking__s1,02_synthetic_scenarios,sim_order_spread0p5,1,order_spread,0.5,,ours,0.7007355532069025,0.686104091993831,0.682573034690089,0.14308875542288826,0.21079236192601575,0.20719658283568568,0.6898042266302742,0.17427228391170502,0.7300673438789014,0.712446883603983,0.7000770120936944,0.11948593531122936,0.18344368927982788,0.1905019232529869,0.7141970798588596,0.16490240395069122,0.7123535578113102,0.7047876471066544,0.6843493942010902,0.11571684639867669,0.18255071634029774,0.21109552440488003,0.7004968663730183,0.1721092164516449,0.7274565032972574,0.6949151589543839,0.6936370288176806,0.1064241158006382,0.19041550917985486,0.2171570118654213,0.7053362303564407,0.15698543190956116,0.7024586008046482,0.17315574766820022,209.38103142883384,249.71529345465171,189.79074702567388,233.47127838747525,200.22819823703787,251.1610850711873,212.51406576436906,268.06886569754596,202.97851061397867,250.60413065271507,0.7258136424431565,0.7358456358456358,6729.0,0.6870263040570664,0.03878733838609005,nllpch_event_ranking,2.0784521102905273,1062.0,956.0,818.0,697.0,0.1678256577383247,0.6777774002516767,0.6764936447143555,0.6800031661987305,0.6806504726409912,0.6787031888961792,0.679528534412384,0.6816273331642151,0.6807957291603088,0.681412398815155,0.6706346273422241,0.671940803527832,1475.0,0.6959752040475432,0.7037246227264404,0.701214611530304,0.7008646726608276,0.7023659348487854,0.7005526423454285,0.700650691986084,0.6968870759010315,0.6965572237968445,0.6951548457145691,0.6834511756896973,1475.0,0.6723692693083654,0.6601554751396179,0.6566693782806396,0.6598847508430481,0.6560572385787964,0.6658145189285278,0.668071448802948,0.6747395992279053,0.6751506328582764,0.6811819672584534,0.6748122572898865,1475.0,0.6839206915858986,0.6483787298202515,0.6643281579017639,0.6670114398002625,0.666205644607544,0.6747242212295532,0.682919979095459,0.6834247708320618,0.683547854423523,0.688073456287384,0.6886754035949707,1475.0,0.6825106412983709,12.0631,122.273,0.249,nllpch_event_ranking,L_PCH + L_mul
sim_order_spread0p5__ours_nllpch_event_ranking__s2,02_synthetic_scenarios,sim_order_spread0p5,2,order_spread,0.5,,ours,0.7125445737885093,0.7032003150921722,0.6895712287314691,0.12852118771681845,0.21882678469760175,0.22292526617523054,0.7017720392040503,0.19005277752876282,0.7237404796347978,0.7203288914588631,0.7043347192262052,0.12289446183732873,0.18824689122797855,0.20033037834899806,0.7161346967732887,0.17224396765232086,0.7049979726131356,0.6851119432814688,0.6763021490041466,0.10912153857497556,0.19058575400781916,0.20835810918141523,0.688804021632917,0.1700306087732315,0.7319171303831771,0.6948103350253472,0.6840699813000816,0.10476543070092306,0.1896702961949932,0.20891322742291782,0.7035991489028687,0.15747961401939392,0.7025774766282812,0.17442994384058336,256.9977473999904,280.79799630646323,227.11299437127778,255.51475513511755,217.2855628374408,249.2654782432346,220.44524814272884,271.57751947068203,230.46038818785945,264.28893728887437,0.7280688950518173,0.7352287086176396,6851.0,0.6850094876660342,0.043059407385783066,nllpch_event_ranking,2.070570468902588,1071.0,967.0,864.0,711.0,0.17408826266287306,0.6824857209265548,0.682225227355957,0.6845703125,0.6834033131599426,0.6806014776229858,0.6804550290107727,0.6825340986251831,0.6812759637832642,0.6822128295898438,0.6828343272209167,0.684775173664093,1508.0,0.6961902730351203,0.7020466923713684,0.6997954249382019,0.6972299814224243,0.7010935544967651,0.7016015648841858,0.6992411017417908,0.694736659526825,0.6950178146362305,0.6940018534660339,0.6913106441497803,1508.0,0.6712822400000262,0.6426849365234375,0.6650720238685608,0.6643837690353394,0.6572417616844177,0.6669082641601562,0.6677199006080627,0.6706494688987732,0.6705922484397888,0.6810811758041382,0.6728261113166809,1508.0,0.6748233569873756,0.6538828611373901,0.676815927028656,0.6665678024291992,0.6576694250106812,0.6691040396690369,0.6713413000106812,0.674843966960907,0.6756744384765625,0.6807016730308533,0.6760429739952087,1508.0,0.6811953977372692,11.8006,127.79,0.254,nllpch_event_ranking,L_PCH + L_mul
sim_order_spread0p5__ours_nllpch_sample_event_ranking__s0,02_synthetic_scenarios,sim_order_spread0p5,0,order_spread,0.5,,ours,0.7364059546707612,0.7090631202673914,0.7023228162446253,0.1334061245539761,0.2137641586619289,0.22152408932001824,0.7159306303942593,0.18534693121910095,0.7285017918749394,0.721617692804939,0.7114726427093679,0.1345185137611606,0.20786738207885302,0.22307495670422925,0.7205307091297488,0.19031274318695068,0.6964084046756086,0.6954690292759433,0.6870608708294826,0.12125054424031627,0.19946390714357048,0.22398642861316695,0.6929794349270115,0.18131335079669952,0.7301586828929514,0.700236440493371,0.6816401967417972,0.11071807352384262,0.20446178714903435,0.2399727375319129,0.7040117733760399,0.1684364229440689,0.7083631369567649,0.1861673919401675,197.72412187733855,260.0463224191145,218.8001146792249,268.6770013672807,213.43407096255058,263.2872543916196,232.05563186770473,291.58669192939783,215.50348484670468,270.89931752685317,0.7075018208302987,0.7112286002014099,6865.0,0.6855061908230153,0.02199563000728333,nllpch_sample_event_ranking,2.3403873443603516,1056.0,970.0,868.0,725.0,0.18232277297173194,0.6954297666281952,0.6949707865715027,0.6994821429252625,0.7005957365036011,0.697009265422821,0.697067379951477,0.6975072622299194,0.6946871876716614,0.6971538662910461,0.6923182010650635,0.6897907853126526,1503.0,0.6988213456041428,0.7017219066619873,0.7049649357795715,0.7054355144500732,0.6978185772895813,0.6993469595909119,0.7043198943138123,0.7028021216392517,0.6990666389465332,0.6964133381843567,0.6902954578399658,1503.0,0.675555379700404,0.6628701686859131,0.6694607734680176,0.6733901500701904,0.6697938442230225,0.6753225922584534,0.6721462607383728,0.675037145614624,0.6747919321060181,0.680105984210968,0.6771063804626465,1503.0,0.6767356533236928,0.6258954405784607,0.6767590641975403,0.6809523105621338,0.6759190559387207,0.6767531037330627,0.6717785596847534,0.6803714036941528,0.6856443881988525,0.6771700978279114,0.671157717704773,1503.0,0.6866355363141087,13.7423,109.371,0.218,nllpch_sample_event_ranking,L_PCH + L_rank + L_mul (paper)
sim_order_spread0p5__ours_nllpch_sample_event_ranking__s1,02_synthetic_scenarios,sim_order_spread0p5,1,order_spread,0.5,,ours,0.7113797737434767,0.6934910887822189,0.6883901240191646,0.15240083325971376,0.22963812994764762,0.23084204564639224,0.6977536621816199,0.19082151353359222,0.7384161946501194,0.7176451080274302,0.7100214895098583,0.12520813262547842,0.1995212966999156,0.21350275608993494,0.7220275973958027,0.1816471964120865,0.7268037791559461,0.7116960278659512,0.6901166531381002,0.11971264656811686,0.1963564554514314,0.22379893126384867,0.7095388200533325,0.1837313324213028,0.7579460753681303,0.7038520554960026,0.7040375801089774,0.1065490411447283,0.20218881185271834,0.23473723440432173,0.7219452369910367,0.16662390530109406,0.712816329155448,0.186204692912854,231.54831274043974,273.7187902244083,206.25964541231363,255.01482354159805,206.93267352272107,265.2497690172099,222.79758748943817,288.87155100245224,216.88455479122814,270.7137334464171,0.7195720017833259,0.7292929292929293,6729.0,0.6870263040570664,0.03254569772625948,nllpch_sample_event_ranking,2.3296267986297607,1062.0,956.0,818.0,697.0,0.1819236510212618,0.6852820190714923,0.6848835349082947,0.6858760714530945,0.6861953735351562,0.684088945388794,0.6868267059326172,0.6872908473014832,0.6883993744850159,0.688920795917511,0.6838610768318176,0.6782530546188354,1475.0,0.7080187989696424,0.7098960280418396,0.7115228176116943,0.7115474343299866,0.7072840332984924,0.7074503302574158,0.706585705280304,0.7083876729011536,0.7099764347076416,0.7086794376373291,0.7049592137336731,1475.0,0.6805888758190775,0.6648688316345215,0.6832895874977112,0.6847885847091675,0.6788740754127502,0.6764215230941772,0.6806784868240356,0.6763893365859985,0.6826348900794983,0.6886562705039978,0.6760337352752686,1475.0,0.6942097257941571,0.6644395589828491,0.6807375550270081,0.6916587352752686,0.6889505386352539,0.6930053234100342,0.6928043961524963,0.6931416392326355,0.6942489147186279,0.6951587796211243,0.6966713666915894,1475.0,0.6920248549135922,14.2355,103.614,0.211,nllpch_sample_event_ranking,L_PCH + L_rank + L_mul (paper)
sim_order_spread0p5__ours_nllpch_sample_event_ranking__s2,02_synthetic_scenarios,sim_order_spread0p5,2,order_spread,0.5,,ours,0.6983624444226595,0.6983568022600753,0.6894079172592932,0.13207630140056528,0.2215087521070158,0.2229786485330772,0.6953757213140093,0.186698317527771,0.7325250572091725,0.7252765692732913,0.713628384861295,0.12816839555783283,0.20191315569255638,0.21696848136794802,0.7238100037812529,0.18437889218330383,0.7246517137866231,0.7110674317423233,0.6938000710342455,0.11109954758103986,0.19727749640525105,0.2190403223934692,0.7098397388543973,0.1778855174779892,0.7373975758594148,0.6995288911509694,0.6869073388752817,0.10610162511975157,0.20093116137985514,0.22962089846683711,0.7079446019618887,0.1683102250099182,0.709242516477887,0.18230706550043327,214.71925469599088,267.2601650849547,225.1664777467297,264.0703895582087,214.10659419863703,257.6399868777787,214.15647532403818,286.53074775582445,217.03720049134895,268.87532231919164,0.7220843672456576,0.7284306292645943,6851.0,0.6850094876660342,0.03707487957962341,nllpch_sample_event_ranking,2.3397815227508545,1071.0,967.0,864.0,711.0,0.18035149291351565,0.6830179396082029,0.6691551208496094,0.6779726147651672,0.6842727661132812,0.6842919588088989,0.6847327351570129,0.6841691732406616,0.6838420033454895,0.6839615702629089,0.6838837265968323,0.681847870349884,1508.0,0.7044942002835627,0.7024312019348145,0.709587574005127,0.7068848609924316,0.7068591117858887,0.7083889245986938,0.7050866484642029,0.7037511467933655,0.704121470451355,0.7011463046073914,0.7030720114707947,1508.0,0.6893881236845577,0.6741200089454651,0.6976765990257263,0.6941924095153809,0.6856853365898132,0.6953533291816711,0.6872503161430359,0.6959884762763977,0.6858139038085938,0.6910070776939392,0.6850982308387756,1508.0,0.682151345307555,0.6646728515625,0.6754878759384155,0.6694081425666809,0.6652143001556396,0.684414267539978,0.6809329390525818,0.6837034821510315,0.6848746538162231,0.6837658882141113,0.6828681826591492,1508.0,0.6897629022209695,11.9287,126.418,0.251,nllpch_sample_event_ranking,L_PCH + L_rank + L_mul (paper)
sim_order_spread1p0__coxph__s0,02_synthetic_scenarios,sim_order_spread1p0,0,order_spread,1.0,,coxph,0.6890701560886717,0.6645610483689921,0.6520591836254228,0.13987484347851115,0.2118843623302323,0.20484724198280777,0.6685634626943622,0.18553548259718375,0.6717199304635955,0.6698480735347949,0.6510550258540068,0.14027454055031185,0.2046327933146334,0.2210704294726921,0.6642076766174657,0.18865925444587914,0.6833114935378581,0.6871562135801357,0.6704277953284252,0.11599972959010918,0.1863154722986831,0.2130596440896652,0.680298500815473,0.1717916153261525,0.7033046361443124,0.6843007271402732,0.6681529981140987,0.08446687107166827,0.15929370733134718,0.21321498382189674,0.6852527871328947,0.15232518740830406,0.6745806068150489,0.17457788494437987,161.60025918984627,209.50582985429665,212.87032491682135,253.89115988791056,272.09550340021696,310.2753798880217,390.52921330286233,433.58989372876994,259.2738252024367,301.8155658397497,0.7815485526878654,0.7848372781065088,7013.0,0.7779837444745473,0.0035648082133180603,,,,,,,,,,,,,,,,,,,,,,,,,,,,,,,,,,,,,,,,,,,,,,,,,,,,,,,,,,,,,Cox PH (cause-specific)
sim_order_spread1p0__coxph__s1,02_synthetic_scenarios,sim_order_spread1p0,1,order_spread,1.0,,coxph,0.66383989188314,0.6411563073011777,0.6387388721639187,0.15526328960081645,0.22259033873817938,0.2021026807944831,0.6479116904494121,0.19331876971115966,0.6822284405759506,0.6753232062990547,0.6616814678488363,0.1352320222020717,0.20044778064982818,0.20544239241130466,0.6730777049079473,0.18037406508773488,0.7052649611214924,0.6948823334343154,0.6759939475425792,0.11354968563611736,0.17934788523857256,0.21063751695404453,0.6920470806994623,0.1678450292762448,0.7135445352411534,0.6765008831085607,0.6617338597067445,0.08045907464760313,0.1673231061151572,0.21199310034138158,0.6839264260188195,0.15325842703471396,0.6742407255189102,0.17369907277746333,171.85629958428305,216.60146258619574,207.78005020370176,251.50326480986945,271.6733144558319,306.80592947780985,411.37662136081474,445.4213015247459,265.67157140115785,305.0829895996552,0.787342139642909,0.792564682240643,6889.0,0.7826970532733343,0.004645086369574725,,,,,,,,,,,,,,,,,,,,,,,,,,,,,,,,,,,,,,,,,,,,,,,,,,,,,,,,,,,,,Cox PH (cause-specific)
sim_order_spread1p0__coxph__s2,02_synthetic_scenarios,sim_order_spread1p0,2,order_spread,1.0,,coxph,0.6695188720311089,0.6511084985364112,0.6392253346645035,0.14338737330796744,0.21713532403892544,0.20565277859217101,0.6532842350773412,0.18872515864635464,0.6724680179433709,0.6635119732274625,0.6535538340234459,0.13497072851469002,0.2038357959015371,0.21146030537648108,0.6631779417314264,0.1834222765975694,0.7076220052488169,0.7021599200154068,0.6794149210227827,0.10190034206508838,0.18288817340772043,0.21354675545465526,0.6963989487623353,0.16611175697582137,0.7129663370562532,0.7014312655057813,0.669270440745115,0.09041449621003356,0.15978420875088814,0.20912174663700037,0.6945560144357166,0.15310681719930733,0.6768542850017049,0.17284150235476317,174.54382269989432,218.49343633422765,218.22469733278464,258.010641962566,266.4951141550627,298.2263004262318,395.2028015732982,438.12931108068534,263.61660894026,303.2149224509277,0.7816419612314709,0.7860270602706027,7016.0,0.7790763968072976,0.0025655644241733278,,,,,,,,,,,,,,,,,,,,,,,,,,,,,,,,,,,,,,,,,,,,,,,,,,,,,,,,,,,,,Cox PH (cause-specific)
sim_order_spread1p0__oracle__s0,02_synthetic_scenarios,sim_order_spread1p0,0,order_spread,1.0,,oracle,0.7475672070316169,0.7256265827870121,0.7230718641470564,0.12578366212217706,0.18525527627796304,0.16750632248459763,0.7320885513218952,0.15951508696157923,0.7390456831070863,0.7437631946640934,0.7344179276077021,0.12875270668914446,0.1731204268187448,0.17122541924847118,0.7390756017929606,0.15769951758545347,0.7329244725923619,0.728714828013703,0.7173922692293655,0.1095980141658089,0.17036985871226837,0.1888700293764828,0.7263438566118102,0.15627930075152005,0.7766207556245914,0.7390497072119389,0.7298995994777633,0.07700785393506475,0.1434021425922012,0.18804789742495617,0.7485233541047646,0.13615263131740737,0.7365078409578577,0.15241163415399003,126.64936528052995,161.8273544499178,163.8066501670195,200.8768394590748,239.72071324077018,277.4231934554493,346.35311313666654,384.0870113123793,219.13246045624652,256.05359966920525,0.8027948096392414,0.808111439842209,7013.0,0.7779837444745473,0.024811065164694113,,,,,,,,,,,,,,,,,,,,,,,,,,,,,,,,,,,,,,,,,,,,,,,,,,,,,,,,,,,,,Oracle (true CIF)
sim_order_spread1p0__oracle__s1,02_synthetic_scenarios,sim_order_spread1p0,1,order_spread,1.0,,oracle,0.7315003538354239,0.7138356238714282,0.7137231789563764,0.14152988370486608,0.19510877933619017,0.16709001933606718,0.7196863855544094,0.16790956079237448,0.7305526310748678,0.7303775385951753,0.7230268348327566,0.1270495776737956,0.1770235252298631,0.17040121152244875,0.7279856681675999,0.1581581048087025,0.7416793548599595,0.7443923725351005,0.7318278827414582,0.10978568977352268,0.16294397189588655,0.18137639853567458,0.7392998700455061,0.15136868673502793,0.7700878837873728,0.7230754728866329,0.7180133205244174,0.07287604210207804,0.15448229246088985,0.19010101066826804,0.7370588923994744,0.13915311507707864,0.7310077040417475,0.1541473668532959,134.17894493933295,169.28914331029307,164.50363688061813,201.86537218957977,240.55118716478577,270.2042792943363,372.50814196462323,405.2760942813298,227.93547773734002,261.65872226888473,0.8027289882421251,0.808942476764632,6889.0,0.7826970532733343,0.020031934968790854,,,,,,,,,,,,,,,,,,,,,,,,,,,,,,,,,,,,,,,,,,,,,,,,,,,,,,,,,,,,,Oracle (true CIF)
sim_order_spread1p0__oracle__s2,02_synthetic_scenarios,sim_order_spread1p0,2,order_spread,1.0,,oracle,0.7308209835672932,0.725693924139054,0.717884267132545,0.1321658623736774,0.18754680488332964,0.17102265636398817,0.7247997249462975,0.1635784412069984,0.7534539421257216,0.7417894223203342,0.737230773339063,0.12118075184096919,0.17582569095620337,0.16718977817631359,0.7441580459283729,0.15473207365782873,0.7453290498349847,0.7522785068045506,0.7364326632650877,0.09737110847223532,0.1628040569616717,0.1792290185049222,0.744680073301541,0.14646806131294307,0.7506141508054163,0.7433097888416056,0.7159087424818739,0.083413914584745,0.1435532781566828,0.18971572667158929,0.7366108940429652,0.13889430647100567,0.7375621845547942,0.15091822066219396,142.9640770135837,172.9694043898316,165.28615620198119,201.34810426967152,226.8700680794693,259.13698850805247,362.86447763662864,396.37017127018487,224.4961947329157,257.4561671094351,0.8045895096921323,0.8107749077490775,7016.0,0.7790763968072976,0.02551311288483471,,,,,,,,,,,,,,,,,,,,,,,,,,,,,,,,,,,,,,,,,,,,,,,,,,,,,,,,,,,,,Oracle (true CIF)
sim_order_spread1p0__ours_nllpch__s0,02_synthetic_scenarios,sim_order_spread1p0,0,order_spread,1.0,,ours,0.731528973151517,0.7057926480237106,0.7020101835820849,0.12990351272596304,0.1960454253390751,0.18123768791716163,0.7131106015857709,0.13470806181430817,0.7259515665393519,0.7217322461505368,0.7114323858246007,0.13420980955458622,0.186090486844538,0.18648676235656458,0.7197053995048298,0.15614445507526398,0.7126072078961692,0.7088596373936886,0.6991034032446096,0.11925838939741937,0.18409682628223806,0.1998056333427294,0.7068567495114891,0.16612254083156586,0.7380783983854933,0.7088039429185913,0.7006264216316431,0.08234869884736831,0.15483028255293002,0.20317872812707508,0.7158362543119092,0.11622150242328644,0.7138772512284998,0.16312435360730407,144.39102381364623,179.37633795727973,209.64505435403913,235.25096300135243,241.97967300343032,288.5159648217574,396.01881884708166,418.60733831123395,248.00864250454933,280.43765102290587,0.7938114929416797,0.7997781065088757,7013.0,0.7779837444745473,0.01582774846713242,nllpch,3.7698235511779785,1181.0,1054.0,832.0,551.0,0.14536165794889988,0.6987519087857543,0.6962652802467346,0.6999540328979492,0.699790894985199,0.7004191875457764,0.699989914894104,0.7005033493041992,0.6996622681617737,0.6989812254905701,0.6995001435279846,0.6931676864624023,1503.0,0.7009365741551884,0.6945490837097168,0.7005799412727356,0.7001338005065918,0.7019995450973511,0.703195333480835,0.7033470273017883,0.7031009197235107,0.7008780241012573,0.6992806792259216,0.6983411908149719,1503.0,0.6821654353226027,0.659739077091217,0.6793761253356934,0.6794071793556213,0.6821061968803406,0.681320071220398,0.6829578876495361,0.6827300190925598,0.6837000846862793,0.6834173798561096,0.6803404092788696,1503.0,0.6885198663350103,0.6542435884475708,0.6843651533126831,0.6798112988471985,0.6832407712936401,0.6817947626113892,0.6864639520645142,0.6877137422561646,0.6913756728172302,0.6939842104911804,0.6859005093574524,1503.0,0.6925934461496389,13.3236,112.807,0.225,nllpch,L_PCH
sim_order_spread1p0__ours_nllpch__s1,02_synthetic_scenarios,sim_order_spread1p0,1,order_spread,1.0,,ours,0.70786719021435,0.6964051172759675,0.6979926704599598,0.14693588163416102,0.20426780513021342,0.17708657816995088,0.7007549926500923,0.13172580301761627,0.72473327711779,0.7164405805854731,0.7095835707250346,0.12842203661424464,0.18555911658658414,0.17734069424347704,0.7169191428094326,0.14958301186561584,0.7232283098897452,0.7210851264646579,0.7068869429369135,0.11313416024342794,0.17273891275118722,0.1965414404256668,0.7170667930971054,0.15909229218959808,0.7578618058181348,0.7184837885664348,0.7015269337721165,0.0753504791635308,0.16057093411642057,0.19919385237248655,0.725957509385562,0.11727753281593323,0.715174609485548,0.16142849095427925,131.985725647285,171.04180638093754,178.20204930546964,213.67430665941305,260.6708369223031,290.6954821620997,400.1588094911464,426.5956123772281,242.75435534155105,275.5018018949196,0.7937291334010742,0.8013564431047476,6889.0,0.7826970532733343,0.01103208012773993,nllpch,3.749859571456909,1174.0,1030.0,792.0,531.0,0.1409107060685251,0.693948302097472,0.6910396814346313,0.6936348676681519,0.6925687193870544,0.6950355172157288,0.6957522630691528,0.6961318254470825,0.6948550939559937,0.6946470141410828,0.6937585473060608,0.6904467940330505,1475.0,0.7060640396386103,0.6984376907348633,0.7039765119552612,0.7047319412231445,0.7058020830154419,0.7062002420425415,0.7063434720039368,0.7072641253471375,0.7072002291679382,0.707527220249176,0.7039853930473328,1475.0,0.6959038057409966,0.6578230261802673,0.666244387626648,0.6823896765708923,0.6897369027137756,0.6936274766921997,0.6942096948623657,0.6967676877975464,0.6992502212524414,0.7002097964286804,0.6968114972114563,1475.0,0.6864138527901587,0.6421449780464172,0.6563926935195923,0.6727213859558105,0.6789001822471619,0.6812676191329956,0.6844709515571594,0.6882175207138062,0.6875189542770386,0.6886581182479858,0.6866161823272705,1475.0,0.6955825000668094,12.3257,119.669,0.243,nllpch,L_PCH
sim_order_spread1p0__ours_nllpch__s2,02_synthetic_scenarios,sim_order_spread1p0,2,order_spread,1.0,,ours,0.7129551198155355,0.701812713143227,0.6968788860824727,0.13463733721609444,0.2008825733208845,0.18340479013393032,0.7038822396804117,0.13859272003173828,0.7353345027878578,0.7227864975155374,0.7197993332783793,0.12547443366799366,0.18440628643100201,0.1761511199091618,0.7259734445272582,0.1501552164554596,0.7169846080018765,0.7178642643622108,0.7035604849052933,0.10151320088845614,0.18138908628702582,0.2010506585077396,0.7128031190897935,0.1608305126428604,0.7245242537633083,0.7074792176588995,0.6806118576741857,0.08892232889385863,0.15834355198034664,0.20560022125605085,0.7042051096987979,0.12114030867815018,0.7117159782490654,0.1618146323743787,155.49457174114195,187.1407385945395,181.88455293961908,218.74636583871404,266.8792416768977,291.46522723826814,402.09363218149326,434.2965709137773,251.58799963478802,282.9122256463247,0.7944697833523375,0.7994833948339485,7016.0,0.7790763968072976,0.015393386545039967,nllpch,3.7380640506744385,1206.0,1039.0,832.0,548.0,0.14437240439447863,0.6917071771116509,0.6898612380027771,0.6927032470703125,0.690723180770874,0.6925747990608215,0.6935083866119385,0.6931968331336975,0.6930375695228577,0.6916278004646301,0.6898763179779053,0.6898048520088196,1508.0,0.7087589750375094,0.704138994216919,0.70867520570755,0.7087424397468567,0.7085451483726501,0.7087886929512024,0.7101886868476868,0.7107121348381042,0.7110618948936462,0.7108860015869141,0.7027156352996826,1508.0,0.6949180796494856,0.6769180297851562,0.6951747536659241,0.6954877972602844,0.6938084363937378,0.691256582736969,0.6963754892349243,0.6988565921783447,0.6994417905807495,0.6981164216995239,0.6873958110809326,1508.0,0.6750429002498664,0.5661345720291138,0.6519096493721008,0.650551438331604,0.6615585684776306,0.6607670783996582,0.6674532890319824,0.6734082698822021,0.6765590310096741,0.6789496541023254,0.679000973701477,1508.0,0.6926067830121281,14.4926,104.053,0.207,nllpch,L_PCH
sim_order_spread1p0__ours_nllpch_event_ranking__s0,02_synthetic_scenarios,sim_order_spread1p0,0,order_spread,1.0,,ours,0.7345763161256786,0.7074993205079672,0.7045270836857611,0.13588707067041786,0.21514490026432548,0.20104400212007267,0.7155342401064689,0.14867621660232544,0.7155821367231661,0.7107552491152631,0.7001282004496211,0.13447425009927275,0.19292826841133634,0.19497417588434102,0.7088218620960167,0.16135847568511963,0.6741336157585411,0.6929156936354043,0.6878671093791219,0.1230023949198775,0.1882152931690971,0.2048195326298752,0.6849721395910224,0.16957250237464905,0.7200203070846778,0.6826941489526374,0.6754597659781905,0.10418308528895533,0.19383439718125167,0.22793236645820983,0.6927247406718351,0.14516444504261017,0.7005132456163358,0.1763699780914194,205.3715833182274,225.15596837088867,209.99977224687606,238.93376976315272,256.1881059331986,296.81529815160184,289.29370470751167,417.23168841146247,240.21329155145344,294.53418117427645,0.7865392841865108,0.790655818540434,7013.0,0.7779837444745473,0.008555539711963434,nllpch_event_ranking,2.117332696914673,1181.0,1054.0,832.0,551.0,0.1566413422812738,0.6970103219664348,0.6970592141151428,0.7004770040512085,0.7006033062934875,0.6998917460441589,0.7018784880638123,0.7024470567703247,0.7000583410263062,0.7002365589141846,0.6942458152770996,0.6808956861495972,1503.0,0.6897874545809844,0.6903823614120483,0.6906241178512573,0.6911939978599548,0.688808023929596,0.6922591328620911,0.6924368739128113,0.6915769577026367,0.6909748911857605,0.6867319345474243,0.6869221925735474,1503.0,0.6687352970384575,0.5778833031654358,0.6380638480186462,0.6454353928565979,0.6424360871315002,0.6522589325904846,0.6614072322845459,0.6696146726608276,0.6748467087745667,0.680316150188446,0.6734709143638611,1503.0,0.6651558534177031,0.5508053302764893,0.6155684590339661,0.6298121213912964,0.6462380886077881,0.6610207557678223,0.667091429233551,0.6684719324111938,0.6692599654197693,0.6685341000556946,0.6637641191482544,1503.0,0.680172231750895,12.4141,121.072,0.242,nllpch_event_ranking,L_PCH + L_mul
sim_order_spread1p0__ours_nllpch_event_ranking__s1,02_synthetic_scenarios,sim_order_spread1p0,1,order_spread,1.0,,ours,0.6985606249426785,0.678534942702234,0.6844664655701473,0.16378281270971498,0.24964457836615153,0.22871699155894198,0.6871873444050199,0.16200636327266693,0.7173055345830482,0.7047229869102116,0.6980640542814307,0.13260220537652415,0.20045192799847286,0.1956522353893589,0.7066975252582303,0.16291509568691254,0.7158287909701804,0.7086915825800365,0.6876027953905778,0.11746484919710652,0.18429195182530672,0.21333779680123832,0.7040410563135983,0.1726568043231964,0.7148111101967164,0.6828740649879786,0.677033929259625,0.10130688123995579,0.1903546385226802,0.21939433450139956,0.6915730348147733,0.1423579454421997,0.6973747401979055,0.1830834336239043,226.59395207737725,246.27046443424564,228.23722791880735,252.23944966930247,239.68673769739777,298.54853963068234,301.30768148306646,434.9109126486177,248.95639979416222,307.992341595712,0.7954710407896647,0.8016076362722934,6889.0,0.7826970532733343,0.01277398751633041,nllpch_event_ranking,2.10200572013855,1174.0,1030.0,792.0,531.0,0.1617052104035754,0.6773583559408999,0.6798248887062073,0.6791950464248657,0.6778053641319275,0.6792846322059631,0.6815969347953796,0.6824591755867004,0.6805598139762878,0.6789583563804626,0.6781486868858337,0.6621323227882385,1475.0,0.6959021573582405,0.6996757388114929,0.7004715204238892,0.700477123260498,0.6998401880264282,0.6988272070884705,0.6998103260993958,0.6953445076942444,0.696010947227478,0.6940927505493164,0.6894367933273315,1475.0,0.6730447800316437,0.673824667930603,0.6318053007125854,0.6390092372894287,0.6520465612411499,0.6585175395011902,0.6606732606887817,0.6759323477745056,0.6767079830169678,0.6838040947914124,0.6816350221633911,1475.0,0.667317318309567,0.5935150980949402,0.6392346024513245,0.6389244198799133,0.6362015604972839,0.6505951285362244,0.658900797367096,0.6654484868049622,0.6732903718948364,0.6720298528671265,0.6699275374412537,1475.0,0.6784056529100878,13.8133,106.781,0.217,nllpch_event_ranking,L_PCH + L_mul
sim_order_spread1p0__ours_nllpch_event_ranking__s2,02_synthetic_scenarios,sim_order_spread1p0,2,order_spread,1.0,,ours,0.713154574427405,0.6976924849172437,0.6824572994693977,0.13990870575244432,0.21686284708839387,0.19910655092050755,0.6977681196046821,0.14772212505340576,0.7184330279063772,0.7110995600523157,0.7019342367696436,0.12935459478102754,0.18993937381198558,0.1881955688189797,0.7104889415761121,0.16124984622001648,0.689880162934193,0.6890718811137079,0.6795634857558949,0.12133214284973916,0.2018949717390073,0.2194296344070572,0.6861718432679319,0.1782870590686798,0.7027616766053474,0.6882551967620459,0.6709684476904284,0.12650245484183625,0.21754233653584693,0.24876098539265226,0.6873284403526072,0.16671328246593475,0.6954393362003333,0.18323584724495648,172.18309939527722,205.46064706783017,179.08315751087582,224.53713777984117,220.99176257234151,281.5833362307146,268.04419209097637,428.4561028192578,210.07555289236774,285.00930597441095,0.7891961231470923,0.7943665436654366,7016.0,0.7790763968072976,0.010119726339794743,nllpch_event_ranking,2.0964128971099854,1206.0,1039.0,832.0,548.0,0.16148556826854574,0.6747641883837594,0.680334210395813,0.679985523223877,0.6787446141242981,0.6758930087089539,0.6759727001190186,0.6776522397994995,0.6762354969978333,0.6757028102874756,0.6759105324745178,0.6621959209442139,1508.0,0.6929329307592748,0.6996203660964966,0.6959203481674194,0.6961212158203125,0.6960970163345337,0.6956436038017273,0.6959893703460693,0.6921578645706177,0.6914926767349243,0.6911241412162781,0.6894845366477966,1508.0,0.6698267834181855,0.6057649254798889,0.6515642404556274,0.6627411842346191,0.6500378847122192,0.6509833335876465,0.6573535203933716,0.6703011393547058,0.6740175485610962,0.6789946556091309,0.6759077310562134,1508.0,0.6632501340021844,0.5839480757713318,0.6266820430755615,0.6391299366950989,0.6448445320129395,0.6524329781532288,0.6633769273757935,0.6636129021644592,0.6652243137359619,0.666471004486084,0.6646721363067627,1508.0,0.6751935091408511,13.4894,111.792,0.222,nllpch_event_ranking,L_PCH + L_mul
sim_order_spread1p0__ours_nllpch_sample_event_ranking__s0,02_synthetic_scenarios,sim_order_spread1p0,0,order_spread,1.0,,ours,0.727349803392353,0.6962950616133154,0.6929284864454617,0.14838002366607303,0.23872414995921348,0.23374314152014897,0.70552445048371,0.1634611040353775,0.7251446947149655,0.7266150024645959,0.7140655355222097,0.14096963120505232,0.21072157525050303,0.2110582298423299,0.7219417442339237,0.17380766570568085,0.708454167677873,0.7092203434913273,0.6921029326326499,0.12516258550297538,0.20948893070596358,0.23307000390494226,0.7032591479339501,0.19052913784980774,0.7254688738270283,0.6977257608174334,0.6937849045780319,0.10649907577599135,0.2016394549836718,0.237066767329819,0.7056598464074978,0.15202756226062775,0.7090962972647703,0.19137696413722366,210.77346114100428,237.85952879895368,222.52252816061664,252.58610211226468,219.219426444202,297.5019819807406,285.5240146667169,432.2694425846324,234.50985760313495,305.0542638691478,0.7891059461000998,0.7929487179487179,7013.0,0.7779837444745473,0.011122201625552441,nllpch_sample_event_ranking,2.3709566593170166,1181.0,1054.0,832.0,551.0,0.17095861609071708,0.6887525199461962,0.6920532584190369,0.6934363842010498,0.6865236163139343,0.6902521252632141,0.6904240250587463,0.6892566680908203,0.6920933127403259,0.6919459104537964,0.6921979784965515,0.6756437420845032,1503.0,0.7046131110537556,0.7016565203666687,0.7059324979782104,0.7040257453918457,0.7003012895584106,0.7048183679580688,0.7051202654838562,0.704739511013031,0.7075349688529968,0.7048069834709167,0.7034634351730347,1503.0,0.6801307499408722,0.6543655395507812,0.6627137064933777,0.6710948348045349,0.6751181483268738,0.680322527885437,0.6787658929824829,0.6810029149055481,0.6816031336784363,0.6798561215400696,0.682898223400116,1503.0,0.6796575204191966,0.5750359892845154,0.685903012752533,0.68392413854599,0.6869826316833496,0.6702079772949219,0.6781521439552307,0.6717294454574585,0.6821902990341187,0.6894994378089905,0.6753224730491638,1503.0,0.6882884753400051,12.0673,124.551,0.249,nllpch_sample_event_ranking,L_PCH + L_rank + L_mul (paper)
sim_order_spread1p0__ours_nllpch_sample_event_ranking__s1,02_synthetic_scenarios,sim_order_spread1p0,1,order_spread,1.0,,ours,0.7037157458704161,0.693645835605608,0.6937118868945928,0.16608130531553664,0.2484273689716617,0.23194292429912144,0.6970244894568722,0.15979287028312683,0.7232219485688283,0.7102574433392552,0.7064530933623652,0.13539192496558378,0.2081109402338026,0.2082012567868489,0.7133108284234829,0.17142260074615479,0.723535710961024,0.7213480340944265,0.703972170601186,0.12296042192956695,0.20168661821544792,0.22431967748219983,0.7162853052188788,0.1844349205493927,0.732725726815835,0.7024665607460178,0.6947421049684304,0.10836115993550978,0.20279979626710606,0.23794225925699886,0.7099781308434278,0.15415769815444946,0.7091496884856654,0.1913521378049487,211.2292996695235,238.44646008193507,219.51493436665285,253.31748418668198,243.16702716949106,307.77803488814607,286.4925539764687,445.34671013969,240.10095379553402,311.2221723241133,0.7934388155029758,0.8000251193167545,6889.0,0.7826970532733343,0.010741762229641516,nllpch_sample_event_ranking,2.363905429840088,1174.0,1030.0,792.0,531.0,0.16787419996486022,0.6901082949111123,0.6888647079467773,0.6911243796348572,0.6886436939239502,0.6916576027870178,0.6920005679130554,0.6919710636138916,0.6921477913856506,0.691811203956604,0.6913654804229736,0.6822720766067505,1475.0,0.7035015580892922,0.6996094584465027,0.7045629620552063,0.7034767866134644,0.7006345987319946,0.7030979990959167,0.7030895352363586,0.7051337957382202,0.7048764824867249,0.7042756080627441,0.7021501660346985,1475.0,0.6918690372116071,0.6315653920173645,0.6660895347595215,0.6857050061225891,0.6933086514472961,0.6942505240440369,0.6897016167640686,0.6953579783439636,0.694557785987854,0.6971883177757263,0.6870306134223938,1475.0,0.6846823726228611,0.6501167416572571,0.6681870818138123,0.6774175763130188,0.6792740225791931,0.6834548711776733,0.6814747452735901,0.6820681095123291,0.6833328604698181,0.6872739195823669,0.6864820718765259,1475.0,0.6925403157087182,13.1663,112.028,0.228,nllpch_sample_event_ranking,L_PCH + L_rank + L_mul (paper)
sim_order_spread1p0__ours_nllpch_sample_event_ranking__s2,02_synthetic_scenarios,sim_order_spread1p0,2,order_spread,1.0,,ours,0.7112333682360015,0.7030024978183967,0.6936299670184168,0.14714839598257387,0.23724414230770563,0.2220703315069187,0.702621944357605,0.16006632149219513,0.7334833842320833,0.7208069749452772,0.7128885475822491,0.13502853389653163,0.21057766323278188,0.21309264334565178,0.7223929689198698,0.17733627557754517,0.7222883514437998,0.7208601583013229,0.7070267098130169,0.11814519793888462,0.20783848866550028,0.22926998607683585,0.7167250731860465,0.18557460606098175,0.7264503346169887,0.713741420587445,0.6842908637264009,0.10858035362844688,0.2037956862412134,0.24327754811197003,0.7081608729769449,0.15559908747673035,0.7124752148601166,0.18967241424458453,194.21670918299452,227.8626779344658,219.12003565438525,257.8469835022493,225.66112728086,293.65156538154525,290.6261459834139,442.1081443381156,232.40600452541344,305.367342789094,0.7909064994298746,0.7960147601476014,7016.0,0.7790763968072976,0.011830102622576999,nllpch_sample_event_ranking,2.359740972518921,1206.0,1039.0,832.0,548.0,0.1701955161999012,0.6851991259208805,0.6775261163711548,0.686774730682373,0.6851687431335449,0.685588002204895,0.687299907207489,0.6882139444351196,0.6866550445556641,0.685011088848114,0.685158371925354,0.6809073686599731,1508.0,0.7015883068335675,0.701425313949585,0.7054509520530701,0.7027422189712524,0.6959579586982727,0.7052372097969055,0.7036633491516113,0.7050319910049438,0.7072196006774902,0.7036511301994324,0.6900835633277893,1508.0,0.6956328062969542,0.6810417175292969,0.6928306818008423,0.6939178705215454,0.6912004351615906,0.6887928247451782,0.6917783617973328,0.6985863447189331,0.6992653012275696,0.6997087597846985,0.6928239464759827,1508.0,0.6734768782992918,0.4281875789165497,0.6521635055541992,0.6525180339813232,0.6583959460258484,0.6657003164291382,0.6692724823951721,0.6775128245353699,0.6741262674331665,0.6778892278671265,0.6737974882125854,1508.0,0.6889742793376735,15.4373,97.685,0.194,nllpch_sample_event_ranking,L_PCH + L_rank + L_mul (paper)
sim_order_spread2p0__coxph__s0,02_synthetic_scenarios,sim_order_spread2p0,0,order_spread,2.0,,coxph,0.6766045110101669,0.6592877395151456,0.6509520000695713,0.15530182429712083,0.2206018247367518,0.18643720568051783,0.6622814168649613,0.1874469515714635,0.6733579489750766,0.6627336411488062,0.648076242979215,0.15054535130530586,0.2118278908486688,0.20955788196489267,0.6613892777010326,0.19064370803962247,0.6840157297243096,0.6873226314250106,0.6728003705778827,0.10863759222525379,0.1798319310020055,0.2168155820013273,0.6813795772424008,0.16842836840952888,0.7250879129564374,0.6974158805657467,0.6792332891323808,0.0555005818830161,0.11075833090305041,0.17407329586995746,0.7005790275515217,0.11344406955200799,0.6764073248399791,0.1649907743931557,110.93549243726498,139.84549700502686,231.46485581848552,257.01787863317026,554.8119087551578,546.5331447069015,1055.4557768832196,1115.839985443555,488.16700847353195,514.8091264471634,0.8896496173983085,0.8908602150537636,7449.0,0.8897838636058532,-0.00013424620754465266,,,,,,,,,,,,,,,,,,,,,,,,,,,,,,,,,,,,,,,,,,,,,,,,,,,,,,,,,,,,,Cox PH (cause-specific)
sim_order_spread2p0__coxph__s1,02_synthetic_scenarios,sim_order_spread2p0,1,order_spread,2.0,,coxph,0.6553690371291317,0.6382943361584289,0.6377551843128777,0.1683974109083846,0.22688631701399542,0.17912407290402155,0.6438061858668128,0.19146926694213384,0.6790766521034041,0.6738026807535459,0.6622746008906137,0.1478291517151836,0.20595163436504269,0.19036130384713867,0.6717179779158545,0.181380696642455,0.7026013380877065,0.6968417622610221,0.6788772465892654,0.10815520966786014,0.17296538208214401,0.20752121717728167,0.6927734489793314,0.16288060297576193,0.7497466538666518,0.7231751901394056,0.6753657853707051,0.04505592572834122,0.09952095653903231,0.18265162897607315,0.7160958764589208,0.10907617041448221,0.6810983723052298,0.16120168424370826,118.41297889281945,149.02847235437451,229.99931716366044,253.91384498103253,530.2378022585774,525.2217292009823,1035.4659126993645,1124.7508383155696,478.5290027536054,513.2287212129897,0.8941257774706289,0.8962962962962965,7235.0,0.8928818244644091,0.0012439530062198223,,,,,,,,,,,,,,,,,,,,,,,,,,,,,,,,,,,,,,,,,,,,,,,,,,,,,,,,,,,,,Cox PH (cause-specific)
sim_order_spread2p0__coxph__s2,02_synthetic_scenarios,sim_order_spread2p0,2,order_spread,2.0,,coxph,0.6600508357357551,0.6447458102614683,0.6342541864164004,0.15982646686127613,0.22438801760837002,0.1881820857391708,0.6463502774712079,0.1907988567362723,0.6738626683598695,0.6575135748177857,0.6514879513967979,0.14361342219008869,0.2135522354515177,0.19696419956681185,0.6609547315248178,0.18470995240280608,0.7023324339005489,0.6992797659072034,0.6772772949187881,0.09843396975082498,0.17677522732025827,0.20928920812260135,0.6929631649088468,0.16149946839789486,0.7186484287049804,0.703511648583497,0.6929423586352064,0.05884330975818813,0.10508617767591666,0.178027010930714,0.7050341453078945,0.11398549945493959,0.6763255798031917,0.1627484442479782,123.55124327477252,147.43611362622738,243.2779279332321,264.3142925936688,532.2909910520802,526.5769711464341,1023.7253906873765,1118.7708706354726,480.71138823686533,514.2745620004507,0.8963751515968198,0.8999766245909304,7421.0,0.8961056461393343,0.00026950545748549715,,,,,,,,,,,,,,,,,,,,,,,,,,,,,,,,,,,,,,,,,,,,,,,,,,,,,,,,,,,,,Cox PH (cause-specific)
sim_order_spread2p0__oracle__s0,02_synthetic_scenarios,sim_order_spread2p0,0,order_spread,2.0,,oracle,0.7386060807988813,0.723612695935438,0.7225489421074102,0.13847952414710413,0.18972776585561352,0.14649065715780185,0.7282559062805766,0.1582326490535065,0.7409727591264391,0.7386190115451663,0.7298584308115368,0.13664869407823563,0.17802022249553393,0.16199131597969701,0.7364834004943807,0.15888674418448887,0.7388131076490146,0.7336927967281821,0.7194075789259541,0.10222566482478268,0.16271330272588538,0.19112893522209048,0.7306378277677169,0.1520226342575862,0.7876797533734076,0.7544804861587999,0.7185882906526528,0.051590997369438764,0.10037083119185954,0.16326565066364193,0.7535828433949533,0.10507582640831341,0.7372399944844068,0.14355446347597373,76.69924743026198,101.72613423065778,168.85114581155213,195.98360018102855,459.4841299772102,468.55201005604283,944.2882742852373,1040.2176749427083,412.3306993760654,451.61985485260936,0.8936770036246476,0.8967741935483873,7449.0,0.8897838636058532,0.003893140018794483,,,,,,,,,,,,,,,,,,,,,,,,,,,,,,,,,,,,,,,,,,,,,,,,,,,,,,,,,,,,,Oracle (true CIF)
sim_order_spread2p0__oracle__s1,02_synthetic_scenarios,sim_order_spread2p0,1,order_spread,2.0,,oracle,0.7306385817941622,0.7104441962844398,0.7147573168218626,0.1501426584487403,0.19632173229688682,0.14295105069610803,0.7186133649668216,0.16313848048057839,0.7286958982042041,0.7264037635902043,0.719806307032929,0.1377397271734011,0.18186150994766842,0.16001996891458994,0.7249686562757791,0.15987373534521984,0.7403510435836339,0.7506148399296646,0.7354702972268805,0.10446743938533798,0.15440008594526836,0.17877453522243772,0.7421453935800596,0.14588068685101466,0.8098530851239525,0.7593208243243597,0.7071800561556241,0.04155697508446118,0.09148118320560675,0.16788410164481427,0.7587846552013121,0.10030741997829407,0.7361280175059931,0.14230008066377672,80.66090243591762,104.42071370452297,168.1678068888932,195.93935224367215,471.6731933850332,472.18017464096795,979.1363483317508,1064.9933603275244,424.90956276039867,459.3834002291719,0.8999308914996544,0.9033189033189033,7235.0,0.8928818244644091,0.007049067035245327,,,,,,,,,,,,,,,,,,,,,,,,,,,,,,,,,,,,,,,,,,,,,,,,,,,,,,,,,,,,,Oracle (true CIF)
sim_order_spread2p0__oracle__s2,02_synthetic_scenarios,sim_order_spread2p0,2,order_spread,2.0,,oracle,0.7306793012890253,0.7211782824283665,0.7165232527873802,0.14401953901043696,0.18910644175600094,0.14850578323159877,0.7227936121682573,0.1605439213326789,0.7556652194399978,0.7387814619911806,0.7340113494906172,0.1273085077009781,0.17925417801230775,0.15316004007573447,0.7428193436405985,0.1532409085963401,0.7392514746896939,0.7537652891419232,0.7344458805758004,0.09481829243187469,0.15519020785536886,0.1770405341825664,0.7424875481358058,0.1423496781566033,0.7582272910699689,0.745739948670249,0.7338937961206701,0.05705646492196087,0.09727844038361086,0.16050937354918246,0.7459536786202959,0.10494809295158473,0.7385135456412394,0.14027065025930174,85.47906277466117,107.81982525890679,175.90742545354513,202.73142370075675,450.3662731425602,459.4570776218148,961.6653128457701,1050.6223667882127,418.3545185541342,455.15767334242275,0.9006872389165881,0.9041841982234688,7421.0,0.8961056461393343,0.0045815927772537846,,,,,,,,,,,,,,,,,,,,,,,,,,,,,,,,,,,,,,,,,,,,,,,,,,,,,,,,,,,,,Oracle (true CIF)
sim_order_spread2p0__ours_nllpch__s0,02_synthetic_scenarios,sim_order_spread2p0,0,order_spread,2.0,,ours,0.7199641793520163,0.7023461378425645,0.6986605669318618,0.14780945063641407,0.20192358190821602,0.16362802612429334,0.7069902947088141,0.07715609669685364,0.7274870737882291,0.7183561862218514,0.7093317825363034,0.14239268142386013,0.19530033219477694,0.18218058730076722,0.7183916808487947,0.14153426885604858,0.708434298650048,0.7085233153966513,0.6957156464536363,0.10893767822629842,0.17615917263008624,0.20153669600978139,0.7042244201667786,0.15449649095535278,0.7214952033048071,0.7162086132815569,0.6728529727559124,0.05596123028836831,0.11060611774393234,0.17712481848000075,0.7035189297807588,0.051644131541252136,0.7082813313762866,0.1552966977472329,84.89285875664763,109.64962239422627,159.80638517132348,195.38769101899803,491.55394941000935,499.46015049871835,1079.5719124007462,1126.6490131379048,453.9562764346817,482.78661926246184,0.8883071553228621,0.8903459560542308,7449.0,0.8897838636058532,-0.0014767082829910683,nllpch,3.7735486030578613,1359.0,1192.0,793.0,291.0,0.11309715089230622,0.6945664742785318,0.6943989396095276,0.698127031326294,0.6994174122810364,0.6990382075309753,0.6976631879806519,0.6971660256385803,0.697412371635437,0.6977699398994446,0.6964945793151855,0.6749430298805237,1503.0,0.6970235772838868,0.6913748979568481,0.6965310573577881,0.6977153420448303,0.6971954107284546,0.6988086700439453,0.700376570224762,0.7002688646316528,0.7010785937309265,0.6985710263252258,0.6866213083267212,1503.0,0.680918045879406,0.6715843081474304,0.6667044162750244,0.6781315207481384,0.6814913749694824,0.6818636655807495,0.6840733885765076,0.685512363910675,0.6839318871498108,0.6831795573234558,0.6748414635658264,1503.0,0.6791806451344895,0.5756145119667053,0.5405204892158508,0.576241672039032,0.6208494901657104,0.648912250995636,0.663460373878479,0.6751264929771423,0.680778980255127,0.6803336143493652,0.6824330687522888,1503.0,0.6879221856440786,13.3518,112.569,0.225,nllpch,L_PCH
sim_order_spread2p0__ours_nllpch__s1,02_synthetic_scenarios,sim_order_spread2p0,1,order_spread,2.0,,ours,0.7040076050164406,0.6874899620020791,0.691217751735101,0.15678585503418427,0.20977162335391297,0.1570471921131166,0.6942384395845402,0.07632207870483398,0.7200922850894168,0.7126300146711295,0.7094904655007618,0.14114554008907826,0.19273753861377269,0.16312768991659093,0.7140709217537693,0.1304457038640976,0.7168290513281035,0.7232356379601182,0.696220522815766,0.11011152357453062,0.16602944384008334,0.20351989903791592,0.7120950707013293,0.15326568484306335,0.7070062542423655,0.6996821742571299,0.6706125396063758,0.04690811726287476,0.10575478117425764,0.18553822365183018,0.6924336560352904,0.04670068621635437,0.7032095220187323,0.15320645230517901,79.83737301866874,106.12383982475272,162.87439811689563,195.54337978602427,515.9846272118083,514.9050427747995,1173.8426298564104,1178.7335045068432,483.1347570509458,498.82644172310495,0.8978576364892882,0.9007455507455507,7235.0,0.8928818244644091,0.004975812024879067,nllpch,3.727200746536255,1331.0,1158.0,740.0,278.0,0.10808104059959295,0.6851248707956896,0.6879855394363403,0.689011812210083,0.6891219615936279,0.6898754239082336,0.6897801160812378,0.6892194747924805,0.6884229183197021,0.6884629130363464,0.6880081295967102,0.6606072187423706,1475.0,0.702931021929086,0.7033981084823608,0.7024865746498108,0.7043203115463257,0.7046039700508118,0.7037534713745117,0.7045515775680542,0.7034556269645691,0.7050424218177795,0.7045971155166626,0.6967146992683411,1475.0,0.6823375176964309,0.6766319870948792,0.6603551506996155,0.6638435125350952,0.6704111099243164,0.6778997778892517,0.6792226433753967,0.6823627948760986,0.6849018335342407,0.6858500242233276,0.6822280883789062,1475.0,0.6497664000149126,0.5710374116897583,0.5721882581710815,0.59044349193573,0.6086830496788025,0.626205325126648,0.6302728652954102,0.6313035488128662,0.6374251842498779,0.650714099407196,0.6576571464538574,1475.0,0.6800399526090297,12.2874,120.042,0.244,nllpch,L_PCH
sim_order_spread2p0__ours_nllpch__s2,02_synthetic_scenarios,sim_order_spread2p0,2,order_spread,2.0,,ours,0.7125590466630591,0.7057641386694057,0.6984996117937812,0.14974631652984743,0.19744547957318123,0.1617984829774943,0.7056075990420819,0.07629858702421188,0.736916527627227,0.7271292158398645,0.7180938705806983,0.13395054030613987,0.18405251642633613,0.1642788993792135,0.7273798713492633,0.13180528581142426,0.7190538863733689,0.7333475528381325,0.7141201852719667,0.09763681080737409,0.16514282071743125,0.19074474620367815,0.7221738748278227,0.14617875218391418,0.6873270105282585,0.6888163838276867,0.6648816375475065,0.06082914096557728,0.10960946031608122,0.18547871641588107,0.6803416773011506,0.05426722764968872,0.7088757556300797,0.15005949421818626,79.42281572341687,103.58871499638529,212.77686439238545,236.8241987804036,462.34538276379345,474.20106918673673,1101.6070846027264,1172.412622344771,464.0380368705805,496.75665132707417,0.8981269370704756,0.9016129032258067,7421.0,0.8961056461393343,0.0020212909311413396,nllpch,3.723525047302246,1378.0,1174.0,768.0,295.0,0.10737288306939981,0.6880512261758486,0.6881873607635498,0.6931422352790833,0.6937222480773926,0.6948068141937256,0.6950905323028564,0.6941652297973633,0.6930974721908569,0.69145268201828,0.69045090675354,0.6568160653114319,1508.0,0.7085624575743923,0.6995255947113037,0.7028780579566956,0.7057759165763855,0.7069630026817322,0.7100090384483337,0.7109173536300659,0.7109757661819458,0.7115103602409363,0.7103750109672546,0.7024012207984924,1508.0,0.7051093821059775,0.5919883847236633,0.6507164835929871,0.6890609264373779,0.7033715844154358,0.7051655054092407,0.7041957378387451,0.7071085572242737,0.7090247273445129,0.7076835632324219,0.7016915678977966,1508.0,0.6599642357550377,0.5290529131889343,0.5050832033157349,0.5092431306838989,0.5605244636535645,0.6208924651145935,0.6321014165878296,0.6538169980049133,0.6519196629524231,0.6673650145530701,0.6642374396324158,1508.0,0.690421825402814,14.8835,101.32,0.202,nllpch,L_PCH
sim_order_spread2p0__ours_nllpch_event_ranking__s0,02_synthetic_scenarios,sim_order_spread2p0,0,order_spread,2.0,,ours,0.7013991197681372,0.6851704696261555,0.6805909905054951,0.15905688663102827,0.23335059570751054,0.19920405542527483,0.6890535266332626,0.09162812680006027,0.7188633083636037,0.7056021893736174,0.6984019901164384,0.14256394280500798,0.1952721666298689,0.18055093753369988,0.7076224959512198,0.14042073488235474,0.6568790082755643,0.6844715958614884,0.6819708076139344,0.15856449915514162,0.23847755647753133,0.2518612910500574,0.6744404705836624,0.2018146514892578,0.7092336842482888,0.6856197453956447,0.6544970756361791,0.11029452596175196,0.19258031158533254,0.2689383290866102,0.683116835093371,0.10043707489967346,0.688558332065379,0.19422625817073463,158.53033438190636,171.76925287242702,209.68668353076134,229.38680483579023,327.63822883144536,428.2668818940173,619.4225210387104,1146.764368860584,328.8194419457059,494.0468271157046,0.8876359242851389,0.8901823281907434,7449.0,0.8897838636058532,-0.0021479393207142206,nllpch_event_ranking,2.1347951889038086,1359.0,1192.0,793.0,291.0,0.13237148493200418,0.6780816269901024,0.6813956499099731,0.6801434755325317,0.6793932914733887,0.6808704733848572,0.6787487864494324,0.6784729361534119,0.6760545372962952,0.6822426915168762,0.68410724401474,0.6648544669151306,1503.0,0.6885852018293164,0.6851463317871094,0.6877856254577637,0.6884763240814209,0.6866030097007751,0.6883510947227478,0.6916220784187317,0.6915311217308044,0.6915606260299683,0.6902304887771606,0.6813825368881226,1503.0,0.6573936197010061,0.6192750334739685,0.584834098815918,0.6172577142715454,0.6227901577949524,0.611920177936554,0.6272953748703003,0.6484274864196777,0.662044882774353,0.6667824983596802,0.6713117957115173,1503.0,0.6539986128524198,0.5998713374137878,0.6018576622009277,0.615840494632721,0.6271321177482605,0.6268425583839417,0.6425348520278931,0.6536502838134766,0.6594961881637573,0.6537300944328308,0.6552410125732422,1503.0,0.6695147653432112,12.4296,120.921,0.241,nllpch_event_ranking,L_PCH + L_mul
sim_order_spread2p0__ours_nllpch_event_ranking__s1,02_synthetic_scenarios,sim_order_spread2p0,1,order_spread,2.0,,ours,0.6736835016570966,0.6571620075259079,0.6550737833262683,0.17065713152375592,0.23261797466615583,0.18964649352586208,0.661973097503091,0.09243038296699524,0.6998130228046022,0.6887430765666828,0.6801680129359859,0.15018915084586248,0.21271034126493585,0.1901350534209513,0.6895747041024235,0.15062198042869568,0.7008435880822036,0.7140667513188175,0.6950124238682619,0.1591358973245164,0.2406411383283571,0.24965707383030505,0.7033075877564277,0.20749488472938538,0.7009065310797186,0.6722215079303351,0.6562149944744264,0.1407341935093559,0.22460220292265182,0.266266827017974,0.67644767782816,0.12533506751060486,0.6828257667975255,0.202249456515057,149.97781065619998,174.73425636213435,157.06400709383544,197.37242245947857,313.0692785732344,441.77875423329385,529.8788779686778,1143.387846747455,287.49749357298685,489.3183199505904,0.8946786454733933,0.897017797017797,7235.0,0.8928818244644091,0.0017968210089841508,nllpch_event_ranking,2.154564142227173,1331.0,1158.0,740.0,278.0,0.1385327791654387,0.6430676894511529,0.6461212038993835,0.6487267017364502,0.6482174396514893,0.648708164691925,0.6485381126403809,0.6456637978553772,0.6451511383056641,0.6429117918014526,0.6408618092536926,0.6266611814498901,1475.0,0.6706025311557096,0.6706925630569458,0.6671673059463501,0.6699864268302917,0.6697589159011841,0.6713504791259766,0.6718428730964661,0.6716685891151428,0.6734904050827026,0.6713393330574036,0.6662041544914246,1475.0,0.6654369541515697,0.5360419154167175,0.631730318069458,0.6346614360809326,0.6429092288017273,0.6398096680641174,0.65610271692276,0.6727241277694702,0.6771171689033508,0.6775996088981628,0.6581286191940308,1475.0,0.6422895303478948,0.5608380436897278,0.5748140215873718,0.5734902620315552,0.5885519981384277,0.6017248630523682,0.6159315705299377,0.6298597455024719,0.6445431709289551,0.6435198783874512,0.6474995017051697,1475.0,0.6553491762765817,11.3003,130.527,0.265,nllpch_event_ranking,L_PCH + L_mul
sim_order_spread2p0__ours_nllpch_event_ranking__s2,02_synthetic_scenarios,sim_order_spread2p0,2,order_spread,2.0,,ours,0.7117774597788011,0.7006995676485251,0.6913818098142066,0.1525875962167931,0.21904575475084964,0.18203378441462656,0.7012862790805109,0.08461226522922516,0.7218580497486308,0.7076324369290895,0.6992885658889363,0.1380015831755585,0.19424077490345057,0.1728412319301376,0.7095930175222188,0.13904187083244324,0.6889080983071221,0.7098325811293251,0.6954660401319592,0.1416485414667828,0.21431344049972348,0.2173133547069724,0.6980689065228022,0.18100318312644958,0.6924522227771095,0.694752411909095,0.6692909439353164,0.11804896295182433,0.20726160543006047,0.25876891914678585,0.6854985262071737,0.10779719054698944,0.6986116823331764,0.18467546246613045,119.9026918502681,138.73956999829034,186.56534605857541,215.0007766647246,343.26747200510243,427.947271025016,574.0625903426641,1119.5299985618776,305.94952506415245,475.30440406247715,0.8958361406818488,0.8992987377279102,7421.0,0.8961056461393343,-0.00026950545748549715,nllpch_event_ranking,2.129866361618042,1378.0,1174.0,768.0,295.0,0.12465877557278998,0.6845652759889913,0.6817343831062317,0.6887772679328918,0.6846926808357239,0.6867417693138123,0.6871483325958252,0.6844010949134827,0.6830413341522217,0.683804988861084,0.6852152943611145,0.6814199686050415,1508.0,0.6907834490367555,0.6896371245384216,0.6839485168457031,0.6927328109741211,0.6950415968894958,0.694263756275177,0.694313108921051,0.6917708516120911,0.6917624473571777,0.6902274489402771,0.6845047473907471,1508.0,0.6836712961105236,0.6409281492233276,0.6657655835151672,0.6833512187004089,0.6535246968269348,0.664276123046875,0.6755769848823547,0.682266354560852,0.6867020130157471,0.6898401379585266,0.6847464442253113,1508.0,0.6725251995827541,0.5875975489616394,0.5591820478439331,0.6202790141105652,0.6598306894302368,0.6521159410476685,0.6662259697914124,0.669797420501709,0.6766092777252197,0.6766716241836548,0.671000063419342,1508.0,0.6828863051797561,11.3888,132.411,0.263,nllpch_event_ranking,L_PCH + L_mul
sim_order_spread2p0__ours_nllpch_sample_event_ranking__s0,02_synthetic_scenarios,sim_order_spread2p0,0,order_spread,2.0,,ours,0.7114338985451376,0.6943117346914278,0.6928094243815899,0.1580772995145131,0.23810307849004902,0.20598720564451345,0.6995183525393851,0.09212929010391235,0.7291300827569861,0.715838319539457,0.7040934302390301,0.15107218750267914,0.21413501267244703,0.20060169526900068,0.7163539441784911,0.1531122475862503,0.7016886021512294,0.703275742094584,0.693638103324281,0.15229455945712062,0.23177187648519457,0.2473419403921021,0.6995341491900314,0.19605885446071625,0.7169550921601515,0.6894355835906517,0.6703179174567123,0.12649991961777435,0.20536683211761986,0.26310475275107686,0.6922361977358386,0.11125944554805756,0.7019106609109366,0.19952969665950757,145.4270607992505,162.49252768451325,200.60038001759122,224.10528604895123,368.7473359369547,451.233634046507,617.4533454186695,1155.3822157635925,333.0570305431165,498.303415885891,0.890186602228487,0.8920991117344552,7449.0,0.8897838636058532,0.00040273862263384697,nllpch_sample_event_ranking,2.4437901973724365,1359.0,1192.0,793.0,291.0,0.13633140979803576,0.6865268392454226,0.688102126121521,0.6912786960601807,0.6899883151054382,0.6910344362258911,0.6904390454292297,0.690170168876648,0.6877943873405457,0.6854832172393799,0.6754747033119202,0.6836634278297424,1503.0,0.6942099174453272,0.6923558712005615,0.6945463418960571,0.6948368549346924,0.6936798095703125,0.6954634785652161,0.6973976492881775,0.6956071257591248,0.6964530348777771,0.6947241425514221,0.6881499886512756,1503.0,0.6772525045757686,0.6764889359474182,0.674115777015686,0.6780552268028259,0.6804223656654358,0.6594982147216797,0.6732198596000671,0.6754125356674194,0.6799346804618835,0.6800300478935242,0.67778080701828,1503.0,0.6639523921376569,0.6130055785179138,0.55836421251297,0.6226019263267517,0.6457083821296692,0.6453447341918945,0.6509920954704285,0.6475079655647278,0.6504506468772888,0.6585518717765808,0.6744792461395264,1503.0,0.6804854133510438,11.8675,126.649,0.253,nllpch_sample_event_ranking,L_PCH + L_rank + L_mul (paper)
sim_order_spread2p0__ours_nllpch_sample_event_ranking__s1,02_synthetic_scenarios,sim_order_spread2p0,1,order_spread,2.0,,ours,0.691073198639636,0.6799377448134739,0.6865364789426898,0.17958090745512867,0.257204020754694,0.2139842611391801,0.6858491407985999,0.09167543798685074,0.720764807483624,0.7091151064780513,0.7040863349026274,0.15009050279906286,0.21951834681288823,0.19512351137858075,0.7113220829547675,0.14977534115314484,0.6991397087597307,0.7147628053875058,0.7022738374265408,0.14798263273953904,0.23228031942145028,0.2448968908683542,0.7053921171912592,0.1990058273077011,0.7196560934171776,0.6940879651912802,0.6690919476949913,0.10747786777982188,0.19237587086759994,0.24100620191150884,0.6942786687678164,0.09860451519489288,0.6992105024281108,0.1984601111606507,118.69800372430429,142.56286909394188,205.33472260013104,228.14482147993036,368.9394572981243,472.42908305142953,615.7816678523551,1148.3954637506267,327.1884628687287,497.88305934398215,0.894402211472011,0.8970177970177972,7235.0,0.8928818244644091,0.001520387007601931,nllpch_sample_event_ranking,2.4254813194274902,1331.0,1158.0,740.0,278.0,0.13405652137089225,0.6793454160709342,0.6729941964149475,0.6792269349098206,0.6851258277893066,0.6824714541435242,0.6839821934700012,0.6817112565040588,0.6835373044013977,0.6830871105194092,0.6722288727760315,0.6691129803657532,1475.0,0.6951841036242227,0.6885084509849548,0.6949322819709778,0.695135235786438,0.6984810829162598,0.6995617151260376,0.6925278902053833,0.6989824771881104,0.6990482807159424,0.6931923627853394,0.6894813776016235,1475.0,0.6829208467085743,0.6819261312484741,0.6540689468383789,0.6431179642677307,0.6482319831848145,0.6571200489997864,0.668719470500946,0.6792544722557068,0.6835277080535889,0.6910781264305115,0.6917962431907654,1475.0,0.6578272645120268,0.6103249192237854,0.6436372995376587,0.648227870464325,0.6368626356124878,0.6457911729812622,0.6443127393722534,0.6353687644004822,0.6465849876403809,0.6457876563072205,0.6703636646270752,1475.0,0.6788194077289396,12.5669,117.372,0.239,nllpch_sample_event_ranking,L_PCH + L_rank + L_mul (paper)
sim_order_spread2p0__ours_nllpch_sample_event_ranking__s2,02_synthetic_scenarios,sim_order_spread2p0,2,order_spread,2.0,,ours,0.6994832486074171,0.6973765871814602,0.6906467629560662,0.15928494348296204,0.2361452061215414,0.19071450032994422,0.6958355329149812,0.08462560176849365,0.7285253695566525,0.714199354903933,0.7065343213956736,0.14342137931511556,0.21485401145965946,0.19104539353581104,0.7164196819520864,0.14991438388824463,0.7005872131434544,0.7235667786281031,0.7022649916711172,0.14236623329163733,0.22645696923073066,0.23734647323257704,0.708806327814225,0.19243855774402618,0.673447652627636,0.6873232549425158,0.6749427338210467,0.11167293044803975,0.19972819944801037,0.2493211203163792,0.6785712137970661,0.10339908301830292,0.6999081891195897,0.19186311335103404,103.21275186262801,125.61613190829956,195.99682282062537,223.40527176112636,343.7787717876804,447.67227931510615,644.3086046410161,1153.2058045001556,321.8242377779875,487.4748718711719,0.8966446570543054,0.9000467508181393,7421.0,0.8961056461393343,0.0005390109149711053,nllpch_sample_event_ranking,2.444854497909546,1378.0,1174.0,768.0,295.0,0.13026531334981878,0.6808807096882179,0.67429119348526,0.6831754446029663,0.6813923716545105,0.6839532256126404,0.6862599849700928,0.6826725006103516,0.6800505518913269,0.6824178695678711,0.6809245944023132,0.6723584532737732,1508.0,0.6972795028851636,0.6977726221084595,0.6957903504371643,0.6951268911361694,0.6966232061386108,0.697850227355957,0.6960926651954651,0.6967753767967224,0.6996878981590271,0.6981214284896851,0.6961175203323364,1508.0,0.6892885194427127,0.6123358607292175,0.6277236938476562,0.679462194442749,0.6837891936302185,0.6792262196540833,0.6812445521354675,0.6918967962265015,0.694328784942627,0.6942673325538635,0.6861835718154907,1508.0,0.658028551172619,0.585378885269165,0.5257545113563538,0.639729380607605,0.6293166279792786,0.6633169651031494,0.6573552489280701,0.6393697261810303,0.6551010608673096,0.6607081890106201,0.6602214574813843,1508.0,0.6813693207971783,11.813,127.656,0.254,nllpch_sample_event_ranking,L_PCH + L_rank + L_mul (paper)
sim_regime_competing__coxph__s0,02_synthetic_scenarios,sim_regime_competing,0,regime,competing,,coxph,0.6792641427355994,0.6883187951249478,0.6596536022754932,0.061113748003560266,0.10378348677169266,0.15679538231464504,0.67574551337868,0.10723087236329931,0.6947738474586138,0.674065547998964,0.6517879446784667,0.04239328645305614,0.09652924299272957,0.14993605762362774,0.6735424467120148,0.0962861956898045,0.7446687940396767,0.6649350756121661,0.6404533776819712,0.02531223155120361,0.06950866476714151,0.11564411337198008,0.6833524157779379,0.07015500323010841,0.7194818875941006,0.6982386983251643,0.6686759009964757,0.026708404861901028,0.07091834821191195,0.12468196043079191,0.6954654956385801,0.07410290450153496,0.6820264678768032,0.0869437439461868,231.67833067183514,276.79307832309627,292.7948208344902,213.23785399070314,250.95044593681575,244.30940427909826,243.80903949799497,182.1746169841785,254.80815923528402,229.12873839426908,,,0.0,,,,,,,,,,,,,,,,,,,,,,,,,,,,,,,,,,,,,,,,,,,,,,,,,,,,,,,,,,,,,,,Cox PH (cause-specific)
sim_regime_competing__coxph__s1,02_synthetic_scenarios,sim_regime_competing,1,regime,competing,,coxph,0.6961221699951057,0.6694486200933012,0.6448554810575093,0.06021707448764682,0.11836158581719046,0.1733752387335907,0.670142090381972,0.11731796634614267,0.6738514582676837,0.690098733950667,0.641928602609715,0.043982741978394475,0.09135490170946083,0.1600257512128072,0.6686262649426885,0.09845446496688752,0.6978670027582555,0.6695683829779088,0.6571955630669407,0.03123682422998282,0.06260345283628499,0.10725419881798366,0.6748769829343684,0.06703149196141715,0.6918793031796017,0.7056472708388152,0.6722623103533454,0.023943001339755965,0.05767576339683626,0.1292294675384715,0.6899296281239208,0.0702827440916879,0.6758937415957375,0.08827166684153381,270.5449019061211,284.4484044633128,266.3029866140679,214.65811878461963,286.93571706723515,241.98708640803187,242.9439609706682,186.12113414194778,266.6818916395231,231.803685949478,,,0.0,,,,,,,,,,,,,,,,,,,,,,,,,,,,,,,,,,,,,,,,,,,,,,,,,,,,,,,,,,,,,,,Cox PH (cause-specific)
sim_regime_competing__coxph__s2,02_synthetic_scenarios,sim_regime_competing,2,regime,competing,,coxph,0.7175212177454023,0.6750059178142377,0.6688593970291202,0.050619001304556877,0.10598952565079693,0.16224421402472297,0.6871288441962534,0.10628424699335892,0.7255105182160924,0.6628743428305974,0.6525005918656893,0.035450417539131515,0.0845062851865137,0.14000387726293162,0.680295150970793,0.08665352666285893,0.7508536404872211,0.6792525507969501,0.6694577888722706,0.02570222612099017,0.06055798109544455,0.10987855765714827,0.6998546600521474,0.06537958829119433,0.6645839213537305,0.7116971271452229,0.7023483252236911,0.031840424918098666,0.07688971505932693,0.13061764150526553,0.692876457907548,0.07978259382756371,0.6900387782816854,0.08452498894374397,243.86712663232782,276.9348173770304,314.6079316828049,217.21845136452785,301.44413438484406,240.10899082891925,238.03492577885004,184.085543102739,274.4885296197067,229.5869506683041,,,0.0,,,,,,,,,,,,,,,,,,,,,,,,,,,,,,,,,,,,,,,,,,,,,,,,,,,,,,,,,,,,,,,Cox PH (cause-specific)
sim_regime_competing__oracle__s0,02_synthetic_scenarios,sim_regime_competing,0,regime,competing,,oracle,0.7573791798321676,0.7459741331600945,0.7279935302927071,0.05783220456255332,0.09686885494260968,0.14235273289661557,0.7437822810949898,0.09901793080059285,0.7643676849758163,0.7431763483613698,0.7216121318382822,0.04134924466080533,0.09211430452912259,0.1411371393463076,0.7430520550584895,0.09153356284541185,0.8154497884739411,0.7313874588496195,0.7249860842455245,0.023922176320875347,0.06666406213145949,0.10909566475556765,0.7572744438563618,0.06656063440263416,0.7694590602837463,0.7315718452363357,0.6910342011961638,0.02535986001290887,0.06788684408456709,0.12692325271222063,0.7306883689054153,0.07338998560323219,0.7436992872288141,0.08262552841296776,352.7429919492653,291.894200841407,403.67533980541,264.8898547924296,405.2930877874518,265.39049577515897,426.2173123945502,287.41794672167583,396.9821829841693,277.39812453266785,,,0.0,,,,,,,,,,,,,,,,,,,,,,,,,,,,,,,,,,,,,,,,,,,,,,,,,,,,,,,,,,,,,,,Oracle (true CIF)
sim_regime_competing__oracle__s1,02_synthetic_scenarios,sim_regime_competing,1,regime,competing,,oracle,0.7456243628682394,0.7300599790718584,0.7183584478886308,0.057945649342639925,0.11267672120100858,0.15955195577676423,0.7313475966095763,0.11005810877347093,0.7121523784689239,0.7251688692388475,0.6859250075572116,0.043478349740008596,0.08968800937131488,0.15787394482789405,0.7077487517549944,0.09701343464640584,0.7429227961860474,0.7134213082006379,0.707523334044448,0.030353681760866683,0.06270254606551653,0.10808812234963226,0.721289146143711,0.06704811672533849,0.7733028601663343,0.7285823445198878,0.6992363730498811,0.023057278767920335,0.0565237719355469,0.13808431021706857,0.733707192578701,0.07255512030684526,0.7235231717717456,0.08666869511301513,365.2809831562967,301.34058829349425,412.7649302351142,271.1627588381996,425.57773252655016,267.2701470827484,425.31860230044305,293.8003295517031,407.235562054601,283.39345594153633,,,0.0,,,,,,,,,,,,,,,,,,,,,,,,,,,,,,,,,,,,,,,,,,,,,,,,,,,,,,,,,,,,,,,Oracle (true CIF)
sim_regime_competing__oracle__s2,02_synthetic_scenarios,sim_regime_competing,2,regime,competing,,oracle,0.7529214906394999,0.7409996261575674,0.7374380909268213,0.04789030756505395,0.09967317085492403,0.14921164290128386,0.7437864025746296,0.09892504044042061,0.7617921596213137,0.7497200612305667,0.7224603215805108,0.03537554942404814,0.08171758863263971,0.1358388621125834,0.7446575141441304,0.08431066672309041,0.7617200079295824,0.726140313885629,0.7454192284368275,0.024909065595279695,0.05773025083551738,0.1073811985562934,0.7444265167506797,0.0633401716623635,0.732073677257114,0.7356769730158352,0.7086342199624869,0.03144043970324749,0.07488103467713074,0.13903244680903332,0.7254616234118121,0.08178464039647051,0.7395830142203129,0.08209012980558625,354.92966366799925,289.09506825512614,411.95556424959454,261.8849875572394,391.1583479505283,257.2295367511784,423.61793085911614,292.8573724324982,395.4153766818095,275.2667412490106,,,0.0,,,,,,,,,,,,,,,,,,,,,,,,,,,,,,,,,,,,,,,,,,,,,,,,,,,,,,,,,,,,,,,Oracle (true CIF)
sim_regime_competing__ours_nllpch__s0,02_synthetic_scenarios,sim_regime_competing,0,regime,competing,,ours,0.6838529626493496,0.6850143884712806,0.658142891105473,0.061668359240503845,0.1036019594779801,0.1567217830632123,0.6756700807420343,0.15625353157520294,0.7284125924639583,0.7134836268309767,0.6755183506182482,0.04217397511488245,0.09551595803459118,0.1434163259941578,0.7058048566377276,0.12051168829202652,0.744029886486238,0.6706726903109596,0.6477588465318707,0.025631094250236592,0.06829831962335153,0.11191199998959209,0.6874871411096896,0.08191841840744019,0.7372630643837753,0.6747481400264326,0.6067320415663746,0.025300790291105612,0.06956358827926414,0.1267996229952076,0.6729144153255276,0.06650788336992264,0.6854691234537448,0.08588364802950711,263.8193799989795,284.7584763209027,250.4835235237662,200.48479365965233,289.2611971820437,255.45236619501915,284.0800807786192,193.9738616542936,271.91104537085215,233.66737445746693,,,0.0,,,nllpch,0.4117794632911682,367.0,250.0,158.0,135.0,0.12021389288397935,0.6045624091477172,0.6116148233413696,0.606102705001831,0.6076534390449524,0.6040457487106323,0.6046580076217651,0.6048758625984192,0.6061933636665344,0.6046484708786011,0.6030145883560181,0.6017307639122009,1503.0,0.6788550784358375,0.6558430194854736,0.6717401146888733,0.6754710078239441,0.6808553338050842,0.6852455735206604,0.6868278980255127,0.6819741129875183,0.6819527745246887,0.6832362413406372,0.6652365326881409,1503.0,0.5183777818456292,0.5133227109909058,0.48160842061042786,0.48691827058792114,0.5014762282371521,0.49821484088897705,0.4945513904094696,0.49825558066368103,0.5009026527404785,0.5013329982757568,0.5913415551185608,1503.0,0.6307287743911442,0.6105543375015259,0.6394374966621399,0.6358645558357239,0.6503962278366089,0.5946328639984131,0.6449645161628723,0.6486576795578003,0.6484431624412537,0.6429283618927002,0.6011768579483032,1503.0,0.6081310109550819,5.4191,277.351,0.554,nllpch,L_PCH
sim_regime_competing__ours_nllpch__s1,02_synthetic_scenarios,sim_regime_competing,1,regime,competing,,ours,0.7400171830992137,0.6887570950548745,0.6700721696077168,0.060071153890946444,0.11781232085054319,0.16701831571224077,0.6996154825872684,0.1652761548757553,0.6911618602126534,0.7261191243985238,0.690966041995496,0.044128691266329,0.09063112118658183,0.15492164194407396,0.7027490088688911,0.1255100965499878,0.6796177078597223,0.7048852043667333,0.6891831182737409,0.032203436348435,0.06363301399588443,0.10878547053580892,0.6912286768333988,0.08041084557771683,0.6279510545091335,0.6775161584045633,0.5901581057612701,0.02415471212534168,0.05948070242982866,0.13890329847916244,0.6318751062249889,0.06860026717185974,0.6813670686286368,0.08847865656376469,252.41296662289804,275.75344157078706,247.03822133839174,199.86349762603027,276.6568289503555,240.5114295923054,286.73478277778014,198.71308097434007,265.71069992235635,228.7103624408657,,,0.0,,,nllpch,0.435161292552948,389.0,244.0,140.0,135.0,0.12713154433254104,0.6738002909612447,0.6947438716888428,0.6822699904441833,0.6769440770149231,0.6746670007705688,0.6824283599853516,0.6793832778930664,0.6845629215240479,0.6767498254776001,0.6664191484451294,0.6521400213241577,1475.0,0.6860116662419572,0.6748909950256348,0.6950699090957642,0.691679835319519,0.6887611150741577,0.6875707507133484,0.684132993221283,0.690520167350769,0.688471794128418,0.6883240342140198,0.675512969493866,1475.0,0.6182396363799785,0.6293088793754578,0.6623983979225159,0.5797205567359924,0.5795928835868835,0.5843284726142883,0.6209351420402527,0.6248593926429749,0.61799556016922,0.6275607943534851,0.634930431842804,1475.0,0.6527065290949652,0.660481870174408,0.6415218114852905,0.66424161195755,0.6581043004989624,0.6646386981010437,0.6668208837509155,0.6712850332260132,0.6715685725212097,0.6822174191474915,0.6042512655258179,1475.0,0.6576895306695364,5.2141,282.889,0.575,nllpch,L_PCH
sim_regime_competing__ours_nllpch__s2,02_synthetic_scenarios,sim_regime_competing,2,regime,competing,,ours,0.6916866103888921,0.6628909594615825,0.6638209747596122,0.050497658045065494,0.10662140054707119,0.1643952139891573,0.6727995148700291,0.1582948863506317,0.7151990428180408,0.6898960020070017,0.6719175439432792,0.03641540334718998,0.08489569490209554,0.1377080856315923,0.6923375295894406,0.11448747664690018,0.7246197990860023,0.7085417409518,0.6737380731854844,0.025149695647327806,0.058719915787620695,0.1155349864901562,0.7022998710744289,0.0811241865158081,0.6539830360391844,0.6983832957725937,0.6737994131610445,0.03170112813097125,0.07771926426830161,0.13563593096946008,0.6753885816576076,0.07309391349554062,0.6857063742978766,0.08541619814633411,271.20137151809575,290.1783769800473,280.70868311189423,203.20262988131634,311.77103010251244,250.85736812622048,295.6816683524677,203.365083968696,289.8406882712425,236.90086473907004,,,0.0,,,nllpch,0.40414804220199585,369.0,230.0,158.0,143.0,0.12001442643503347,0.6567645949808099,0.6580823063850403,0.6675562262535095,0.6476414799690247,0.6479195356369019,0.6529319882392883,0.6458611488342285,0.6548466086387634,0.6686712503433228,0.6706790924072266,0.6495053768157959,1508.0,0.7524630360173334,0.7498884797096252,0.7526991367340088,0.7539669871330261,0.7511857748031616,0.7532175779342651,0.7506081461906433,0.7528201937675476,0.7524482607841492,0.7519000768661499,0.7537665367126465,1508.0,0.6590538405563275,0.5055170059204102,0.6827866435050964,0.683722972869873,0.696150541305542,0.7048749327659607,0.6926283836364746,0.6922697424888611,0.7007966041564941,0.6977571249008179,0.5393692255020142,1508.0,0.6772696560940769,0.6005643010139465,0.6564210057258606,0.6828460693359375,0.7010709047317505,0.6960181593894958,0.6959459781646729,0.6877962350845337,0.6966817378997803,0.6959648728370667,0.630077600479126,1508.0,0.6863877819121369,5.2888,285.131,0.567,nllpch,L_PCH
sim_regime_competing__ours_nllpch_event_ranking__s0,02_synthetic_scenarios,sim_regime_competing,0,regime,competing,,ours,0.7122630953299282,0.6990715386365013,0.6798174914625457,0.059757422331054175,0.1022701061809019,0.15512033232204836,0.697050708476325,0.1537494659423828,0.7210024925352236,0.7073744499645608,0.700767545623335,0.0421257389709045,0.09367606268595577,0.13917626726274016,0.7097148293743731,0.11632546782493591,0.751368012707499,0.6712372267528295,0.6736219744017099,0.02492553338032225,0.0693903874151163,0.11362084977444456,0.6987424046206794,0.082796610891819,0.7119781222098241,0.6350038730947993,0.6350492067758836,0.026445223930243945,0.07288953906945347,0.12899854387317625,0.6606770673601691,0.06942185759544373,0.6915462524578867,0.08569966726636348,228.39418221298595,270.7902262678167,223.247956968372,190.80334536895882,295.7155969304305,247.68062548923996,296.00051749494116,200.3743986988953,260.8395634016824,227.4121489562277,,,0.0,,,nllpch_event_ranking,0.2034897357225418,367.0,250.0,158.0,135.0,0.11863872115756129,0.6026639092812267,0.6268461346626282,0.5987806916236877,0.5905250906944275,0.5940044522285461,0.600153386592865,0.5956176519393921,0.5991083383560181,0.5955832004547119,0.6142882704734802,0.6134800910949707,1503.0,0.6834483465931155,0.6767075061798096,0.6835911870002747,0.6839962601661682,0.6819528937339783,0.6882255673408508,0.6830880641937256,0.6861498951911926,0.696490466594696,0.6890307068824768,0.6646813154220581,1503.0,0.5973801832322193,0.5912678241729736,0.5459010601043701,0.545960545539856,0.585117518901825,0.5872413516044617,0.5863707661628723,0.5779289603233337,0.6165300011634827,0.5842315554618835,0.633170485496521,1503.0,0.6120321869614567,0.4915309548377991,0.596294641494751,0.5967490673065186,0.6235153675079346,0.5924763679504395,0.5841559767723083,0.5837724208831787,0.6393415331840515,0.6484296321868896,0.5969113707542419,1503.0,0.6238811565170046,6.4245,233.949,0.467,nllpch_event_ranking,L_PCH + L_mul
sim_regime_competing__ours_nllpch_event_ranking__s1,02_synthetic_scenarios,sim_regime_competing,1,regime,competing,,ours,0.6749376799615976,0.6572573535872999,0.646867363454048,0.06055683443194785,0.12035088573927237,0.1727168124022649,0.6596874656676485,0.17013248801231384,0.7014188220912558,0.7117599134406055,0.658044359861565,0.04395938487455907,0.09160783943282076,0.158061537335958,0.6904076984644755,0.1300051063299179,0.721097823640629,0.7176260890121429,0.684229726954675,0.03174492840902317,0.0626720042273487,0.10648056826795226,0.7076512132024823,0.07936786860227585,0.6235732454545424,0.6414076060544167,0.6090997286818867,0.02418804612374187,0.0594926738675861,0.13913088852883979,0.6246935267302819,0.06951998919248581,0.670609976016222,0.08924686697010957,279.70594349467007,296.95995067809355,275.03393718727324,213.9338133312206,313.85759839795145,251.65563906650252,310.0142780242934,208.68476055095388,294.65293927604705,242.80854090669266,,,0.0,,,nllpch_event_ranking,0.21327365934848785,389.0,244.0,140.0,135.0,0.13039590740814347,0.6545761734092792,0.6513766050338745,0.6706014275550842,0.6725731492042542,0.6718737483024597,0.6745741367340088,0.676683247089386,0.6781346201896667,0.6722938418388367,0.6738529801368713,0.5514912009239197,1475.0,0.6219695853422404,0.5941372513771057,0.6198142766952515,0.618471086025238,0.6231187582015991,0.6203246116638184,0.622175395488739,0.6256082057952881,0.6208664178848267,0.622922420501709,0.6234999299049377,1475.0,0.6111495997273613,0.6361351013183594,0.6116166710853577,0.6009756922721863,0.6218779683113098,0.6174854040145874,0.6332674622535706,0.6115976572036743,0.6304085850715637,0.6004263162612915,0.5890530347824097,1475.0,0.7096297002679579,0.5500952005386353,0.5479409694671631,0.5418452620506287,0.709458589553833,0.7180477976799011,0.7268840670585632,0.7242984771728516,0.7281959056854248,0.7282177209854126,0.7044678926467896,1475.0,0.6493312646867097,5.7464,256.683,0.522,nllpch_event_ranking,L_PCH + L_mul
sim_regime_competing__ours_nllpch_event_ranking__s2,02_synthetic_scenarios,sim_regime_competing,2,regime,competing,,ours,0.7115631632075805,0.6893610275823039,0.686418575753498,0.05127835858708601,0.10483061851565058,0.16114629723664278,0.6957809221811274,0.15449731051921844,0.732315996092467,0.7223311068630563,0.7083567443826484,0.035498290526581495,0.08163726306943386,0.1327093395881491,0.7210012824460573,0.11090890318155289,0.7693621483129253,0.7102237150647785,0.6854709875617199,0.024652142691485537,0.05928599618834056,0.10813991463852189,0.7216856169798079,0.07655167579650879,0.5904004938235252,0.6682616206934466,0.6681437839619162,0.03239061261047219,0.07977706204943272,0.1354588290635559,0.642268632826296,0.07281138747930527,0.6951841136083221,0.08390039373044605,252.91051115552506,274.4391973158606,266.03871318000773,197.65338433950427,263.3219602278731,236.03634426846722,271.1457233057305,195.96423516758895,263.3542269672841,226.02329027285526,,,0.0,,,nllpch_event_ranking,0.20217426121234894,369.0,230.0,158.0,143.0,0.11669527610970867,0.6928918916125631,0.6861734986305237,0.676386296749115,0.6980226039886475,0.6982560157775879,0.6877208352088928,0.6771418452262878,0.7151097059249878,0.7098091244697571,0.7038171887397766,0.6648691892623901,1508.0,0.7510886378526304,0.7446862459182739,0.7524796724319458,0.7507760524749756,0.7480489015579224,0.7511579990386963,0.7504506707191467,0.7552351951599121,0.7546913027763367,0.7466028928756714,0.7512050867080688,1508.0,0.676875955675204,0.7113639712333679,0.6995383501052856,0.696051836013794,0.6956704258918762,0.695451021194458,0.6884920597076416,0.6794041991233826,0.685146689414978,0.6816545128822327,0.6453456282615662,1508.0,0.6632746766543434,0.5864241123199463,0.6549251675605774,0.6673640012741089,0.6718352437019348,0.6737485527992249,0.64682936668396,0.6688289642333984,0.6591565012931824,0.6782933473587036,0.6535142064094543,1508.0,0.6960327904486853,5.29,285.065,0.567,nllpch_event_ranking,L_PCH + L_mul
sim_regime_competing__ours_nllpch_sample_event_ranking__s0,02_synthetic_scenarios,sim_regime_competing,0,regime,competing,,ours,0.6965795262559642,0.7002984812965407,0.6823824749769068,0.06188612659327105,0.10573962663508768,0.15949167642304418,0.6930868275098039,0.15830767154693604,0.750560876178444,0.7202047212633527,0.6842631659256708,0.04169414165930614,0.09557508912363152,0.14767135361373812,0.7183429211224892,0.12223568558692932,0.7815758712304165,0.6715913611172528,0.6432195803853157,0.026353711909747116,0.07125844247749359,0.11768643702223125,0.6987956042443283,0.08550040423870087,0.6839717244541247,0.6736576308817525,0.651092838441126,0.02675637042347094,0.07209841960875016,0.12822496795497465,0.6695740645923344,0.06883150339126587,0.694949854367239,0.08786969695372886,281.6392019156978,296.6305513049614,275.9304824157301,210.11289853992932,319.31663005697715,269.2518914308542,315.86034703835236,205.22474664667791,298.18666535668933,245.30502198060572,,,0.0,,,nllpch_sample_event_ranking,0.27421876788139343,367.0,250.0,158.0,135.0,0.1224825864637291,0.6005077833100293,0.5979344844818115,0.603839099407196,0.5935007929801941,0.600624680519104,0.6071690320968628,0.5990411639213562,0.6089557409286499,0.5976876020431519,0.5906786918640137,0.6049807667732239,1503.0,0.7105719310496328,0.7125242352485657,0.719746470451355,0.7219895720481873,0.7260844707489014,0.7187566161155701,0.7198905348777771,0.7027661204338074,0.6987205743789673,0.7143012881278992,0.7013298869132996,1503.0,0.5863278485510661,0.536381721496582,0.6239384412765503,0.6333871483802795,0.6481523513793945,0.5898571610450745,0.5545213222503662,0.544848620891571,0.591892659664154,0.5958405137062073,0.5882823467254639,1503.0,0.6434936687173579,0.5423247218132019,0.5771921277046204,0.604834258556366,0.6088610887527466,0.6307711601257324,0.6275427937507629,0.6601769924163818,0.6638747453689575,0.6575438976287842,0.6349841356277466,1503.0,0.6352253079070215,5.62,267.44,0.534,nllpch_sample_event_ranking,L_PCH + L_rank + L_mul (paper)
sim_regime_competing__ours_nllpch_sample_event_ranking__s1,02_synthetic_scenarios,sim_regime_competing,1,regime,competing,,ours,0.6968443417457593,0.6781767437313234,0.6756102903310908,0.0615469509848868,0.12321744071177163,0.17617010172554878,0.6835437919360577,0.17324845492839813,0.6976940356807398,0.7113234669214368,0.6842949039350408,0.044103219763226204,0.09283451056772332,0.1596673465880605,0.6977708021790724,0.13063405454158783,0.7294736632340477,0.6841777973374088,0.6849260516254708,0.032171228490784125,0.06404688258184676,0.11059774295467475,0.6995258373989758,0.08160499483346939,0.6510910276537932,0.6786413138998278,0.6110095895611297,0.02425650457981502,0.05858163283594877,0.13850453269579868,0.6469139770382503,0.06868554651737213,0.6819386021380891,0.09047484120667379,297.04446106208485,300.3559538858702,299.3777927224827,221.78190307327074,317.14378726131304,257.95792505386004,313.1370428628907,209.14530478835655,306.6757709771928,247.31027170033934,,,0.0,,,nllpch_sample_event_ranking,0.2853626608848572,389.0,244.0,140.0,135.0,0.1321207118191908,0.6792467916900297,0.685892641544342,0.6888414025306702,0.6832868456840515,0.6842252612113953,0.6892399787902832,0.6867722868919373,0.6829268932342529,0.6830468773841858,0.6815829873085022,0.6504634022712708,1475.0,0.6602439638390137,0.6592661738395691,0.6729773283004761,0.6695299744606018,0.6683054566383362,0.6611266732215881,0.6676848530769348,0.6834062933921814,0.6638197302818298,0.6684085726737976,0.6190015077590942,1475.0,0.6553500790245596,0.672508716583252,0.611290693283081,0.6466848254203796,0.6383713483810425,0.648671567440033,0.6566518545150757,0.6605184078216553,0.6493479609489441,0.6811931133270264,0.6478334665298462,1475.0,0.6801949979358689,0.6395299434661865,0.6517308354377747,0.6520081162452698,0.674493134021759,0.7065644860267639,0.6817221641540527,0.676397979259491,0.6963176727294922,0.6947068572044373,0.6624696254730225,1475.0,0.668758958122368,5.4247,271.903,0.553,nllpch_sample_event_ranking,L_PCH + L_rank + L_mul (paper)
sim_regime_competing__ours_nllpch_sample_event_ranking__s2,02_synthetic_scenarios,sim_regime_competing,2,regime,competing,,ours,0.7217417584610132,0.6994040733013157,0.6954226491199756,0.05169608994205209,0.1089128921208328,0.17041406527097724,0.7055228269607682,0.16341249644756317,0.7275902441457122,0.7113926216763826,0.6940412423123078,0.03600628725555765,0.08463395733045782,0.13909150749101307,0.7110080360448009,0.1168845072388649,0.7208766571238894,0.6722541081480654,0.6553948565223487,0.02652824717826463,0.06146061070021992,0.11578964298464371,0.6828418739314346,0.08165217190980911,0.5875331029372185,0.6640440719821848,0.6647789006443453,0.032426686431667864,0.0814903958919109,0.14272477636736905,0.6387853585212495,0.07585348933935165,0.6845395238645633,0.08759792991374722,278.5766923374531,300.2771812806846,278.9585957934136,211.78895979341658,297.48386637088856,258.67144911054146,281.13009466381436,204.12038648544248,284.0373122913924,243.71449416752128,,,0.0,,,nllpch_sample_event_ranking,0.2697394788265228,369.0,230.0,158.0,143.0,0.1232563777681854,0.6154722218416973,0.6338003873825073,0.640171468257904,0.6155531406402588,0.6235263347625732,0.6266077756881714,0.6080043315887451,0.6159664988517761,0.620996356010437,0.6277761459350586,0.5831469893455505,1508.0,0.6879979548150983,0.7660576701164246,0.6020135879516602,0.7664788961410522,0.7631232738494873,0.7101884484291077,0.7644393444061279,0.7623487710952759,0.7043935060501099,0.6353074908256531,0.5720102787017822,1508.0,0.6477528614456324,0.6428859233856201,0.6734567880630493,0.6682754755020142,0.6559951901435852,0.6455812454223633,0.6392443180084229,0.6396005153656006,0.6432090401649475,0.6565350890159607,0.6467663645744324,1508.0,0.6659410690644312,0.6089392304420471,0.6502939462661743,0.6655042767524719,0.6792439222335815,0.6782267689704895,0.6804957985877991,0.6790872812271118,0.6680352091789246,0.6634396910667419,0.6503589749336243,1508.0,0.6542910267917148,6.5094,231.666,0.461,nllpch_sample_event_ranking,L_PCH + L_rank + L_mul (paper)
sim_regime_semicompeting__coxph__s0,02_synthetic_scenarios,sim_regime_semicompeting,0,regime,semi-competing,,coxph,0.6991712233016575,0.6790360179950424,0.6615924563781768,0.10757933411498917,0.17686833300147525,0.2204883239847326,0.6799332325582922,0.16831199703373234,0.6759401590334476,0.6751085952356913,0.6584229921863513,0.11358952179023016,0.17866111623870182,0.21765534650084428,0.6698239154851634,0.1699686615099254,0.6969598278727098,0.6930434308713807,0.6870155347021242,0.09952204105124052,0.1682734684481931,0.19405465733788238,0.6923395978154049,0.15395005561243869,0.6752645915796692,0.6563221426317134,0.649662084865344,0.15953279417218688,0.2239050241857601,0.17839840043223226,0.6604162730255755,0.18727873959672645,0.675628254721109,0.16987736343820573,267.4644792883168,351.1448849406962,257.7894076389438,308.1183872279518,207.14956606415106,251.48808074960436,187.6846080005211,208.23318488761976,230.02201524798318,279.74613445146804,0.7124063584871185,0.7095905468535312,5473.0,0.6754978987758086,0.03690845971130996,,,,,,,,,,,,,,,,,,,,,,,,,,,,,,,,,,,,,,,,,,,,,,,,,,,,,,,,,,,,,Cox PH (cause-specific)
sim_regime_semicompeting__coxph__s1,02_synthetic_scenarios,sim_regime_semicompeting,1,regime,semi-competing,,coxph,0.6769057554591497,0.6508515990695962,0.6424088428777689,0.11889604687018886,0.19217980392346332,0.22430985833230305,0.6567220658021716,0.1784619030419851,0.6985990357329701,0.6827289677796936,0.6739305540244317,0.10500209600989892,0.1773810334017032,0.20406167071524678,0.6850861858456985,0.16214826670894963,0.6986886545851491,0.6895436968462304,0.6764139347271598,0.09912253177438639,0.16671190641929454,0.20196718884514317,0.6882154287195131,0.15593387567960804,0.6840882254977028,0.6672190688190123,0.6577849959079859,0.15692480082890373,0.21600491346659662,0.18316391708287433,0.6696974300749003,0.18536454379279155,0.6749302776105709,0.17047714730583358,288.87254727256203,360.6841988561461,264.0142700183158,307.17802944098173,212.44608059247963,259.3490112365414,190.0931142266839,208.49349807761394,238.8565030275103,283.9261844028208,0.7227298154018273,0.7221940928270042,5363.0,0.6828267760581764,0.039903039343650915,,,,,,,,,,,,,,,,,,,,,,,,,,,,,,,,,,,,,,,,,,,,,,,,,,,,,,,,,,,,,Cox PH (cause-specific)
sim_regime_semicompeting__coxph__s2,02_synthetic_scenarios,sim_regime_semicompeting,2,regime,semi-competing,,coxph,0.6707888867725081,0.6639862389165794,0.6442743492598564,0.10739076215557648,0.1847220585640041,0.22243428579307462,0.6596831583163146,0.17151570217088508,0.6820926574864786,0.6687799769150674,0.6602710788588505,0.0995559766609492,0.17889454397369892,0.21605938247796358,0.6703812377534656,0.16483663437087057,0.7107252624483311,0.7033835759116777,0.6904652956953378,0.0883164176535966,0.16456883854545884,0.19650034786619275,0.7015247113517821,0.14979520135508273,0.6985700664685437,0.66694149335339,0.6570948953239949,0.15635470023069076,0.2199838309658951,0.17350372148627832,0.6742021517153095,0.18328075089428808,0.6764478147842179,0.16735707219778162,283.89091316986753,362.7140331113248,268.75911697334175,311.0314196854847,204.11876265879545,244.76345310467377,183.2170824762057,208.44853272126028,234.9964688195526,281.7393596556859,0.7176427391224527,0.7163091309130912,5447.0,0.6770699467596842,0.04057279236276845,,,,,,,,,,,,,,,,,,,,,,,,,,,,,,,,,,,,,,,,,,,,,,,,,,,,,,,,,,,,,Cox PH (cause-specific)
sim_regime_semicompeting__oracle__s0,02_synthetic_scenarios,sim_regime_semicompeting,0,regime,semi-competing,,oracle,0.7503880907624121,0.7331065135145475,0.7185452234326354,0.0997878528402993,0.1585911445702539,0.19522004987355362,0.7340132759031982,0.1511996824280356,0.7347510618868308,0.7435451121666182,0.7377502613322188,0.10750022134790878,0.15983970892095742,0.1850044446965967,0.738682145128556,0.15078145832182097,0.7431268031364816,0.7269707691477408,0.6988214082866142,0.09424820380512768,0.16047603882461087,0.20057398117285555,0.7229729935236122,0.1517660746008647,0.7418407663169629,0.7258012786401817,0.7180417368613563,0.14168344737332353,0.19247958366672888,0.1545821178314413,0.728561260606167,0.16291504962383122,0.7310574187903833,0.1541655662436381,357.42367853769366,360.62114759226563,365.8937036891372,333.2104698343822,397.7509304225751,343.7687947365544,162.77190568734852,177.263481489274,320.9600545841886,303.71597341311906,0.7387173396674585,0.746303929651003,5473.0,0.6754978987758086,0.06321944089164988,,,,,,,,,,,,,,,,,,,,,,,,,,,,,,,,,,,,,,,,,,,,,,,,,,,,,,,,,,,,,Oracle (true CIF)
sim_regime_semicompeting__oracle__s1,02_synthetic_scenarios,sim_regime_semicompeting,1,regime,semi-competing,,oracle,0.7372348527423476,0.7210611314143206,0.7109545295946619,0.11061219433896895,0.17201877404969726,0.1971145071696769,0.7230835045837768,0.1599151585194477,0.7353496438068189,0.7307105314406144,0.7265820933760802,0.10050787879620945,0.16186954640811493,0.1830973660990251,0.7308807562078378,0.1484915971011165,0.7347375758800422,0.7373896584556489,0.7085628837263611,0.09618874732842767,0.15568800894249,0.20350667100681544,0.726896706020684,0.15179447575924435,0.7382201002783214,0.7290986090662717,0.716843413963356,0.14253330317604307,0.18715570009111762,0.16275173583956173,0.7280540411026496,0.16414691303557413,0.727228751978737,0.15608703610384567,369.6431095594009,367.4098736271334,365.0605043762469,333.1876503979925,408.4141003070476,348.2876856467141,166.23475638850567,179.25253791016885,327.3381176578003,307.03443689550227,0.73932500466157,0.7446413502109706,5363.0,0.6828267760581764,0.0564982286033936,,,,,,,,,,,,,,,,,,,,,,,,,,,,,,,,,,,,,,,,,,,,,,,,,,,,,,,,,,,,,Oracle (true CIF)
sim_regime_semicompeting__oracle__s2,02_synthetic_scenarios,sim_regime_semicompeting,2,regime,semi-competing,,oracle,0.7322272492890972,0.7304777549288918,0.7180223883818484,0.10040881626757003,0.16624888044744732,0.19598589358599816,0.7269091308666124,0.1542145301003385,0.7600588495647056,0.7405267437388753,0.7345619371037932,0.0934847778720428,0.15977662314271426,0.18782077641654032,0.7450491768024582,0.14702739247709914,0.747689296679457,0.7499897705700499,0.7226256926176514,0.08494072012092918,0.1525978566833981,0.19609889852378753,0.7401015866223862,0.1445458251093716,0.7457427854706923,0.7263415003037604,0.7162391856654906,0.13924003579823224,0.19330375299012262,0.15520066681206168,0.7294411571466478,0.16258148520013885,0.7353752628595261,0.15209230822173703,377.1338250945664,373.4539336599244,376.5811144617145,338.1484988717555,387.1537674693479,336.43669839269904,165.48037100748095,182.70155628157818,326.5872695082774,307.6851718014893,0.7486689921057463,0.7530803080308031,5447.0,0.6770699467596842,0.0715990453460621,,,,,,,,,,,,,,,,,,,,,,,,,,,,,,,,,,,,,,,,,,,,,,,,,,,,,,,,,,,,,Oracle (true CIF)
sim_regime_semicompeting__ours_nllpch__s0,02_synthetic_scenarios,sim_regime_semicompeting,0,regime,semi-competing,,ours,0.7269242972216434,0.7138395961014713,0.7033759024810944,0.10338460252087738,0.1704954096884982,0.20011032322349204,0.7147132652680698,0.1770229935646057,0.7142249512236405,0.7150049198415929,0.7104247236115926,0.11130355236774762,0.17027509607027147,0.19455549081855023,0.7132181982256087,0.17148186266422272,0.7216668034935164,0.7011039706232741,0.6920205855097563,0.09578984762732178,0.16748739670991214,0.18977596172819955,0.7049304532088488,0.1576889604330063,0.7236469841889752,0.7050289736124932,0.695657057293458,0.149134231436725,0.20434153922778545,0.16367714779460102,0.708111005031642,0.15651927888393402,0.7102432304335423,0.16002754993449847,192.30986166106382,303.75175575547064,198.56373483825863,265.5751174612346,190.25625375957685,240.68883149937895,174.07426093350006,190.13786513893132,188.80102779809982,250.0383924637539,0.7452950849625434,0.7461940093432261,5473.0,0.6754978987758086,0.0697971861867348,nllpch,3.9232888221740723,806.0,753.0,715.0,1346.0,0.16442788162613442,0.6989991231960799,0.6964871287345886,0.6992504596710205,0.7004029750823975,0.7001771330833435,0.7000595331192017,0.6991674304008484,0.698058545589447,0.6972736716270447,0.6991163492202759,0.6994221210479736,1503.0,0.6983782529016797,0.6972302794456482,0.6985790729522705,0.6997895836830139,0.6987026929855347,0.6998807191848755,0.6998323798179626,0.6982301473617554,0.69950270652771,0.6992169618606567,0.6939831376075745,1503.0,0.6848229421386747,0.6794368624687195,0.6845244765281677,0.6838503479957581,0.6865677833557129,0.6846462488174438,0.6843246817588806,0.6825790405273438,0.687480628490448,0.6826342940330505,0.6866310238838196,1503.0,0.6909651459806988,0.638145387172699,0.6717573404312134,0.6901665329933167,0.6923710703849792,0.6942852139472961,0.6942381262779236,0.6938700675964355,0.6935381889343262,0.6921752691268921,0.6864435076713562,1503.0,0.6932913660542832,13.5469,110.948,0.221,nllpch,L_PCH
sim_regime_semicompeting__ours_nllpch__s1,02_synthetic_scenarios,sim_regime_semicompeting,1,regime,semi-competing,,ours,0.7029182006800084,0.6991874903743561,0.6916572701386284,0.1154182280297148,0.17976720674177363,0.20408957652042103,0.697920987064331,0.18002712726593018,0.7226313307800416,0.7194552261118792,0.711858781682462,0.10309350121806256,0.16391189456001623,0.18283418448573904,0.7179817795247944,0.16453731060028076,0.7126397706005633,0.7181566118356517,0.6962178032130271,0.09813608164448,0.16039444733939268,0.1994954864423404,0.7090047285497474,0.16313046216964722,0.7267599764039315,0.7119582354657136,0.7043016031834645,0.15063879223855606,0.19389843945401214,0.16752771196190142,0.7143399383510366,0.15618005394935608,0.7098118583724774,0.15993379588636752,212.74382157193727,305.9206863746125,199.15724709344906,261.91009748946436,183.89102771074138,237.60389882923766,166.34798352671206,183.6433024517188,190.53501997570993,247.26949628625835,0.7387656162595562,0.7435724331926864,5363.0,0.6828267760581764,0.055938840201379736,nllpch,3.903357982635498,808.0,737.0,697.0,1315.0,0.16469064375004944,0.6901643688215037,0.6869946718215942,0.6880673170089722,0.6891794204711914,0.6911201477050781,0.6906009316444397,0.6906148791313171,0.6908779144287109,0.6912757754325867,0.6913532018661499,0.6883019208908081,1475.0,0.704180211049539,0.7001826167106628,0.7025055885314941,0.7029036283493042,0.703309178352356,0.7035799026489258,0.7042934894561768,0.7045735716819763,0.7039455771446228,0.7049974799156189,0.7055532932281494,1475.0,0.693956932041828,0.6729148626327515,0.6926458477973938,0.6965152621269226,0.696890115737915,0.6986439824104309,0.6992816925048828,0.6982672214508057,0.6981133818626404,0.6942287683486938,0.6813924312591553,1475.0,0.6933925628345186,0.681973397731781,0.6763923764228821,0.6867501735687256,0.688677191734314,0.6942451596260071,0.6930464506149292,0.6936335563659668,0.6947637796401978,0.6961566209793091,0.6927639245986938,1475.0,0.6954235186868473,11.6854,126.226,0.257,nllpch,L_PCH
sim_regime_semicompeting__ours_nllpch__s2,02_synthetic_scenarios,sim_regime_semicompeting,2,regime,semi-competing,,ours,0.718150238659193,0.7175025194037823,0.7002830512118197,0.1030778975445906,0.16978701576408936,0.2020155380737868,0.7119786030915982,0.17463622987270355,0.7290249358496478,0.7158729725977623,0.7089672952873326,0.09592553435216106,0.1664136536520781,0.1954335365271895,0.7179550679115808,0.17022396624088287,0.7154177701582808,0.7263287367830065,0.7132516719116401,0.08979034459646286,0.15557036524366274,0.18753989530565168,0.7183327262843092,0.15235655009746552,0.7235794553766725,0.7031711794367795,0.6904528349787213,0.14630398163643984,0.20603766042538266,0.1648365751697893,0.7057344899307244,0.15919595956802368,0.7135002218045532,0.15689433319094037,239.46896988084094,320.6755851627341,243.9289250580509,284.2802897767897,184.40446031718366,230.08659008159785,172.30148287117945,193.10569647032185,210.02595953181375,257.0370403728608,0.747016706443914,0.7514851485148515,5447.0,0.6770699467596842,0.06994675968422981,nllpch,3.9229347705841064,802.0,739.0,725.0,1331.0,0.16352574045471857,0.6939494356018918,0.6931533217430115,0.6924965977668762,0.6927832961082458,0.69356369972229,0.6942468881607056,0.6935316324234009,0.6935253739356995,0.6929505467414856,0.6949265599250793,0.6960492134094238,1508.0,0.6991334721890331,0.7019594311714172,0.7022323608398438,0.7014689445495605,0.702224850654602,0.7015630602836609,0.7013501524925232,0.6987337470054626,0.6980207562446594,0.7001144289970398,0.692520797252655,1508.0,0.7101963537253944,0.7008315324783325,0.7058520913124084,0.7071326375007629,0.7093397974967957,0.7113382816314697,0.7108968496322632,0.7118407487869263,0.7130309343338013,0.7096214890480042,0.7083463072776794,1508.0,0.6841062750630952,0.6826685070991516,0.6818225383758545,0.6854273080825806,0.68532395362854,0.6845316886901855,0.6852232813835144,0.6861928105354309,0.6846420764923096,0.6855317950248718,0.680706262588501,1508.0,0.6968463841448537,11.8193,127.588,0.254,nllpch,L_PCH
sim_regime_semicompeting__ours_nllpch_event_ranking__s0,02_synthetic_scenarios,sim_regime_semicompeting,0,regime,semi-competing,,ours,0.7223220416587572,0.7065858280282202,0.6893843971321671,0.1029544193298667,0.1690379159814663,0.2043867316266077,0.7060974222730483,0.17577330768108368,0.7110253738021644,0.702714241412265,0.6994985853906291,0.1104898570990408,0.17127371168319663,0.19441648592091615,0.7044127335350194,0.17435796558856964,0.6945258591089858,0.676647942246843,0.6652065193744516,0.10420191526774261,0.18077038375546758,0.2063287636882699,0.6787934402434268,0.17052437365055084,0.7131535352859487,0.6943621707905934,0.6874522721412473,0.15115748954374217,0.20881982030589097,0.1695351271493466,0.6983226594059299,0.16020165383815765,0.6969065638643561,0.16444771844596281,215.06050097332297,326.28123155528004,185.3799240239744,278.6257816929234,164.62966478600137,242.02072222413918,186.11548847979853,200.4343917766219,187.7963945657743,261.8405318122411,0.7946281746756806,0.7946688650728222,5473.0,0.6754978987758086,0.11913027589987202,nllpch_event_ranking,2.069139003753662,806.0,753.0,715.0,1346.0,0.1686522616865885,0.6834594326009217,0.6867820620536804,0.6883692741394043,0.6876954436302185,0.6835312843322754,0.6854535937309265,0.6839324235916138,0.6854028105735779,0.6797099113464355,0.6865769624710083,0.675521969795227,1503.0,0.6769277552599149,0.6956602931022644,0.686063826084137,0.6879991292953491,0.6851162314414978,0.6848758459091187,0.6835310459136963,0.678466260433197,0.6725454926490784,0.6681126952171326,0.6640673279762268,1503.0,0.6594833078959522,0.641281008720398,0.6495187282562256,0.6447518467903137,0.6485694050788879,0.6482191681861877,0.6478951573371887,0.653096616268158,0.6654648780822754,0.671997606754303,0.6717055439949036,1503.0,0.6813876541221843,0.6552882790565491,0.6732739806175232,0.6801910400390625,0.6829469799995422,0.6834406852722168,0.6821680068969727,0.6830724477767944,0.6835160851478577,0.6822091937065125,0.6783348321914673,1503.0,0.6753145374697432,11.5007,130.688,0.261,nllpch_event_ranking,L_PCH + L_mul
sim_regime_semicompeting__ours_nllpch_event_ranking__s1,02_synthetic_scenarios,sim_regime_semicompeting,1,regime,semi-competing,,ours,0.7098455255053138,0.6992063466088022,0.6847570827271526,0.1142601668211756,0.17740767614636124,0.20279780083855725,0.6979363182804228,0.17999044060707092,0.7094558768022089,0.7050968205469349,0.6941136465178493,0.10364797084602478,0.1659714222708978,0.18779483144885112,0.7028887812889977,0.17101171612739563,0.7097834257105508,0.6937161482399554,0.6813721835954938,0.09884744776589102,0.17286009038260616,0.20436894252592888,0.6949572525153332,0.17157401144504547,0.7118240629905679,0.7065609550740541,0.7008549753905998,0.1524221788979229,0.19908970691521582,0.1683201383673604,0.7064133311517407,0.15740570425987244,0.7005489208091236,0.16231569776889943,186.86692902988125,316.2096467644986,168.77331221356903,273.2648867942165,158.61310309368062,247.18530116603213,171.62668348735315,186.8201166052318,171.470006956121,255.86998783249476,0.7932127540555659,0.7972151898734178,5363.0,0.6828267760581764,0.11038597799738947,nllpch_event_ranking,2.0536370277404785,808.0,737.0,697.0,1315.0,0.16813143038384393,0.6851136551563998,0.6909770965576172,0.690606951713562,0.6912619471549988,0.690262496471405,0.6882420182228088,0.6854674816131592,0.6887802481651306,0.674197793006897,0.6873060464859009,0.6767125129699707,1475.0,0.6861290661115494,0.6952462792396545,0.6900690793991089,0.6921939253807068,0.6902164220809937,0.6878457069396973,0.6887765526771545,0.6845561265945435,0.6806944012641907,0.6832064986228943,0.685096025466919,1475.0,0.6707959690701667,0.6689894199371338,0.663524329662323,0.6556882262229919,0.6625205278396606,0.6628689765930176,0.6673462390899658,0.6719430685043335,0.6738836765289307,0.6801686882972717,0.6732643246650696,1475.0,0.6920794336867342,0.6692051291465759,0.6771911382675171,0.681201159954071,0.682845950126648,0.6853200197219849,0.6874487996101379,0.690996527671814,0.6942194700241089,0.6957951188087463,0.6961305737495422,1475.0,0.6835295310062125,13.2109,111.651,0.227,nllpch_event_ranking,L_PCH + L_mul
sim_regime_semicompeting__ours_nllpch_event_ranking__s2,02_synthetic_scenarios,sim_regime_semicompeting,2,regime,semi-competing,,ours,0.7098223172343412,0.7124346698233966,0.6907831777088668,0.10514831436730321,0.1792693087275492,0.20853269887551149,0.7043467215888682,0.1786620169878006,0.7350496496755483,0.7205643298592902,0.7015111700462145,0.0968387776823103,0.16562882658325556,0.19385658607177164,0.7190417165270176,0.16826260089874268,0.6778579658679758,0.685990211563762,0.6747189165105922,0.09119099440288174,0.16852883169728983,0.1997920844753717,0.6795223646474433,0.16171236336231232,0.7288171847927046,0.7103287891419564,0.6984261766169412,0.14978802862264504,0.21030927959838785,0.17273379793209026,0.7125240501838674,0.16234007477760315,0.7038587132367992,0.16180146075303067,238.65548412920043,339.5616965112936,211.47716486100393,286.58594974926683,174.04170576469235,239.8198595595534,195.50966617145363,210.27350655849395,204.9210052315876,269.0602530946519,0.7997062603267854,0.7987898789878989,5447.0,0.6770699467596842,0.12263631356710114,nllpch_event_ranking,2.0701632499694824,802.0,739.0,725.0,1331.0,0.16706953090215546,0.6823367564778053,0.6816220879554749,0.6865578293800354,0.6872138977050781,0.687288761138916,0.6855314373970032,0.6840782761573792,0.6841360926628113,0.6773161292076111,0.6823651194572449,0.6742069721221924,1508.0,0.6854712916973353,0.7025304436683655,0.6978293657302856,0.6935558319091797,0.6940708756446838,0.6958592534065247,0.6862043738365173,0.6876532435417175,0.6800681948661804,0.6856598258018494,0.6678327918052673,1508.0,0.6832312479634242,0.6762876510620117,0.6717278957366943,0.6662241816520691,0.667484700679779,0.6711152791976929,0.6713641881942749,0.6770084500312805,0.6860160231590271,0.6953626275062561,0.6994303464889526,1508.0,0.691836364101876,0.6671373248100281,0.6890960931777954,0.691910982131958,0.6912894248962402,0.6918932795524597,0.6917678117752075,0.692995548248291,0.6928192973136902,0.6931942105293274,0.6902147531509399,1508.0,0.6857189150601102,13.4975,111.724,0.222,nllpch_event_ranking,L_PCH + L_mul
sim_regime_semicompeting__ours_nllpch_sample_event_ranking__s0,02_synthetic_scenarios,sim_regime_semicompeting,0,regime,semi-competing,,ours,0.711295535530284,0.7035507565347205,0.6886019393958526,0.10944831310683018,0.18206424208926322,0.22417717659266984,0.7011494104869523,0.20070424675941467,0.7227136096269468,0.7161560333275908,0.7090881439979672,0.11352300021480655,0.17973038584889506,0.21367193580761915,0.7159859289841682,0.191609725356102,0.724899813182409,0.7089440058273303,0.6880513942417261,0.10036389514217127,0.17965815810709196,0.21702768914763002,0.7072984044171552,0.1801816076040268,0.7178258413352709,0.698510737895774,0.6934553350834245,0.1594050282331209,0.2275926018592737,0.17728596346406617,0.7032639714381564,0.1738588660955429,0.706924428831608,0.17366236580111985,228.34677495938027,351.8885716789166,181.99906469618418,291.11746403602257,181.11054088496257,255.86200242751653,193.46665418644486,214.22447824097992,196.23075868174297,278.27312909585885,0.7891467202631098,0.7880186864523221,5473.0,0.6754978987758086,0.11364882148730127,nllpch_sample_event_ranking,2.3607680797576904,806.0,753.0,715.0,1346.0,0.184777245658208,0.6853998154349328,0.6896164417266846,0.6879069805145264,0.6911118626594543,0.6947730183601379,0.6870162487030029,0.6877433657646179,0.6931551694869995,0.6784589290618896,0.6886279582977295,0.6681426167488098,1503.0,0.692482496691954,0.6966851353645325,0.7002864480018616,0.6978862285614014,0.6965686678886414,0.6965308785438538,0.697247326374054,0.7012467980384827,0.696445643901825,0.6954113245010376,0.665584146976471,1503.0,0.6850697171753842,0.6728832125663757,0.6876115202903748,0.6739370822906494,0.6841797232627869,0.6826923489570618,0.6807112097740173,0.6790711283683777,0.690893292427063,0.690324604511261,0.6874179840087891,1503.0,0.6879268284973903,0.6744638681411743,0.6777976751327515,0.6833532452583313,0.6885232925415039,0.6880884170532227,0.6897537708282471,0.686474621295929,0.691139817237854,0.6869866251945496,0.687822699546814,1503.0,0.6877197144499154,13.6209,110.345,0.22,nllpch_sample_event_ranking,L_PCH + L_rank + L_mul (paper)
sim_regime_semicompeting__ours_nllpch_sample_event_ranking__s1,02_synthetic_scenarios,sim_regime_semicompeting,1,regime,semi-competing,,ours,0.7042776865077516,0.7022552525101211,0.6910421799565196,0.12229812535389839,0.19435676616781378,0.22179452299165897,0.6991917063247973,0.20346872508525848,0.7228984193462309,0.7167836832564102,0.7107544229775641,0.10450871780782228,0.17652276475145856,0.20639182949972976,0.7168121751934017,0.18890735507011414,0.7091779959750361,0.7151037270639066,0.6994775151691819,0.10262907026047026,0.1790797611657906,0.22077431374573636,0.7079197460693748,0.18552036583423615,0.7327214726435165,0.7149081109358182,0.7044295656321236,0.16222587868897792,0.2266202709300656,0.18057855994680083,0.7173530497371527,0.17537876963615417,0.7103191693311817,0.1748150484425186,218.61996692749892,345.35715086908897,183.9184719088659,290.2401415921427,161.2526553381059,257.9874802161302,192.4536693852366,212.15928608683657,189.06119088992685,276.43601469104965,0.8116725713220213,0.8142616033755274,5363.0,0.6828267760581764,0.12884579526384488,nllpch_sample_event_ranking,2.3436684608459473,808.0,737.0,697.0,1315.0,0.18654996559279402,0.6889300220189121,0.6877449154853821,0.6915950179100037,0.6911081075668335,0.6901556849479675,0.6896979808807373,0.690559446811676,0.6925197243690491,0.6855947375297546,0.6903861165046692,0.6827978491783142,1475.0,0.6968014265494372,0.7043622136116028,0.7042640447616577,0.7037516236305237,0.7010387778282166,0.6985558867454529,0.7029461860656738,0.7013505697250366,0.6955661177635193,0.6980791091918945,0.6791096925735474,1475.0,0.6932474970197492,0.6681249737739563,0.6950076818466187,0.6872780323028564,0.7003549933433533,0.7010340690612793,0.7004781365394592,0.700465202331543,0.6998461484909058,0.6955839395523071,0.6724712252616882,1475.0,0.695360622035203,0.6778934597969055,0.6606115102767944,0.6925541162490845,0.6944292187690735,0.6935319900512695,0.693092942237854,0.6956562399864197,0.6990751028060913,0.6973246932029724,0.6952106952667236,1475.0,0.6935848919058254,11.1755,131.985,0.268,nllpch_sample_event_ranking,L_PCH + L_rank + L_mul (paper)
sim_regime_semicompeting__ours_nllpch_sample_event_ranking__s2,02_synthetic_scenarios,sim_regime_semicompeting,2,regime,semi-competing,,ours,0.7059078265520758,0.7157198998856098,0.6985330583454468,0.1095386048881769,0.19258337749738053,0.2264222716033193,0.7067202615943774,0.20220936834812164,0.7394811255367946,0.7252591223467765,0.7142665124088354,0.10182755992081227,0.18501288026546892,0.2198218199514372,0.7263355867641353,0.19319842755794525,0.7228677636143319,0.7203429555097983,0.7022570102722708,0.09113085201404676,0.17668477053690404,0.21882854702233387,0.7151559097988004,0.17992714047431946,0.7193434578403042,0.6999827456178791,0.6877631437306507,0.1681641729724275,0.23707494171495003,0.18743479096558763,0.7023631157296113,0.1815110146999359,0.7126437184717311,0.17621038244607043,256.9888835522686,363.1452166835566,262.539043540297,321.1372561492606,177.48019010811282,253.41612464229283,218.19723164132714,238.6951299797125,228.80133721050134,294.0984318637056,0.8035615935377272,0.8017326732673267,5447.0,0.6770699467596842,0.12649164677804292,nllpch_sample_event_ranking,2.3717355728149414,802.0,739.0,725.0,1331.0,0.18820792015290838,0.6912917473553363,0.6797417402267456,0.6914787292480469,0.6954715847969055,0.6956209540367126,0.6947575211524963,0.6926180720329285,0.69330233335495,0.686898946762085,0.6914342045783997,0.6873136758804321,1508.0,0.6952150584048665,0.6971977949142456,0.7021269798278809,0.7019184231758118,0.7031688094139099,0.7019900679588318,0.6979871988296509,0.6995006203651428,0.691466212272644,0.6999310851097107,0.6749950647354126,1508.0,0.7057391400994925,0.7075049877166748,0.7135361433029175,0.7014543414115906,0.7009677290916443,0.703834056854248,0.7026597261428833,0.704306423664093,0.7084124684333801,0.7138758897781372,0.7014279961585999,1508.0,0.6811747375675958,0.6746296882629395,0.6639931201934814,0.6770247220993042,0.6825326681137085,0.6832218170166016,0.6825489401817322,0.6841042041778564,0.6805205941200256,0.6831687092781067,0.6787818670272827,1508.0,0.6933551708568227,12.1529,124.085,0.247,nllpch_sample_event_ranking,L_PCH + L_rank + L_mul (paper)
sim_shared0p0__coxph__s0,02_synthetic_scenarios,sim_shared0p0,0,shared,0.0,,coxph,0.672361651542496,0.6636476998044487,0.6623204033728959,0.12434510067801464,0.19486336398269918,0.21117844061626373,0.6661099182399468,0.17679563509232588,0.7052871333998247,0.6899969332909731,0.6813453217594271,0.12148155662658237,0.18724182070211706,0.21457186355174973,0.6922097961500749,0.17443174696014974,0.7057925240859692,0.6897558648435019,0.6736629825483051,0.11633009957676295,0.19089172121691342,0.21415731020928352,0.6897371238259254,0.17379304366765327,0.6921762833843517,0.6615043067715193,0.643677294139988,0.11638199441028936,0.20206526986676104,0.22085086149619526,0.665785961431953,0.17976604192441523,0.6784606999119751,0.17619661691113603,234.43486885360917,302.8820986084086,220.85910239668368,263.2573490443595,201.07066351808712,232.3155222921083,189.47971049585504,204.28801213550886,211.46108631605875,250.68574552009633,0.6788911348541726,0.6825791855203619,6926.0,0.5756569448455097,0.10323419000866296,,,,,,,,,,,,,,,,,,,,,,,,,,,,,,,,,,,,,,,,,,,,,,,,,,,,,,,,,,,,,Cox PH (cause-specific)
sim_shared0p0__coxph__s1,02_synthetic_scenarios,sim_shared0p0,1,shared,0.0,,coxph,0.6622341335336834,0.6562497837695673,0.6525991205102607,0.1387610038845034,0.20150297511775328,0.2150484998014175,0.6570276792711706,0.18510415960122473,0.7004096710795277,0.6981361772427779,0.684812934606423,0.12271921047175569,0.184225543607081,0.20407539375966235,0.6944529276429096,0.17034004927949967,0.6968699153942174,0.6729245660047175,0.668062307442776,0.11947577929653223,0.1925884776224942,0.2078144336978002,0.6792855962805703,0.17329289687227556,0.705283572875394,0.6733398796056911,0.6488860103379717,0.11622364513548519,0.1980079174008177,0.21603279937906653,0.6758364876063524,0.17675478730512315,0.6766506727002507,0.17637297326453077,251.4919136583294,310.40075952701926,217.63434909839148,256.20832974206166,197.8501059083657,233.310789453654,190.6490684885479,203.50358016730118,214.4063592884086,250.855864722509,0.6773106781895415,0.6817784631200206,6827.0,0.5826863922660026,0.09462428592353889,,,,,,,,,,,,,,,,,,,,,,,,,,,,,,,,,,,,,,,,,,,,,,,,,,,,,,,,,,,,,Cox PH (cause-specific)
sim_shared0p0__coxph__s2,02_synthetic_scenarios,sim_shared0p0,2,shared,0.0,,coxph,0.6500057298679834,0.664306256852533,0.661063809623078,0.12647227761024607,0.19895415018456225,0.20965025601866955,0.6584585987811981,0.17835889460449264,0.7368404298522017,0.706032271567702,0.694036718358445,0.11377861368301104,0.17905271171461035,0.20088731958772482,0.7123031399261163,0.16457288166178205,0.7022340669408758,0.6984066638336205,0.6732896616590073,0.11103954692888807,0.18611953848697077,0.21414554497931582,0.6913101308111678,0.17043487679839156,0.702970115078142,0.6785197218576726,0.6535800093139879,0.12335643642481436,0.19561499545404207,0.21792635137860858,0.6783566154166009,0.17896592775248835,0.6851071212337707,0.17308314520428864,254.4928879834729,318.90897802180496,225.31800334818243,261.6010152061084,193.71030425061284,223.59932415989422,183.3106507783828,203.75366321503603,214.20796159016277,251.9657451507109,0.6822752082734846,0.685937106918239,6962.0,0.5744039069232979,0.10787130135018674,,,,,,,,,,,,,,,,,,,,,,,,,,,,,,,,,,,,,,,,,,,,,,,,,,,,,,,,,,,,,Cox PH (cause-specific)
sim_shared0p0__oracle__s0,02_synthetic_scenarios,sim_shared0p0,0,shared,0.0,,oracle,0.7167313747361139,0.7197084741090277,0.718862074470875,0.11718160397700644,0.17660198842935745,0.18496849013689756,0.7184339744386722,0.15958402751442047,0.7647202311993363,0.7456501626452035,0.7390495221010713,0.1114128200012958,0.16492621822124787,0.183176240685584,0.749806638648537,0.15317175963604257,0.7608744519645252,0.7359898730772165,0.7287821347410908,0.10494261907458956,0.17164280150387937,0.18361784973543452,0.7418821532609442,0.15340109010463446,0.7474578453553916,0.7332352809200845,0.719634142510558,0.10681379377435252,0.17348166011296978,0.18926438685899388,0.733442422928678,0.15651994691543872,0.7358912973192079,0.15566920604263404,196.22576755998872,252.87871295720427,194.37541211859846,228.44321546550105,170.53545369792636,202.8925816126923,160.78742764795905,171.91927630284138,180.48101525611816,214.03344658455975,0.7333237077678314,0.7418049270990448,6926.0,0.5756569448455097,0.15766676292232173,,,,,,,,,,,,,,,,,,,,,,,,,,,,,,,,,,,,,,,,,,,,,,,,,,,,,,,,,,,,,Oracle (true CIF)
sim_shared0p0__oracle__s1,02_synthetic_scenarios,sim_shared0p0,1,shared,0.0,,oracle,0.7233805249356234,0.7137991752130335,0.7066642498871432,0.12859169441814486,0.18354461003644842,0.19282513322992062,0.7146146500119333,0.1683204792281713,0.7363182545626327,0.7391436445702643,0.7323212880981783,0.11614665535720131,0.16973873379583715,0.18039940245793948,0.7359277290770251,0.15542826387032596,0.728948046859336,0.73174812078852,0.7304744222761168,0.11373411314556033,0.1721524613976254,0.17645069877873854,0.7303901966413243,0.1541124244406414,0.7593841634903334,0.7297587264452884,0.7104317408534252,0.1056377802705713,0.17524611789229277,0.18766805466314135,0.733191543596349,0.15618398427533514,0.728531029831658,0.15851128795361846,211.3628723953264,266.40852018228406,181.61602259083935,218.09687949232762,175.47701903718314,204.50475429782853,163.50358900871817,173.57737265805017,182.98987575801675,215.6468816576226,0.7383916800937455,0.7463120020560268,6827.0,0.5826863922660026,0.15570528782774284,,,,,,,,,,,,,,,,,,,,,,,,,,,,,,,,,,,,,,,,,,,,,,,,,,,,,,,,,,,,,Oracle (true CIF)
sim_shared0p0__oracle__s2,02_synthetic_scenarios,sim_shared0p0,2,shared,0.0,,oracle,0.7170533962975526,0.7236269163143125,0.7228271773215672,0.11963672823290834,0.17879793642140832,0.18269047755057857,0.7211691633111442,0.16037504740163175,0.7796757259038758,0.7586765939912217,0.755118378972279,0.10626591152871634,0.16165657928627114,0.1683716793760315,0.7644902329557922,0.145431390063673,0.756681548288363,0.7572442102214216,0.7383998126771699,0.10366225693019512,0.16508976358653257,0.17694745495443845,0.7507751903956515,0.14856649182372206,0.7574668921972593,0.7457559637719703,0.7211951154571448,0.10958482331568971,0.1664872603316289,0.1879385176926433,0.7414726571421247,0.15467020044665397,0.7444768109511781,0.15226078243392022,213.36082144321063,268.6016911894743,188.41895949584392,223.764316984037,162.5379493345622,191.69972324035035,162.92055855339004,176.63538939601725,181.80957220675168,215.1752802024697,0.7461936225222637,0.7533584905660378,6962.0,0.5744039069232979,0.17178971559896583,,,,,,,,,,,,,,,,,,,,,,,,,,,,,,,,,,,,,,,,,,,,,,,,,,,,,,,,,,,,,Oracle (true CIF)
sim_shared0p0__ours_nllpch__s0,02_synthetic_scenarios,sim_shared0p0,0,shared,0.0,,ours,0.6993057197063667,0.6949693449288187,0.6908908414233598,0.1220002750772598,0.18726375495737388,0.19943882533596896,0.695055302019515,0.1795787513256073,0.7545673904430503,0.7330161452823568,0.7186583772013222,0.1143820059174293,0.17449817909110865,0.19696684231251213,0.7354139709755764,0.17222397029399872,0.7504285219234134,0.7250007044100719,0.7081872497164672,0.11033904769624456,0.1795546105905835,0.19809325000585354,0.7278721586833176,0.16593870520591736,0.7207634931697109,0.6934530345012578,0.6734842959566737,0.11198409474532993,0.19367274950547392,0.21029076297377303,0.6959002745425474,0.16538695991039276,0.7135604265552391,0.16654036651740928,201.50363328958724,272.53316917039626,218.20063043257557,247.56524031479213,206.6181195952907,226.02147792656234,175.73761776111735,190.14720690578153,200.5150002696427,234.0667735793831,0.7092116661853884,0.7162644544997486,6926.0,0.5756569448455097,0.13355472133987878,nllpch,3.8038415908813477,916.0,900.0,885.0,909.0,0.17082775904283629,0.6892706007739952,0.6910748481750488,0.6914124488830566,0.691426694393158,0.6921780705451965,0.6919326782226562,0.6919763684272766,0.6916292905807495,0.6897184252738953,0.6906797885894775,0.6783636808395386,1503.0,0.6989413857460022,0.6971868872642517,0.6960442066192627,0.6982832551002502,0.6978048086166382,0.6989217400550842,0.6993992328643799,0.6994606256484985,0.7004156112670898,0.7005497813224792,0.6972715258598328,1503.0,0.6944546360449202,0.6877549290657043,0.6911026835441589,0.6958655118942261,0.6957799196243286,0.6981701254844666,0.6989844441413879,0.6959075927734375,0.6964698433876038,0.6948091983795166,0.6877536177635193,1503.0,0.6638104644912058,0.6582191586494446,0.6484813094139099,0.660612940788269,0.6675626635551453,0.6652948260307312,0.6672381162643433,0.6666362881660461,0.6681219935417175,0.6670448780059814,0.6548300981521606,1503.0,0.6866192717640308,13.7808,109.065,0.218,nllpch,L_PCH
sim_shared0p0__ours_nllpch__s1,02_synthetic_scenarios,sim_shared0p0,1,shared,0.0,,ours,0.7014517715445083,0.6930526162595234,0.6849635780594079,0.13163792485157325,0.19355358247646434,0.20680305476388483,0.6931559886211466,0.18841835856437683,0.7349642823451955,0.7334256858232587,0.718992107879268,0.11751201366164322,0.1745932708578077,0.19248239814904652,0.7291273586825741,0.16908873617649078,0.7274277671481222,0.717970270455644,0.7143097391438264,0.11585492956693394,0.18508790263429184,0.1871402799525256,0.7199025922491975,0.162135511636734,0.7259107071161528,0.7047742089954863,0.6867559657955717,0.11299627597113297,0.18823788685285048,0.19874864082583135,0.7058136273024035,0.16110004484653473,0.7119998917138304,0.16705401338033218,210.59172758747266,274.41303737402245,201.7660396096667,230.96210925531594,183.93862622752368,212.99424473952268,172.76581318023145,184.48641066914604,192.26555165122363,225.71395050950176,0.7159806650065915,0.7255461320997173,6827.0,0.5826863922660026,0.13329427274058891,nllpch,3.795595645904541,921.0,893.0,849.0,898.0,0.17041573695455567,0.6830789845430715,0.6802709698677063,0.6788771748542786,0.6812214851379395,0.6827266812324524,0.6820788383483887,0.6835864782333374,0.6837363839149475,0.6838893890380859,0.6849279403686523,0.683661699295044,1475.0,0.7136428774046053,0.7072845101356506,0.7082465887069702,0.7089396715164185,0.7131041288375854,0.7133948802947998,0.7147884964942932,0.7156753540039062,0.7160345315933228,0.7144826650619507,0.7127755880355835,1475.0,0.6996803387315227,0.6826710104942322,0.6940956711769104,0.6949239373207092,0.6982071399688721,0.6999660730361938,0.6995247602462769,0.7012290358543396,0.7021828293800354,0.7029671669006348,0.6972739696502686,1475.0,0.675873284232698,0.6564885377883911,0.6647459268569946,0.6694760918617249,0.6718364953994751,0.6728876829147339,0.6744701862335205,0.6782075762748718,0.6793751120567322,0.6784397959709167,0.6746167540550232,1475.0,0.6930688712279742,12.8687,114.619,0.233,nllpch,L_PCH
sim_shared0p0__ours_nllpch__s2,02_synthetic_scenarios,sim_shared0p0,2,shared,0.0,,ours,0.6985498647719982,0.7148764884013447,0.7092896375974339,0.12286863633524765,0.18488037927177378,0.19108177830383546,0.7075719969235923,0.17942143976688385,0.7716348155840236,0.739435392849038,0.7296277884413258,0.10840605277630952,0.1708512606390458,0.184247618283229,0.7468993322914624,0.16587018966674805,0.7327022245260287,0.7333425613117455,0.7174851195903572,0.10774120976769484,0.1737906798278114,0.18635735968014133,0.7278433018093771,0.15704959630966187,0.7200923839786859,0.7118016591369285,0.6897387488036764,0.11779849756386417,0.18498120723391284,0.20228967935164208,0.7072109306397637,0.16275720298290253,0.7223813904160489,0.16127452991954233,227.645013154268,282.74707213595883,198.17248733492065,236.6069985243245,182.05924384459382,205.3898208059439,184.3610729666169,196.0000914912259,198.05945432509984,230.1859957393633,0.7140189600689457,0.7210566037735849,6962.0,0.5744039069232979,0.13961505314564782,nllpch,3.7582247257232666,923.0,901.0,889.0,910.0,0.16637625603872605,0.6976488670582286,0.6915119290351868,0.6927051544189453,0.6956820487976074,0.698132336139679,0.6979930996894836,0.6981571912765503,0.6977733373641968,0.699036717414856,0.699069619178772,0.6980288028717041,1508.0,0.70781708604548,0.7041001915931702,0.7033241987228394,0.7062908411026001,0.7069636583328247,0.7064260840415955,0.7083043456077576,0.7087254524230957,0.7096558213233948,0.7088474035263062,0.7074734568595886,1508.0,0.7097463845070309,0.7062710523605347,0.707076370716095,0.7094636559486389,0.7098006010055542,0.7102751731872559,0.7105130553245544,0.7088981866836548,0.7102088332176208,0.7106813192367554,0.7090363502502441,1508.0,0.6755266830251445,0.6701635718345642,0.6745888590812683,0.676921010017395,0.6759608387947083,0.6785750389099121,0.67866450548172,0.6773565411567688,0.6801459193229675,0.6768513321876526,0.666951596736908,1508.0,0.697684755158971,14.8532,101.527,0.202,nllpch,L_PCH
sim_shared0p0__ours_nllpch_event_ranking__s0,02_synthetic_scenarios,sim_shared0p0,0,shared,0.0,,ours,0.7015357790683433,0.6913429316323092,0.6819916372570856,0.12432147654105483,0.19381935006936074,0.21642675884303622,0.691623449319246,0.19235502183437347,0.7485666214591672,0.7257795268649487,0.716836386236927,0.12024559996602231,0.18397992892727885,0.2047313356499134,0.7303941781870144,0.17942142486572266,0.713904682087795,0.6871890561985166,0.6803853518748186,0.11530556957495477,0.19187859081518044,0.21143782874954775,0.6938263633870433,0.17757557332515717,0.6909846086906755,0.672782692993336,0.658472240086028,0.11851133863161763,0.2027008887370179,0.21773212610922038,0.6740798472566798,0.1732308566570282,0.6974809595374959,0.1750908993845171,246.44499295903935,312.0975739378426,229.78934188281806,263.8433513703597,198.73170193317915,232.8605325523114,192.24656360340762,204.66179582326734,216.80315009461103,253.36581342094524,0.6960727692751949,0.7012820512820512,6926.0,0.5756569448455097,0.12041582442968524,nllpch_event_ranking,2.085618734359741,916.0,900.0,885.0,909.0,0.18069188738876432,0.6804062279702513,0.6905626058578491,0.6871146559715271,0.6818914413452148,0.6802896857261658,0.6780224442481995,0.6765301823616028,0.6759819388389587,0.6820651888847351,0.6864990592002869,0.6762592196464539,1503.0,0.6959969311370515,0.7000354528427124,0.6955374479293823,0.6952100396156311,0.6940375566482544,0.6939870119094849,0.696134626865387,0.697569727897644,0.6956234574317932,0.7003605961799622,0.6930689811706543,1503.0,0.6665784425913541,0.6488184928894043,0.6612101793289185,0.6525737643241882,0.6492210626602173,0.6492781639099121,0.661496639251709,0.6566188335418701,0.6720263957977295,0.6815098524093628,0.6766825914382935,1503.0,0.6437614548275703,0.6386991143226624,0.6349570155143738,0.6338562965393066,0.6371383666992188,0.6484014391899109,0.6536588668823242,0.6546034812927246,0.6530587673187256,0.6525638699531555,0.6201637983322144,1503.0,0.6716857641315567,14.2335,105.596,0.211,nllpch_event_ranking,L_PCH + L_mul
sim_shared0p0__ours_nllpch_event_ranking__s1,02_synthetic_scenarios,sim_shared0p0,1,shared,0.0,,ours,0.6816217518856597,0.6756511643753849,0.664849166234731,0.14293352506951457,0.2115598756597072,0.2247183688328947,0.6740406941652585,0.20255908370018005,0.714252973593363,0.714718962191024,0.6953401297050925,0.12535288156440977,0.1892516744053404,0.20472709894762714,0.7081040218298265,0.18241079151630402,0.7072467708872545,0.6749907637203186,0.6758545823590513,0.12283416478865686,0.19536914462959412,0.20988058358785266,0.6860307056555416,0.18088418245315552,0.6847777207674153,0.663230241772785,0.6477726039336961,0.12082437794333452,0.20484646311664514,0.21381684639674794,0.6652601888246322,0.1731245517730713,0.6833589026188147,0.18050958374519374,273.2484357989945,324.93148325568626,214.69860399516918,256.4404129576056,219.03384084928265,248.36369882505818,174.83263288596513,193.8469974224552,220.45337838235287,255.8956481152013,0.700161124945071,0.7061680801850424,6827.0,0.5826863922660026,0.11747473267906838,nllpch_event_ranking,2.088609218597412,921.0,893.0,849.0,898.0,0.18491611101007369,0.6664067096191225,0.669752299785614,0.6631795763969421,0.6648620367050171,0.6654263138771057,0.6609643697738647,0.6597873568534851,0.6598172187805176,0.6652811169624329,0.6727798581123352,0.6768906116485596,1475.0,0.6990099321069262,0.6984528303146362,0.6996690034866333,0.7006052732467651,0.7004001140594482,0.6978511810302734,0.6937068700790405,0.6958547830581665,0.6934553980827332,0.7026170492172241,0.7053282856941223,1475.0,0.6544452385161676,0.6613843441009521,0.6501187682151794,0.6592546701431274,0.6493386030197144,0.6481654047966003,0.6459678411483765,0.6490417122840881,0.6599617600440979,0.6606478691101074,0.656156063079834,1475.0,0.6412290196760192,0.6271634697914124,0.630247950553894,0.6271644830703735,0.6295686364173889,0.6350015997886658,0.6383423805236816,0.642905592918396,0.6404402852058411,0.6583878993988037,0.635518491268158,1475.0,0.6652727249795588,11.3367,130.109,0.265,nllpch_event_ranking,L_PCH + L_mul
sim_shared0p0__ours_nllpch_event_ranking__s2,02_synthetic_scenarios,sim_shared0p0,2,shared,0.0,,ours,0.6819826603743647,0.6779721243423912,0.660053008924186,0.13128058326747682,0.218263059498659,0.23746233463399682,0.6733359312136473,0.2129645198583603,0.7494699392525581,0.7178454458654342,0.7095534881152542,0.12049573401676018,0.1949899769664732,0.21304465587977717,0.7256229577444154,0.18774545192718506,0.7159927766920879,0.686090251740058,0.6720270459415173,0.11022405590845588,0.19278265842583509,0.21576909067987243,0.6913700247912211,0.17866671085357666,0.7024023062869572,0.6809433750362105,0.6650290987125101,0.12674367769012393,0.20025673651649267,0.21391835978754734,0.6827915933452259,0.17349980771541595,0.6932801267736274,0.18126924360595587,306.1492069192022,350.6865613592669,259.1681581425464,281.3390788348425,194.676339351199,230.1251571994117,171.81434757293843,197.06520919180932,232.95201299647152,264.8040016463326,0.7079862108589485,0.7157232704402516,6962.0,0.5744039069232979,0.13358230393565063,nllpch_event_ranking,2.120950698852539,923.0,901.0,889.0,910.0,0.1883644590078715,0.6513394210848986,0.6650537848472595,0.6520466804504395,0.650901198387146,0.6441553831100464,0.6376463770866394,0.6398172378540039,0.6451030373573303,0.6522947549819946,0.662368893623352,0.664322555065155,1508.0,0.6953404470174831,0.7035961747169495,0.7044801115989685,0.6958016157150269,0.690828263759613,0.6869751214981079,0.6842672228813171,0.6900336742401123,0.6929534077644348,0.7012614607810974,0.7062082886695862,1508.0,0.658030129553132,0.6761718988418579,0.6737166047096252,0.6586765646934509,0.6415461897850037,0.6409028172492981,0.6482176184654236,0.6392584443092346,0.6635088324546814,0.674699604511261,0.6655411124229431,1508.0,0.6516521468930505,0.6491822600364685,0.6602059006690979,0.6579493284225464,0.6524410843849182,0.6554222106933594,0.6516119837760925,0.655643105506897,0.6558020710945129,0.6588624715805054,0.6362940073013306,1508.0,0.6640905361371411,12.4343,121.278,0.241,nllpch_event_ranking,L_PCH + L_mul
sim_shared0p0__ours_nllpch_sample_event_ranking__s0,02_synthetic_scenarios,sim_shared0p0,0,shared,0.0,,ours,0.7041581255617397,0.6985526034480457,0.6932188066379605,0.12517989268823174,0.19907814888815542,0.22306952346147593,0.6986431785492485,0.20014147460460663,0.7548714064724206,0.732242419679971,0.7215749692410147,0.12154105748318045,0.191911376359578,0.2164235297910349,0.7362295984644688,0.18948635458946228,0.738895754275495,0.7211881294974662,0.7051467538496724,0.11786681680842315,0.1973275092924625,0.21386223822477246,0.7217435458742112,0.18107391893863678,0.7237975415656672,0.6983476537755108,0.6827371081707438,0.11866391895251434,0.20624254166521022,0.22047528951471237,0.7016274345039739,0.17574670910835266,0.7145609393479756,0.1793034869274793,244.40150201846856,317.86356369174206,213.73146943162476,265.59334147038436,196.1490108509901,235.0389344766447,173.7785419695095,196.925710519758,207.0151310676482,253.8553875396323,0.700693040716142,0.707642031171443,6926.0,0.5756569448455097,0.12503609587063236,nllpch_sample_event_ranking,2.3221137523651123,916.0,900.0,885.0,909.0,0.1866680018583163,0.6923036731151093,0.6931125521659851,0.6975522637367249,0.6967509984970093,0.6945711374282837,0.6915636658668518,0.6937322020530701,0.6937021613121033,0.6889894604682922,0.6950651407241821,0.6857846975326538,1503.0,0.7005620723124594,0.6987060904502869,0.6994609236717224,0.7029706835746765,0.7002276182174683,0.7003708481788635,0.7009348273277283,0.701670229434967,0.7006126046180725,0.7028951644897461,0.6972940564155579,1503.0,0.6912995569128044,0.688193678855896,0.6864318251609802,0.6969342827796936,0.6932299733161926,0.6948084831237793,0.6981361508369446,0.6910433769226074,0.6955362558364868,0.6909468770027161,0.6822680830955505,1503.0,0.6710000713396488,0.6660252213478088,0.6668040752410889,0.6733341813087463,0.6722002625465393,0.673463761806488,0.6721042990684509,0.6743677258491516,0.6765006184577942,0.6736600995063782,0.6609916687011719,1503.0,0.6887913434200056,12.0692,124.532,0.249,nllpch_sample_event_ranking,L_PCH + L_rank + L_mul (paper)
sim_shared0p0__ours_nllpch_sample_event_ranking__s1,02_synthetic_scenarios,sim_shared0p0,1,shared,0.0,,ours,0.6887936145229593,0.6794847409804101,0.678967835584295,0.14210707877167317,0.21061669131787134,0.2259022764062391,0.6824153970292214,0.2050388902425766,0.7286552882301301,0.735932017204115,0.7249756549674947,0.12473245453320203,0.19236573633200169,0.20937203287316986,0.7298543201339133,0.18781529366970062,0.7195465911800502,0.7174956078109391,0.7134519194571429,0.12289915963851257,0.19580178957966557,0.2083822161294797,0.7168313728160441,0.18075738847255707,0.7084323216774466,0.6879505004113289,0.6805052106079696,0.123952227105358,0.21225580976750028,0.21857483949962483,0.692296010898915,0.17744940519332886,0.7053492752195234,0.18224685932952484,252.1951040538956,321.51956240424903,201.60594295180255,257.25506008014514,189.63843160870562,233.77865799990417,176.78445321729782,196.33464246064483,205.05598295792538,252.22198073623576,0.704262487183243,0.7112824466718067,6827.0,0.5826863922660026,0.12157609491724042,nllpch_sample_event_ranking,2.311549663543701,921.0,893.0,849.0,898.0,0.1879731715353176,0.6771443289157412,0.6784655451774597,0.6685364246368408,0.6757389903068542,0.6779274344444275,0.6746232509613037,0.6790794134140015,0.6790713667869568,0.6780096292495728,0.6823375821113586,0.673255443572998,1475.0,0.7159360012926379,0.7069993019104004,0.7134830355644226,0.7113056778907776,0.7146517038345337,0.7197981476783752,0.7203294038772583,0.7206789255142212,0.7200993299484253,0.7138952016830444,0.7098206281661987,1475.0,0.69738702104543,0.6895104050636292,0.6891812086105347,0.6915415525436401,0.6947115063667297,0.6973882913589478,0.6992443203926086,0.7001312971115112,0.701590895652771,0.7020877599716187,0.6911097764968872,1475.0,0.6684136657537719,0.6534838676452637,0.6595892906188965,0.6575849652290344,0.6567606329917908,0.6590641736984253,0.6592658162117004,0.6727774739265442,0.6734005212783813,0.6779981851577759,0.6668268442153931,1475.0,0.6897202542518953,14.1479,104.256,0.212,nllpch_sample_event_ranking,L_PCH + L_rank + L_mul (paper)
sim_shared0p0__ours_nllpch_sample_event_ranking__s2,02_synthetic_scenarios,sim_shared0p0,2,shared,0.0,,ours,0.6995528592170103,0.7200870838833867,0.7093888625423361,0.12658654399574712,0.2057974071552121,0.22045905962202197,0.7096762685475776,0.2007972002029419,0.7745570349457527,0.7465331828165906,0.7339693897117235,0.12020746372859618,0.1950283024674696,0.21510974553549062,0.7516865358246889,0.19058451056480408,0.7302991181820437,0.7272915111230104,0.7078524162244231,0.11297377676600628,0.19777006542746195,0.21497799358061173,0.7218143485098256,0.1804315596818924,0.7444386503046511,0.7092648012817235,0.6886186795153317,0.12867283648910152,0.20661934959279246,0.21909463631663703,0.7141073770339021,0.17691783607006073,0.7243211324789985,0.18027476505642903,246.1307911213622,321.2259109849186,230.6599809587726,273.5175242722629,172.03861402045712,219.91719105050942,185.8416657744069,205.36622248788152,208.6677629687497,255.00671219889313,0.6920425165182419,0.6986666666666667,6962.0,0.5744039069232979,0.11763860959494399,nllpch_sample_event_ranking,2.311065673828125,923.0,901.0,889.0,910.0,0.18726230946374867,0.6998807785837167,0.6919949054718018,0.6936391592025757,0.7032871246337891,0.7007308602333069,0.7013158798217773,0.7009168267250061,0.7008874416351318,0.7003529667854309,0.703081488609314,0.6957018971443176,1508.0,0.7101161503178574,0.7080694437026978,0.7098408937454224,0.7132351398468018,0.7122926712036133,0.7139730453491211,0.7098211646080017,0.7121835947036743,0.7106084227561951,0.7122061252593994,0.7027722001075745,1508.0,0.6950694871149007,0.6938937306404114,0.691813051700592,0.6888682842254639,0.6910237073898315,0.695410430431366,0.6984585523605347,0.6930349469184875,0.6958099007606506,0.6990723609924316,0.6933419704437256,1508.0,0.6767038534269744,0.6703007221221924,0.6810001730918884,0.6782129406929016,0.6774199604988098,0.6802306175231934,0.6698165535926819,0.6737423539161682,0.6803092956542969,0.6795686483383179,0.6746046543121338,1508.0,0.6954425673608624,11.9989,125.678,0.25,nllpch_sample_event_ranking,L_PCH + L_rank + L_mul (paper)
sim_shared0p25__coxph__s0,02_synthetic_scenarios,sim_shared0p25,0,shared,0.25,,coxph,0.6948923813300176,0.670331675472676,0.656051973329858,0.11891323284500013,0.19041163942102127,0.21561446586060753,0.6737586767108507,0.174979779375543,0.6909113874071473,0.67410716141345,0.6597878719019078,0.12597585371016204,0.19643638734074634,0.22515312051771577,0.6749354735741684,0.18252178718954137,0.6945837902577677,0.6955947469862421,0.6753701092212122,0.1194914641039327,0.1915200453581437,0.2152220427085799,0.6885162154884074,0.1754111840568854,0.70425132293561,0.6640545072791917,0.6525716870304172,0.11713437569467017,0.20336596871726778,0.21665887493315233,0.6736258390817396,0.17905307311503008,0.6777090512137915,0.17799145593424995,233.6535629516963,310.0874229325895,222.57355460056166,271.52104953141475,192.50291559724164,225.74775668307853,184.15813472505164,200.0276263089001,208.22204196863782,251.84596386399573,0.663661480296641,0.6675792141951837,6877.0,0.5755416606078232,0.08811981968881777,,,,,,,,,,,,,,,,,,,,,,,,,,,,,,,,,,,,,,,,,,,,,,,,,,,,,,,,,,,,,Cox PH (cause-specific)
sim_shared0p25__coxph__s1,02_synthetic_scenarios,sim_shared0p25,1,shared,0.25,,coxph,0.670531571753672,0.648286084649069,0.6370898653418944,0.13390827150139273,0.20587875634739264,0.23044180791876412,0.6519691739148784,0.19007627858918316,0.701767340831804,0.6810166742547948,0.6679297883200129,0.12477436175561923,0.19273117731107178,0.21176598143956735,0.683571267802204,0.1764238401687528,0.7020862795023465,0.6909141218433568,0.6715171185104795,0.11680456029043879,0.1850478245580017,0.212326960953764,0.6881725066187275,0.1713931152674015,0.7060844272540987,0.6687258201992207,0.6623880607861502,0.11582593244523684,0.20474219222266088,0.20605757971963434,0.6790661027464898,0.1755419014625107,0.6756947627705749,0.17835878387196205,257.19003416996065,315.52528227384033,224.6790793127747,265.0991343608703,191.94449453186925,225.28634095964807,187.9443521262114,200.54454053674476,215.43949003520402,251.61382453277588,0.6685401567815412,0.6736024844720496,6761.0,0.5873391510131637,0.08120100576837752,,,,,,,,,,,,,,,,,,,,,,,,,,,,,,,,,,,,,,,,,,,,,,,,,,,,,,,,,,,,,Cox PH (cause-specific)
sim_shared0p25__coxph__s2,02_synthetic_scenarios,sim_shared0p25,2,shared,0.25,,coxph,0.6709583272658517,0.6645482502655946,0.646597126521841,0.11509535702112646,0.1963593787277619,0.21661529635974563,0.6607012346844291,0.17602334403621134,0.693771785007869,0.6749421013387091,0.6721904527348065,0.11673999790947086,0.19443262727352478,0.20654957006728075,0.6803014463604615,0.17257406508342546,0.7180991284050112,0.7015602335840572,0.6811576179637006,0.1090577791413339,0.18786694062951276,0.20519565083400895,0.7002723266509229,0.1673734568682852,0.7336826414196174,0.6735013025779931,0.6633869659051195,0.10980904713287518,0.1988755330507423,0.20554917271926376,0.69019030330091,0.17141125096762708,0.6828663277491809,0.17184552923888727,251.8310926707389,322.65642679726557,226.00833693464682,269.79981890966786,190.440846411681,217.240100393362,180.2482471161032,198.02626151362193,212.1321307832925,251.93065190347937,0.6676410406313943,0.670849273144606,6842.0,0.5758550131540485,0.09178602747734577,,,,,,,,,,,,,,,,,,,,,,,,,,,,,,,,,,,,,,,,,,,,,,,,,,,,,,,,,,,,,Cox PH (cause-specific)
sim_shared0p25__oracle__s0,02_synthetic_scenarios,sim_shared0p25,0,shared,0.25,,oracle,0.7411319601704474,0.7241182299560517,0.7208509875684722,0.11006305242646369,0.17297548648049865,0.18473603367639665,0.7287003925649905,0.15592485752778631,0.7494533516146438,0.7395275665254905,0.7318756048192493,0.11582563227678237,0.17370243717478023,0.186032204484212,0.740285507653128,0.15852009131192488,0.7383357468333468,0.7325513711078918,0.7209598372284965,0.11220696716502758,0.17617562894567917,0.18924875992989726,0.730615651723245,0.15921045201353468,0.7684932898463749,0.7310438396374866,0.7264134715793636,0.10275418784798541,0.17644694503064506,0.17947926873725323,0.7419835336877417,0.15289346720529456,0.7353962714072764,0.15663721701463512,198.15962338799903,258.46060459231984,186.37443520427888,226.67768892103035,169.0817725000591,202.5333609239451,158.21478147481542,169.21222203410645,177.95765314178811,214.22096911785042,0.7131016431583539,0.7232446134347276,6877.0,0.5755416606078232,0.1375599825505307,,,,,,,,,,,,,,,,,,,,,,,,,,,,,,,,,,,,,,,,,,,,,,,,,,,,,,,,,,,,,Oracle (true CIF)
sim_shared0p25__oracle__s1,02_synthetic_scenarios,sim_shared0p25,1,shared,0.25,,oracle,0.7327288162624644,0.7113174242746462,0.7047983872493221,0.12319781587699813,0.18632497876353163,0.19910851379281308,0.7162815425954775,0.16954376947778096,0.7367190904631119,0.734434627626218,0.7263603407427142,0.118251261218306,0.17290123897808463,0.18299147348991252,0.732504686277348,0.1580479912287677,0.7427422685092784,0.7385653190069056,0.7300149987605182,0.11132773777651522,0.1688108437860898,0.1795917794437926,0.7371075287589006,0.1532434536687992,0.7558956161124382,0.7230500156814248,0.7146852228404291,0.10394895426753221,0.18359866055157406,0.1828435787144814,0.7312102848780974,0.1567970645111959,0.729276010627456,0.15940806972163596,212.93122528878817,266.5383141940604,184.3136874670928,221.8502877174864,173.87047630522991,201.20365644068494,166.3562559351638,177.37027357884313,184.36791124906864,216.74063298276872,0.7176453187398314,0.7271739130434782,6761.0,0.5873391510131637,0.1303061677266677,,,,,,,,,,,,,,,,,,,,,,,,,,,,,,,,,,,,,,,,,,,,,,,,,,,,,,,,,,,,,Oracle (true CIF)
sim_shared0p25__oracle__s2,02_synthetic_scenarios,sim_shared0p25,2,shared,0.25,,oracle,0.7311127491479653,0.7273964044529058,0.7210952625234315,0.10738793448817952,0.1764084795601945,0.1840951518169109,0.7265348053747674,0.1559638552884283,0.7589264746954243,0.7442729026228492,0.7457319239510738,0.10926670137212122,0.17392952318128013,0.17084771202786703,0.7496437670897823,0.15134797886042278,0.7512544952878231,0.7511796437147451,0.735721569050366,0.10303265169567744,0.16784616438291586,0.1750659477554451,0.7460519026843114,0.14864825461134615,0.7635394004016486,0.7276559874411567,0.7210697811439373,0.09650601431756925,0.17685159151972865,0.17835131072613514,0.7374217229955807,0.1505696388544777,0.7399130495361105,0.15163243190366874,216.35342022754003,270.923074347774,184.8417901701402,223.36863265042655,162.8271022045027,189.6257851394962,163.80111110231115,174.8935738462456,181.9558559261235,214.7027664959856,0.7231803566208711,0.7312675337923998,6842.0,0.5758550131540485,0.14732534346682258,,,,,,,,,,,,,,,,,,,,,,,,,,,,,,,,,,,,,,,,,,,,,,,,,,,,,,,,,,,,,Oracle (true CIF)
sim_shared0p25__ours_nllpch__s0,02_synthetic_scenarios,sim_shared0p25,0,shared,0.25,,ours,0.7217967319540632,0.7007978722692179,0.6942576328627351,0.11526597897392019,0.18301284542711002,0.19812134554569255,0.7056174123620055,0.18171735107898712,0.7427539856831539,0.7135334033257035,0.7098401707955267,0.1202135550936331,0.18674820682721174,0.1987899440774284,0.7220425199347947,0.17179903388023376,0.7178299259015535,0.7131628352374011,0.6977293249271065,0.11508170511247422,0.1856913999929151,0.20367118373983725,0.709574028688687,0.1677751988172531,0.7501267380735611,0.7123235709139654,0.7016554611467721,0.11017932184951337,0.18793229455502997,0.19685343031322236,0.7213685900447663,0.1588577777147293,0.7146506377575634,0.16679676762566567,205.226210673704,274.9569019474635,203.46071202045314,243.09299274557978,201.3015152107591,224.73408409259332,185.7141380824983,190.77285354995828,198.92564399685364,233.38920808389872,0.6854733168532791,0.6950570342205323,6877.0,0.5755416606078232,0.10993165624545587,nllpch,3.800121784210205,898.0,913.0,894.0,908.0,0.17001621619407206,0.6930919583052123,0.6924905776977539,0.6931686997413635,0.6928558945655823,0.6950835585594177,0.6941574811935425,0.6945101618766785,0.6931537389755249,0.6938020586967468,0.6931317448616028,0.689758837223053,1503.0,0.6996718393074668,0.7007014751434326,0.6992111206054688,0.698600709438324,0.6985181570053101,0.6993134617805481,0.7011368274688721,0.7012572288513184,0.7008447051048279,0.7006007432937622,0.6968477368354797,1503.0,0.6864538159092725,0.6755203008651733,0.6828346848487854,0.6822885870933533,0.6861433982849121,0.6878318190574646,0.687797486782074,0.6885674595832825,0.6857017278671265,0.6882332563400269,0.6848270893096924,1503.0,0.6893073416140958,0.6921339631080627,0.6873282194137573,0.6895265579223633,0.6907119154930115,0.691738486289978,0.6939903497695923,0.6927573680877686,0.6905975341796875,0.6894404888153076,0.6827403903007507,1503.0,0.6921312387840117,13.7238,109.518,0.219,nllpch,L_PCH
sim_shared0p25__ours_nllpch__s1,02_synthetic_scenarios,sim_shared0p25,1,shared,0.25,,ours,0.6981726466726508,0.6768910241115421,0.671180708849297,0.12816591741130715,0.20080935823025167,0.22060579097181424,0.6820814598778301,0.19079874455928802,0.7372189595461147,0.7205014555826017,0.7145196081123873,0.1206140101973934,0.18172504839120995,0.1915498065964928,0.7240800077470345,0.16809622943401337,0.73109038562691,0.7235145897110316,0.7054598248742664,0.11389523141380252,0.17635470087671418,0.19682574876424289,0.7200216000707359,0.16369561851024628,0.7424308720848657,0.7019841642453132,0.6930254649219716,0.11029980930236542,0.195663046491267,0.19584136269273714,0.7124801670840503,0.1622186005115509,0.7096658086949127,0.16936248594496653,237.1603564356701,287.2306951179262,211.95144235345907,239.11021962573716,189.59925732022103,216.10145976583402,176.7573847951778,186.9688646227795,203.867110226132,232.3528097830692,0.7027067001922792,0.7105848861283643,6761.0,0.5873391510131637,0.11536754917911551,nllpch,3.784633159637451,920.0,903.0,859.0,880.0,0.17144655949576795,0.6794725525016986,0.6815915703773499,0.6782957911491394,0.6771794557571411,0.6777848601341248,0.6781732439994812,0.6787618398666382,0.681357204914093,0.681254506111145,0.6824119687080383,0.6772028803825378,1475.0,0.7125848108641081,0.709439218044281,0.7114629149436951,0.7110108733177185,0.7114089727401733,0.7114274501800537,0.7121074795722961,0.7126694321632385,0.7133592367172241,0.7131641507148743,0.7139072418212891,1475.0,0.6948043489233875,0.6841466426849365,0.6942241787910461,0.6968864798545837,0.6984156966209412,0.6963027119636536,0.6965455412864685,0.6966792345046997,0.6972317695617676,0.6966124773025513,0.6876614093780518,1475.0,0.6757915875525644,0.67820143699646,0.6626643538475037,0.670791745185852,0.6733224987983704,0.6714982986450195,0.6733880639076233,0.6769642233848572,0.6794729232788086,0.6791286468505859,0.6745052933692932,1475.0,0.6906633249604397,13.2129,111.633,0.227,nllpch,L_PCH
sim_shared0p25__ours_nllpch__s2,02_synthetic_scenarios,sim_shared0p25,2,shared,0.25,,ours,0.7252290580536968,0.7126584233488176,0.7009488723308759,0.10983779737317774,0.19384028068145412,0.21263362424154042,0.7129454512444634,0.19254915416240692,0.7569815025248613,0.7298847698443932,0.727745642278438,0.11210112842350584,0.18445510020757083,0.19037183983705216,0.7382039715492308,0.16934075951576233,0.7246348181264161,0.7181706977073,0.7071570324333571,0.10595677726375942,0.18193367544684744,0.19015615924649465,0.716654182755691,0.16098083555698395,0.7516541461763522,0.7027910316158862,0.6952163705309082,0.10372262963118367,0.1898180483059561,0.19207041285862478,0.7165538494410489,0.15930487215518951,0.7210893637476086,0.16390812279309727,279.9048591723062,310.9164306635873,241.13834363053763,256.4855865414199,172.59794611550558,201.80174779064183,172.3919176800832,185.4718037428637,216.50826664960815,238.66889218462816,0.7101724641917568,0.7171384850803366,6842.0,0.5758550131540485,0.1343174510377083,nllpch,3.7899422645568848,910.0,903.0,900.0,893.0,0.1706257456922888,0.6926297461312376,0.6834812760353088,0.6898605227470398,0.6908339858055115,0.6918046474456787,0.6918796896934509,0.692451000213623,0.6926982998847961,0.693376898765564,0.6949063539505005,0.6945719718933105,1508.0,0.7164014309960219,0.7192562222480774,0.7183474898338318,0.7171891331672668,0.7167516350746155,0.7166844606399536,0.7171601057052612,0.7176255583763123,0.7178131341934204,0.715925931930542,0.7130081057548523,1508.0,0.6989953806058187,0.690096914768219,0.6945312023162842,0.6990603804588318,0.6994675993919373,0.6974378824234009,0.6997419595718384,0.7006154656410217,0.6997947096824646,0.7009319067001343,0.6966451406478882,1508.0,0.682804703368425,0.678950846195221,0.6766794323921204,0.6845351457595825,0.6858177185058594,0.6867752075195312,0.6863358616828918,0.6857094168663025,0.6861815452575684,0.6856740117073059,0.6724117398262024,1508.0,0.6977078152753758,12.4055,121.559,0.242,nllpch,L_PCH
sim_shared0p25__ours_nllpch_event_ranking__s0,02_synthetic_scenarios,sim_shared0p25,0,shared,0.25,,ours,0.7220436253877712,0.6899164593230074,0.6749224744239237,0.12031472359916591,0.19725964355875936,0.22346750731766893,0.6956275197115674,0.19879183173179626,0.7317457763608728,0.6997243730817125,0.6829578617423355,0.12690677569613612,0.19588371691633527,0.21324603064950237,0.7048093370616403,0.18673543632030487,0.6950901414638452,0.6938810425758571,0.6810228975011271,0.11992088936456886,0.19385392481401492,0.21121440531518748,0.6899980271802765,0.175835520029068,0.7016586644376905,0.6653558326511019,0.6685862182780868,0.11878131380957957,0.20502441846300468,0.2055004454203686,0.6785335717889597,0.16837947070598602,0.692242113935611,0.17761448291035767,267.15058296757394,323.4015948716447,209.99119519690703,265.6324015511856,200.04345426492793,231.1417586397839,174.71797591363233,191.418744802572,212.9758020857603,252.89862496629655,0.6848916678784354,0.6913814955640051,6877.0,0.5755416606078232,0.10935000727061217,nllpch_event_ranking,2.083634376525879,898.0,913.0,894.0,908.0,0.18242181914271063,0.676061778257429,0.6882857084274292,0.67494136095047,0.6742728352546692,0.6714670062065125,0.6687890291213989,0.6700710654258728,0.6726794242858887,0.6778461933135986,0.682538628578186,0.681370735168457,1503.0,0.681673255527135,0.6974902749061584,0.6948252320289612,0.6920046806335449,0.686080276966095,0.6830047369003296,0.6830201745033264,0.6751716136932373,0.6762678623199463,0.682374894618988,0.6783874034881592,1503.0,0.6654644380690674,0.6650071740150452,0.6661854386329651,0.6586975455284119,0.6627636551856995,0.6616994142532349,0.6598239541053772,0.6644527316093445,0.6661804914474487,0.6750385165214539,0.6640542149543762,1503.0,0.6548707593727664,0.6508619785308838,0.6438001394271851,0.6522766351699829,0.6585800647735596,0.6606286764144897,0.6578564643859863,0.656358540058136,0.6616334915161133,0.6568651795387268,0.6442162394523621,1503.0,0.6695175578065994,12.5485,119.775,0.239,nllpch_event_ranking,L_PCH + L_mul
sim_shared0p25__ours_nllpch_event_ranking__s1,02_synthetic_scenarios,sim_shared0p25,1,shared,0.25,,ours,0.7019775304123793,0.674871326642013,0.663770275791245,0.13356678361693805,0.20784679096287678,0.2235718007445136,0.6802063776152124,0.19655261933803558,0.7195151222798637,0.6948815280210942,0.6817435443382557,0.12552096829565182,0.19499798463239593,0.20546284056783393,0.6987133982130712,0.17918868362903595,0.7210654565629909,0.7022117842185841,0.6764188887657543,0.11626144411496696,0.18454532384638223,0.21203583093208836,0.6998987098491097,0.17487291991710663,0.6980529728814021,0.6805410495087857,0.6804449399454565,0.11680374920652765,0.20018405719240653,0.20105819065786432,0.6863463207785481,0.16761037707328796,0.6912912016139854,0.1768213137308705,246.87858058134046,303.8246147576144,208.58938980355734,252.5638845510959,184.58026963455697,222.82129189915332,170.92675248875688,187.2817256727036,202.7437481270529,241.6228792201418,0.6932406448750185,0.7006211180124223,6761.0,0.5873391510131637,0.10590149386185477,nllpch_event_ranking,2.07949161529541,920.0,903.0,859.0,880.0,0.1797722518644863,0.6704539238245201,0.6802958846092224,0.6761198043823242,0.6723729372024536,0.667628824710846,0.6675145030021667,0.6666373610496521,0.671974778175354,0.6733453869819641,0.6745395064353943,0.6641786694526672,1475.0,0.6864387066986548,0.6925413608551025,0.6919346451759338,0.6857398152351379,0.6852019429206848,0.687079668045044,0.6847050786018372,0.682699978351593,0.689017117023468,0.6878477931022644,0.6854905486106873,1475.0,0.670644893346133,0.6677512526512146,0.6724503636360168,0.6635321378707886,0.6637470722198486,0.6610404253005981,0.6669456362724304,0.6678642630577087,0.6678427457809448,0.6813295483589172,0.6750208139419556,1475.0,0.6589567267261123,0.6416640877723694,0.6200079321861267,0.6371239423751831,0.6499627828598022,0.6489111185073853,0.6577512621879578,0.6606860160827637,0.6692134737968445,0.6663813591003418,0.6570883989334106,1475.0,0.671623562648855,11.9442,123.491,0.251,nllpch_event_ranking,L_PCH + L_mul
sim_shared0p25__ours_nllpch_event_ranking__s2,02_synthetic_scenarios,sim_shared0p25,2,shared,0.25,,ours,0.7188580974564529,0.6983033323073439,0.6799015110332791,0.11279297800449534,0.20122854865446202,0.21796545574931775,0.699020980265692,0.19634301960468292,0.7238005811465815,0.6985528138870551,0.6921982171807313,0.11639597739399418,0.1942608875289204,0.19981604735181252,0.7048505374047892,0.1763833910226822,0.7005925145693124,0.6792616661091345,0.6721924374969751,0.11097009108522923,0.19661058597615622,0.20748111988409693,0.6840155393918073,0.1744336038827896,0.7374349452461717,0.6848948188902139,0.682597449860163,0.10760878477002084,0.19558037661948766,0.19847864877723626,0.7016424046655162,0.1652737557888031,0.6973823654319512,0.17159912514960243,252.86939610057482,311.1283122641646,217.4039797279453,257.8390189109744,189.7643862031362,219.62417915840211,186.759566759949,197.24034608632786,211.6993321979013,246.45796410496723,0.6929260450160771,0.6998469778117827,6842.0,0.5758550131540485,0.11707103186202861,nllpch_event_ranking,2.063169240951538,910.0,903.0,900.0,893.0,0.178182489558418,0.6758908434169447,0.6846558451652527,0.6737497448921204,0.6711803078651428,0.6663222908973694,0.6638903021812439,0.6649505496025085,0.672687292098999,0.679071843624115,0.6829740405082703,0.6918516755104065,1508.0,0.6906151650041427,0.7042912840843201,0.7009660601615906,0.696480929851532,0.6887980699539185,0.6898906230926514,0.6902661919593811,0.6816690564155579,0.6879048347473145,0.6880522966384888,0.6976136565208435,1508.0,0.6663777022658784,0.686781644821167,0.6734763979911804,0.6663434505462646,0.6623730659484863,0.6578530073165894,0.6621519327163696,0.6666396856307983,0.6678813695907593,0.6743766665458679,0.663297712802887,1508.0,0.6667136457632689,0.6654321551322937,0.6562135815620422,0.6653293371200562,0.663043200969696,0.663159966468811,0.6667972803115845,0.6652550101280212,0.6722483038902283,0.6695674061775208,0.664391279220581,1508.0,0.6748993391125586,12.6948,118.788,0.236,nllpch_event_ranking,L_PCH + L_mul
sim_shared0p25__ours_nllpch_sample_event_ranking__s0,02_synthetic_scenarios,sim_shared0p25,0,shared,0.25,,ours,0.7139959365357796,0.7051470186891498,0.7015954042104456,0.12471161301131034,0.2055213469259007,0.23086308991537954,0.7069127864784583,0.20696508884429932,0.7380563965077621,0.7163401716683622,0.7086603258940115,0.12968186798096573,0.20688608647130377,0.2263574595290136,0.7210189646900452,0.19349369406700134,0.7210773317755231,0.720311812177666,0.701814064781547,0.12103526849940557,0.20122545801355446,0.21641463936782426,0.7144010695782453,0.1803753823041916,0.7363103150415672,0.7053658810908843,0.6924797832684311,0.12010864716091406,0.20783215102137761,0.2172022210125726,0.7113853264669608,0.17491568624973297,0.7134295368034275,0.1839866540757935,287.8245233870605,336.29742410222957,245.09593847870315,283.0253427588988,189.2056199245537,230.80854584674591,180.93383440068925,199.23038956449062,225.76497904775164,262.34042556809123,0.6901265086520285,0.6973891001267427,6877.0,0.5755416606078232,0.11458484804420532,nllpch_sample_event_ranking,2.330726385116577,898.0,913.0,894.0,908.0,0.1889270488126371,0.6973529566169312,0.6929054260253906,0.6965622305870056,0.6950008869171143,0.6973791122436523,0.6981155872344971,0.6988159418106079,0.6976084113121033,0.6970946788787842,0.7007474899291992,0.6949486136436462,1503.0,0.7016597724128362,0.7035303115844727,0.7031808495521545,0.6977692246437073,0.698016345500946,0.6981419324874878,0.7033143043518066,0.699415385723114,0.7045542597770691,0.7062440514564514,0.7001162767410278,1503.0,0.6889774811225617,0.6860350966453552,0.6872134208679199,0.6872402429580688,0.687368631362915,0.687984824180603,0.6924354434013367,0.693183422088623,0.6902085542678833,0.6912200450897217,0.6831263899803162,1503.0,0.6766879778061069,0.6632481813430786,0.6800412535667419,0.6839345097541809,0.6755911111831665,0.6750409603118896,0.6829403042793274,0.6804697513580322,0.6802111864089966,0.6832952499389648,0.6626826524734497,1503.0,0.691169546989609,11.5908,129.672,0.259,nllpch_sample_event_ranking,L_PCH + L_rank + L_mul (paper)
sim_shared0p25__ours_nllpch_sample_event_ranking__s1,02_synthetic_scenarios,sim_shared0p25,1,shared,0.25,,ours,0.7055929109663716,0.6769582116525091,0.6720147956868764,0.13877139320768275,0.2153399598784507,0.23227279436603612,0.684855306101919,0.21023061871528625,0.7323765010119571,0.7191627364306651,0.7112051205188716,0.1286700718727434,0.20243707477821668,0.21811717987189752,0.7209147859871646,0.18998347222805023,0.7165278921450401,0.7122596415070654,0.6974304218809599,0.12347415068428397,0.19858260419201063,0.2193172527169167,0.7087393185110219,0.18467186391353607,0.7297383709537006,0.7056323938176081,0.6993672268834379,0.11935883646447148,0.21087919556855572,0.2124105387578583,0.7115793305515822,0.17600911855697632,0.7065221852879219,0.18496925436326034,261.2686397515453,325.8394112828543,221.78605167427833,269.102063928503,200.57075857927134,237.81039747510437,186.26256823104583,200.4719729562623,217.4720045590352,258.305961410681,0.6827392397574323,0.6907091097308489,6761.0,0.5873391510131637,0.09540008874426864,nllpch_sample_event_ranking,2.3127059936523438,920.0,903.0,859.0,880.0,0.19047961821220083,0.6739251057726862,0.6787457466125488,0.6807564496994019,0.6747617125511169,0.6732333898544312,0.6735890507698059,0.6734456419944763,0.6775025129318237,0.6733210682868958,0.6780980825424194,0.6647830605506897,1475.0,0.7062047978658146,0.7044132351875305,0.7019469738006592,0.7001316547393799,0.704646110534668,0.7050120830535889,0.7080284357070923,0.7075977325439453,0.7082622647285461,0.7088120579719543,0.7044953107833862,1475.0,0.6828689050007534,0.673309326171875,0.6774316430091858,0.6821818351745605,0.685434877872467,0.6845456957817078,0.6872679591178894,0.6842504739761353,0.6889162063598633,0.6867130398750305,0.6715491414070129,1475.0,0.6797587684706792,0.6781172156333923,0.6696896553039551,0.672132134437561,0.6760952472686768,0.6792768836021423,0.6816579699516296,0.6823379397392273,0.685417890548706,0.6816074252128601,0.6744685173034668,1475.0,0.6856893942774832,11.2079,131.604,0.268,nllpch_sample_event_ranking,L_PCH + L_rank + L_mul (paper)
sim_shared0p25__ours_nllpch_sample_event_ranking__s2,02_synthetic_scenarios,sim_shared0p25,2,shared,0.25,,ours,0.7010324116570458,0.7035301477021896,0.6868191783859311,0.11738623756543266,0.21371731814650818,0.22732595991869503,0.6971272459150555,0.21061493456363678,0.7466642667539408,0.7184700444559793,0.7141288642354835,0.11935308729947967,0.20320064901658397,0.21633818540919478,0.7264210584818013,0.19058169424533844,0.7262270352412601,0.7138923394029946,0.6961298115183093,0.11259978996719262,0.2019412339634115,0.21875072619960712,0.7120830620541879,0.18215689063072205,0.756320621724619,0.6895943842421456,0.6818059286762562,0.11617148805134471,0.2080214986593458,0.21034344835171134,0.7092403115476736,0.17645257711410522,0.7112179194996796,0.1804291352123756,252.82794991345625,333.2798879807081,217.88162768934248,273.24584932989916,210.35991644927833,236.22252509255787,179.15272238619585,201.69391285055707,215.05555410956822,261.1105438134306,0.6749488453668518,0.6799540933435348,6842.0,0.5758550131540485,0.09909383221280332,nllpch_sample_event_ranking,2.3190712928771973,910.0,903.0,900.0,893.0,0.19003555554270546,0.6743077340592553,0.6556615829467773,0.6763504147529602,0.6788893938064575,0.6770963072776794,0.6719342470169067,0.676574170589447,0.6774858236312866,0.6769924759864807,0.6771277785301208,0.6660882830619812,1508.0,0.7090881135511904,0.7084265947341919,0.7121391892433167,0.7037938237190247,0.7095336318016052,0.7082920074462891,0.7120001912117004,0.706416666507721,0.7110639214515686,0.7095680236816406,0.7085362076759338,1508.0,0.6879784929208681,0.6651633381843567,0.6788298487663269,0.6826590299606323,0.6929609775543213,0.6885251402854919,0.691122829914093,0.6925159692764282,0.6893530488014221,0.6875014305114746,0.6841017603874207,1508.0,0.6677779938923503,0.6620296835899353,0.6536349058151245,0.6567856073379517,0.6709590554237366,0.6722699999809265,0.6685848832130432,0.6715177297592163,0.6723048686981201,0.6728537678718567,0.65827876329422,1508.0,0.6847880836059159,13.0142,115.873,0.231,nllpch_sample_event_ranking,L_PCH + L_rank + L_mul (paper)
sim_shared0p75__coxph__s0,02_synthetic_scenarios,sim_shared0p75,0,shared,0.75,,coxph,0.7040512923726783,0.6812614349477849,0.6602727624635429,0.11878107772820747,0.18832424214164806,0.21700788594022213,0.681861829928002,0.17470440193669257,0.691791367227761,0.679985018983824,0.6598808326183285,0.12808361921703035,0.19672424470395633,0.22389890504714566,0.6772190729433044,0.18290225632271082,0.6797108372791476,0.6829979667597644,0.6682022586445996,0.11922767923165356,0.19449341080961705,0.21487829642591286,0.6769703542278371,0.17619979548906115,0.6827477978610954,0.6662333151766194,0.6573012972391097,0.12368565801784376,0.2021341770249003,0.21157046194186102,0.6687608034256082,0.17913009899486834,0.6762030151311879,0.17823413818583322,239.24046370578813,310.50973850431785,229.1250083986312,282.2507383649862,192.36252719384362,225.37872008169592,179.60767729541337,200.7275925114133,210.08391914841908,254.71669736560332,0.627910447761194,0.6318205529473135,6700.0,0.5865671641791045,0.041343283582089496,,,,,,,,,,,,,,,,,,,,,,,,,,,,,,,,,,,,,,,,,,,,,,,,,,,,,,,,,,,,,Cox PH (cause-specific)
sim_shared0p75__coxph__s1,02_synthetic_scenarios,sim_shared0p75,1,shared,0.75,,coxph,0.681625898940801,0.6504307566459183,0.6436109589096006,0.13128807400701284,0.20445866888390407,0.22550604609558847,0.6585558714987733,0.18708426299550177,0.6944998619169153,0.669108504315285,0.6590455934059014,0.12184727250116434,0.19389427247593022,0.21191368446628442,0.6742179865460338,0.1758850764811263,0.7131634469382626,0.6940568107159645,0.679113435048449,0.11860783536002724,0.18830428626353776,0.20899630532264676,0.6954445642342253,0.17196947564873724,0.6799038792094666,0.6665567348516844,0.6668337865941771,0.12315777619902628,0.2043854813269425,0.19757501577657072,0.671098133551776,0.17503942443417983,0.6748291389577021,0.1774945598898863,258.53836372152375,317.3039267900914,229.63528439360206,279.14329474184564,188.53970434051175,222.85865520274996,187.81826717942448,202.92342253119992,216.1329049087655,255.55732481647172,0.6338546458141674,0.637768817204301,6522.0,0.5953695185525912,0.03848512726157616,,,,,,,,,,,,,,,,,,,,,,,,,,,,,,,,,,,,,,,,,,,,,,,,,,,,,,,,,,,,,Cox PH (cause-specific)
sim_shared0p75__coxph__s2,02_synthetic_scenarios,sim_shared0p75,2,shared,0.75,,coxph,0.681778456804517,0.6686575158330503,0.6462319820086448,0.12124810252348676,0.19678941902045588,0.220365868902946,0.6655559848820708,0.17946779681562955,0.693776321176274,0.6699953383102867,0.6604951108123359,0.11708233392723377,0.18976989513126258,0.2109925454031051,0.6747555900996322,0.17261492482053384,0.7068295405035865,0.6917500469353908,0.6761040706050108,0.11233802822170114,0.1906826682609737,0.20665148613891268,0.691561219347996,0.16989072754052917,0.6919064196969543,0.6694257460150455,0.6658655458601596,0.11970523558821597,0.20001804911475773,0.2010659922282922,0.675732570524053,0.1735964256437553,0.6769013412134379,0.17389246870511196,257.55196504387635,318.9090733386501,233.24961067679118,278.8505052851855,187.79045932998275,218.67004342626015,177.92057120302516,200.13451209135403,214.12815156341887,254.14103353536242,0.6326622596153846,0.6357255520504732,6656.0,0.5880408653846154,0.04462139423076916,,,,,,,,,,,,,,,,,,,,,,,,,,,,,,,,,,,,,,,,,,,,,,,,,,,,,,,,,,,,,Cox PH (cause-specific)
sim_shared0p75__oracle__s0,02_synthetic_scenarios,sim_shared0p75,0,shared,0.75,,oracle,0.7661730558251596,0.7397670971344039,0.7267620576119104,0.10562740932444264,0.16511889146773998,0.1813525906055151,0.7442340701904913,0.15069963046589926,0.7443060010200601,0.7451898730328094,0.7388543923539431,0.11991217294204871,0.16914233744531254,0.17657524759887858,0.7427834221356041,0.15520991932874662,0.7310418188544767,0.7324431892467149,0.7197716485485947,0.11214616085752936,0.17287063714517978,0.18607928276764166,0.727752218883262,0.15703202692345028,0.7546679416665367,0.7417051206544044,0.7257022324082302,0.11018075497502111,0.17130108197855953,0.18232547207673705,0.7406917649097237,0.15460243634343923,0.7388653690297702,0.15438600326538388,205.75170770764979,262.0498231437094,183.31745612127952,228.58338110724426,170.64296936581403,202.10433526741454,152.46637165361832,170.03640053269072,178.0446262120904,215.6934850127647,0.6625373134328358,0.6711267605633803,6700.0,0.5865671641791045,0.07597014925373136,,,,,,,,,,,,,,,,,,,,,,,,,,,,,,,,,,,,,,,,,,,,,,,,,,,,,,,,,,,,,Oracle (true CIF)
sim_shared0p75__oracle__s1,02_synthetic_scenarios,sim_shared0p75,1,shared,0.75,,oracle,0.7465545397611145,0.7191642686727091,0.7148705877689184,0.11798220856428276,0.17996681794268887,0.18947523698347649,0.7268631320675807,0.16247475449681603,0.7523097411036948,0.7323022771508945,0.7270214336955012,0.1109633148752799,0.16846582265325932,0.17801315404069398,0.7372111506500302,0.15248076385641107,0.7527427167520814,0.7474823950383137,0.7380007992897598,0.11208551762054764,0.16554305751872225,0.17561433637242957,0.7460753036933849,0.15108097050389982,0.7420914736378872,0.7221981170536395,0.7231835109518902,0.113246510639494,0.18117306358799326,0.172391365791815,0.7291577005478057,0.15560364667310075,0.7348268217397004,0.15541003388255692,216.06867275411133,264.84100408286906,184.65077470767167,228.79002191111834,168.59758706505576,195.73519825929256,162.10939530164634,176.2372053290498,182.8566074571213,216.40085739558242,0.6701931922723091,0.6776881720430107,6522.0,0.5953695185525912,0.07482367371971788,,,,,,,,,,,,,,,,,,,,,,,,,,,,,,,,,,,,,,,,,,,,,,,,,,,,,,,,,,,,,Oracle (true CIF)
sim_shared0p75__oracle__s2,02_synthetic_scenarios,sim_shared0p75,2,shared,0.75,,oracle,0.7377631133043119,0.7384930604165293,0.7246839913746959,0.1103617359245277,0.1715214278999319,0.18270998923163553,0.7336467216985123,0.15486438435203173,0.7608844936171821,0.7474480084554128,0.7378168049822417,0.10655688976093165,0.1638584194059645,0.1744522722416867,0.7487164356849455,0.14828919380286096,0.744583382928822,0.7494315225477226,0.7400178420856864,0.10641982784103007,0.16656827194954388,0.1692805315804378,0.7446775825207436,0.14742287712367055,0.7435760753944161,0.7212551071849945,0.7221253668754967,0.1094914459090404,0.17786179481192652,0.17525536630078328,0.7289855164849691,0.15420286900725008,0.7390065640972926,0.15119483107145334,217.43953439426394,265.4541980468462,185.42769418163132,223.22582061598342,158.93498857317226,187.43829769545943,156.06273016560084,174.11506275863792,179.4662368286671,212.55834477923176,0.6741286057692307,0.6812302839116718,6656.0,0.5880408653846154,0.08608774038461531,,,,,,,,,,,,,,,,,,,,,,,,,,,,,,,,,,,,,,,,,,,,,,,,,,,,,,,,,,,,,Oracle (true CIF)
sim_shared0p75__ours_nllpch__s0,02_synthetic_scenarios,sim_shared0p75,0,shared,0.75,,ours,0.7535635052045074,0.7248320570113482,0.7087141085094936,0.11123904723604074,0.1763021982531509,0.19564662940676955,0.7290365569084497,0.17851658165454865,0.7361946345356097,0.7302194249287126,0.718645968047501,0.12327760557876571,0.18115094052683148,0.1919449103030084,0.728353342503941,0.16820713877677917,0.7045179970024954,0.7105195415515848,0.6993938582059279,0.12021645010612225,0.18488811334214303,0.19754990027254324,0.7048104655866694,0.16871041059494019,0.7285699526886529,0.7212775626400075,0.7066940701223757,0.11689779215221079,0.18131453644492335,0.18974292938665516,0.7188471951503453,0.15256990492343903,0.7202618900373514,0.16418092108409707,197.19631525411842,268.8959712170386,181.32493506226416,235.18697437086576,165.49781386601794,206.2043213013554,153.50134869126492,176.9229716668579,174.38010321841637,221.80255963902943,0.6474626865671642,0.6549556598852374,6700.0,0.5865671641791045,0.06089552238805973,nllpch,3.7740437984466553,900.0,908.0,904.0,904.0,0.16698960473645577,0.7040303065066824,0.7023311853408813,0.7051519751548767,0.7058240175247192,0.7054402232170105,0.7051281929016113,0.7052682042121887,0.7044211030006409,0.7038819789886475,0.7022407054901123,0.7022740244865417,1503.0,0.7090195057077826,0.7067797183990479,0.7088264226913452,0.7097066640853882,0.708936333656311,0.7093231678009033,0.7102256417274475,0.7097883820533752,0.7096419930458069,0.7099329829216003,0.7062843441963196,1503.0,0.6869809074372297,0.6840946674346924,0.6846835017204285,0.6838433742523193,0.6846809983253479,0.6885822415351868,0.687963604927063,0.6877879500389099,0.6868468523025513,0.6881759166717529,0.6861452460289001,1503.0,0.698989811881974,0.6872466802597046,0.6861497163772583,0.6977824568748474,0.700547993183136,0.702294111251831,0.7023568749427795,0.701994776725769,0.7009957432746887,0.7004297375679016,0.6927492618560791,1503.0,0.6997551328834172,11.5437,130.201,0.26,nllpch,L_PCH
sim_shared0p75__ours_nllpch__s1,02_synthetic_scenarios,sim_shared0p75,1,shared,0.75,,ours,0.7138856090899418,0.6960656126262345,0.6887569774203024,0.1256097740088856,0.1921381545010529,0.20987829971929323,0.6995693997121596,0.18573541939258575,0.7387627106564553,0.7176858171050317,0.7116171596574812,0.11495695997972295,0.17941534784304752,0.19215640050013635,0.7226885624729894,0.16753354668617249,0.7388221626903447,0.7271327083821695,0.7141490788372687,0.11478116320820554,0.17815880875898116,0.192884647231332,0.7267013166365942,0.16358190774917603,0.7392837916204297,0.7130297593931666,0.7110313751582745,0.11486467468594652,0.19119832369735082,0.1850495615457745,0.7211149753906235,0.15703624486923218,0.7175185635530916,0.16592434297331077,251.1769841834045,290.14223001340457,207.9973501559862,244.1591692046465,190.17674965923834,213.2048992978996,181.2539844624907,188.3455473603807,207.65126711527995,233.96296146908284,0.6582336706531738,0.6651881720430107,6522.0,0.5953695185525912,0.0628641521005826,nllpch,3.738058567047119,908.0,879.0,864.0,875.0,0.16864754137875204,0.6922781885733383,0.6934471726417542,0.6928284168243408,0.6924328207969666,0.6924788355827332,0.6916693449020386,0.6925275921821594,0.6933954358100891,0.6926431059837341,0.6936184167861938,0.6894035339355469,1475.0,0.7080579118602756,0.6991066336631775,0.7039053440093994,0.7052139639854431,0.7072861790657043,0.70726078748703,0.7080883383750916,0.7092768549919128,0.7089285850524902,0.7088691592216492,0.7092352509498596,1475.0,0.7024342181004929,0.6890131831169128,0.7008791565895081,0.7026848793029785,0.700616717338562,0.7006787061691284,0.7029255628585815,0.7030835151672363,0.7027714848518372,0.70458984375,0.7019188404083252,1475.0,0.7022949129084524,0.6983821988105774,0.699759840965271,0.7012772560119629,0.7018216848373413,0.7009259462356567,0.7019461989402771,0.7029428482055664,0.7033408284187317,0.703814685344696,0.7010173201560974,1475.0,0.7012663078606398,11.8358,124.622,0.253,nllpch,L_PCH
sim_shared0p75__ours_nllpch__s2,02_synthetic_scenarios,sim_shared0p75,2,shared,0.75,,ours,0.7161580532557649,0.7185819815247408,0.7033065216925349,0.11550217377276488,0.18301639086641278,0.19750691664392278,0.7126821854910136,0.18334902822971344,0.7413160978786301,0.7329608633156836,0.7205812413159399,0.11148127580964873,0.17336997695048872,0.18477899774513604,0.7316194008367511,0.16625599563121796,0.732948880843587,0.7215608912967173,0.7106602817976346,0.11011450793230677,0.1841995557276439,0.1902230470264686,0.7217233513126464,0.15932947397232056,0.7282764609264901,0.7028713885755974,0.7035836112247447,0.113931665824075,0.19212806448443176,0.18429800349757697,0.7115771535756107,0.15758776664733887,0.7194005228040055,0.16171254802340643,215.86105208075733,277.4123964671602,186.33498313057842,233.7073164402144,172.44721426942277,201.5956253844536,153.23299025912286,179.5243177059895,181.96905993497035,223.0599139994544,0.6524939903846154,0.6573080967402735,6656.0,0.5880408653846154,0.064453125,nllpch,3.7621865272521973,927.0,901.0,894.0,887.0,0.166800249371049,0.6926423170497579,0.6838147044181824,0.6842141151428223,0.6904146671295166,0.6932443976402283,0.6938260197639465,0.6939396262168884,0.6949228048324585,0.6926601529121399,0.6953421235084534,0.6920604705810547,1508.0,0.7103871456859181,0.7067149877548218,0.7091025710105896,0.7087673544883728,0.7072643637657166,0.7103480696678162,0.71126389503479,0.711647093296051,0.7119568586349487,0.7117367386817932,0.7089878916740417,1508.0,0.7067583838860034,0.6982271671295166,0.7064909934997559,0.7043440937995911,0.7051120400428772,0.7058597207069397,0.7063307762145996,0.7061956524848938,0.7058809399604797,0.7081522941589355,0.7085685133934021,1508.0,0.6956037346775038,0.6871312260627747,0.6915330290794373,0.693756103515625,0.6948804259300232,0.6944039463996887,0.6970779895782471,0.6969449520111084,0.6971597671508789,0.6969636082649231,0.6931601166725159,1508.0,0.7013478953247958,13.8641,108.771,0.216,nllpch,L_PCH
sim_shared0p75__ours_nllpch_event_ranking__s0,02_synthetic_scenarios,sim_shared0p75,0,shared,0.75,,ours,0.739775767493838,0.7069777661740887,0.6862885637144668,0.12061686369689778,0.18836540673357205,0.206864894010779,0.7110140324607978,0.18826301395893097,0.724211212167601,0.7145618891179986,0.7009831986965372,0.12578598796210314,0.186256469072734,0.1986840025926894,0.7132520999940456,0.17516785860061646,0.7057354112693394,0.7059107030391549,0.6946284146586811,0.11849873582838952,0.18500360054164852,0.1996351584010883,0.7020915096557251,0.16987349092960358,0.721697627930972,0.7043347172975131,0.6897822783016271,0.12113607841133447,0.19079800684267695,0.19774571236743074,0.7052715411767041,0.15908367931842804,0.7079072958218181,0.1699492430384453,226.701365080377,293.426233852213,205.06553325693986,255.28571069681297,175.66389048590426,212.09374317489366,164.49904312181195,184.2935843160016,192.98245798625828,236.27481800998032,0.6407462686567165,0.6449139280125196,6700.0,0.5865671641791045,0.05417910447761198,nllpch_event_ranking,2.045771837234497,900.0,908.0,904.0,904.0,0.1730825249105692,0.6863814445412019,0.6829245090484619,0.6852511167526245,0.6850525736808777,0.6827144622802734,0.6846283078193665,0.6854490041732788,0.6837306022644043,0.6879333257675171,0.6860071420669556,0.6930904984474182,1503.0,0.6950307157821067,0.6974992752075195,0.7011106014251709,0.6982254981994629,0.6974318027496338,0.6958311796188354,0.6927346587181091,0.6928806304931641,0.6931015253067017,0.6944530010223389,0.695805013179779,1503.0,0.678575388158558,0.679645299911499,0.6767103672027588,0.6770269870758057,0.6781680583953857,0.6792575120925903,0.6793838143348694,0.6796756982803345,0.6799880862236023,0.6804544925689697,0.6750478148460388,1503.0,0.6857813474035401,0.6791524887084961,0.6876552700996399,0.6902239918708801,0.6886305212974548,0.6899484395980835,0.6895683407783508,0.6882649660110474,0.6876700520515442,0.6870383024215698,0.677080512046814,1503.0,0.6864422239713517,13.0238,115.404,0.23,nllpch_event_ranking,L_PCH + L_mul
sim_shared0p75__ours_nllpch_event_ranking__s1,02_synthetic_scenarios,sim_shared0p75,1,shared,0.75,,ours,0.712647874306605,0.6922219967245878,0.682959771627895,0.13082046451352478,0.20223972955774538,0.2150214533739605,0.695943214219696,0.19129715859889984,0.7457830930041749,0.7182292576368818,0.7092438248108925,0.11688646787930043,0.18209984373986352,0.19290845696559134,0.7244187251506498,0.1700080782175064,0.7359840302964112,0.7154066351793037,0.703615868111911,0.11795540706928465,0.1825057861028067,0.19633407826859958,0.7183355111958752,0.1673629879951477,0.7217413207891277,0.705549548333372,0.7038573542711312,0.11950941101641943,0.19152087318575284,0.18498118444318667,0.7103827411312102,0.15814773738384247,0.7122700479243578,0.169398596343003,258.1952283513234,300.2331723706695,220.9629282891266,254.81555574699257,203.068395747365,221.4934472381412,185.30601822415034,192.40860139642433,216.88314265299132,242.23769418805688,0.6381478074210365,0.6436021505376344,6522.0,0.5953695185525912,0.04277828886844526,nllpch_event_ranking,2.0257515907287598,908.0,879.0,864.0,875.0,0.17189898258640357,0.687829336070442,0.692669689655304,0.6905392408370972,0.6875678896903992,0.6883912682533264,0.6856977343559265,0.6868373155593872,0.6879805326461792,0.6890954971313477,0.6877987384796143,0.6864462494850159,1475.0,0.7058097236376047,0.7092183828353882,0.7104622721672058,0.7085707187652588,0.7081027626991272,0.7046636343002319,0.7020468711853027,0.7041818499565125,0.705941379070282,0.7070674300193787,0.7053912281990051,1475.0,0.6954060739249892,0.687384843826294,0.6939122676849365,0.6882277727127075,0.6909425258636475,0.6935604810714722,0.6953827142715454,0.6963826417922974,0.6933973431587219,0.6975497603416443,0.6990218162536621,1475.0,0.69545438883473,0.6830435991287231,0.6850244402885437,0.6896600127220154,0.6930058598518372,0.6961387991905212,0.6956217885017395,0.6958649754524231,0.6952559351921082,0.6958371996879578,0.6971378326416016,1475.0,0.6961248806169416,13.4503,109.663,0.223,nllpch_event_ranking,L_PCH + L_mul
sim_shared0p75__ours_nllpch_event_ranking__s2,02_synthetic_scenarios,sim_shared0p75,2,shared,0.75,,ours,0.7126538569844684,0.718941264145255,0.6942107104066979,0.11840128513605608,0.1880669149549761,0.20317382527105002,0.7086019438454737,0.18675683438777924,0.738712750033535,0.7238970025993716,0.710123320388222,0.11314615263592306,0.1778392688591756,0.1906485257695989,0.7242443576737095,0.17089834809303284,0.7111629000115579,0.7067568164376399,0.697482491588902,0.11494222177431522,0.19017632485001515,0.1950869069131366,0.7051340693460332,0.16509880125522614,0.7255268787474085,0.6959764971047688,0.6933481158998958,0.1185161855551591,0.19649183823350974,0.19151340025037253,0.704950497250691,0.16239239275455475,0.7107327170289769,0.16650023751694065,221.22372184939158,282.2987923084405,200.60785736431177,246.17602873717578,181.50345887001467,209.04204626987408,163.9144133872172,185.48612166383825,191.8123628677338,230.75074724483216,0.6415264423076923,0.645478443743428,6656.0,0.5880408653846154,0.05348557692307687,nllpch_event_ranking,2.0347015857696533,927.0,901.0,894.0,887.0,0.1714445491284999,0.6898090786560452,0.6782299280166626,0.6841906309127808,0.6881681680679321,0.6888308525085449,0.6898308992385864,0.6892945766448975,0.6885090470314026,0.6901398301124573,0.692444384098053,0.6941335797309875,1508.0,0.699285701119784,0.6992350220680237,0.7043482065200806,0.6997070908546448,0.7011023163795471,0.6998714804649353,0.6991361975669861,0.6988495588302612,0.6976291537284851,0.701255202293396,0.6969560980796814,1508.0,0.6933001647638114,0.6820300817489624,0.6977611780166626,0.6850148439407349,0.6890029311180115,0.6946741938591003,0.6936073899269104,0.6913412809371948,0.6926826238632202,0.6939578652381897,0.6967140436172485,1508.0,0.6865718276588111,0.6802713871002197,0.6864038705825806,0.685416579246521,0.6890292167663574,0.6876101493835449,0.6868099570274353,0.688057541847229,0.6868829131126404,0.6880189776420593,0.6833695769309998,1508.0,0.6922416930496129,12.7567,118.212,0.235,nllpch_event_ranking,L_PCH + L_mul
sim_shared0p75__ours_nllpch_sample_event_ranking__s0,02_synthetic_scenarios,sim_shared0p75,0,shared,0.75,,ours,0.7458330328518175,0.7200907198339886,0.7048609063483706,0.12383525640540424,0.20445451232059927,0.22268518048133165,0.7235948863447256,0.20302805304527283,0.7395494590110228,0.7325221673336628,0.7186725385274991,0.1301277266656672,0.20069597384241644,0.21748595550736133,0.730248054957395,0.1894700974225998,0.7078259246364729,0.7129633703898365,0.6989901700808087,0.11982993129720494,0.20035212801260083,0.2174922630366776,0.706593155035706,0.1810876727104187,0.719549695333034,0.7122147512684839,0.6986928018720384,0.12490978061873484,0.2051190206289909,0.21289368484923596,0.7101524161578521,0.17057859897613525,0.7176471281239196,0.18165678447218542,266.50523976077346,325.6008745269508,221.71568579160666,276.2839935213978,196.36860086818933,229.67717061039863,172.05167031735806,195.75702997929204,214.16029918448186,256.82976715950986,0.644179104477612,0.6488523735002608,6700.0,0.5865671641791045,0.05761194029850747,nllpch_sample_event_ranking,2.3152916431427,900.0,908.0,904.0,904.0,0.186026107800086,0.6963568944391706,0.6928089261054993,0.6905957460403442,0.6955930590629578,0.6980637907981873,0.6961807608604431,0.6971478462219238,0.6948757767677307,0.6980530619621277,0.6972328424453735,0.6969590187072754,1503.0,0.7084910189196119,0.7045766115188599,0.705174446105957,0.707858145236969,0.7085539102554321,0.7096579074859619,0.7117187976837158,0.7095950245857239,0.710067629814148,0.7084697484970093,0.7051207423210144,1503.0,0.6839486934295766,0.6825140118598938,0.6872026920318604,0.6820700168609619,0.6865474581718445,0.6880552172660828,0.6864452362060547,0.6838160157203674,0.6865875720977783,0.6854889392852783,0.676787793636322,1503.0,0.6921174303560184,0.6917392611503601,0.6864461898803711,0.6964723467826843,0.6949341893196106,0.6988219618797302,0.6969906687736511,0.6947196125984192,0.6972030997276306,0.6930901408195496,0.6803004741668701,1503.0,0.6952285092860943,14.0235,107.177,0.214,nllpch_sample_event_ranking,L_PCH + L_rank + L_mul (paper)
sim_shared0p75__ours_nllpch_sample_event_ranking__s1,02_synthetic_scenarios,sim_shared0p75,1,shared,0.75,,ours,0.7223676554118011,0.6995242412660102,0.6938863746874682,0.13274033150708478,0.20627107516495133,0.22373500870020765,0.7052594237884264,0.20458590984344482,0.7450833055280696,0.718750445647422,0.7106312819064002,0.12295881358854417,0.19724738828104119,0.21487753931596107,0.7248216776939639,0.18740105628967285,0.7365735846252425,0.7232837566161293,0.7127088726156263,0.12272886500437365,0.1963817514946775,0.2138475328912909,0.7241887379523327,0.1807292103767395,0.734325518361077,0.7109562105158371,0.715097044815749,0.12381126046240092,0.20670215399884403,0.20923044706461777,0.7201262578975544,0.1742519587278366,0.7185990243330694,0.18087768062283294,240.0610108432503,316.90741218609753,223.40189417473613,276.16104785145944,190.4043848925711,228.93352746590855,169.48671621176024,194.48968713538147,205.83850153057944,254.12291865971176,0.6409076970254524,0.6455645161290322,6522.0,0.5953695185525912,0.045538178472861124,nllpch_sample_event_ranking,2.3074021339416504,908.0,879.0,864.0,875.0,0.18692854119932795,0.6929988853731519,0.6963065266609192,0.6943742632865906,0.691668689250946,0.6931696534156799,0.6931042075157166,0.6962987780570984,0.6965736150741577,0.6968432664871216,0.6941457986831665,0.6826186776161194,1475.0,0.704244259415093,0.7057846188545227,0.7082042098045349,0.7078374624252319,0.7064529061317444,0.7046600580215454,0.7016344666481018,0.706669807434082,0.7078076004981995,0.7039461731910706,0.6979968547821045,1475.0,0.6985790812509546,0.6638343930244446,0.6938682794570923,0.6976357102394104,0.700499415397644,0.696539044380188,0.7006348967552185,0.7004482746124268,0.7019520401954651,0.7006538510322571,0.6951932907104492,1475.0,0.7002407052259907,0.6958981156349182,0.7005758881568909,0.7014021277427673,0.698895275592804,0.700249969959259,0.7002931833267212,0.6993404030799866,0.7020952701568604,0.7042974233627319,0.696106493473053,1475.0,0.6990157328162976,11.9048,123.9,0.252,nllpch_sample_event_ranking,L_PCH + L_rank + L_mul (paper)
sim_shared0p75__ours_nllpch_sample_event_ranking__s2,02_synthetic_scenarios,sim_shared0p75,2,shared,0.75,,ours,0.7020884226797168,0.7117776407336969,0.6896171062826855,0.12411630877919412,0.2080513279375773,0.22330792679421238,0.7011610565653664,0.2051927000284195,0.73977995087831,0.7276700201020492,0.7168126853691353,0.11771188814345426,0.19325085902304348,0.2087548714527163,0.7280875521164982,0.18619631230831146,0.7252839960082853,0.7212624129937591,0.7094369793488258,0.11512890600072631,0.1999323659747672,0.21071071739757033,0.71866112945029,0.1775522083044052,0.7364910802424154,0.7006471392511745,0.7021962851840715,0.12083900211245305,0.20602718586817345,0.20354961561873428,0.7131115015592204,0.17027968168258667,0.7152553099228438,0.17761508125855185,249.47379451922566,316.8914658485032,212.72115485933432,266.2931718505543,188.17765100000193,223.37172712393473,173.13852966345678,195.51171490244658,205.87778251050466,250.5170199313597,0.6413762019230769,0.6443480546792849,6656.0,0.5880408653846154,0.05333533653846145,nllpch_sample_event_ranking,2.3131728172302246,927.0,901.0,894.0,887.0,0.1850225165399629,0.6851136577379121,0.667415201663971,0.6797469854354858,0.6865718364715576,0.6872640252113342,0.6874663829803467,0.686808705329895,0.6799440383911133,0.6840237379074097,0.689127504825592,0.6872603893280029,1508.0,0.7076065505824043,0.6884246468544006,0.705507755279541,0.704750657081604,0.702812910079956,0.7069087624549866,0.7079150080680847,0.7113229036331177,0.7087634205818176,0.7113180160522461,0.7061944007873535,1508.0,0.7002985454252463,0.6477702856063843,0.7031950354576111,0.6945462822914124,0.6977779269218445,0.7026998400688171,0.7024571299552917,0.7017667889595032,0.7020557522773743,0.7034655213356018,0.6964704394340515,1508.0,0.6944861625825731,0.6860739588737488,0.688666045665741,0.6943204402923584,0.697934627532959,0.6926073431968689,0.6956246495246887,0.6963396668434143,0.6987801194190979,0.7001485824584961,0.6851089596748352,1508.0,0.6968762290820341,14.3149,105.345,0.21,nllpch_sample_event_ranking,L_PCH + L_rank + L_mul (paper)
sim_shared1p0__coxph__s0,02_synthetic_scenarios,sim_shared1p0,0,shared,1.0,,coxph,0.6982940937973121,0.6889281029566691,0.6691752786941222,0.12280397284669635,0.1879616251976524,0.21602755569429774,0.6854658251493677,0.17559771791288215,0.7147908525992419,0.6981174547317441,0.6883904562412119,0.12598793416372345,0.1868927253877683,0.20764204866551902,0.7004329211907326,0.17350756940567025,0.6551695772239541,0.6600005431504015,0.6537814992814552,0.12100631829989512,0.19859916035747016,0.21907744840405075,0.6563172065519369,0.17956097568713866,0.6632089601676657,0.6519146380966032,0.6583539658210377,0.12650310456820654,0.2089935262349828,0.2094132686631757,0.6578258546951022,0.181636633155455,0.6750104518967849,0.17757572404028651,235.18415097325206,307.0305427217789,212.76940721831278,263.82916324880694,196.6842175530039,234.61404278759093,180.38103724959154,203.09331134988918,206.25470324854007,252.14176502701648,0.5912162162162162,0.5940108401084011,6512.0,0.5925982800982801,-0.0013820638820638553,,,,,,,,,,,,,,,,,,,,,,,,,,,,,,,,,,,,,,,,,,,,,,,,,,,,,,,,,,,,,Cox PH (cause-specific)
sim_shared1p0__coxph__s1,02_synthetic_scenarios,sim_shared1p0,1,shared,1.0,,coxph,0.6768652637299365,0.6548916892492594,0.6490252165039183,0.1338799167906862,0.2037067365577615,0.22050780092206834,0.6602607231610381,0.1860314847568387,0.6927757072504387,0.6764911325842639,0.673699373337719,0.11842160291471286,0.189834518877012,0.20314737202999228,0.6809887377241406,0.17046783127390572,0.6941453066794043,0.6808240025329543,0.6684070930847223,0.12334961979046415,0.19424746649235214,0.21626175101006104,0.6811254674323602,0.17795294576429244,0.6636417013288628,0.6699607206292214,0.6679070874947887,0.13044071293833376,0.20069613302711975,0.19898282620481397,0.667169836484291,0.17670655739008914,0.6723861912004575,0.1777897047962815,257.9288296816091,322.30532804362133,222.13423532210342,266.85440177804605,196.65500445868693,234.10452474808903,184.24334280572742,203.33084116865402,215.24035306703172,256.6487739346026,0.600879949717159,0.6065114990302022,6364.0,0.5982086737900691,0.0026712759270898223,,,,,,,,,,,,,,,,,,,,,,,,,,,,,,,,,,,,,,,,,,,,,,,,,,,,,,,,,,,,,Cox PH (cause-specific)
sim_shared1p0__coxph__s2,02_synthetic_scenarios,sim_shared1p0,2,shared,1.0,,coxph,0.6732279724411114,0.6667932267145561,0.6561538313998724,0.12741004673436088,0.20113768940911256,0.21623810951208558,0.6653916768518466,0.18159528188518634,0.704845755874416,0.6815629661942653,0.6723438722442241,0.11983154034115708,0.192863982269956,0.2078359711921432,0.6862508647709684,0.17351049793441875,0.6762491913924885,0.6708255244432104,0.6644772590041391,0.12039275531758029,0.19420132608379498,0.2065045266295015,0.6705173249466126,0.17369953601029223,0.6671071929055775,0.6703978268953474,0.6630805608619698,0.13135245686915692,0.1973791513082704,0.2048229703134179,0.6668618602209649,0.17785152616361508,0.6722554316975982,0.1766642104983781,248.53998997079432,311.7378133892411,220.4790410547899,263.78238293578437,196.11740599710802,230.71534436611307,180.81382025117938,205.84660602542064,211.4875643184679,253.0205366791398,0.5976412926941339,0.6009462016761287,6529.0,0.5997855720631031,-0.0021442793689692152,,,,,,,,,,,,,,,,,,,,,,,,,,,,,,,,,,,,,,,,,,,,,,,,,,,,,,,,,,,,,Cox PH (cause-specific)
sim_shared1p0__oracle__s0,02_synthetic_scenarios,sim_shared1p0,0,shared,1.0,,oracle,0.7551966286198423,0.7424145636662388,0.7331255981305576,0.11293353470227896,0.16621236799730413,0.18032561672207997,0.7435789301388795,0.15315717314055435,0.7507594928464763,0.7507820477296051,0.7437308759661616,0.11978841527556572,0.16411564684252264,0.17334722625187113,0.7484241388474143,0.15241709612331986,0.736971658059416,0.7374572120319234,0.7294616544039335,0.11175941260598427,0.17053623754890923,0.18307109695959645,0.7346301748317576,0.15512224903816332,0.7514835558748956,0.737500043274403,0.738718032848028,0.11178721720226228,0.17804738337087098,0.16793426122089114,0.7425672106657756,0.15258962059800815,0.7423001136209568,0.15332153472501142,198.9599264635172,257.4464732263174,179.6809297375049,224.48701538171534,171.87235444168496,204.4263191626406,149.4163529566916,168.57313083432544,174.98239089984966,213.7332346512497,0.5924447174447175,0.595609756097561,6512.0,0.5925982800982801,-0.0001535626535625889,,,,,,,,,,,,,,,,,,,,,,,,,,,,,,,,,,,,,,,,,,,,,,,,,,,,,,,,,,,,,Oracle (true CIF)
sim_shared1p0__oracle__s1,02_synthetic_scenarios,sim_shared1p0,1,shared,1.0,,oracle,0.7541701795554071,0.7241470878987786,0.7178717449086663,0.12079316240245654,0.18196601505786897,0.18994527167923153,0.7320630041209507,0.16423481637985235,0.7451179813670082,0.7287528793807945,0.7314283966403474,0.11096177245680082,0.1715339983451285,0.1721268801084338,0.7350997524627166,0.15154088363678772,0.751773976120609,0.7530844711101145,0.7462550902551272,0.11491787018371709,0.16386382095823365,0.17376567743564433,0.7503711791619502,0.15084912285919835,0.7408267004300966,0.7358551349874906,0.733516965738762,0.11915480993417599,0.17586406867713286,0.1688614910729233,0.7367329337187831,0.15462678989474404,0.7385667173661001,0.15531290319264562,218.51979327881094,269.34346183923384,188.12750015785306,225.74545395582263,164.79323401026616,193.52671070515078,158.40212505919706,173.66992145468785,182.46066312653178,215.57138698872376,0.5983658076681333,0.6037129398725408,6364.0,0.5982086737900691,0.0001571338780641529,,,,,,,,,,,,,,,,,,,,,,,,,,,,,,,,,,,,,,,,,,,,,,,,,,,,,,,,,,,,,Oracle (true CIF)
sim_shared1p0__oracle__s2,02_synthetic_scenarios,sim_shared1p0,2,shared,1.0,,oracle,0.7298005625231249,0.734993368077559,0.7253508401352091,0.11897195202760846,0.17830507983406754,0.1859502972639932,0.7300482569119643,0.16107577637522305,0.747437159489117,0.7420184613052719,0.7457427495841599,0.11374035809584768,0.17153391534704363,0.1675666377649548,0.7450661234595163,0.15094697040261537,0.7502811895112005,0.7453040674822512,0.7429647012614463,0.11061277249340115,0.16872918162299844,0.16641001843457745,0.7461833194182993,0.1485839908503257,0.7290598328128811,0.7263257906099516,0.7247488502389975,0.12105795374487215,0.1755733156674144,0.17445347891989094,0.72671149122061,0.15702824944405916,0.7370022977525974,0.15440874676805583,205.35005720622726,255.96457046447398,181.95061081611624,219.25580431162945,159.2503208307812,188.98863920374038,155.32686628638626,176.13485346430838,175.46946378487775,210.08596686103806,0.5997855720631031,0.6021357123546905,6529.0,0.5997855720631031,0.0,,,,,,,,,,,,,,,,,,,,,,,,,,,,,,,,,,,,,,,,,,,,,,,,,,,,,,,,,,,,,Oracle (true CIF)
sim_shared1p0__ours_nllpch__s0,02_synthetic_scenarios,sim_shared1p0,0,shared,1.0,,ours,0.7446584034798225,0.728239527547696,0.7140617634716259,0.1151411052405137,0.173916445578051,0.19546147024611404,0.7289865648330481,0.17684902250766754,0.737158027327211,0.7360047860718077,0.7264314548564316,0.12249168225024874,0.17265485323620444,0.1847828007327358,0.7331980894184834,0.16708603501319885,0.7179433099743296,0.7183942959368459,0.7108974350293368,0.11539234803094742,0.17872428809905552,0.19399518294869295,0.7157450136468374,0.1662110537290573,0.7214111931476499,0.7132654525321651,0.7162135054262869,0.1191138479866825,0.18891802485376508,0.18414973050562625,0.7169633837020339,0.1529129594564438,0.7237232629001007,0.16206181497571978,252.1290529256973,289.3449961905755,225.87424490807467,251.57530871967927,212.77951239946387,231.20975283582925,189.22274801589447,196.91014053768896,220.00138956228258,242.26004957094324,0.5839987714987716,0.5878861788617886,6512.0,0.5925982800982801,-0.008599508599508532,nllpch,3.760416030883789,907.0,894.0,882.0,912.0,0.1657390117189317,0.7086801276289629,0.7102864980697632,0.7083448767662048,0.7087902426719666,0.7090677618980408,0.7093517184257507,0.7096860408782959,0.7081713676452637,0.7089189887046814,0.7083249092102051,0.7075589299201965,1503.0,0.7123110559777085,0.7003431916236877,0.708541750907898,0.7128081917762756,0.7139779925346375,0.711297333240509,0.7125892043113708,0.7130975723266602,0.7132081985473633,0.7117883563041687,0.7132779359817505,1503.0,0.693147797320045,0.6935250163078308,0.6936374306678772,0.6946847438812256,0.6944339871406555,0.6943308115005493,0.6949097514152527,0.6943373084068298,0.6941990256309509,0.6939115524291992,0.6885738372802734,1503.0,0.7083372156251044,0.7077426910400391,0.7068305015563965,0.7071563601493835,0.7104525566101074,0.7105016708374023,0.7102028727531433,0.7096464037895203,0.7108586430549622,0.7085206508636475,0.7035946846008301,1503.0,0.7056190491379553,12.8577,116.895,0.233,nllpch,L_PCH
sim_shared1p0__ours_nllpch__s1,02_synthetic_scenarios,sim_shared1p0,1,shared,1.0,,ours,0.7331268281355059,0.7052267012134849,0.6980555769278797,0.12551779131308313,0.18939039054897633,0.20109657745872667,0.7121363687589568,0.1813575029373169,0.7403368965818324,0.7212953635736219,0.7227550779268681,0.11148603977276383,0.17562661843100055,0.1804320042314933,0.7281291126941074,0.16475488245487213,0.7312567077200514,0.7376073219808104,0.7330293185230543,0.11854168375444392,0.1720276751787838,0.18240086446395093,0.733964449407972,0.15667885541915894,0.721185098856235,0.7188673481431633,0.7170545523450738,0.12374182589007043,0.1866041315219798,0.17856464548859813,0.7190356664481574,0.15257035195827484,0.7233163993272984,0.16211918733782257,231.78211938442865,283.7147302758691,195.72344829780107,233.0610422895255,172.04974583399505,202.37423961584275,171.21906358647476,183.43996066680185,192.6935942756749,225.6474932120098,0.5985229415461973,0.6034635633139374,6364.0,0.5982086737900691,0.0003142677561281948,nllpch,3.700752019882202,896.0,877.0,848.0,876.0,0.16399818480287512,0.6999225750578125,0.7001181840896606,0.7014579772949219,0.7021138072013855,0.7011704444885254,0.7009246349334717,0.700860857963562,0.6997454166412354,0.6981619000434875,0.6995519995689392,0.6982147693634033,1475.0,0.7138800635647025,0.7085371613502502,0.7079431414604187,0.7110931277275085,0.7133486866950989,0.713542640209198,0.7143802642822266,0.7146138548851013,0.7135164141654968,0.7156341671943665,0.7149584889411926,1475.0,0.7208237168424675,0.6998311281204224,0.7119994759559631,0.7137843370437622,0.71932452917099,0.7193171977996826,0.7199054956436157,0.7224185466766357,0.723244309425354,0.7230285406112671,0.7217382788658142,1475.0,0.7088162499315598,0.7006198763847351,0.6995750665664673,0.7066079378128052,0.7067254185676575,0.7093095183372498,0.7096839547157288,0.7079405784606934,0.7085846066474915,0.7104588150978088,0.7092251181602478,1475.0,0.7108606513491357,11.8814,124.143,0.252,nllpch,L_PCH
sim_shared1p0__ours_nllpch__s2,02_synthetic_scenarios,sim_shared1p0,2,shared,1.0,,ours,0.7110094433722924,0.7122512225384396,0.7017206942812644,0.12237629146640623,0.18764358011162446,0.2017663115967038,0.7083271200639988,0.17845068871974945,0.7400025131584035,0.7276698494383179,0.7282888163688119,0.11612982599668062,0.17826939348588658,0.17924879308010558,0.7319870596551779,0.16472400724887848,0.7355353541962405,0.729700114258126,0.7294730335787469,0.11459126382947285,0.17707263058920697,0.17602312166475398,0.7315695006777044,0.15442322194576263,0.6981486414260378,0.7026955995515867,0.7013723266901382,0.1274883688519752,0.18831343600034012,0.1872336967979138,0.7007388558892543,0.1562204509973526,0.7181556340715339,0.1630130594559225,214.54597769824147,270.931831510141,193.13979440653503,229.79629843313052,170.28761835246152,199.41980085677037,170.14262775039234,188.35755092715786,187.02900455190758,222.12637043179993,0.5964159901975801,0.5982968369829684,6529.0,0.5997855720631031,-0.0033695818655230525,nllpch,3.7391979694366455,928.0,901.0,886.0,886.0,0.16363478586247351,0.7046148409475327,0.702561616897583,0.7024118304252625,0.7043320536613464,0.7042186856269836,0.7021956443786621,0.7025442719459534,0.7045507431030273,0.706078827381134,0.7068264484405518,0.7060397267341614,1508.0,0.7155245127443104,0.7094120383262634,0.7134478092193604,0.7144546508789062,0.7162900567054749,0.7167668342590332,0.7171913385391235,0.7169240713119507,0.7169314026832581,0.717580258846283,0.7109065651893616,1508.0,0.7188406319020709,0.7111037373542786,0.7168801426887512,0.7167059183120728,0.7195900082588196,0.7206548452377319,0.7212949991226196,0.7209803462028503,0.7212907075881958,0.7187999486923218,0.7140874862670898,1508.0,0.6975271346715126,0.667163610458374,0.6893166899681091,0.6955498456954956,0.6938798427581787,0.6965322494506836,0.6985211968421936,0.6983304023742676,0.6993003487586975,0.6987547278404236,0.6972116231918335,1508.0,0.7091267800663567,12.3751,121.857,0.242,nllpch,L_PCH
sim_shared1p0__ours_nllpch_event_ranking__s0,02_synthetic_scenarios,sim_shared1p0,0,shared,1.0,,ours,0.7328513018851851,0.7164687587902103,0.7025412748743253,0.12146251515061286,0.18196401282703295,0.20375870421922931,0.7172871118499069,0.18313857913017273,0.7299298347993272,0.7279552615777536,0.7172692320917972,0.12544343747355866,0.17587664500094433,0.18961827698079037,0.7250514428229593,0.16916529834270477,0.7100646648700124,0.713598413314989,0.705698768812239,0.11709321527713418,0.18126608327431898,0.19579686995789244,0.7097872823324135,0.16738860309123993,0.7101625264294696,0.7062229183470916,0.7089682018066392,0.1246537466555926,0.19335110491215285,0.18316032233853327,0.7084512155277336,0.15444113314151764,0.7151442631332533,0.16612041117231605,226.51819958831751,287.0260496351467,209.9614178333253,247.1215110644041,187.57600629564794,218.09659258525133,174.48384841429115,191.49384890076965,199.6348680328955,235.93450054639294,0.5826167076167076,0.5853387533875339,6512.0,0.5925982800982801,-0.009981572481572498,nllpch_event_ranking,2.015885353088379,907.0,894.0,882.0,912.0,0.1685194796497865,0.6958955096031516,0.6966059803962708,0.6961344480514526,0.6956146359443665,0.6954032182693481,0.6963234543800354,0.6973301768302917,0.69703209400177,0.6960629820823669,0.695688009262085,0.6939157247543335,1503.0,0.7032485873643356,0.701657772064209,0.7027778625488281,0.7052964568138123,0.703702449798584,0.7040256857872009,0.7043707370758057,0.704328179359436,0.7043064832687378,0.7032088041305542,0.6998879313468933,1503.0,0.6896360899759507,0.6883763074874878,0.6918758153915405,0.6908555030822754,0.6915451288223267,0.6905430555343628,0.6907802820205688,0.6907858848571777,0.6893849968910217,0.6904111504554749,0.6862362623214722,1503.0,0.6959291629989941,0.6948423385620117,0.6967294216156006,0.6963188052177429,0.6978670358657837,0.6979123950004578,0.6971753835678101,0.6974925398826599,0.6976329684257507,0.6956356167793274,0.6920644640922546,1503.0,0.696177337485608,14.5187,103.522,0.207,nllpch_event_ranking,L_PCH + L_mul
sim_shared1p0__ours_nllpch_event_ranking__s1,02_synthetic_scenarios,sim_shared1p0,1,shared,1.0,,ours,0.72074142997409,0.698726272159533,0.6924655186490727,0.12954934596876047,0.1930009179536361,0.20234313461723136,0.7039777402608985,0.18337690830230713,0.7392241056854988,0.7189817422566592,0.7224189537072859,0.11206326018950123,0.17530781041172339,0.17940220354486683,0.7268749338831481,0.1657264232635498,0.7347314534320822,0.7316157485724196,0.7253831134852021,0.11830972755882288,0.17655849502091864,0.19134113637125752,0.7305767718299013,0.16095970571041107,0.7162900142889608,0.7142860016369704,0.7112766757218381,0.13094347573590434,0.1863755801631321,0.18178690000821435,0.7139508972159231,0.1550297737121582,0.7188450857974678,0.16474849896199745,216.16092997504634,281.5669221830353,187.1789213094065,232.24046037256196,164.53358250263437,200.94841861342545,155.6359091192266,176.63234645182922,180.87733572657845,222.84703690521297,0.6038654934003771,0.6085896370185647,6364.0,0.5982086737900691,0.0056568196103079504,nllpch_event_ranking,1.994091272354126,896.0,877.0,848.0,876.0,0.16641341013877026,0.6940834830700091,0.6937744617462158,0.6944442987442017,0.6957463026046753,0.6952580213546753,0.6943191289901733,0.6955617070198059,0.6943509578704834,0.6945682168006897,0.6935322284698486,0.6912121176719666,1475.0,0.7103401263192552,0.7093451023101807,0.7094119787216187,0.7114536762237549,0.7101467251777649,0.7093648910522461,0.7104299664497375,0.71193927526474,0.7109972238540649,0.7100307941436768,0.7094447612762451,1475.0,0.716869471736103,0.705020546913147,0.7128814458847046,0.7135226130485535,0.7154611945152283,0.7160457372665405,0.7163863778114319,0.7172783613204956,0.7176268100738525,0.7181684970855713,0.7179905772209167,1475.0,0.707085064389542,0.7034809589385986,0.7044739127159119,0.7060336470603943,0.7073644399642944,0.7081465721130371,0.706325113773346,0.706242561340332,0.704386293888092,0.7088722586631775,0.7084150910377502,1475.0,0.7070945363787273,13.7137,107.557,0.219,nllpch_event_ranking,L_PCH + L_mul
sim_shared1p0__ours_nllpch_event_ranking__s2,02_synthetic_scenarios,sim_shared1p0,2,shared,1.0,,ours,0.7186458012049429,0.7238116516091365,0.7108431428906848,0.12359678340212085,0.19112262340980132,0.20441122922260538,0.7177668652349215,0.17987684905529022,0.7425321229077363,0.7323687285846819,0.7308620748432525,0.11521016565210261,0.1773687313788667,0.17786273869289032,0.7352543087785569,0.16374556720256805,0.7397882380040204,0.7369395212103521,0.7314269257847832,0.11535441041612779,0.1742702046058544,0.17473721290330363,0.7360515616663852,0.15421098470687866,0.7066625512301515,0.7082985693710399,0.7045147559232808,0.12987553243724476,0.18801868836715613,0.1887467533258595,0.7064919588414907,0.15749935805797577,0.7238911736303386,0.16338125615116111,229.91216216047093,276.9823770305438,198.0944626452143,231.1375286347114,180.1612343121669,202.26233985967457,178.99440749318106,193.369469806887,196.7905666527583,225.93792883295416,0.5961096645734416,0.5962692619626927,6529.0,0.5997855720631031,-0.003675907489661512,nllpch_event_ranking,2.001152992248535,928.0,901.0,886.0,886.0,0.1640199488093541,0.7119625546610897,0.7101703882217407,0.7099918127059937,0.7113699913024902,0.7113281488418579,0.7116104364395142,0.7118658423423767,0.7121585011482239,0.7127524018287659,0.7137205600738525,0.7115272283554077,1508.0,0.7180115764064352,0.7163434624671936,0.7169291973114014,0.716354489326477,0.7188853025436401,0.7194762229919434,0.7200011610984802,0.7197740077972412,0.7192211747169495,0.7189909815788269,0.7133898735046387,1508.0,0.7230410965615071,0.712821364402771,0.7207971811294556,0.7225545644760132,0.7251483798027039,0.7251319885253906,0.7252399921417236,0.7233790159225464,0.7227878570556641,0.7248156070709229,0.7193576097488403,1508.0,0.7007358195956525,0.6938439607620239,0.6952456831932068,0.7010588049888611,0.7019696831703186,0.701837956905365,0.7020649313926697,0.7013266682624817,0.7027401328086853,0.7012973427772522,0.6975282430648804,1508.0,0.7134377618061711,12.4148,121.467,0.242,nllpch_event_ranking,L_PCH + L_mul
sim_shared1p0__ours_nllpch_sample_event_ranking__s0,02_synthetic_scenarios,sim_shared1p0,0,shared,1.0,,ours,0.7376941749443028,0.7122512184417056,0.7030465884430338,0.1297815381424499,0.20517171137242052,0.22786698445718445,0.7176639939430141,0.20311668515205383,0.7354509642117333,0.7361729831052581,0.7264739840373257,0.1337336401365217,0.20017733092127493,0.2129323981027164,0.732699310451439,0.1893809586763382,0.7177127981161137,0.7176673530769347,0.708435279898918,0.12019094240408798,0.19719486252579294,0.21439298784750588,0.7146051436973222,0.18255801498889923,0.7099382289069736,0.7015553560155027,0.7077002275473318,0.12577657866129424,0.2077359035382229,0.2083949485262793,0.706397937489936,0.16854296624660492,0.7178415963954278,0.18194581888631256,264.62022391566865,324.23917182540936,227.83354507820474,271.207818946798,194.70971026600583,231.29687168012384,178.78564479514694,198.28042190650567,216.48728101375653,256.25607108970917,0.5958230958230958,0.5989972899728997,6512.0,0.5925982800982801,0.0032248157248156994,nllpch_sample_event_ranking,2.31972599029541,907.0,894.0,882.0,912.0,0.1858861654872523,0.6959729242758391,0.7014741897583008,0.6965585350990295,0.6958827376365662,0.6922557950019836,0.6943669319152832,0.696337878704071,0.6962299346923828,0.6982316970825195,0.696071982383728,0.6952320337295532,1503.0,0.7115085942384836,0.7000935673713684,0.7116686701774597,0.7083261013031006,0.7103973627090454,0.7138774991035461,0.7135516405105591,0.7136223316192627,0.7135593295097351,0.7119190096855164,0.708341121673584,1503.0,0.6893311125342946,0.6876376271247864,0.6898531913757324,0.6895866394042969,0.6911780834197998,0.681337833404541,0.6897544860839844,0.6905981302261353,0.6914597153663635,0.691954493522644,0.6872406005859375,1503.0,0.6997724626887414,0.7051393985748291,0.7002118229866028,0.7061415314674377,0.6918691992759705,0.7038041949272156,0.7026417851448059,0.7033601999282837,0.7017277479171753,0.6987284421920776,0.6949926018714905,1503.0,0.6991462734343397,14.2016,105.833,0.211,nllpch_sample_event_ranking,L_PCH + L_rank + L_mul (paper)
sim_shared1p0__ours_nllpch_sample_event_ranking__s1,02_synthetic_scenarios,sim_shared1p0,1,shared,1.0,,ours,0.7246194598851049,0.7072909755806908,0.6982669312022999,0.13815877196013773,0.210561236478463,0.22433579196844355,0.7100591222226985,0.20225036144256592,0.7392542582586631,0.7182702779426919,0.7207832608842845,0.11913025715407602,0.1955976184428171,0.20907723253790553,0.7261025990285465,0.1873527616262436,0.728267215830337,0.734522606086029,0.7254333311780758,0.12420949646145837,0.19432099852702261,0.207349819129249,0.7294077176981473,0.1773996502161026,0.7249622902609899,0.7170784058103402,0.7158534089077307,0.12792244844101772,0.2027080095703419,0.20003379588659387,0.7192980349930203,0.16798047721385956,0.7212168684856031,0.17945045637979387,254.23995567342945,321.27405422477267,219.1349573366836,266.3672233532843,190.26653920384084,228.1857599918885,173.21038412054034,194.24164783246204,209.21295908362356,252.5171713506019,0.6046511627906976,0.6095317262399557,6364.0,0.5982086737900691,0.006442489000628493,nllpch_sample_event_ranking,2.296342372894287,896.0,877.0,848.0,876.0,0.18390348791002306,0.6972617802736826,0.692590057849884,0.6984312534332275,0.6995404958724976,0.6981136202812195,0.6906120777130127,0.7030708193778992,0.6984846591949463,0.7006464004516602,0.6980586051940918,0.691864013671875,1475.0,0.7117649658472706,0.7150903344154358,0.7111557126045227,0.7116972804069519,0.7142588496208191,0.7134740948677063,0.7161592245101929,0.715592622756958,0.7099629640579224,0.7104443311691284,0.7067690491676331,1475.0,0.7165566025415465,0.6869065761566162,0.7137044668197632,0.707160472869873,0.7097235321998596,0.7142701745033264,0.7201266884803772,0.7190899848937988,0.7221726179122925,0.718789279460907,0.7142253518104553,1475.0,0.7058373642464478,0.6852096319198608,0.6738824248313904,0.7059242725372314,0.7077043652534485,0.7065917253494263,0.7082011699676514,0.7038193345069885,0.7083939909934998,0.7078010439872742,0.7043700814247131,1475.0,0.7078551782272368,13.7369,107.375,0.218,nllpch_sample_event_ranking,L_PCH + L_rank + L_mul (paper)
sim_shared1p0__ours_nllpch_sample_event_ranking__s2,02_synthetic_scenarios,sim_shared1p0,2,shared,1.0,,ours,0.7083329677627273,0.7133351253647005,0.6991734387307773,0.12963050773143917,0.21088955493783865,0.2236101421630817,0.7069471772860684,0.19965560734272003,0.7349447087367968,0.7254846647762583,0.7242290486138719,0.12292341933934971,0.2033875610988144,0.2079760473470965,0.728219474042309,0.1868567168712616,0.7222075953328126,0.7298468493715199,0.7265008702854571,0.12097635372869928,0.19539331545310898,0.202668310367343,0.7261851049965965,0.1747233271598816,0.6906560770711117,0.6950208040354598,0.6912550079245859,0.13009520441144198,0.1999012190525327,0.2016811410099362,0.6923106296770524,0.16783376038074493,0.7134155965005066,0.1790943980533902,245.94473964720424,313.44496683623174,213.8504641518948,259.2091216740812,174.29137619809785,217.0883652067743,174.8993615550055,199.60095364746093,202.2464853880506,247.33585184113707,0.5924337570837801,0.5955934036226007,6529.0,0.5997855720631031,-0.007351814979323024,nllpch_sample_event_ranking,2.3124799728393555,928.0,901.0,886.0,886.0,0.18248927661095418,0.702481785191404,0.6963436603546143,0.6993629932403564,0.7023354172706604,0.7047045826911926,0.7022233605384827,0.7029136419296265,0.7026823163032532,0.7038048505783081,0.7025027275085449,0.7022954225540161,1508.0,0.7122331896277535,0.7124940752983093,0.7093790769577026,0.7110561728477478,0.7160962820053101,0.7118752598762512,0.7151093482971191,0.7124423384666443,0.7162085175514221,0.7136620879173279,0.7051834464073181,1508.0,0.7118342125049703,0.6859485507011414,0.709499716758728,0.7000744342803955,0.7122586369514465,0.7103672027587891,0.7145273089408875,0.7118947505950928,0.7168398499488831,0.7138471603393555,0.7088146805763245,1508.0,0.6879237296209781,0.6679086685180664,0.6818944811820984,0.6886861324310303,0.6860043406486511,0.6900970339775085,0.6872484683990479,0.6900038719177246,0.6885145902633667,0.6908472180366516,0.684489369392395,1508.0,0.7036182292362764,12.1837,123.772,0.246,nllpch_sample_event_ranking,L_PCH + L_rank + L_mul (paper)
