tag,source,dataset,seed,sweep,value,base_knobs,model,ctd_0th_event_0.25,ctd_0th_event_0.5,ctd_0th_event_0.75,brier_0th_event_0.25,brier_0th_event_0.5,brier_0th_event_0.75,ctd_0th_event,brier_0th_event,ctd_1th_event_0.25,ctd_1th_event_0.5,ctd_1th_event_0.75,brier_1th_event_0.25,brier_1th_event_0.5,brier_1th_event_0.75,ctd_1th_event,brier_1th_event,ctd_2th_event_0.25,ctd_2th_event_0.5,ctd_2th_event_0.75,brier_2th_event_0.25,brier_2th_event_0.5,brier_2th_event_0.75,ctd_2th_event,brier_2th_event,ctd_3th_event_0.25,ctd_3th_event_0.5,ctd_3th_event_0.75,brier_3th_event_0.25,brier_3th_event_0.5,brier_3th_event_0.75,ctd_3th_event,brier_3th_event,ctd_weighted_avg,brier_survtrace_weighted_avg,mae_uncensored_0th_event,mae_margin_0th_event,mae_uncensored_1th_event,mae_margin_1th_event,mae_uncensored_2th_event,mae_margin_2th_event,mae_uncensored_3th_event,mae_margin_3th_event,mae_uncensored,mae_margin,within_ctd,within_ctd_subject,within_ctd_pairs,within_ctd_km,within_ctd_gain,true_order_c,true_order_brier,true_order_logloss,true_order_pairs,recipe,loss,brier_0th_event_n,brier_1th_event_n,brier_2th_event_n,brier_3th_event_n,brier_weighted_avg,ipcw_0th_event,ipcw_0th_event_0.10,ipcw_0th_event_0.20,ipcw_0th_event_0.30,ipcw_0th_event_0.40,ipcw_0th_event_0.50,ipcw_0th_event_0.60,ipcw_0th_event_0.70,ipcw_0th_event_0.80,ipcw_0th_event_0.90,ipcw_0th_event_1.00,ipcw_0th_event_n,ipcw_1th_event,ipcw_1th_event_0.10,ipcw_1th_event_0.20,ipcw_1th_event_0.30,ipcw_1th_event_0.40,ipcw_1th_event_0.50,ipcw_1th_event_0.60,ipcw_1th_event_0.70,ipcw_1th_event_0.80,ipcw_1th_event_0.90,ipcw_1th_event_1.00,ipcw_1th_event_n,ipcw_2th_event,ipcw_2th_event_0.10,ipcw_2th_event_0.20,ipcw_2th_event_0.30,ipcw_2th_event_0.40,ipcw_2th_event_0.50,ipcw_2th_event_0.60,ipcw_2th_event_0.70,ipcw_2th_event_0.80,ipcw_2th_event_0.90,ipcw_2th_event_1.00,ipcw_2th_event_n,ipcw_3th_event,ipcw_3th_event_0.10,ipcw_3th_event_0.20,ipcw_3th_event_0.30,ipcw_3th_event_0.40,ipcw_3th_event_0.50,ipcw_3th_event_0.60,ipcw_3th_event_0.70,ipcw_3th_event_0.80,ipcw_3th_event_0.90,ipcw_3th_event_1.00,ipcw_3th_event_n,ipcw_weighted_avg,runtime,samples_per_second,steps_per_second,ctd_4th_event_0.25,ctd_4th_event_0.5,ctd_4th_event_0.75,brier_4th_event_0.25,brier_4th_event_0.5,brier_4th_event_0.75,ctd_4th_event,brier_4th_event,ctd_5th_event_0.25,ctd_5th_event_0.5,ctd_5th_event_0.75,brier_5th_event_0.25,brier_5th_event_0.5,brier_5th_event_0.75,ctd_5th_event,brier_5th_event,mae_uncensored_4th_event,mae_margin_4th_event,mae_uncensored_5th_event,mae_margin_5th_event,brier_4th_event_n,brier_5th_event_n,ipcw_4th_event,ipcw_4th_event_0.10,ipcw_4th_event_0.20,ipcw_4th_event_0.30,ipcw_4th_event_0.40,ipcw_4th_event_0.50,ipcw_4th_event_0.60,ipcw_4th_event_0.70,ipcw_4th_event_0.80,ipcw_4th_event_0.90,ipcw_4th_event_1.00,ipcw_4th_event_n,ipcw_5th_event,ipcw_5th_event_0.10,ipcw_5th_event_0.20,ipcw_5th_event_0.30,ipcw_5th_event_0.40,ipcw_5th_event_0.50,ipcw_5th_event_0.60,ipcw_5th_event_0.70,ipcw_5th_event_0.80,ipcw_5th_event_0.90,ipcw_5th_event_1.00,ipcw_5th_event_n,ctd_6th_event_0.25,ctd_6th_event_0.5,ctd_6th_event_0.75,brier_6th_event_0.25,brier_6th_event_0.5,brier_6th_event_0.75,ctd_6th_event,brier_6th_event,ctd_7th_event_0.25,ctd_7th_event_0.5,ctd_7th_event_0.75,brier_7th_event_0.25,brier_7th_event_0.5,brier_7th_event_0.75,ctd_7th_event,brier_7th_event,mae_uncensored_6th_event,mae_margin_6th_event,mae_uncensored_7th_event,mae_margin_7th_event,brier_6th_event_n,brier_7th_event_n,ipcw_6th_event,ipcw_6th_event_0.10,ipcw_6th_event_0.20,ipcw_6th_event_0.30,ipcw_6th_event_0.40,ipcw_6th_event_0.50,ipcw_6th_event_0.60,ipcw_6th_event_0.70,ipcw_6th_event_0.80,ipcw_6th_event_0.90,ipcw_6th_event_1.00,ipcw_6th_event_n,ipcw_7th_event,ipcw_7th_event_0.10,ipcw_7th_event_0.20,ipcw_7th_event_0.30,ipcw_7th_event_0.40,ipcw_7th_event_0.50,ipcw_7th_event_0.60,ipcw_7th_event_0.70,ipcw_7th_event_0.80,ipcw_7th_event_0.90,ipcw_7th_event_1.00,ipcw_7th_event_n,variant,label
sim_base__coxph__s0,11_extra_sweeps,sim_base,0,base,,"{'order_spread': 0.0, 'shared': 0.5, 'frailty': 0.0, 'nonlin': 0.5, 'censor': 0.4, 'events': 4, 'n': 5000, 'regime': 'non-competing'}",coxph,0.7007518597196284,0.680179643327545,0.6587866238769579,0.11817009643633124,0.1865663367658121,0.21636537828708577,0.6799060423080437,0.17370060382974303,0.6843379287525533,0.6720909944739472,0.6523162683915731,0.12850306837832517,0.1977220916260799,0.2274393979973947,0.6695817305393579,0.1845548526672666,0.6829955633141989,0.6868267478936758,0.6731466771077009,0.12255709695757995,0.19334207328026512,0.2114838899343872,0.6809896627718586,0.1757943533907441,0.6911518630281188,0.6672680096665577,0.6568198014389424,0.12049452944869925,0.20020912371938168,0.20954304348798444,0.6717465580445396,0.17674889888535514,0.6755559984159499,0.17769967719327723,237.67570558156032,313.0779782144777,225.73175308205927,277.1647924764795,193.2980305494531,223.94075779733785,182.53981140150066,200.82397447555442,209.81132515364334,253.75187574096236,0.6435307987032125,0.6468935292601187,6786.0,0.5789861479516651,0.06454465075154736,0.6275227323131515,0.2262415100191341,0.6435441309958003,9018,,,,,,,,,,,,,,,,,,,,,,,,,,,,,,,,,,,,,,,,,,,,,,,,,,,,,,,,,,,,,,,,,,,,,,,,,,,,,,,,,,,,,,,,,,,,,,,,,,,,,,,,,,,,,,,,,,,,,,,,,,,,,,,,,,,,,,,,,,,,,,,,,,,,,,,,,Cox PH (cause-specific)
sim_base__coxph__s1,11_extra_sweeps,sim_base,1,base,,"{'order_spread': 0.0, 'shared': 0.5, 'frailty': 0.0, 'nonlin': 0.5, 'censor': 0.4, 'events': 4, 'n': 5000, 'regime': 'non-competing'}",coxph,0.6745227517801984,0.6517407832914339,0.6392451965414261,0.13471318560317905,0.2036100515109653,0.2278675784028521,0.6551695772043528,0.18873027183899882,0.684381360235272,0.6781631924354274,0.6622162447343367,0.12330431554541081,0.19160854629834906,0.21121153991048935,0.6749202658016786,0.17537480058474975,0.7048509889753647,0.6933591599444309,0.6763561587842818,0.11806301422310467,0.1872223971456143,0.20784329402446242,0.6915221025680257,0.17104290179772716,0.6960510536104204,0.6684601321945441,0.6637355611550436,0.11955138836292183,0.20233100758564265,0.20412204597978584,0.6760822489866695,0.17533481397611675,0.6744235486401816,0.17762069704939812,257.17731957385894,320.95105718609335,224.75760482476457,270.571827007842,189.07562518003573,221.97689283263134,186.7688601756239,200.69712494154527,214.4448524385708,253.54922549202803,0.6542689354012949,0.6581554677206851,6641.0,0.5893690709230538,0.06489986447824114,0.6220338983050847,0.2269300520028587,0.6446342748905686,8850,,,,,,,,,,,,,,,,,,,,,,,,,,,,,,,,,,,,,,,,,,,,,,,,,,,,,,,,,,,,,,,,,,,,,,,,,,,,,,,,,,,,,,,,,,,,,,,,,,,,,,,,,,,,,,,,,,,,,,,,,,,,,,,,,,,,,,,,,,,,,,,,,,,,,,,,,Cox PH (cause-specific)
sim_base__coxph__s2,11_extra_sweeps,sim_base,2,base,,"{'order_spread': 0.0, 'shared': 0.5, 'frailty': 0.0, 'nonlin': 0.5, 'censor': 0.4, 'events': 4, 'n': 5000, 'regime': 'non-competing'}",coxph,0.6777852669742412,0.6687358252377635,0.6467215760309938,0.11635417706150203,0.1951051962060201,0.21924819693630898,0.6644142227476663,0.17690252340127702,0.6793758561633659,0.6688330182884056,0.662753003061277,0.11966633430425837,0.19360925451436042,0.2114020953233918,0.6703206258376828,0.1748925613806702,0.7134554416006962,0.6949010441137518,0.6817148814041707,0.10999827023003383,0.19082822988486423,0.2011596859234617,0.6966904557062062,0.16732872867945325,0.7153626965399633,0.6761609244067704,0.6652286475869509,0.11296423443764612,0.19755083791030084,0.2032146857137846,0.6855840895112282,0.17124325268724383,0.6792523484506959,0.17259176653716107,257.31629345811126,322.0570865147914,232.5057311970328,276.06929075032696,191.00360435732267,216.32590547782854,176.49404187965672,196.31338115187222,214.32991772303086,252.6914159737048,0.6518081180811808,0.6553488372093023,6775.0,0.5778597785977859,0.07394833948339485,0.628315649867374,0.2269354541407382,0.645210480370166,9048,,,,,,,,,,,,,,,,,,,,,,,,,,,,,,,,,,,,,,,,,,,,,,,,,,,,,,,,,,,,,,,,,,,,,,,,,,,,,,,,,,,,,,,,,,,,,,,,,,,,,,,,,,,,,,,,,,,,,,,,,,,,,,,,,,,,,,,,,,,,,,,,,,,,,,,,,Cox PH (cause-specific)
sim_base__oracle__s0,11_extra_sweeps,sim_base,0,base,,"{'order_spread': 0.0, 'shared': 0.5, 'frailty': 0.0, 'nonlin': 0.5, 'censor': 0.4, 'events': 4, 'n': 5000, 'regime': 'non-competing'}",oracle,0.7507165692824461,0.7360182479357089,0.7199634732972537,0.10937161704286823,0.16668745143808855,0.18940577423870525,0.7355660968384696,0.15515494757322068,0.7401846724539095,0.7389918926546921,0.731483422782356,0.1197081283860281,0.17348844742707553,0.18382039513777498,0.7368866626303192,0.1590056569836262,0.7296327487943277,0.7289295392262405,0.7166878814060303,0.11652578822491377,0.1766255157073592,0.18880412514962694,0.7250833898088662,0.16065180969396664,0.750223701472113,0.7373983188131605,0.7238439834773357,0.1086893001088255,0.17189280706057405,0.1823627635797538,0.7371553345875363,0.15431495691638444,0.7336728709662979,0.1572818427917995,203.20168779739245,263.5968743460619,183.48220669229735,226.43053964917428,170.4445438826232,201.39024506848045,155.35250908165057,170.4089664721378,178.1202368634909,215.4566563839636,0.6926024167403477,0.7023201856148492,6786.0,0.5789861479516651,0.11361626878868258,0.6821911732091372,0.20315408024472523,0.591428826071498,9018,,,,,,,,,,,,,,,,,,,,,,,,,,,,,,,,,,,,,,,,,,,,,,,,,,,,,,,,,,,,,,,,,,,,,,,,,,,,,,,,,,,,,,,,,,,,,,,,,,,,,,,,,,,,,,,,,,,,,,,,,,,,,,,,,,,,,,,,,,,,,,,,,,,,,,,,,Oracle (true CIF)
sim_base__oracle__s1,11_extra_sweeps,sim_base,1,base,,"{'order_spread': 0.0, 'shared': 0.5, 'frailty': 0.0, 'nonlin': 0.5, 'censor': 0.4, 'events': 4, 'n': 5000, 'regime': 'non-competing'}",oracle,0.737063356511255,0.72222604047712,0.7081686205712272,0.12389647791272,0.18163813744838714,0.1975558763797382,0.7224860058532009,0.1676968305802818,0.7317781237305331,0.7353606543322939,0.7274900515804728,0.11680034558224393,0.16860762222115233,0.18027752944828998,0.7315429432144332,0.15522849908389544,0.7429419475865721,0.7440342016959244,0.7314075507089043,0.11407211662996149,0.16780911470632862,0.17944355549862165,0.7394612333304669,0.15377492894497058,0.7422452192647877,0.7183785108009175,0.7180430480594445,0.1107994153017455,0.18490301621451474,0.17945450971957,0.7262222593750499,0.15838564707861008,0.7299281104432876,0.15877147642193948,214.2398742458003,270.94523998805556,182.81995695977642,223.2000085541969,171.00055205515105,197.8437204785559,164.64241809516923,176.99153413482927,183.17570033897425,217.2451257889094,0.6967324198162927,0.7034782608695653,6641.0,0.5893690709230538,0.10736334889323895,0.6830508474576271,0.20323495044732323,0.5920748074468305,8850,,,,,,,,,,,,,,,,,,,,,,,,,,,,,,,,,,,,,,,,,,,,,,,,,,,,,,,,,,,,,,,,,,,,,,,,,,,,,,,,,,,,,,,,,,,,,,,,,,,,,,,,,,,,,,,,,,,,,,,,,,,,,,,,,,,,,,,,,,,,,,,,,,,,,,,,,Oracle (true CIF)
sim_base__oracle__s2,11_extra_sweeps,sim_base,2,base,,"{'order_spread': 0.0, 'shared': 0.5, 'frailty': 0.0, 'nonlin': 0.5, 'censor': 0.4, 'events': 4, 'n': 5000, 'regime': 'non-competing'}",oracle,0.7314555228056955,0.7366547968755648,0.7215619048485687,0.10942474984974393,0.17351228377414368,0.1868596468844505,0.729890741509943,0.15659889350277936,0.7520485072266467,0.7434722366600984,0.7419140393193182,0.11102998335245237,0.17090423042212996,0.17251313724378226,0.745811594402021,0.15148245033945487,0.7506144285596902,0.747295321120928,0.7370887141336345,0.10542281265528726,0.1707744042325445,0.17108546348282289,0.7449994879380842,0.14909422679021822,0.7480425402754182,0.7242864021724388,0.7205123536362376,0.10321903155363847,0.17885674403733218,0.17905383722650128,0.7309470986946982,0.1537098709391573,0.7379122306361866,0.15272136039290243,217.3870433372818,268.90134697440226,184.62668815973262,221.83838363400554,161.95722747248996,187.97897517776826,158.4883734571318,172.47911519116505,180.61483310665903,212.7994552443353,0.7068634686346863,0.7145994832041344,6775.0,0.5778597785977859,0.12900369003690038,0.6879973474801061,0.2018269704908323,0.588888235835255,9048,,,,,,,,,,,,,,,,,,,,,,,,,,,,,,,,,,,,,,,,,,,,,,,,,,,,,,,,,,,,,,,,,,,,,,,,,,,,,,,,,,,,,,,,,,,,,,,,,,,,,,,,,,,,,,,,,,,,,,,,,,,,,,,,,,,,,,,,,,,,,,,,,,,,,,,,,Oracle (true CIF)
sim_base__ours_nllpch__s0,11_extra_sweeps,sim_base,0,base,,"{'order_spread': 0.0, 'shared': 0.5, 'frailty': 0.0, 'nonlin': 0.5, 'censor': 0.4, 'events': 4, 'n': 5000, 'regime': 'non-competing'}",ours,0.7391082277643264,0.7132251966714026,0.6993744053793112,0.11269059922660497,0.1764740213375645,0.1995327693683324,0.71723594327168,0.18156972527503967,0.7268819981799431,0.7180941803602374,0.7068705578678394,0.12401667129761135,0.18472995965893982,0.20231088483346446,0.7172822454693399,0.17346400022506714,0.7064164577974749,0.7055195294214801,0.6919829592265071,0.11977215186720903,0.18601158610352145,0.20214276212509397,0.7013063154818208,0.1685715615749359,0.7288184388093867,0.7142493831974622,0.6918598157482395,0.11737107211591925,0.18640195348570404,0.19682398920859803,0.7116425459183628,0.15863651037216187,0.7118667625353009,0.1673565350523803,214.64951619054298,284.3422767618392,204.09910356435088,246.34311276780403,189.77087162420955,218.2611883849645,170.02506550600592,187.0586147279517,194.63613922127735,234.00129816063986,0.665929855585028,0.6734725444702243,6786.0,0.5789861479516651,0.0869437076333629,0.6576846307385229,0.21378988623437867,0.6160191137757539,9018,nllpch,3.7912237644195557,894.0,906.0,904.0,899.0,0.17054805248074156,0.6938728997284952,0.6974611878395081,0.6961020827293396,0.694198489189148,0.6940128207206726,0.6951982975006104,0.6945401430130005,0.6949167847633362,0.6948548555374146,0.6955551505088806,0.6875125765800476,1503.0,0.7006393223773952,0.6988325715065002,0.6996680498123169,0.7009449005126953,0.7009418606758118,0.7005372643470764,0.7015298008918762,0.7020586729049683,0.7003557682037354,0.7011391520500183,0.6990317702293396,1503.0,0.6799889825047537,0.6765993237495422,0.6792505383491516,0.6794703006744385,0.6821998357772827,0.6821914911270142,0.6803227066993713,0.6806782484054565,0.6804550290107727,0.6810133457183838,0.6768098473548889,1503.0,0.6815255165997933,0.6816551089286804,0.6783985495567322,0.6821576356887817,0.6832693219184875,0.6842650771141052,0.6877024173736572,0.6863349676132202,0.6840551495552063,0.6825750470161438,0.6716285347938538,1503.0,0.6890066803026094,12.9851,115.748,0.231,,,,,,,,,,,,,,,,,,,,,,,,,,,,,,,,,,,,,,,,,,,,,,,,,,,,,,,,,,,,,,,,,,,,,,,,,,,,,,,,,,,,,,,,,,,,,nllpch,L_PCH
sim_base__ours_nllpch__s1,11_extra_sweeps,sim_base,1,base,,"{'order_spread': 0.0, 'shared': 0.5, 'frailty': 0.0, 'nonlin': 0.5, 'censor': 0.4, 'events': 4, 'n': 5000, 'regime': 'non-competing'}",ours,0.7051701050943728,0.6941695109312717,0.6826941373529835,0.12988359517970938,0.1946216371885454,0.21394493947646348,0.6940112511262093,0.18763692677021027,0.7360632499442803,0.727210018674129,0.7127980821789843,0.11633410748819553,0.17619577027717934,0.18869615612885646,0.7253571169324645,0.16577067971229553,0.7241683842832835,0.7242862148816517,0.7070706510509775,0.11811752287587185,0.17849109798163637,0.19603668671986368,0.7185084167386376,0.16599442064762115,0.7300261530299459,0.7069949427894908,0.7041070440916375,0.11268964404652258,0.19316547595872796,0.1887398869034377,0.713709379970358,0.15869872272014618,0.7128965411919174,0.16724304335208418,244.05753174726,295.56014741358763,185.40450688345558,231.01245506589072,189.54527123597234,215.21670516685586,169.61555451312466,182.19141090395934,197.15571609495316,230.99517963757336,0.6791145911760277,0.6854545454545454,6641.0,0.5893690709230538,0.08974552025297389,0.6620338983050847,0.21243810558693413,0.6124233113434475,8850,nllpch,3.759913682937622,902.0,897.0,861.0,879.0,0.169641757868683,0.6853096354932655,0.6851664185523987,0.686154842376709,0.6864514946937561,0.6848387122154236,0.6855063438415527,0.6867169737815857,0.6864249110221863,0.6862907409667969,0.6864044070243835,0.6808397769927979,1475.0,0.71152667558214,0.7118650078773499,0.7121179103851318,0.7112758159637451,0.711539089679718,0.7117327451705933,0.7111718654632568,0.7098707556724548,0.7104049324989319,0.7126105427742004,0.7127031683921814,1475.0,0.6957179463355729,0.6704318523406982,0.6900549530982971,0.697130560874939,0.6965970993041992,0.6948307156562805,0.6974888443946838,0.6965910196304321,0.698634922504425,0.6981607675552368,0.691947877407074,1475.0,0.6876578485567872,0.6766775250434875,0.679033100605011,0.6813655495643616,0.6839951276779175,0.6851605772972107,0.6872138977050781,0.6880436539649963,0.6880200505256653,0.6895611882209778,0.6894579529762268,1475.0,0.6950530264919415,14.1937,103.919,0.211,,,,,,,,,,,,,,,,,,,,,,,,,,,,,,,,,,,,,,,,,,,,,,,,,,,,,,,,,,,,,,,,,,,,,,,,,,,,,,,,,,,,,,,,,,,,,nllpch,L_PCH
sim_base__ours_nllpch__s2,11_extra_sweeps,sim_base,2,base,,"{'order_spread': 0.0, 'shared': 0.5, 'frailty': 0.0, 'nonlin': 0.5, 'censor': 0.4, 'events': 4, 'n': 5000, 'regime': 'non-competing'}",ours,0.7074296706430555,0.7143344349751215,0.69835799605181,0.11307905968050136,0.18586598762976034,0.20507225396317422,0.7067073672233289,0.18564529716968536,0.7317482496566008,0.7253591144678778,0.7192177123897976,0.1135431405563753,0.17893364895376565,0.1893795890124374,0.7254416921714254,0.16792242228984833,0.7291131532471393,0.7140865500014437,0.7071562916643549,0.11098980478204781,0.18870078858285294,0.18802701874469446,0.716785331637646,0.1627788245677948,0.7302778947147772,0.6962212306514065,0.6899067404271717,0.10928502658013896,0.19415918437293334,0.19748840898438855,0.7054686219311185,0.162385955452919,0.7136007532408797,0.1645436593202559,251.5257940001338,294.69048013489765,217.71308708799074,246.44353450721908,188.88703603114044,207.3058165269511,187.64459137149214,195.81401329917378,211.44262712268932,236.06346111706043,0.6897416974169742,0.6974935400516795,6775.0,0.5778597785977859,0.1118819188191883,0.6567197170645447,0.21379547848534683,0.6159885188211041,9048,nllpch,3.785654306411743,922.0,907.0,899.0,894.0,0.16979067047727758,0.6900338913350874,0.6855475306510925,0.6881377100944519,0.6881953477859497,0.6893823742866516,0.689256489276886,0.6891140937805176,0.6901454329490662,0.6907938122749329,0.6913534998893738,0.6920347213745117,1508.0,0.710196700116223,0.7054407596588135,0.7098386883735657,0.7093985676765442,0.7098199129104614,0.7107729315757751,0.7112516164779663,0.711903989315033,0.7105019092559814,0.7115972638130188,0.7073705792427063,1508.0,0.7008840052468008,0.6904938220977783,0.6995897889137268,0.6982237696647644,0.699460506439209,0.7007235288619995,0.7019615173339844,0.7013468742370605,0.7021603584289551,0.7023654580116272,0.6992942094802856,1508.0,0.6836844127935966,0.6767473220825195,0.6724465489387512,0.6779433488845825,0.6821269989013672,0.6817824840545654,0.6845369935035706,0.6838078498840332,0.6829503178596497,0.6873918175697327,0.6837810277938843,1508.0,0.696199752372927,12.0341,125.311,0.249,,,,,,,,,,,,,,,,,,,,,,,,,,,,,,,,,,,,,,,,,,,,,,,,,,,,,,,,,,,,,,,,,,,,,,,,,,,,,,,,,,,,,,,,,,,,,nllpch,L_PCH
sim_base__ours_nllpch_event_ranking__s0,11_extra_sweeps,sim_base,0,base,,"{'order_spread': 0.0, 'shared': 0.5, 'frailty': 0.0, 'nonlin': 0.5, 'censor': 0.4, 'events': 4, 'n': 5000, 'regime': 'non-competing'}",ours,0.731487417326786,0.7064266327324166,0.6851123349360149,0.11762208990259336,0.18587531480396216,0.2078375463135719,0.7076754616650724,0.18819507956504822,0.7222152921473578,0.7024403162107391,0.6849530963295923,0.1248719141156588,0.18925624149309028,0.20895203145630073,0.703202901562563,0.17994409799575806,0.6910914624353561,0.69056088743481,0.6825882616281227,0.12337795219725459,0.19004877420064803,0.20264066801597372,0.6880802038327629,0.17093884944915771,0.7247228819425802,0.7036139060266914,0.6926554315056056,0.11833728634064092,0.1898355234979104,0.19658807243602622,0.7069974064916257,0.15974482893943787,0.701488993388006,0.17127028456446924,231.7203274621542,299.1286508726464,215.17404169559921,258.8041661122803,190.77627526256992,220.06840305000028,167.91998214197815,183.8329922566066,201.39765664057538,240.45855307288338,0.6727085175361037,0.6804073214746068,6786.0,0.5789861479516651,0.09372236958443858,0.6610113107119095,0.22479784105767134,0.6415808010044514,9018,nllpch_event_ranking,2.0535459518432617,894.0,906.0,904.0,899.0,0.1746919442225654,0.6797948881904834,0.6921834945678711,0.6876943707466125,0.6817859411239624,0.6789801716804504,0.677291750907898,0.6787793040275574,0.6792855858802795,0.6771315932273865,0.6810291409492493,0.6778576970100403,1503.0,0.6834067353313421,0.6991798281669617,0.6911055445671082,0.6924797892570496,0.6878167986869812,0.6866818070411682,0.6841126680374146,0.6827965974807739,0.6747725605964661,0.6795337796211243,0.6835892200469971,1503.0,0.6709268828031241,0.6774356365203857,0.6787914633750916,0.6725150346755981,0.6719014048576355,0.6697230935096741,0.6707072257995605,0.6707038283348083,0.6725965142250061,0.6769789457321167,0.6630091071128845,1503.0,0.6805766230364003,0.6719786524772644,0.6701131463050842,0.6837685108184814,0.6856253147125244,0.6872318983078003,0.6815441846847534,0.6840982437133789,0.6864286661148071,0.6848104596138,0.6668612957000732,1503.0,0.6786762823403375,12.9334,116.211,0.232,,,,,,,,,,,,,,,,,,,,,,,,,,,,,,,,,,,,,,,,,,,,,,,,,,,,,,,,,,,,,,,,,,,,,,,,,,,,,,,,,,,,,,,,,,,,,nllpch_event_ranking,L_PCH + L_mul
sim_base__ours_nllpch_event_ranking__s1,11_extra_sweeps,sim_base,1,base,,"{'order_spread': 0.0, 'shared': 0.5, 'frailty': 0.0, 'nonlin': 0.5, 'censor': 0.4, 'events': 4, 'n': 5000, 'regime': 'non-competing'}",ours,0.7010003953564284,0.6786071487517068,0.664840713897558,0.13626490095764157,0.20557333396109811,0.22123103009725756,0.6814827526685644,0.19735343754291534,0.7136226439653954,0.7032237267147379,0.687550671357202,0.12076298583405747,0.18743378970683547,0.20467667791418956,0.7014656806791119,0.17904812097549438,0.7238471700688505,0.7040240589877543,0.6792529031716895,0.11768383766512583,0.18632695493294418,0.20967694029707484,0.7023747107427648,0.17557956278324127,0.7081784429080744,0.6893797970343896,0.6946349888650748,0.12115422973358728,0.19693460558620277,0.194574358533486,0.6973977429358462,0.16363027691841125,0.6956802217565718,0.17519113710162504,234.51819370244183,306.4638278759083,198.7665814727646,252.591106562648,188.10576351242324,222.96304229872018,165.29952982668487,182.99790595215396,196.67251712857865,241.2539706723576,0.6738443005571451,0.679973649538867,6641.0,0.5893690709230538,0.08447522963409126,0.6557062146892655,0.22665017115563257,0.6454768696957415,8850,nllpch_event_ranking,2.05328369140625,902.0,897.0,861.0,879.0,0.1790404018497831,0.6708866341130717,0.6761348843574524,0.674111008644104,0.670372486114502,0.6663604378700256,0.6650490760803223,0.6673345565795898,0.6717370748519897,0.6705695986747742,0.6760542392730713,0.6726886630058289,1475.0,0.6887749200739185,0.6973928809165955,0.6877246499061584,0.6891306638717651,0.6892886161804199,0.6856805682182312,0.684928297996521,0.6857405304908752,0.6823458075523376,0.6905882358551025,0.6977276802062988,1475.0,0.6761977364788104,0.6666838526725769,0.6804973483085632,0.6779989004135132,0.6723111867904663,0.6711305379867554,0.6752543449401855,0.6721400022506714,0.674471378326416,0.6793460249900818,0.6808348894119263,1475.0,0.6773553293773947,0.6659904718399048,0.651427686214447,0.6714744567871094,0.673545777797699,0.6774027347564697,0.6763508319854736,0.6768671870231628,0.6806586384773254,0.6802336573600769,0.6772835850715637,1475.0,0.6783036550107988,13.3702,110.32,0.224,,,,,,,,,,,,,,,,,,,,,,,,,,,,,,,,,,,,,,,,,,,,,,,,,,,,,,,,,,,,,,,,,,,,,,,,,,,,,,,,,,,,,,,,,,,,,nllpch_event_ranking,L_PCH + L_mul
sim_base__ours_nllpch_event_ranking__s2,11_extra_sweeps,sim_base,2,base,,"{'order_spread': 0.0, 'shared': 0.5, 'frailty': 0.0, 'nonlin': 0.5, 'censor': 0.4, 'events': 4, 'n': 5000, 'regime': 'non-competing'}",ours,0.7034096504818601,0.7036027277998549,0.6808881358135895,0.11502271173677522,0.19623064399597331,0.2127026779710198,0.6959668380317682,0.19367367029190063,0.7205221321273346,0.7150430723569603,0.7053281424907479,0.11597507373733026,0.1845106732092262,0.19225191202962894,0.7136311156583476,0.17101816833019257,0.7052341868427328,0.6885053199429874,0.684184724080461,0.11475804784392044,0.19671301605888694,0.20001244972981608,0.692641410288727,0.17086461186408997,0.7116958061777463,0.6784196287744183,0.6796434500076717,0.1170415052095042,0.2012851952917186,0.19585613399272894,0.6899196283199455,0.16438405215740204,0.698039748074697,0.17019667006721073,243.8299983857789,303.0603814098858,206.31434303761017,248.0924429837939,180.12068476056712,209.6692197254434,167.7662187137524,187.45115745012794,199.50781122442714,237.06830039231278,0.6825092250922509,0.6890439276485787,6775.0,0.5778597785977859,0.10464944649446495,0.6555039787798409,0.22529450830111036,0.6424567228761447,9048,nllpch_event_ranking,2.0607588291168213,922.0,907.0,899.0,894.0,0.175109671833007,0.6727733227360454,0.6698185801506042,0.6699159741401672,0.6685282588005066,0.6710426807403564,0.6720531582832336,0.6700435876846313,0.6715371608734131,0.670154333114624,0.6787663698196411,0.6774187684059143,1508.0,0.6991125679043513,0.7028882503509521,0.6994276642799377,0.6992026567459106,0.7009351253509521,0.7023242712020874,0.6972842812538147,0.6988296508789062,0.6934818625450134,0.6994125843048096,0.7018355131149292,1508.0,0.6798031478687178,0.677640974521637,0.6822718977928162,0.6745557188987732,0.6722358465194702,0.6738905906677246,0.6769149899482727,0.6782576441764832,0.6767472624778748,0.6889535784721375,0.6823374032974243,1508.0,0.6705602340307354,0.6711973547935486,0.6623625755310059,0.6703529953956604,0.672849178314209,0.6747663617134094,0.6696737408638,0.6753091812133789,0.6741368174552917,0.6721871495246887,0.6625597476959229,1508.0,0.6805623181349625,14.7034,102.562,0.204,,,,,,,,,,,,,,,,,,,,,,,,,,,,,,,,,,,,,,,,,,,,,,,,,,,,,,,,,,,,,,,,,,,,,,,,,,,,,,,,,,,,,,,,,,,,,nllpch_event_ranking,L_PCH + L_mul
sim_base__ours_nllpch_sample_event_ranking__s0,11_extra_sweeps,sim_base,0,base,,"{'order_spread': 0.0, 'shared': 0.5, 'frailty': 0.0, 'nonlin': 0.5, 'censor': 0.4, 'events': 4, 'n': 5000, 'regime': 'non-competing'}",ours,0.7250300864846484,0.7097646098016386,0.6961716346754556,0.12419560018688924,0.20401541565369768,0.22727397565348534,0.7103221103205808,0.20495343208312988,0.7351664919324367,0.7204272416423638,0.7101938215458582,0.13209300986334693,0.20601315115635746,0.22189932624872052,0.7219291850402195,0.19294971227645874,0.7111752071564874,0.7095045124398771,0.6976030641377458,0.12121934307243261,0.1978821694435879,0.21403255173976346,0.7060942612447034,0.17900502681732178,0.7182867299146938,0.7142563362040972,0.6957487740914909,0.12142928615749385,0.2034998342894513,0.2128175795663453,0.7094306134034273,0.17087773978710175,0.7119440425022328,0.18219760358596432,260.4598816297574,328.45751956703623,232.2744373893167,280.2577670939196,184.0281757551602,222.8812090510708,177.7661560832988,197.26886037451794,213.63216271438327,257.21633902163614,0.6696139109932213,0.6762567672080432,6786.0,0.5789861479516651,0.09062776304155618,0.6551341760922599,0.22932364729010724,0.6511366773465805,9018,nllpch_sample_event_ranking,2.317335367202759,894.0,906.0,904.0,899.0,0.18692213153379214,0.6892520271059634,0.6902662515640259,0.6902786493301392,0.691001296043396,0.6896929144859314,0.6891365647315979,0.692567765712738,0.6895564198493958,0.6894475221633911,0.6904062032699585,0.6838314533233643,1503.0,0.7038723238533177,0.7026793360710144,0.705514669418335,0.7050832509994507,0.7057719826698303,0.7061022520065308,0.7045998573303223,0.7073965072631836,0.7004731297492981,0.7046263217926025,0.7001142501831055,1503.0,0.6865764662702387,0.6874658465385437,0.6838992238044739,0.6838553547859192,0.6867934465408325,0.6854379177093506,0.6849972009658813,0.6867502927780151,0.6862722039222717,0.6888180375099182,0.6869223713874817,1503.0,0.6814741267088666,0.6787378787994385,0.6824192404747009,0.6864235401153564,0.6810734868049622,0.6869207620620728,0.6841607689857483,0.6856911778450012,0.685280978679657,0.6817110180854797,0.6719700694084167,1503.0,0.6902937359845968,14.1625,106.126,0.212,,,,,,,,,,,,,,,,,,,,,,,,,,,,,,,,,,,,,,,,,,,,,,,,,,,,,,,,,,,,,,,,,,,,,,,,,,,,,,,,,,,,,,,,,,,,,nllpch_sample_event_ranking,L_PCH + L_rank + L_mul (paper)
sim_base__ours_nllpch_sample_event_ranking__s1,11_extra_sweeps,sim_base,1,base,,"{'order_spread': 0.0, 'shared': 0.5, 'frailty': 0.0, 'nonlin': 0.5, 'censor': 0.4, 'events': 4, 'n': 5000, 'regime': 'non-competing'}",ours,0.7066110340558758,0.694481423225538,0.6815618537091922,0.14116213297591643,0.21401787808515513,0.2284064858619238,0.6942181036635353,0.20661939680576324,0.7434186662662488,0.7252275430943972,0.7110575851140595,0.1225042693171937,0.19780744041576517,0.21622980712280324,0.7265679314915685,0.18855273723602295,0.7186182057373193,0.7168809667175761,0.7023277186024417,0.12201677807419753,0.1968569013552012,0.21480453105538874,0.712608963685779,0.18210245668888092,0.7336958102204186,0.7031187860312319,0.7065657354711122,0.12100151341019173,0.2066875936199228,0.21064570438427818,0.7144601105742542,0.1730939745903015,0.7119637773537842,0.18267841963982814,258.71733383565606,326.3694480304327,213.38086513037555,266.24197882425193,192.56581377257493,230.35912837629064,182.3122490738993,197.36964629547023,211.74406545312644,255.08505038161138,0.6684234302062942,0.6745191040843215,6641.0,0.5893690709230538,0.07905435928324045,0.663954802259887,0.2290849115918026,0.6507008303068679,8850,nllpch_sample_event_ranking,2.3000895977020264,902.0,897.0,861.0,879.0,0.18774860697753956,0.684621958902507,0.6886065602302551,0.6885576844215393,0.6870006918907166,0.6809806823730469,0.6818399429321289,0.6834040284156799,0.687433123588562,0.6889632940292358,0.688616156578064,0.6762815713882446,1475.0,0.7106153440262796,0.712104856967926,0.7125695943832397,0.7131332159042358,0.7117313146591187,0.7136218547821045,0.7116908431053162,0.7101317048072815,0.7064340710639954,0.7137054204940796,0.7073471546173096,1475.0,0.6917999529877347,0.6490470767021179,0.6930356025695801,0.6939248442649841,0.6918430328369141,0.6922232508659363,0.6946445107460022,0.6884239912033081,0.6953373551368713,0.6967639327049255,0.6871939301490784,1475.0,0.6862066171814691,0.6789254546165466,0.6816622018814087,0.6823400855064392,0.6868248581886292,0.6840680241584778,0.6811171770095825,0.6870821118354797,0.690976619720459,0.6901955604553223,0.682986319065094,1475.0,0.6933109682744976,12.3442,119.489,0.243,,,,,,,,,,,,,,,,,,,,,,,,,,,,,,,,,,,,,,,,,,,,,,,,,,,,,,,,,,,,,,,,,,,,,,,,,,,,,,,,,,,,,,,,,,,,,nllpch_sample_event_ranking,L_PCH + L_rank + L_mul (paper)
sim_base__ours_nllpch_sample_event_ranking__s2,11_extra_sweeps,sim_base,2,base,,"{'order_spread': 0.0, 'shared': 0.5, 'frailty': 0.0, 'nonlin': 0.5, 'censor': 0.4, 'events': 4, 'n': 5000, 'regime': 'non-competing'}",ours,0.6948102516415553,0.7162779831983649,0.694380636600504,0.11904846073348604,0.21058503290181194,0.22834480587389466,0.7018229571468081,0.20658887922763824,0.7280653987917803,0.7168786114587077,0.715011846118916,0.12175162182204301,0.20058236616859154,0.21517069188894522,0.719985285456468,0.18972589075565338,0.7337945661026346,0.7181845225681742,0.7038914595237628,0.11346794743952231,0.20146261930506612,0.2146005133852391,0.7186235160648572,0.17967049777507782,0.7374179412973825,0.6950270027218414,0.6946424294006415,0.1186109373204608,0.2076824098916613,0.21053770102895233,0.7090291244732884,0.17359454929828644,0.7123652207853554,0.18015375897997285,257.3571247689333,323.6576410451275,216.77206551875076,271.1529813301115,187.8708969826052,222.57469163686312,170.94142029716656,196.3254557756748,208.23537689186395,253.42769244694426,0.6743911439114391,0.6799483204134367,6775.0,0.5778597785977859,0.09653136531365314,0.6567197170645447,0.23008797121149135,0.652735887215532,9048,nllpch_sample_event_ranking,2.3158962726593018,922.0,907.0,899.0,894.0,0.18754103648142548,0.6822500672858365,0.6593763828277588,0.6758097410202026,0.6830610632896423,0.6841090321540833,0.6829268336296082,0.6789626479148865,0.6851135492324829,0.6816164255142212,0.6879554390907288,0.682586669921875,1508.0,0.7063750728431093,0.6946297883987427,0.709502637386322,0.706519365310669,0.7055485248565674,0.7049958109855652,0.707257866859436,0.7068610191345215,0.705306351184845,0.710909366607666,0.7037463188171387,1508.0,0.6969955398976176,0.6703956723213196,0.6968194842338562,0.6995508670806885,0.6994562149047852,0.7000545263290405,0.7003760933876038,0.7004331946372986,0.6962342858314514,0.7024826407432556,0.6870891451835632,1508.0,0.6851975453494265,0.6846719980239868,0.6676251888275146,0.6868136525154114,0.6925994157791138,0.6868056654930115,0.6818886995315552,0.6918054819107056,0.6867124438285828,0.6891635060310364,0.6770068407058716,1508.0,0.6927045563439975,11.3559,132.794,0.264,,,,,,,,,,,,,,,,,,,,,,,,,,,,,,,,,,,,,,,,,,,,,,,,,,,,,,,,,,,,,,,,,,,,,,,,,,,,,,,,,,,,,,,,,,,,,nllpch_sample_event_ranking,L_PCH + L_rank + L_mul (paper)
sim_events2__coxph__s0,11_extra_sweeps,sim_events2,0,events,2.0,,coxph,0.732560002966429,0.7073462570080684,0.6953989710175963,0.11757663272851124,0.18674548787555462,0.20012865626205162,0.7117684103306979,0.1681502589553725,0.67362141509676,0.6508862062509229,0.6440603317947099,0.13173275700359796,0.2097937483079409,0.2146133235840244,0.6561893177141309,0.18537994296518776,,,,,,,,,,,,,,,,,0.6839788640224145,0.17676510096028014,251.75890737719246,309.55360811180327,186.41724823527804,208.03210826069085,,,,,219.08807780623525,258.79285818624703,0.7276746242263483,0.7276746242263483,1131.0,0.6551724137931034,0.0725022104332449,0.6819693945442449,0.2057116902189269,0.597856265523848,1503,,,,,,,,,,,,,,,,,,,,,,,,,,,,,,,,,,,,,,,,,,,,,,,,,,,,,,,,,,,,,,,,,,,,,,,,,,,,,,,,,,,,,,,,,,,,,,,,,,,,,,,,,,,,,,,,,,,,,,,,,,,,,,,,,,,,,,,,,,,,,,,,,,,,,,,,,Cox PH (cause-specific)
sim_events2__coxph__s1,11_extra_sweeps,sim_events2,1,events,2.0,,coxph,0.7415839491031602,0.7206561012993546,0.7036988873850935,0.11075884101117461,0.17304467850032867,0.19683978846313788,0.7219796459292027,0.16021443599154706,0.6496603237833116,0.6524558118409647,0.6423567117530753,0.130963795179314,0.20862066140747193,0.2110155216261903,0.6481576157924506,0.18353332607099207,,,,,,,,,,,,,,,,,0.6850686308608267,0.17187388103126955,236.76936829903005,302.5613281636503,190.31958635823784,209.43474373440037,,,,,213.54447732863395,255.99803594902534,0.6884191176470589,0.6884191176470589,1088.0,0.6231617647058824,0.06525735294117652,0.6549152542372881,0.2144372436219224,0.6184052340882262,1475,,,,,,,,,,,,,,,,,,,,,,,,,,,,,,,,,,,,,,,,,,,,,,,,,,,,,,,,,,,,,,,,,,,,,,,,,,,,,,,,,,,,,,,,,,,,,,,,,,,,,,,,,,,,,,,,,,,,,,,,,,,,,,,,,,,,,,,,,,,,,,,,,,,,,,,,,Cox PH (cause-specific)
sim_events2__coxph__s2,11_extra_sweeps,sim_events2,2,events,2.0,,coxph,0.7300069536772785,0.6920018204188936,0.682622494212414,0.10630327154147495,0.18380005696777216,0.20735444882625312,0.701543756102862,0.1658192591118334,0.6783836702802591,0.6703522632629264,0.6549666985474751,0.13198029702643674,0.20314624090265074,0.20365529593750506,0.6679008773635534,0.1795939446221975,,,,,,,,,,,,,,,,,0.6847223167332077,0.17270660186701545,246.32384015414704,306.4021733868371,192.0601058484655,215.48708274256572,,,,,219.19197300130628,260.9446280647014,0.6947463768115942,0.6947463768115942,1104.0,0.6422101449275363,0.05253623188405798,0.6618037135278515,0.21888679346581202,0.6287541132755197,1508,,,,,,,,,,,,,,,,,,,,,,,,,,,,,,,,,,,,,,,,,,,,,,,,,,,,,,,,,,,,,,,,,,,,,,,,,,,,,,,,,,,,,,,,,,,,,,,,,,,,,,,,,,,,,,,,,,,,,,,,,,,,,,,,,,,,,,,,,,,,,,,,,,,,,,,,,Cox PH (cause-specific)
sim_events2__oracle__s0,11_extra_sweeps,sim_events2,0,events,2.0,,oracle,0.7561673183898017,0.7381880376855322,0.7292490933688316,0.11219569005087353,0.17332977197793226,0.1809346557207592,0.7412014831480551,0.15548670591652167,0.7468920213523053,0.7325511090676664,0.719738778697848,0.11957879684960138,0.1803044321709303,0.18167700585260493,0.7330606363726065,0.16052007829104553,,,,,,,,,,,,,,,,,0.7371310597603309,0.1580033921037836,223.36512589543895,276.0830912546836,160.67342295648464,179.76407032133451,,,,,192.01927442596178,227.92358078800908,0.7329796640141468,0.7329796640141468,1131.0,0.6551724137931034,0.0778072502210434,0.7052561543579507,0.19302217103949026,0.568117095115253,1503,,,,,,,,,,,,,,,,,,,,,,,,,,,,,,,,,,,,,,,,,,,,,,,,,,,,,,,,,,,,,,,,,,,,,,,,,,,,,,,,,,,,,,,,,,,,,,,,,,,,,,,,,,,,,,,,,,,,,,,,,,,,,,,,,,,,,,,,,,,,,,,,,,,,,,,,,Oracle (true CIF)
sim_events2__oracle__s1,11_extra_sweeps,sim_events2,1,events,2.0,,oracle,0.7828494946588499,0.7574504447495791,0.7429663376787183,0.10276395073789811,0.16034432345509594,0.17694526126262275,0.761088759029049,0.14668451181853892,0.7256774784736031,0.7290927156959205,0.7219620384230159,0.11776114170619151,0.17527407332908496,0.16898853552332463,0.7255774108641798,0.15400791685286705,,,,,,,,,,,,,,,,,0.7433330849466144,0.150346214335703,213.70846197924035,271.4093734634265,160.44306408455722,175.663708758821,,,,,187.0757630318988,223.53654111112377,0.7270220588235294,0.7270220588235294,1088.0,0.6231617647058824,0.10386029411764708,0.6779661016949152,0.20088042453929136,0.5848089083972103,1475,,,,,,,,,,,,,,,,,,,,,,,,,,,,,,,,,,,,,,,,,,,,,,,,,,,,,,,,,,,,,,,,,,,,,,,,,,,,,,,,,,,,,,,,,,,,,,,,,,,,,,,,,,,,,,,,,,,,,,,,,,,,,,,,,,,,,,,,,,,,,,,,,,,,,,,,,Oracle (true CIF)
sim_events2__oracle__s2,11_extra_sweeps,sim_events2,2,events,2.0,,oracle,0.7688003982716568,0.7344895239814794,0.7355042064874963,0.09937970422438218,0.16999118549637826,0.1807626364461736,0.7462647095802107,0.15004450872231134,0.7406397244642524,0.7404661926994203,0.7276458562460758,0.11845362794589274,0.1739627270963204,0.17294121786347058,0.7362505911365829,0.15511919096856122,,,,,,,,,,,,,,,,,0.7412576503583967,0.15258184984543627,223.98166262689094,275.3190641145866,164.860154996442,185.30072232743987,,,,,194.42090881166646,230.30989322101323,0.7210144927536232,0.7210144927536232,1104.0,0.6422101449275363,0.07880434782608692,0.6777188328912467,0.20358640133767314,0.594224601237823,1508,,,,,,,,,,,,,,,,,,,,,,,,,,,,,,,,,,,,,,,,,,,,,,,,,,,,,,,,,,,,,,,,,,,,,,,,,,,,,,,,,,,,,,,,,,,,,,,,,,,,,,,,,,,,,,,,,,,,,,,,,,,,,,,,,,,,,,,,,,,,,,,,,,,,,,,,,Oracle (true CIF)
sim_events2__ours_nllpch__s0,11_extra_sweeps,sim_events2,0,events,2.0,,ours,0.7418138418327761,0.7195672437064844,0.7164844012003977,0.1159377188551489,0.1847094579228611,0.19036330140481147,0.7259551622465527,0.17758584022521973,0.7133235341772616,0.6999631528224978,0.6884934878779302,0.12521378903349067,0.1961667416994432,0.197641253712751,0.7005933916258965,0.15935756266117096,,,,,,,,,,,,,,,,,0.7132742769362246,0.1683387104380844,254.36977306311528,295.27583384711164,170.3467006203608,190.28279922333536,,,,,212.35823684173803,242.7793165352235,0.7223695844385499,0.7223695844385499,1131.0,0.6551724137931034,0.0671971706454465,0.6872920825016633,0.20302237695402728,0.5913080188208103,1503,nllpch,1.8831288814544678,904.0,911.0,,,0.16843655049472472,0.7075147888396411,0.7076118588447571,0.7054492235183716,0.7071173191070557,0.7063661217689514,0.7066817879676819,0.7079930901527405,0.7071354985237122,0.7080690264701843,0.7086200714111328,0.708089292049408,1503.0,0.6832625765751902,0.6835759878158569,0.6725987195968628,0.6811997294425964,0.6843090057373047,0.6831564903259277,0.685397744178772,0.6847976446151733,0.6859394311904907,0.6856356859207153,0.677940845489502,1503.0,,,,,,,,,,,,,,,,,,,,,,,,,0.6953886827074157,7.3105,205.593,0.41,,,,,,,,,,,,,,,,,,,,,,,,,,,,,,,,,,,,,,,,,,,,,,,,,,,,,,,,,,,,,,,,,,,,,,,,,,,,,,,,,,,,,,,,,,,,,nllpch,L_PCH
sim_events2__ours_nllpch__s1,11_extra_sweeps,sim_events2,1,events,2.0,,ours,0.7554727534345329,0.7322158457146519,0.7219725031957768,0.11008944841279913,0.17142289987151355,0.18987218928113972,0.7365537007816538,0.17386987805366516,0.7054477442504521,0.7092889099357141,0.6971085687032768,0.12403773547749285,0.19375958602394616,0.1943125901284567,0.7039484076298143,0.16292791068553925,,,,,,,,,,,,,,,,,0.7202510542057341,0.163915741532558,223.01410170031858,284.8425346460773,217.31456319213973,217.2753008207173,,,,,220.16433244622914,251.0589177333973,0.6746323529411765,0.6746323529411765,1088.0,0.6231617647058824,0.05147058823529416,0.6528813559322034,0.21854689188872473,0.6279736975587068,1475,nllpch,1.8618531227111816,860.0,882.0,,,0.16832980043099752,0.7078497859317724,0.6996252536773682,0.7053908109664917,0.7055431604385376,0.707858145236969,0.7083123922348022,0.7075701951980591,0.7073076963424683,0.7085365056991577,0.7114015817642212,0.7076928615570068,1475.0,0.6908851592667152,0.6851919889450073,0.6555733680725098,0.6818896532058716,0.6929230093955994,0.6939604878425598,0.6947035193443298,0.6902674436569214,0.6940151453018188,0.6950944066047668,0.6855844259262085,1475.0,,,,,,,,,,,,,,,,,,,,,,,,,0.6993674725992438,6.9651,211.769,0.431,,,,,,,,,,,,,,,,,,,,,,,,,,,,,,,,,,,,,,,,,,,,,,,,,,,,,,,,,,,,,,,,,,,,,,,,,,,,,,,,,,,,,,,,,,,,,nllpch,L_PCH
sim_events2__ours_nllpch__s2,11_extra_sweeps,sim_events2,2,events,2.0,,ours,0.7539441966854659,0.7184016877596494,0.7130625009076325,0.10258791901786968,0.17772846488645264,0.19499993606175775,0.7284694617842492,0.17740188539028168,0.711477360514527,0.7060918759396696,0.6940826582863631,0.12723345709829767,0.19379179592297519,0.1913673733010185,0.7038839649135199,0.16311496496200562,,,,,,,,,,,,,,,,,0.7161767133488846,0.16461815771472857,252.5742247240829,297.11279919419053,184.8687392589395,204.36919587454852,,,,,218.7214819915112,250.7409975343695,0.6992753623188406,0.6992753623188406,1104.0,0.6422101449275363,0.057065217391304324,0.6618037135278515,0.21417123493333934,0.617423138123103,1508,nllpch,1.842201590538025,893.0,862.0,,,0.1703846059548549,0.7041379833559116,0.7022056579589844,0.7049854397773743,0.7049708366394043,0.704775333404541,0.7045392394065857,0.7044098973274231,0.7046864628791809,0.7044343948364258,0.7050804495811462,0.7014896273612976,1508.0,0.6857159020721398,0.6683818101882935,0.6508558392524719,0.66964191198349,0.6774787306785583,0.6860166788101196,0.6879796385765076,0.6870163679122925,0.6889148354530334,0.6924049258232117,0.6827730536460876,1508.0,,,,,,,,,,,,,,,,,,,,,,,,,0.6949269427140258,5.9463,253.605,0.505,,,,,,,,,,,,,,,,,,,,,,,,,,,,,,,,,,,,,,,,,,,,,,,,,,,,,,,,,,,,,,,,,,,,,,,,,,,,,,,,,,,,,,,,,,,,,nllpch,L_PCH
sim_events2__ours_nllpch_event_ranking__s0,11_extra_sweeps,sim_events2,0,events,2.0,,ours,0.7441606171112098,0.7064327376313553,0.6956066197192151,0.11789041046109122,0.19441234268265076,0.20089550333823217,0.7153999914872601,0.1879216879606247,0.7020040807290389,0.6940995381691023,0.6865500490097822,0.13280491156829088,0.20342403638885387,0.1996396226170286,0.6942178893026411,0.16459396481513977,,,,,,,,,,,,,,,,,0.7048089403949506,0.17484447117602459,254.37232103384818,307.2222103387104,169.6722421822509,192.9319066519723,,,,,212.02228160804952,250.07705849534136,0.7152961980548187,0.7152961980548187,1131.0,0.6551724137931034,0.060123784261715274,0.6806387225548902,0.22350483707437216,0.63912827063333,1503,nllpch_event_ranking,1.0874086618423462,904.0,911.0,,,0.17621284179779453,0.6887437358280728,0.696755051612854,0.6915802955627441,0.6927202939987183,0.6897426247596741,0.6870825290679932,0.6862993836402893,0.6809263825416565,0.6843993067741394,0.6889123916625977,0.6966119408607483,1503.0,0.6736274176421109,0.6745206713676453,0.6447659134864807,0.6584629416465759,0.6679654121398926,0.6692458987236023,0.6749210953712463,0.6774741411209106,0.6803000569343567,0.6813217401504517,0.6656522154808044,1503.0,,,,,,,,,,,,,,,,,,,,,,,,,0.6811855767350918,6.1924,242.716,0.484,,,,,,,,,,,,,,,,,,,,,,,,,,,,,,,,,,,,,,,,,,,,,,,,,,,,,,,,,,,,,,,,,,,,,,,,,,,,,,,,,,,,,,,,,,,,,nllpch_event_ranking,L_PCH + L_mul
sim_events2__ours_nllpch_event_ranking__s1,11_extra_sweeps,sim_events2,1,events,2.0,,ours,0.7705853330829845,0.7409582859216853,0.7203889337113882,0.11615558884595996,0.1846162642182444,0.20516788440415257,0.7439775175720195,0.1848783940076828,0.6940711182519491,0.7041893807213843,0.6902297436648159,0.1247902699479331,0.19341149968993504,0.1986107678323226,0.6961634142127164,0.1648901253938675,,,,,,,,,,,,,,,,,0.720070465892368,0.17045871248975797,254.68676021000206,312.8555071978695,208.30377085349454,213.01185054781945,,,,,231.49526553174832,262.93367887284444,0.6819852941176471,0.6819852941176471,1088.0,0.6231617647058824,0.05882352941176472,0.6650847457627118,0.22906772187800922,0.6507712454545656,1475,nllpch_event_ranking,1.0562776327133179,860.0,882.0,,,0.17475804216073385,0.7079259691208963,0.7083365321159363,0.7103805541992188,0.7115518450737,0.7110733389854431,0.7077858448028564,0.706152081489563,0.7057973146438599,0.7061548233032227,0.7041804790496826,0.7117114067077637,1475.0,0.6813373166741632,0.682062029838562,0.6429385542869568,0.6643145680427551,0.6765189170837402,0.6803014278411865,0.6822630167007446,0.6825947761535645,0.6838297843933105,0.6841035485267639,0.6825490593910217,1475.0,,,,,,,,,,,,,,,,,,,,,,,,,0.6946316428975297,6.6389,222.174,0.452,,,,,,,,,,,,,,,,,,,,,,,,,,,,,,,,,,,,,,,,,,,,,,,,,,,,,,,,,,,,,,,,,,,,,,,,,,,,,,,,,,,,,,,,,,,,,nllpch_event_ranking,L_PCH + L_mul
sim_events2__ours_nllpch_event_ranking__s2,11_extra_sweeps,sim_events2,2,events,2.0,,ours,0.7410822510351275,0.7043866881101296,0.6924741194268113,0.11202611159029419,0.20267541699261946,0.22755937292290085,0.7126476861906895,0.20208241045475006,0.7059793383045352,0.6930096819995931,0.6853972458813797,0.12610238874142876,0.1992558025817082,0.20281265455824937,0.6947954220618361,0.168290913105011,,,,,,,,,,,,,,,,,0.7037215541262628,0.17840529123120014,305.9346515280556,339.32288049786035,231.91588691799146,232.13861370260366,,,,,268.9252692230235,285.730747100232,0.7056159420289855,0.7056159420289855,1104.0,0.6422101449275363,0.06340579710144922,0.653183023872679,0.23190925798348544,0.6565776903967209,1508,nllpch_event_ranking,1.0717912912368774,893.0,862.0,,,0.1854851052037671,0.6856524849671712,0.689361035823822,0.6849024891853333,0.6877285838127136,0.6869860291481018,0.6844003200531006,0.6831862926483154,0.6807654500007629,0.6831101179122925,0.6830837726593018,0.6944689154624939,1508.0,0.6746854955406283,0.6779075860977173,0.6314911842346191,0.6672842502593994,0.6626864671707153,0.6693951487541199,0.6716473698616028,0.6776257157325745,0.6774196624755859,0.6795598864555359,0.6773960590362549,1508.0,,,,,,,,,,,,,,,,,,,,,,,,,0.6801689902538998,6.3729,236.626,0.471,,,,,,,,,,,,,,,,,,,,,,,,,,,,,,,,,,,,,,,,,,,,,,,,,,,,,,,,,,,,,,,,,,,,,,,,,,,,,,,,,,,,,,,,,,,,,nllpch_event_ranking,L_PCH + L_mul
sim_events2__ours_nllpch_sample_event_ranking__s0,11_extra_sweeps,sim_events2,0,events,2.0,,ours,0.7492645348920836,0.7222186534528,0.7040977568915453,0.1323193376126122,0.22552417052706294,0.23720177956141006,0.725193648412143,0.21375177800655365,0.7050786661753884,0.6982230758258938,0.6914138771178501,0.13327032098731867,0.21187806866861542,0.2196240943326392,0.6982385397063774,0.17589598894119263,,,,,,,,,,,,,,,,,0.7117160940592602,0.19330296194827642,299.37381019669573,355.92717683878664,217.570334791964,225.95106667407282,,,,,258.47207249432984,290.9391217564297,0.7029177718832891,0.7029177718832891,1131.0,0.6551724137931034,0.04774535809018565,0.677977378576181,0.23281648141682804,0.658564508985413,1503,nllpch_sample_event_ranking,1.3241057395935059,904.0,911.0,,,0.19475088332966997,0.6964798334405676,0.7009100317955017,0.6996275186538696,0.7006555795669556,0.7011982202529907,0.7004539966583252,0.6850718855857849,0.6920222640037537,0.7008792161941528,0.6981704235076904,0.693728506565094,1503.0,0.6775723227071381,0.6782019734382629,0.6581993103027344,0.6684616804122925,0.6695337295532227,0.6647369861602783,0.6785942316055298,0.6785774230957031,0.6855642199516296,0.6816069483757019,0.6757866740226746,1503.0,,,,,,,,,,,,,,,,,,,,,,,,,0.6870260780738529,5.6189,267.488,0.534,,,,,,,,,,,,,,,,,,,,,,,,,,,,,,,,,,,,,,,,,,,,,,,,,,,,,,,,,,,,,,,,,,,,,,,,,,,,,,,,,,,,,,,,,,,,,nllpch_sample_event_ranking,L_PCH + L_rank + L_mul (paper)
sim_events2__ours_nllpch_sample_event_ranking__s1,11_extra_sweeps,sim_events2,1,events,2.0,,ours,0.7646099124853133,0.7373282961760574,0.7259929137244819,0.11828493138821035,0.19424018421234687,0.2214971844938218,0.742643707461951,0.20160067081451416,0.7056593719430541,0.7108830443766823,0.6993620125646081,0.13144201631570046,0.21041569408864688,0.21140682201262698,0.7053014762947815,0.17527391016483307,,,,,,,,,,,,,,,,,0.7239725918783662,0.18121447208522554,255.99938937556038,334.22796775634725,201.3705823684141,214.61223955905407,,,,,228.68498587198724,274.4201036577007,0.6847426470588235,0.6847426470588235,1088.0,0.6231617647058824,0.061580882352941124,0.655593220338983,0.23258530273812242,0.6579929032820273,1475,nllpch_sample_event_ranking,1.2946209907531738,860.0,882.0,,,0.1882710480286251,0.7107040182267427,0.703481137752533,0.7097289562225342,0.7078482508659363,0.7123150825500488,0.7127805948257446,0.7121061682701111,0.7117883563041687,0.7104247808456421,0.7129668593406677,0.7077569365501404,1475.0,0.6911412923462441,0.6838672161102295,0.6609707474708557,0.6914806365966797,0.6968764662742615,0.6943989992141724,0.6928366422653198,0.6939442157745361,0.6949385404586792,0.6961164474487305,0.6809279322624207,1475.0,,,,,,,,,,,,,,,,,,,,,,,,,0.7009226552864933,6.0231,244.889,0.498,,,,,,,,,,,,,,,,,,,,,,,,,,,,,,,,,,,,,,,,,,,,,,,,,,,,,,,,,,,,,,,,,,,,,,,,,,,,,,,,,,,,,,,,,,,,,nllpch_sample_event_ranking,L_PCH + L_rank + L_mul (paper)
sim_events2__ours_nllpch_sample_event_ranking__s2,11_extra_sweeps,sim_events2,2,events,2.0,,ours,0.7433241946239042,0.7101536084649944,0.7059309712848717,0.11695629015685462,0.21160064542193366,0.2322789670206003,0.7198029247912568,0.21176569163799286,0.717849854953668,0.7064838062419099,0.6971325922583801,0.13440052743110126,0.21444762592645447,0.21594997785638226,0.7071554178179861,0.18209487199783325,,,,,,,,,,,,,,,,,0.7134791713046215,0.18760567230222108,285.49609156128054,350.2213853105946,220.03156035612187,235.3947850729391,,,,,252.7638259587012,292.80808519176685,0.6875,0.6875,1104.0,0.6422101449275363,0.04528985507246375,0.6710875331564987,0.23504685182370186,0.6630698915195131,1508,nllpch_sample_event_ranking,1.3069201707839966,893.0,862.0,,,0.19719233179194295,0.6928550268745355,0.6934556365013123,0.6972252726554871,0.6906864643096924,0.6939837336540222,0.6908290386199951,0.695601761341095,0.6913881897926331,0.6925408244132996,0.6925632953643799,0.6927453875541687,1508.0,0.6817393309532053,0.6305206418037415,0.6637026071548462,0.6895577311515808,0.686092734336853,0.6871597170829773,0.6837112903594971,0.6878305077552795,0.689922034740448,0.6883772015571594,0.6623803973197937,1508.0,,,,,,,,,,,,,,,,,,,,,,,,,0.6872971789138703,6.3878,236.075,0.47,,,,,,,,,,,,,,,,,,,,,,,,,,,,,,,,,,,,,,,,,,,,,,,,,,,,,,,,,,,,,,,,,,,,,,,,,,,,,,,,,,,,,,,,,,,,,nllpch_sample_event_ranking,L_PCH + L_rank + L_mul (paper)
sim_events6__coxph__s0,11_extra_sweeps,sim_events6,0,events,6.0,,coxph,0.6542784688363076,0.6411352934893301,0.6279472906697232,0.11758013080561781,0.19551160607199997,0.23314950362975453,0.6411203509984537,0.18208041350245743,0.6656863669629417,0.658494232944986,0.6548868351272787,0.12377098274897132,0.20430097471931163,0.22321093819114785,0.6596891450117355,0.18376096521981025,0.6722987189946251,0.6726616499014878,0.6664413993977877,0.12348361042607003,0.19565781392852713,0.2135146617916113,0.6704672560979669,0.1775520287154028,0.6691089469656881,0.6753064225292412,0.6679551548920153,0.13107234279640234,0.20247257023629095,0.21554245606677722,0.6707901747956483,0.18302912303315685,0.6574468501287772,0.1823089374841613,245.9892831525108,309.9988382252452,230.00306971749663,282.3335884121368,204.2885462482629,245.83632090635888,195.65479582432113,233.6088509087091,207.63865782449648,247.7837774831136,0.6442913501737031,0.6499297135828501,16983.0,0.5619737384443266,0.08231761172937646,0.6357950765136394,0.22496811305124437,0.6409869469254533,22545,,,,,,,,,,,,,,,,,,,,,,,,,,,,,,,,,,,,,,,,,,,,,,,,,,,,,,,,,,,,0.6425140286189189,0.630686989686245,0.6241911240350917,0.1275410046071055,0.21623384783357522,0.2255071903794729,0.6324640474467519,0.1897606809400512,0.6613591851153927,0.6787266183044492,0.6703645758464809,0.12852244520048126,0.20207556592738787,0.20241322935439826,0.6701501264221076,0.1776704134940891,196.13614375688243,225.15382958745604,173.76010824750517,189.77123685877544,,,,,,,,,,,,,,,,,,,,,,,,,,,,,,,,,,,,,,,,,,,,,,,,,,,,,,,,,,,,,,,,,,,,,,,,,,Cox PH (cause-specific)
sim_events6__coxph__s1,11_extra_sweeps,sim_events6,1,events,6.0,,coxph,0.6577526996741061,0.649758675318405,0.647285645773326,0.12594314563014258,0.2012805101621675,0.2315209909588722,0.6515990069219457,0.18624821558372742,0.6600493113298475,0.6542626685748684,0.6557687990333992,0.1238987977817294,0.19939861549982668,0.2232750460334219,0.6566935929793717,0.18219081977165932,0.6939126521326398,0.6829349464636411,0.6663772098232851,0.12057544203124268,0.19397907146424076,0.21614642227527012,0.6810749361398553,0.17690031192358455,0.6645990202096553,0.6600763344741509,0.6446147162622452,0.13303671609434667,0.20469901995021056,0.2294223795951035,0.6564300236486839,0.18905270521322023,0.6574152114435555,0.18473234172264175,247.8824188858205,311.1029779351729,224.6893394195157,275.43214464012533,206.44111603911068,238.37012769720909,201.50144133673814,234.5990505786384,208.78137775674813,247.12763227411514,0.6519435680695279,0.6599422691655702,16799.0,0.5605095541401274,0.09143401392940054,0.6388248587570622,0.22213240068759582,0.6347238514146657,22125,,,,,,,,,,,,,,,,,,,,,,,,,,,,,,,,,,,,,,,,,,,,,,,,,,,,,,,,,,,,0.6354037740796438,0.6311814568845759,0.6219940424915447,0.13453485264792794,0.20931443437094788,0.232208210639352,0.6295264244852549,0.19201916588607593,0.6781739349981178,0.6683112194889198,0.66101669897163,0.1338659027889987,0.20569980650700131,0.20638278657674897,0.6691672844862225,0.181982831957583,194.62016294216906,228.14739690649674,177.55378791713477,195.11409588704817,,,,,,,,,,,,,,,,,,,,,,,,,,,,,,,,,,,,,,,,,,,,,,,,,,,,,,,,,,,,,,,,,,,,,,,,,,Cox PH (cause-specific)
sim_events6__coxph__s2,11_extra_sweeps,sim_events6,2,events,6.0,,coxph,0.6516907508128784,0.6558359546360265,0.6417746426816959,0.1277613849148784,0.19691780356771432,0.22293226922104256,0.6497671160435335,0.18253715256787842,0.6711554683866743,0.667880834636364,0.6627225503511746,0.1316030306518826,0.2011073742914897,0.21228151652747568,0.6672529511247376,0.18166397382361602,0.6855461702888842,0.6673188772392377,0.669858900462352,0.13207614455204267,0.20119004261697315,0.20478486744043153,0.6742413159968246,0.17935035153648246,0.694496947318924,0.6725331495886705,0.6599972756065355,0.12613283284989688,0.20648861470804694,0.2146922494304194,0.6756757908380434,0.18243789899612106,0.6636152880593208,0.18207257529594065,255.0036835601145,318.1689417355914,234.63431554804222,285.1313328630032,211.5009162854838,241.16307237362395,201.13186744807197,231.86979656522632,213.95638597138054,250.24178065377592,0.6526358806702084,0.6569679750865696,17129.0,0.5648315721875182,0.08780430848269016,0.6330238726790451,0.22328117150548057,0.6370369623898168,22620,,,,,,,,,,,,,,,,,,,,,,,,,,,,,,,,,,,,,,,,,,,,,,,,,,,,,,,,,,,,0.6219827644277431,0.6360956399622475,0.6239706239543533,0.12852064346646017,0.21440271539635677,0.22922087022129692,0.6273496761147813,0.19071474302803795,0.6968262038681089,0.6907668818055028,0.674621549040402,0.12690436450868012,0.1989881673193983,0.2013014636424455,0.6874048782380046,0.17573133182350797,204.88777637603866,233.71259915639956,176.57975661053234,191.4049412288111,,,,,,,,,,,,,,,,,,,,,,,,,,,,,,,,,,,,,,,,,,,,,,,,,,,,,,,,,,,,,,,,,,,,,,,,,,Cox PH (cause-specific)
sim_events6__oracle__s0,11_extra_sweeps,sim_events6,0,events,6.0,,oracle,0.7311704015553481,0.7157225279155787,0.709870300662281,0.10563445509497682,0.17152024415161837,0.19873829868964682,0.7189210767110693,0.15863099931208066,0.7144727265148597,0.7157841833511958,0.7192783886397874,0.11538473141100625,0.18252704755271731,0.1894316654185111,0.7165117661686143,0.16244781479407822,0.7350360216698666,0.7330738222626182,0.7297931720392904,0.11364658011280496,0.17409516221693486,0.18091760975582197,0.7326343386572584,0.15621978402852058,0.7305021284985056,0.737187781803574,0.7262339587950739,0.1227047289206283,0.17499173332808335,0.18395997629790117,0.7313079563657178,0.1605521461822043,0.7238502532167314,0.1598515301270831,210.53836749632865,261.6665108765091,193.76811496372537,238.3687172984511,185.0624278538405,215.8463288571228,167.81365953882556,201.93888759207394,180.2497130012816,212.75449865160655,0.6941647529882824,0.7002495167808822,16983.0,0.5619737384443266,0.13219101454395576,0.6801508094921268,0.2028172429145671,0.590162835648573,22545,,,,,,,,,,,,,,,,,,,,,,,,,,,,,,,,,,,,,,,,,,,,,,,,,,,,,,,,,,,,0.7306153561388701,0.7216277503724429,0.7190654347173173,0.11627074484886585,0.1837887823435983,0.1784597988596124,0.7237695137428767,0.15950644201735886,0.7274672181985491,0.7208842854299189,0.7115190993360863,0.11952385783021083,0.18255880092432342,0.18317332453023444,0.7199568676548515,0.16175199442825622,162.95239134834335,184.85343023731184,161.36331680662624,173.85311704817028,,,,,,,,,,,,,,,,,,,,,,,,,,,,,,,,,,,,,,,,,,,,,,,,,,,,,,,,,,,,,,,,,,,,,,,,,,Oracle (true CIF)
sim_events6__oracle__s1,11_extra_sweeps,sim_events6,1,events,6.0,,oracle,0.7211088348719399,0.7189330665539646,0.7118705523984273,0.11540466985520688,0.17537367224117165,0.2001161112322136,0.7173041512747772,0.16363148444286404,0.7311380621564375,0.7305592850510398,0.7235514889688613,0.11143682889358544,0.17339005021959406,0.18935560774869484,0.7284162787254463,0.15806082895395812,0.7640789911964994,0.7503916081625304,0.7395681275375657,0.10789428801895397,0.16774612517799087,0.1785608926574828,0.7513462422988652,0.1514004352848092,0.7220141641356831,0.7171982036003237,0.7072316160180879,0.12313589840236862,0.1834786374524424,0.19807442336429054,0.7154813279180315,0.16822965307303384,0.728158584025392,0.16037329890192442,200.55283711197353,263.0803809532185,199.6771383939213,239.14272838071545,172.10810426282092,198.52763069703602,168.05773282201102,196.88916026188926,176.87456357034648,209.60834726888743,0.699267813560331,0.7074279550007705,16799.0,0.5605095541401274,0.1387582594202036,0.687683615819209,0.20016151531536544,0.5836012221246026,22125,,,,,,,,,,,,,,,,,,,,,,,,,,,,,,,,,,,,,,,,,,,,,,,,,,,,,,,,,,,,0.7439832361933941,0.7426102215100953,0.7312165572981769,0.12014971445181326,0.16958666531637728,0.17982560139159484,0.7392700050005554,0.15652066038659515,0.7308250016559932,0.7127770346536257,0.7077984604944101,0.1224015476842384,0.1869042112610498,0.1838844348655702,0.7171334989346763,0.16439673127028614,159.07413699154904,183.9203189798639,161.7774318398031,176.0898643406016,,,,,,,,,,,,,,,,,,,,,,,,,,,,,,,,,,,,,,,,,,,,,,,,,,,,,,,,,,,,,,,,,,,,,,,,,,Oracle (true CIF)
sim_events6__oracle__s2,11_extra_sweeps,sim_events6,2,events,6.0,,oracle,0.7265583679015812,0.7249300230798745,0.7171040110150508,0.11554575150556338,0.17267207295884696,0.18838880430576332,0.7228641339988355,0.15886887625672455,0.7223498517752569,0.7245741254077809,0.7227464186594301,0.12021756954227591,0.1767215632669609,0.18348935691721513,0.7232234652808227,0.1601428299088173,0.7553101515078018,0.7441154763159747,0.7376722237008717,0.11718866378475251,0.17114302571818027,0.17684572242636634,0.7456992838415495,0.15505913730976636,0.7428670934286962,0.7208203848864834,0.711483750269514,0.1180372245030005,0.18571963055450097,0.18672164385178375,0.7250570761948979,0.16349283296976175,0.7292403551803646,0.15856113864243665,201.22455438922304,257.37696385887057,201.03980513993287,241.81491032701933,181.17582036117528,206.0508498574487,163.0697560588707,196.10699326547353,176.53514650955415,209.15954065924177,0.698727304571195,0.7037439866136791,17129.0,0.5648315721875182,0.1338957323836768,0.6856542882404951,0.20016009348603758,0.5828647065612689,22620,,,,,,,,,,,,,,,,,,,,,,,,,,,,,,,,,,,,,,,,,,,,,,,,,,,,,,,,,,,,0.7245408818050191,0.7302224285934721,0.7274893421185699,0.11619814361744313,0.17895280203239014,0.1755197176606595,0.7274175508390203,0.15689022110349757,0.7395720879400803,0.7345589064509149,0.7194108683901898,0.11575968112079446,0.17528570020885473,0.1796934215885076,0.7311806209270616,0.15691293430605227,155.9521031324568,184.1878512308995,156.7488399756664,169.41967541573905,,,,,,,,,,,,,,,,,,,,,,,,,,,,,,,,,,,,,,,,,,,,,,,,,,,,,,,,,,,,,,,,,,,,,,,,,,Oracle (true CIF)
sim_events6__ours_nllpch__s0,11_extra_sweeps,sim_events6,0,events,6.0,,ours,0.7166959310408102,0.6995503749632724,0.6913921901441369,0.10852657438368794,0.17663266565708616,0.20574340248067977,0.7025461653827398,0.18479540944099426,0.6731117401505958,0.6780617405059151,0.6801126965100858,0.11913877996082016,0.19506039433631567,0.2064444756489668,0.6770953923888655,0.18551115691661835,0.7166473236202806,0.7139273811596314,0.7074609903966624,0.11438860739688696,0.1838763717544276,0.1938911651747193,0.7126785650588582,0.17165185511112213,0.7182270312861625,0.7235194908458881,0.7125216354555075,0.12355094433226425,0.1796978683312172,0.19052450136632962,0.7180893858625194,0.16439996659755707,0.6977858263995819,0.1678634635008358,219.21949065038157,271.5743441127094,229.96509200482419,268.27430365638355,208.987945374039,237.26806319589465,166.39414964243838,207.07670478481398,194.50983151373052,227.9485699281223,0.6714361420243773,0.6770643706437064,16983.0,0.5619737384443266,0.10946240358005066,0.6543357728986472,0.21535155801435626,0.6194436075422679,22545,nllpch,5.780450344085693,916.0,914.0,898.0,887.0,0.17259272947025087,0.6902239678690097,0.6851008534431458,0.6871935129165649,0.6882566809654236,0.6884986758232117,0.6898809671401978,0.6899463534355164,0.6906647682189941,0.6910454630851746,0.6926248669624329,0.6912081241607666,1503.0,0.6722750356044038,0.6642588973045349,0.6676498651504517,0.6725541949272156,0.674249529838562,0.6747206449508667,0.6729030013084412,0.6730485558509827,0.6748084425926208,0.6735410094261169,0.6677996516227722,1503.0,0.6933225502233281,0.6896986365318298,0.6901200413703918,0.6948401927947998,0.6939947605133057,0.6950598359107971,0.6949453353881836,0.6948111057281494,0.694629430770874,0.6899435520172119,0.6925068497657776,1503.0,0.7056899998987858,0.6931102871894836,0.7026529908180237,0.7043159008026123,0.7047998309135437,0.7045489549636841,0.705412745475769,0.7059573531150818,0.7063702344894409,0.7078660726547241,0.7055523991584778,1503.0,0.6864339401911136,21.1563,71.043,0.142,0.694501602141292,0.6799372038462693,0.6789165200238906,0.12144424246767882,0.19812038997563902,0.19684811443646358,0.6844517753371506,0.16725680232048035,0.691919632539804,0.6964931296524376,0.6871482609098335,0.12370957834155015,0.19154748354515225,0.19239678342515962,0.6918536743673583,0.1614513397216797,183.22490794356307,203.37004965904202,159.26740346713686,180.12795415989032,904.0,902.0,0.6776679117317208,0.6733151078224182,0.6752150654792786,0.678965151309967,0.6799641251564026,0.6805213689804077,0.6812459230422974,0.6797654628753662,0.6795985102653503,0.676361083984375,0.6721656918525696,1503.0,0.6794241758194329,0.666417121887207,0.6753784418106079,0.6784955263137817,0.6795515418052673,0.6794061660766602,0.6788015961647034,0.6767756938934326,0.6802025437355042,0.6806761026382446,0.6805562973022461,1503.0,,,,,,,,,,,,,,,,,,,,,,,,,,,,,,,,,,,,,,,,,,,,,,,nllpch,L_PCH
sim_events6__ours_nllpch__s1,11_extra_sweeps,sim_events6,1,events,6.0,,ours,0.6829145663666912,0.6886290577185924,0.6898845959940842,0.11888831860260282,0.18687469712366334,0.2083498291958218,0.6871427400264559,0.18787960708141327,0.7147915936992502,0.7140406733740439,0.7087985151365995,0.1116413996183112,0.18037363890679864,0.19810164408539074,0.7125435940699645,0.17777186632156372,0.7317291627408552,0.7190605770342545,0.7085703472032446,0.11342965509491128,0.18174994840037262,0.1947079152074623,0.7197866956594514,0.16833320260047913,0.694627193572777,0.6999743583033231,0.6904057434029018,0.12611877850584852,0.1883168255077648,0.20596472483368686,0.6950024317596674,0.16996964812278748,0.7075486120493716,0.16758023163900135,239.1794308846739,287.82731196247596,226.78362368633856,256.68123486165047,191.01051353286806,218.2354349378466,176.237356353936,206.04477123866877,195.88451797798902,225.0412397080277,0.6750401809631525,0.6833760091041644,16799.0,0.5605095541401274,0.11453062682302517,0.6658079096045197,0.21098008025109596,0.6090198203752035,22125,nllpch,5.753691673278809,913.0,902.0,899.0,888.0,0.17071355863478127,0.6813074434643401,0.6734504699707031,0.6753134727478027,0.6806139349937439,0.6814062595367432,0.6819549202919006,0.6822317242622375,0.6826260685920715,0.6823253035545349,0.682151198387146,0.6817065477371216,1475.0,0.6991696729007686,0.6980157494544983,0.6971071362495422,0.6981943249702454,0.699583888053894,0.698847234249115,0.6992120146751404,0.7001564502716064,0.6994686126708984,0.7002744078636169,0.6982153058052063,1475.0,0.6970450928506644,0.6930339932441711,0.6886269450187683,0.6938151121139526,0.6954801678657532,0.69473797082901,0.6959819197654724,0.6964694261550903,0.6984351873397827,0.6985559463500977,0.7004173398017883,1475.0,0.694579513439333,0.6890088319778442,0.6895214319229126,0.6916297674179077,0.6935736536979675,0.6966147422790527,0.6968780159950256,0.6962406635284424,0.6956543326377869,0.694543719291687,0.6926621794700623,1475.0,0.6951207284155426,19.4837,75.704,0.154,0.725677846538693,0.7272882433439872,0.716802822914197,0.12310164975381993,0.17617578171583642,0.1890636224847569,0.7232563042656258,0.1580643355846405,0.7230622333391463,0.7046481343814462,0.6949693518246027,0.12578354166617467,0.1919503535988295,0.1958518451999715,0.7075599065150651,0.1615150272846222,155.63986869078877,188.37122300229635,186.4563147193288,193.0874622452282,873.0,891.0,0.7039035615224578,0.6762940883636475,0.6872906684875488,0.6964420676231384,0.7034976482391357,0.7030710577964783,0.7062295079231262,0.7060263156890869,0.7077215909957886,0.7066687345504761,0.7012595534324646,1475.0,0.6947190863156916,0.6690835952758789,0.6911650896072388,0.6920455098152161,0.6909790635108948,0.6943992972373962,0.6961522102355957,0.6957044005393982,0.695370078086853,0.6947081089019775,0.6955344080924988,1475.0,,,,,,,,,,,,,,,,,,,,,,,,,,,,,,,,,,,,,,,,,,,,,,,nllpch,L_PCH
sim_events6__ours_nllpch__s2,11_extra_sweeps,sim_events6,2,events,6.0,,ours,0.6955664258538554,0.6997453753907653,0.6935246584423441,0.11817794446001864,0.17857380662147548,0.19962201614784497,0.696278819895655,0.18003924190998077,0.7158808933190978,0.7101663728057035,0.7098601626915385,0.11802998763059208,0.17922900134455644,0.18811209100685483,0.7119691429387799,0.17474985122680664,0.7440430174555208,0.7252980307160922,0.7229856278417485,0.11877428934527,0.178394143788307,0.1820563776759257,0.7307755586711204,0.1654120832681656,0.7291541076535974,0.7029099101038071,0.6938792891856427,0.11790944446315728,0.191627985573791,0.19527231151549795,0.7086477689810158,0.16692258417606354,0.713074519592107,0.1633360438472192,223.50577073828177,274.99391686899685,215.4341492792528,252.25255121380377,193.6562632472592,217.79073694880367,177.49277748331156,206.68599530992168,190.22261022173916,220.46749136021495,0.684336505341818,0.6879470822003765,17129.0,0.5648315721875182,0.11950493315429978,0.6662245800176835,0.2086191651333089,0.6028349883528417,22620,nllpch,5.681499481201172,905.0,905.0,917.0,910.0,0.16635090917408937,0.6970732902289243,0.6928967833518982,0.6952794790267944,0.6970766186714172,0.6963106989860535,0.6972706317901611,0.6978044509887695,0.6983001232147217,0.6975787878036499,0.69915372133255,0.6951329708099365,1508.0,0.7054776980226534,0.7040835022926331,0.7058795094490051,0.7053108811378479,0.7055736184120178,0.7056825160980225,0.7060667276382446,0.7062414288520813,0.706183910369873,0.7059677243232727,0.7034640908241272,1508.0,0.7085219759885262,0.7084943056106567,0.7046147584915161,0.7068959474563599,0.7092057466506958,0.7090319395065308,0.7092278599739075,0.7092970013618469,0.7093108296394348,0.7095639109611511,0.706752359867096,1508.0,0.6940030283535903,0.686013400554657,0.6910386681556702,0.6952508091926575,0.6955907344818115,0.6948415637016296,0.695344865322113,0.6945691108703613,0.694257915019989,0.69388347864151,0.6925015449523926,1508.0,0.7012473523782904,19.3426,77.963,0.155,0.7064006384691258,0.7162863158289993,0.7133493037016093,0.11908445039552246,0.18223820640572558,0.183798786965119,0.7120120859999114,0.1563892811536789,0.7288816137330081,0.7224673112950075,0.7049422981704653,0.11816597433601966,0.18261096843443367,0.18837100313983365,0.7187637410661604,0.15472647547721863,165.83133592287257,192.56948085426987,165.41536465945694,178.51226696549372,907.0,913.0,0.7036894919355263,0.6963089108467102,0.6991621255874634,0.7042635679244995,0.7043260335922241,0.7044041156768799,0.7031065225601196,0.7039744257926941,0.7033108472824097,0.7040595412254333,0.7039241790771484,1508.0,0.6987186297405212,0.6752350926399231,0.692948579788208,0.6938271522521973,0.6943582892417908,0.6970615983009338,0.700408399105072,0.6994118690490723,0.7003419399261475,0.6994574069976807,0.6992536783218384,1508.0,,,,,,,,,,,,,,,,,,,,,,,,,,,,,,,,,,,,,,,,,,,,,,,nllpch,L_PCH
sim_events6__ours_nllpch_event_ranking__s0,11_extra_sweeps,sim_events6,0,events,6.0,,ours,0.7167576487754048,0.6996586698674652,0.6861657488216031,0.11020436018877977,0.18126391132174188,0.2113056463436796,0.7008606891548244,0.18989188969135284,0.6889750276749048,0.6819294495876418,0.6841098494911917,0.11692440746621195,0.19493850930044676,0.2052218323087151,0.6850047755845795,0.18348336219787598,0.704727583128908,0.6903909849906812,0.6830898491774055,0.11651328827278531,0.19212986644852792,0.2074924370671454,0.6927361390989982,0.18199153244495392,0.7139488757625837,0.7199945104433316,0.703841407723646,0.12384605343670241,0.18367918133195216,0.1971646157249819,0.7125949313098539,0.16785821318626404,0.691689226613935,0.17124699166267532,244.3457622997047,291.2009103989016,215.00424318525998,265.7974738286055,211.57285193175645,246.10843849365435,173.17227651017382,215.01058522586362,195.5238392564935,233.09056576546004,0.6707884354943179,0.6740830551162654,16983.0,0.5619737384443266,0.10881469704999125,0.6542914171656686,0.22248535550937137,0.636279322621678,22545,nllpch_event_ranking,3.0594472885131836,916.0,914.0,898.0,887.0,0.17647577204006754,0.6829660308892376,0.6805843710899353,0.6833803653717041,0.6836943626403809,0.6846235394477844,0.685420572757721,0.6858799457550049,0.6834430694580078,0.6832109093666077,0.6800112724304199,0.680756151676178,1503.0,0.6795745591358471,0.6733444929122925,0.675233781337738,0.6811569929122925,0.6821222901344299,0.6787729859352112,0.6792991161346436,0.6773084998130798,0.680120587348938,0.6798567175865173,0.6812931895256042,1503.0,0.6729760553300991,0.678299069404602,0.6706206798553467,0.6731776595115662,0.6745708584785461,0.6735255122184753,0.6715870499610901,0.6731931567192078,0.6753147840499878,0.6633826494216919,0.6794867515563965,1503.0,0.702750075745046,0.6862917542457581,0.7030179500579834,0.7001510858535767,0.6945232152938843,0.6997435688972473,0.7035929560661316,0.70259690284729,0.700913667678833,0.7027003169059753,0.7097823619842529,1503.0,0.6794642548348414,18.1701,82.718,0.165,0.7014443855342537,0.6849947728172195,0.6885561234189281,0.120635741281683,0.1966955380828237,0.1939350360775436,0.6916650939234671,0.16562345623970032,0.6752197883323515,0.6630953358784104,0.6635060676248994,0.12352125638538539,0.2006504668132449,0.20632370207580525,0.6672737306118871,0.169609934091568,168.0006453438181,195.27269316685621,161.04725626824808,185.1532934788788,904.0,902.0,0.6847590936379482,0.6704935431480408,0.6837846040725708,0.6844096779823303,0.6839893460273743,0.6845657825469971,0.6813808679580688,0.6870813965797424,0.6872484087944031,0.686222493648529,0.6829022765159607,1503.0,0.6537597142708701,0.6547501087188721,0.6331881284713745,0.6475844383239746,0.6535780429840088,0.6409491300582886,0.6386258006095886,0.639336109161377,0.6559951901435852,0.6644589304924011,0.6660479307174683,1503.0,,,,,,,,,,,,,,,,,,,,,,,,,,,,,,,,,,,,,,,,,,,,,,,nllpch_event_ranking,L_PCH + L_mul
sim_events6__ours_nllpch_event_ranking__s1,11_extra_sweeps,sim_events6,1,events,6.0,,ours,0.6872369216797265,0.6932856660172796,0.6864900158224444,0.12079062483167337,0.19119647120687383,0.21478609721480066,0.6890042011731502,0.19167089462280273,0.6882970640422743,0.6718278327873412,0.673933115156101,0.11555428209979786,0.19279049937654066,0.2131812454025192,0.6780193373285721,0.18839286267757416,0.7314259146701972,0.711439295906945,0.700360770198479,0.11435398704764797,0.18659897336135184,0.20545859519237405,0.7144086602585404,0.1756904423236847,0.6883880155761584,0.6882845068454737,0.6741543127000171,0.1274914872216441,0.1954276042178294,0.2160909523007182,0.6836089450405497,0.17686626315116882,0.6912895827769973,0.1744999323725702,206.50687311172467,285.9912657915208,206.57444851273198,262.6602505406928,179.5774459894745,223.6584915598846,168.16294325500903,214.02877258268944,181.37397345986315,228.96284382002986,0.6524793142448956,0.6595481110044218,16799.0,0.5605095541401274,0.0919697601047682,0.6585310734463277,0.2225181798828453,0.6365446619092661,22125,nllpch_event_ranking,3.0638980865478516,913.0,902.0,899.0,888.0,0.17807776752777435,0.679342786269648,0.66855388879776,0.6767458915710449,0.6802021265029907,0.6812461614608765,0.6794219017028809,0.6790900826454163,0.6806713938713074,0.6774710416793823,0.6751158833503723,0.6857234239578247,1475.0,0.6722530229955148,0.6731645464897156,0.6695954203605652,0.6716445684432983,0.6686199307441711,0.6640527844429016,0.6694461107254028,0.6687440276145935,0.6694782376289368,0.6759284734725952,0.6830931901931763,1475.0,0.6932813078315663,0.6955130100250244,0.6908888816833496,0.6944867968559265,0.6938768625259399,0.6909220218658447,0.6894580125808716,0.6925405859947205,0.6914507746696472,0.6949062943458557,0.6970226168632507,1475.0,0.6775064248922196,0.6542224287986755,0.6722139716148376,0.6684774160385132,0.672109842300415,0.6791805028915405,0.6777462959289551,0.6806290745735168,0.6779628992080688,0.6769344806671143,0.6811956167221069,1475.0,0.6803945332510161,18.8865,78.098,0.159,0.7052657834963804,0.7020347837267216,0.6994556491140227,0.1259180980678544,0.1885541185564505,0.20094969063466211,0.702252072112375,0.1679358184337616,0.688830926060365,0.6773942532790808,0.6751076629069418,0.12840468428568697,0.20085800294310657,0.20259336874473174,0.6804442807487958,0.1672598123550415,161.70622416304371,198.70589161756754,165.71590572719487,188.73239082782413,873.0,891.0,0.6861797466660954,0.6456485390663147,0.6633678674697876,0.6745954751968384,0.679493248462677,0.6870964765548706,0.6794446706771851,0.6867032647132874,0.6924222707748413,0.6934200525283813,0.6869590282440186,1475.0,0.6738039108510524,0.6626741290092468,0.667743444442749,0.6669480204582214,0.6660011410713196,0.6576333045959473,0.6591476202011108,0.6664113402366638,0.671639084815979,0.680224597454071,0.6918351650238037,1475.0,,,,,,,,,,,,,,,,,,,,,,,,,,,,,,,,,,,,,,,,,,,,,,,nllpch_event_ranking,L_PCH + L_mul
sim_events6__ours_nllpch_event_ranking__s2,11_extra_sweeps,sim_events6,2,events,6.0,,ours,0.7066783009166879,0.6939155376811125,0.6864380294456842,0.12113741377251144,0.18743697984603713,0.20553868002445028,0.6956772893478282,0.18896833062171936,0.6942401456326913,0.6904231936022155,0.6892992482594302,0.1264579662795533,0.19524553568818367,0.20048151668899247,0.6913208624981123,0.1860462725162506,0.7427017808765547,0.7190519974979271,0.7104516058120954,0.12353741480726588,0.18533576007488262,0.19612960693351494,0.7240684613955257,0.17461873590946198,0.7121171088323246,0.6973025142168767,0.6903855762341119,0.1205136204891335,0.19490857735032802,0.1949260720851208,0.6999350664277711,0.16785456240177155,0.6974408097573931,0.17148327310650768,234.72778221990873,294.4251010656557,222.3859099121595,270.76560268944564,202.98446275164252,231.8433116836674,174.10874002258808,210.48081707130515,197.4006737972335,233.30255800237364,0.6719598341993112,0.6749145924841385,17129.0,0.5648315721875182,0.10712826201179293,0.6636604774535809,0.2199020805212486,0.6307036836919557,22620,nllpch_event_ranking,3.039057970046997,905.0,905.0,917.0,910.0,0.17503557532659833,0.684591973304829,0.6850331425666809,0.686851441860199,0.6875880360603333,0.6859782934188843,0.6867722272872925,0.6869560480117798,0.6826881766319275,0.6816922426223755,0.681978166103363,0.684808611869812,1508.0,0.687850892586497,0.678513765335083,0.682331919670105,0.6857743859291077,0.6875323057174683,0.6856101155281067,0.6875216364860535,0.6856386661529541,0.686472475528717,0.69096839427948,0.6935035586357117,1508.0,0.6975996231913774,0.700578510761261,0.6943129897117615,0.6990259289741516,0.6991046667098999,0.697788655757904,0.6985567212104797,0.6971637010574341,0.6953332424163818,0.696455180644989,0.6994134187698364,1508.0,0.6858849070209331,0.676170825958252,0.6820910573005676,0.6834130883216858,0.6861624717712402,0.6917575597763062,0.6888781785964966,0.6900482773780823,0.6881111860275269,0.6815820932388306,0.6823685169219971,1508.0,0.6851972647136294,19.7584,76.322,0.152,0.6991047389524364,0.692893622097629,0.6943551886246399,0.11939190817952326,0.19402563478924056,0.1961286550208523,0.6954511832249017,0.16631658375263214,0.6851823572175012,0.6804266297107213,0.6689670000224351,0.1224735709550165,0.19792739426887582,0.2051026086636559,0.6781919956502193,0.1665484607219696,178.02697911626709,204.43521608878768,172.17016876083525,187.8652994153804,907.0,913.0,0.6855427457906015,0.664311408996582,0.6792298555374146,0.6813595294952393,0.6779155135154724,0.6793850660324097,0.6741213202476501,0.6812707781791687,0.685604989528656,0.6888942718505859,0.6991233229637146,1508.0,0.6697134463875383,0.6598675847053528,0.6643161177635193,0.6653683185577393,0.6664643287658691,0.6574652791023254,0.6575958728790283,0.6592254638671875,0.6666252613067627,0.6757695078849792,0.6859716176986694,1508.0,,,,,,,,,,,,,,,,,,,,,,,,,,,,,,,,,,,,,,,,,,,,,,,nllpch_event_ranking,L_PCH + L_mul
sim_events6__ours_nllpch_sample_event_ranking__s0,11_extra_sweeps,sim_events6,0,events,6.0,,ours,0.7117103686291145,0.6995026225547633,0.6940286770903444,0.1123048046223421,0.1879972358983399,0.21777478758615887,0.701747222758074,0.1947685033082962,0.6873373326137313,0.6926058578714981,0.6950121732986834,0.11934282142564111,0.2022143830775346,0.21530865261967136,0.6916517879279708,0.19244816899299622,0.7167345118097296,0.7205119652683505,0.7114499417290931,0.11744858281681841,0.19527853021547087,0.21410263466940996,0.7162321396023911,0.18582193553447723,0.722357803039826,0.7192198609414042,0.7067568649580847,0.12680276762738124,0.20234947071635082,0.21576634757335977,0.7161115096464382,0.1818585991859436,0.7045344295654375,0.1777499583185408,244.8463794044779,303.17242206333356,228.3153550897864,280.70024999935293,203.90123562747291,250.0443920927108,201.39410304952852,237.1351696423799,204.12930276998827,244.4843613977595,0.6664900194311959,0.6700597434545774,16983.0,0.5619737384443266,0.10451628098686927,0.6623641605677534,0.22491642468015072,0.6417405629985199,22545,nllpch_sample_event_ranking,3.3369810581207275,916.0,914.0,898.0,887.0,0.18343847147808418,0.6897290343262614,0.6851867437362671,0.6883649230003357,0.6895402073860168,0.6883925199508667,0.6909767389297485,0.6895357370376587,0.6908027529716492,0.6914535760879517,0.6918672919273376,0.6870167851448059,1503.0,0.6883654519054242,0.6812931895256042,0.6843525767326355,0.6909856200218201,0.6872054934501648,0.6924362182617188,0.6875334978103638,0.6887428760528564,0.6913853883743286,0.6872702836990356,0.6863633990287781,1503.0,0.6934249824873294,0.6903606057167053,0.6876919865608215,0.6939451098442078,0.6970689296722412,0.6995707750320435,0.6976696848869324,0.6991756558418274,0.6971690654754639,0.6827766299247742,0.6897338628768921,1503.0,0.704220285586861,0.6932677030563354,0.7038567066192627,0.7062864899635315,0.7015349268913269,0.7027906179428101,0.7070168852806091,0.704192042350769,0.7032306790351868,0.7070708274841309,0.7025564908981323,1503.0,0.6918251999927093,17.3182,86.787,0.173,0.710687126225799,0.6963020529069852,0.6925028399726657,0.12292475859822043,0.20494155324069227,0.20861200007795327,0.6998306730351499,0.17505508661270142,0.707367712016012,0.7008927613024969,0.696639259949294,0.12327139271675437,0.20600070047513086,0.20705782577650425,0.701633244422601,0.1703857034444809,185.5051613960191,210.54069443226783,160.81358205264482,185.31324015651205,904.0,902.0,0.690429456444889,0.6738564968109131,0.6884618997573853,0.6833237409591675,0.6934909224510193,0.6914874911308289,0.6931002140045166,0.692843496799469,0.6919988989830017,0.6917014718055725,0.6859493851661682,1503.0,0.684781989205491,0.683953583240509,0.6758289337158203,0.6894269585609436,0.6866645812988281,0.679755687713623,0.6799753308296204,0.6788394451141357,0.6897650957107544,0.6888316869735718,0.6848222613334656,1503.0,,,,,,,,,,,,,,,,,,,,,,,,,,,,,,,,,,,,,,,,,,,,,,,nllpch_sample_event_ranking,L_PCH + L_rank + L_mul (paper)
sim_events6__ours_nllpch_sample_event_ranking__s1,11_extra_sweeps,sim_events6,1,events,6.0,,ours,0.6739195164245422,0.6920747322631707,0.6888277175441169,0.12352238808545928,0.20053131334383187,0.2251658013585326,0.6849406554106099,0.20011073350906372,0.7074032308638786,0.7016403419102136,0.6960393934866652,0.12151665632709094,0.19935777679096645,0.22038389822114932,0.7016943220869192,0.19626955687999725,0.7295651339479766,0.7140581471927909,0.7031385526960859,0.11889421628319659,0.19873022501783053,0.21861525592571643,0.7155872779456178,0.18665672838687897,0.6887378117092161,0.7029631005804966,0.6860372059124269,0.13027488871042753,0.20360383123149767,0.22065555530465567,0.6925793727340466,0.18116509914398193,0.702392979927818,0.18098289809896598,240.40851060653645,307.2391756348236,244.51535059630993,285.6874808637289,208.98955879025067,244.02520767717382,189.84206862993327,226.85217425045659,205.14738897486086,244.1520833913315,0.656943865706292,0.6632425287765094,16799.0,0.5605095541401274,0.09643431156616467,0.6602937853107345,0.22528430205029407,0.6425528935797414,22125,nllpch_sample_event_ranking,3.34771990776062,913.0,902.0,899.0,888.0,0.18481460670193228,0.6778789761199764,0.6580564379692078,0.6661577224731445,0.678457498550415,0.6769113540649414,0.6761664748191833,0.678479015827179,0.6805274486541748,0.6796122789382935,0.6783140897750854,0.6833421587944031,1475.0,0.6894871154294183,0.683438777923584,0.6844732761383057,0.6904856562614441,0.6907909512519836,0.6895858645439148,0.6923003792762756,0.6892353892326355,0.6886773705482483,0.6905986666679382,0.6885676980018616,1475.0,0.6931614458789866,0.6927935481071472,0.683523952960968,0.6894348859786987,0.6924935579299927,0.6926901936531067,0.6901187300682068,0.6906386613845825,0.6943482756614685,0.6934197545051575,0.6991873979568481,1475.0,0.6890821027566678,0.6811801195144653,0.6897878050804138,0.6820381283760071,0.6878798604011536,0.6967830657958984,0.6962677240371704,0.6962233781814575,0.6909298300743103,0.6873937845230103,0.6792638301849365,1475.0,0.6898048106599537,23.0679,63.942,0.13,0.7220259020048586,0.7207840124395074,0.7111301157282734,0.12818915419046187,0.19695732424062243,0.21008202946814178,0.7179800100575465,0.1737888902425766,0.712249497315428,0.6984620218882003,0.6940172047928749,0.12850789848744704,0.2061865066054915,0.20651744618886808,0.7015762413321677,0.17012596130371094,178.31114925026117,208.8962836886282,168.81769597587356,192.21217823317767,873.0,891.0,0.6984422900432478,0.6728500723838806,0.671100378036499,0.681684136390686,0.6996914148330688,0.69920814037323,0.6994630098342896,0.7025352120399475,0.704504132270813,0.702647864818573,0.6943833231925964,1475.0,0.6907769337314247,0.6712047457695007,0.6871649622917175,0.6884900331497192,0.6903979182243347,0.6861757636070251,0.6868427395820618,0.6907665729522705,0.6933778524398804,0.6933872699737549,0.6915347576141357,1475.0,,,,,,,,,,,,,,,,,,,,,,,,,,,,,,,,,,,,,,,,,,,,,,,nllpch_sample_event_ranking,L_PCH + L_rank + L_mul (paper)
sim_events6__ours_nllpch_sample_event_ranking__s2,11_extra_sweeps,sim_events6,2,events,6.0,,ours,0.6906026305625141,0.692236883925254,0.6859234718454293,0.12806864564118234,0.20128796130243234,0.22261941666280755,0.6895876621110658,0.20408646762371063,0.7011398289572063,0.705637820331871,0.6983538022479292,0.12991708515709857,0.20323324304203666,0.21624601975860994,0.7017104838456687,0.19943706691265106,0.746227663419347,0.7216067845545454,0.7185447917592525,0.13236549642956844,0.2035172785581848,0.217131495983188,0.7287930799110484,0.19100363552570343,0.7185524372436827,0.7037438511768374,0.6952468350508546,0.12465268037845202,0.2078774355790228,0.212297284120515,0.7058477078237916,0.17967826128005981,0.7077108629610444,0.18285686869468254,262.33596196182884,322.8846300880761,212.56247742780533,284.2165842234339,216.56342990814971,251.5751214613776,177.77278302853637,224.49450068117352,202.8063013285841,248.37844206099308,0.6612178177360033,0.6652618001812731,17129.0,0.5648315721875182,0.09638624554848507,0.6595048629531388,0.22780126714170887,0.6479418440835643,22620,nllpch_sample_event_ranking,3.3206634521484375,905.0,905.0,917.0,910.0,0.18774339433814746,0.688366511458082,0.6764988899230957,0.678264856338501,0.6876715421676636,0.6855016350746155,0.6909282207489014,0.6871978640556335,0.6901283860206604,0.6920620203018188,0.6914331316947937,0.6885437965393066,1508.0,0.6937427540609493,0.6845000982284546,0.6843569874763489,0.6916229128837585,0.6955785155296326,0.6936764717102051,0.693947970867157,0.6954251527786255,0.6967597007751465,0.69474858045578,0.6931123733520508,1508.0,0.7032700870082391,0.7044265866279602,0.694547176361084,0.7011412382125854,0.7026705145835876,0.702526330947876,0.7025297284126282,0.7026374936103821,0.7047334909439087,0.705978274345398,0.7036680579185486,1508.0,0.6903038574014085,0.6626877188682556,0.6814286112785339,0.6878517270088196,0.6872566342353821,0.6925011873245239,0.6913232207298279,0.6939917206764221,0.6937083005905151,0.6921499967575073,0.6866483092308044,1508.0,0.6938726078750649,20.3611,74.063,0.147,0.7123258176514379,0.7140753947486544,0.7082621296047025,0.12396115532327959,0.20617670842900668,0.21471390204205398,0.7115544473349317,0.1786850541830063,0.7164817720146491,0.7163646006127451,0.6934690175918841,0.12578107420369986,0.2105122960940339,0.2110644577991132,0.7087717967397594,0.1737152338027954,177.7149228541295,214.50938542441,169.88823279105483,192.59043048748723,907.0,913.0,0.696878896139853,0.6841256022453308,0.6811062693595886,0.6919955611228943,0.6983038783073425,0.6992542147636414,0.6964232325553894,0.6967224478721619,0.6979890465736389,0.6991813778877258,0.6959605813026428,1508.0,0.6906735411818563,0.6724374890327454,0.6838497519493103,0.692699134349823,0.6894704699516296,0.6898272037506104,0.6950942873954773,0.6896817088127136,0.6914041638374329,0.6907548904418945,0.6898961663246155,1508.0,,,,,,,,,,,,,,,,,,,,,,,,,,,,,,,,,,,,,,,,,,,,,,,nllpch_sample_event_ranking,L_PCH + L_rank + L_mul (paper)
sim_events8__coxph__s0,11_extra_sweeps,sim_events8,0,events,8.0,,coxph,0.7432735288714436,0.7206809049142285,0.7129589675595548,0.10741865007542849,0.17810199828869397,0.1957005974173651,0.7256378004484089,0.1604070819271625,0.6215922579217212,0.6125002818505054,0.6104800492121665,0.12956541938717137,0.2161285529772553,0.2354873214586765,0.6148575296614643,0.19372709794103438,0.7284270740744124,0.7021902965039818,0.6860027462651285,0.1265902697087773,0.19346191162204956,0.20854337612617926,0.7055400389478409,0.1761985191523354,0.6902390480191845,0.7134836771598696,0.7011569641309493,0.12589433694245805,0.18609943654125927,0.19661167456751455,0.7016265631033344,0.1695351493504106,0.6716357349330094,0.1809132305718419,232.0405379284299,290.9865557773521,245.9214904766591,315.30676166241375,223.6926832936235,262.0451376742564,195.3883387444305,230.6794906349726,209.0981317145285,251.2827466103067,0.6580492069439241,0.6612466761566834,32028.0,0.5653802922442862,0.0926689146996379,0.6411938028704496,0.22191995240050982,0.6340404226675741,42084,,,,,,,,,,,,,,,,,,,,,,,,,,,,,,,,,,,,,,,,,,,,,,,,,,,,,,,,,,,,0.6798395004427366,0.6696980428786089,0.6533229103511587,0.13559792330187934,0.198589229039256,0.22476109948208567,0.6676201512241681,0.18631608394107366,0.6846734667734085,0.676826665356837,0.6764401263613543,0.11771308363293134,0.19734172781284898,0.2080035364088085,0.6793134194971998,0.17435278261819628,209.0049267444577,249.716891056194,188.2134498096202,229.51332377974342,,,,,,,,,,,,,,,,,,,,,,,,,,,0.6343798813867788,0.6261646107816193,0.6312070935493742,0.13414216132028733,0.2208687258832283,0.22372036524425595,0.6305838619059241,0.19291041748259052,0.6730825138512617,0.642978798543234,0.6276582316327087,0.13440780346257147,0.21256214644999272,0.23460618657323135,0.6479065146757348,0.19385871216193185,187.9731978278814,217.78464138019237,190.5504288911259,214.22917091732896,,,,,,,,,,,,,,,,,,,,,,,,,,,,Cox PH (cause-specific)
sim_events8__coxph__s1,11_extra_sweeps,sim_events8,1,events,8.0,,coxph,0.6944131535426472,0.7104845261201918,0.7054544654360323,0.11144175468224964,0.17539834305030516,0.19863024118299288,0.7034507150329571,0.16182344630518256,0.6179668751176396,0.6011716034729799,0.5889680104509286,0.12868656485529473,0.21264475283538578,0.24620065719033563,0.6027021630138494,0.1958439916270054,0.7294705461117552,0.712045854251221,0.6827361712882074,0.10978806504305608,0.1809973495915941,0.20902499112319434,0.7080841905503945,0.16660346858594818,0.7224364024030053,0.7269526120254299,0.7141847948057494,0.11698325696704374,0.17406490878358444,0.1931706246719315,0.7211912697447284,0.16140626347418655,0.6746135771573967,0.17597205337983995,235.28537314857667,299.2316453558556,266.2338192334707,316.06496010435114,224.7770326390597,258.79199092886876,186.9664750138918,227.53863062329575,210.9218106927692,251.08602258438373,0.662157809983897,0.668111358214603,31050.0,0.5584863123993559,0.10367149758454108,0.6446489104116223,0.22105794729432748,0.6323873191841349,41300,,,,,,,,,,,,,,,,,,,,,,,,,,,,,,,,,,,,,,,,,,,,,,,,,,,,,,,,,,,,0.6891048724473027,0.6690373840472094,0.6575394433388709,0.12097487689607896,0.19804540201597945,0.21516323605431345,0.671893899944461,0.1780611716554573,0.6972879649608391,0.6893556564700652,0.6806753015763399,0.12468459366965848,0.18504934242834783,0.19979437207301382,0.6891063076690814,0.16984276939034004,213.52615381840553,254.42882197695337,185.81555594942878,223.54220792354778,,,,,,,,,,,,,,,,,,,,,,,,,,,0.6603470468797997,0.6421621093334153,0.6424182652385383,0.1264097296784827,0.20864899627506733,0.21797417892986332,0.6483091404839177,0.18434430162780444,0.6659318187141959,0.6464168498712182,0.6441641238739384,0.14247618713043156,0.2151014175912225,0.21197543839673186,0.6521709308197842,0.1898510143727953,183.12675798382537,219.2584666005617,191.6433177554952,209.8314571616355,,,,,,,,,,,,,,,,,,,,,,,,,,,,Cox PH (cause-specific)
sim_events8__coxph__s2,11_extra_sweeps,sim_events8,2,events,8.0,,coxph,0.7132440606622382,0.7310143503340306,0.7146191203003991,0.11560841747069855,0.1712132237580066,0.1985176585997199,0.7196258437655559,0.16177976660947502,0.619296069575262,0.6015819756417677,0.5959946852861044,0.13062833190902365,0.21481958938455564,0.23994428846235513,0.6056242435010447,0.19513073658531147,0.7230220072560339,0.7135543130526553,0.6955875768705986,0.11779309718542301,0.18295644069883724,0.20831350955382735,0.7107212990597626,0.16968768247936253,0.6814184373272596,0.6978689765278498,0.6890897155751022,0.1344283151286144,0.18762447120763037,0.2065593658305441,0.6894590431434039,0.17620405072226297,0.6665819571353353,0.1793486320376308,230.75279669519514,294.7925567629401,258.9022696718737,314.34109616825964,210.6195698006567,252.0532590987536,192.9535126947899,226.38959016461592,210.70990995385455,249.4383716824291,0.6541646984726814,0.6605444329704258,31755.0,0.5629034797669659,0.09126121870571557,0.640536187949981,0.22267888425683785,0.6360340067587719,42224,,,,,,,,,,,,,,,,,,,,,,,,,,,,,,,,,,,,,,,,,,,,,,,,,,,,,,,,,,,,0.6566029426950396,0.6433418020471011,0.6382041844837427,0.11992070928723138,0.2040423999759117,0.22358229513877378,0.6460496430752946,0.18251513480063897,0.686651184863316,0.6892533275038346,0.6851792548816543,0.12643102515558355,0.1959815751971018,0.2037867251753739,0.6870279224162683,0.17539977517601976,219.53251811592577,254.1562273703333,188.0531287334901,221.927733942819,,,,,,,,,,,,,,,,,,,,,,,,,,,0.6512237945195302,0.6355514115066023,0.6348046850640309,0.1322264736055999,0.211949281136064,0.2101173220620814,0.6405266303633878,0.18476435893458176,0.6511296121032107,0.6374981489605589,0.6122353342101259,0.1307346883849845,0.20787212227112153,0.22931584232407565,0.6336210317579652,0.1893075509933939,189.30820974081578,217.1726677905371,195.5572741780894,214.67384216117404,,,,,,,,,,,,,,,,,,,,,,,,,,,,Cox PH (cause-specific)
sim_events8__oracle__s0,11_extra_sweeps,sim_events8,0,events,8.0,,oracle,0.7729489092974614,0.7532383815750952,0.7418461740513492,0.10231652470483239,0.16774910213976005,0.17839974195023464,0.7560111549746352,0.14948845626494237,0.7586823050849417,0.7552333133574515,0.7454750314613579,0.1131551346726563,0.16979836051367214,0.1728044880052443,0.7531302166345837,0.15191932773052427,0.7616440480773762,0.743704389599577,0.7343668198555577,0.1166943938214102,0.1735132476253893,0.18266863254931132,0.746571752510837,0.15762542466537027,0.7143322188679473,0.7425839357595193,0.7300957656855925,0.1219260149359586,0.16909245412737456,0.17950215433265532,0.7290039734376864,0.15684020779866284,0.7452022171408027,0.15466569024825633,206.93160001138259,265.1835523265592,198.93062991358676,247.60649483351028,193.78517495005346,231.30455585377075,181.18615198515337,214.93288966958735,180.0972829105655,215.8960496176195,0.6991070313475709,0.7028809696556276,32028.0,0.5653802922442862,0.1337267391032847,0.6891692804866457,0.19999743267076117,0.5835146948965039,42084,,,,,,,,,,,,,,,,,,,,,,,,,,,,,,,,,,,,,,,,,,,,,,,,,,,,,,,,,,,,0.7499860345982146,0.7444960555378259,0.7273353373931322,0.12042427826293375,0.16612399590531723,0.18870638496766692,0.7406058091763909,0.15841821971197265,0.7556527833626296,0.7386316446147133,0.7350897319393334,0.10834070975894453,0.170765627702742,0.17465149048584822,0.7431247199722254,0.15125260931584492,179.12663410728928,210.36450957802958,167.9401424990733,201.39104004526237,,,,,,,,,,,,,,,,,,,,,,,,,,,0.7498123228340917,0.7348138573126731,0.7280783762999884,0.11622192682168253,0.17885287858011054,0.1788400864475671,0.737568185482251,0.1579716306164534,0.7833555499625912,0.7517174492678065,0.7317327755830393,0.10988869196311621,0.16783178876872434,0.18370845691499876,0.7556019249378122,0.15380964588227977,152.21591044578233,177.93536962401072,160.66201937220282,178.44998501022582,,,,,,,,,,,,,,,,,,,,,,,,,,,,Oracle (true CIF)
sim_events8__oracle__s1,11_extra_sweeps,sim_events8,1,events,8.0,,oracle,0.724085092407901,0.740243211756222,0.7345133617177677,0.10635749566121806,0.1650358969387823,0.18158871919962952,0.7329472219606302,0.15099403726654329,0.7435007804214968,0.7255510153391587,0.7186841299045945,0.11078998781529922,0.17603763976574108,0.18877154644076324,0.7292453085550834,0.15853305800726783,0.7694357039359013,0.7468220680782077,0.7292850827571346,0.10087392471791584,0.16734377325008595,0.18594148340726882,0.7485142849237478,0.15138639379175686,0.7528044276729792,0.7510107290676087,0.7357543322802998,0.11122939862985763,0.1607305333516676,0.18244151270258582,0.7465231630069625,0.151467148228037,0.7415656991230167,0.15277572861513336,217.904729179603,277.58639175512116,204.79547091154464,246.25547227787817,197.1909841292664,230.55770990109082,182.91163438921225,216.0514050460851,180.51248946458657,216.0597193210324,0.7006119162640901,0.7069698655981842,31050.0,0.5584863123993559,0.14212560386473427,0.6875786924939468,0.20153875869971943,0.5873125511678493,41300,,,,,,,,,,,,,,,,,,,,,,,,,,,,,,,,,,,,,,,,,,,,,,,,,,,,,,,,,,,,0.7687968102022372,0.7482226029382153,0.7358847985851459,0.10765962998343477,0.16741332670296202,0.1797612368199536,0.7509680705751994,0.15161139783545013,0.7670942995935399,0.7567588630525807,0.7444092432949452,0.11170562258252219,0.16068125975561126,0.1695856678299574,0.7560874686470219,0.14732418338936362,176.14303253481665,212.03481087965943,161.113779045861,194.9686556558692,,,,,,,,,,,,,,,,,,,,,,,,,,,0.7260786798444716,0.7199868056660194,0.717658351424814,0.1129302147200744,0.17703267220773303,0.1795590121154022,0.721241278978435,0.15650729968106988,0.7580668544532937,0.7448136998758992,0.7381158346819684,0.12352625046248997,0.17469467543506254,0.16492600626718223,0.7469987963370538,0.15438231072157824,152.5962715365353,182.01204638224996,151.4440139898533,169.01126267030511,,,,,,,,,,,,,,,,,,,,,,,,,,,,Oracle (true CIF)
sim_events8__oracle__s2,11_extra_sweeps,sim_events8,2,events,8.0,,oracle,0.7466297286458292,0.756811941087957,0.7453174211634497,0.11086309170837227,0.16152034044659466,0.17924769205366248,0.749586363632412,0.15054370806954315,0.7445758316160819,0.7499055258646221,0.7396748715816519,0.11668047056422956,0.1659677467281994,0.17783729729219336,0.7447187430207854,0.15349517152820744,0.7656155831022027,0.7545811741199566,0.7469000926967964,0.1075183994792619,0.16494652269966423,0.18129921872291438,0.7556989499729853,0.15125471363394685,0.7121696729680976,0.72522142932843,0.7148240955002201,0.12696202031270573,0.17656190825334783,0.19266278553207375,0.7174050659322493,0.16539557136604244,0.7415257504817814,0.15485577335064682,213.0835220728784,273.4336105350835,205.1706499695062,246.19984614383728,184.41345716682017,219.97694878411008,184.7270257435357,215.5555344968615,180.31593602889288,214.15040493099463,0.7000629822075264,0.7042254679402693,31755.0,0.5629034797669659,0.13715950244056052,0.688364437286851,0.20079591047209547,0.585562298851665,42224,,,,,,,,,,,,,,,,,,,,,,,,,,,,,,,,,,,,,,,,,,,,,,,,,,,,,,,,,,,,0.7524985691863476,0.7371487733464915,0.7240234093291881,0.10659643045425238,0.16867838047870254,0.1856236007515453,0.7378902506206758,0.1536328038948334,0.7660166086874683,0.757294416740843,0.7489846923537764,0.11379320503566377,0.16879168961547428,0.17095870569554,0.7574319059273625,0.15118120011555936,180.18055391220864,211.1551802232063,160.60387738856184,190.60146774079564,,,,,,,,,,,,,,,,,,,,,,,,,,,0.7268776728035607,0.7172565565679261,0.7140615647300353,0.11789753703667352,0.1805765628040085,0.177763262954625,0.7193985980338407,0.1587457875984357,0.7755146212259121,0.749167360681174,0.7255463982347344,0.10786809138987909,0.16945310184489593,0.18647049856104356,0.7500761267139402,0.1545972305986062,156.9828025214418,182.3266353001992,157.36559945619027,173.95401622386376,,,,,,,,,,,,,,,,,,,,,,,,,,,,Oracle (true CIF)
sim_events8__ours_nllpch__s0,11_extra_sweeps,sim_events8,0,events,8.0,,ours,0.761824067286513,0.7380752790766218,0.7279558373923554,0.10410667692844211,0.17256948220014343,0.18512393568932772,0.7426183945851633,0.17119944095611572,0.7307034420610911,0.7303448953592763,0.7203646927793637,0.11715328055861965,0.17603931885761645,0.18522317475951028,0.7271376767332436,0.17112749814987183,0.7364134513780316,0.7227442496383296,0.7119624139095713,0.11841077046875437,0.179762469354662,0.19339132272216508,0.7237067049753109,0.17327332496643066,0.7002897601162269,0.7294422419572805,0.7211730615631774,0.12461127345043908,0.17374055862568444,0.1823993859294052,0.7169683545455615,0.1623886674642563,0.7252214230049474,0.1612739913691491,200.585075143324,271.510822755891,218.58279129555652,268.6698080381321,214.211981146387,248.93979205468514,180.11333556037292,219.05272687131486,190.2777882259605,227.99429825979462,0.6796553016110903,0.6851788221910612,32028.0,0.5653802922442862,0.11427500936680413,0.6651696606786427,0.2102841369413316,0.6073753118250981,42084,nllpch,7.634261608123779,899.0,912.0,923.0,921.0,0.16447738447973503,0.7268113434596262,0.724728524684906,0.7266198992729187,0.7273469567298889,0.7270296812057495,0.7273335456848145,0.7275466322898865,0.7269811630249023,0.7275741100311279,0.7273346185684204,0.7248268723487854,1503.0,0.6984259528196839,0.6995750665664673,0.7004482746124268,0.7012506127357483,0.6984286904335022,0.697924017906189,0.6966191530227661,0.6988060474395752,0.6994481682777405,0.6981627345085144,0.6970034241676331,1503.0,0.6949054991817909,0.6928625106811523,0.6905961036682129,0.691203773021698,0.693077802658081,0.6966164112091064,0.695814311504364,0.6953983306884766,0.6954219341278076,0.6952928304672241,0.6958746314048767,1503.0,0.7114551719018997,0.7033258676528931,0.7084848284721375,0.7100480794906616,0.7104583382606506,0.7114794850349426,0.712854266166687,0.7134923934936523,0.711763858795166,0.7127434015274048,0.7097551226615906,1503.0,0.7035322785894316,26.364,57.009,0.114,0.7220888014595136,0.7214116281848943,0.7043746840191402,0.12643743616731212,0.17536438312831998,0.19876366436431392,0.7159583712211827,0.16715531051158905,0.7398625740036615,0.7233947717417119,0.7202564653870202,0.1088614271170047,0.17555976191620767,0.18397525042010845,0.7278379370441311,0.15552091598510742,192.62480540365348,225.46697530282037,185.56820089373707,214.7878573422836,915.0,895.0,0.693160792676414,0.6835875511169434,0.6870911717414856,0.6895553469657898,0.6895876526832581,0.6917684078216553,0.6926179528236389,0.6938421130180359,0.6946515440940857,0.6960628032684326,0.6938221454620361,1503.0,0.7045173485552768,0.7049830555915833,0.7058054208755493,0.7061644196510315,0.7090219259262085,0.7104135751724243,0.7114784121513367,0.7101563811302185,0.7079771161079407,0.7035617828369141,0.6911938190460205,1503.0,0.7340497197964356,0.707510421480644,0.704426115695759,0.11929086708498438,0.18930822510589143,0.18886584212796245,0.7153287523242796,0.15863007307052612,0.7594871621715344,0.728712285317657,0.708446130342929,0.11659981496199036,0.1783398475579152,0.19667762336279776,0.7322151926107067,0.15646244585514069,165.33059541575528,190.09859302508994,165.20552094889788,185.42781068814008,920.0,918.0,0.7016137850170487,0.6852812767028809,0.7019630074501038,0.700682520866394,0.7036271691322327,0.7036381959915161,0.7021871209144592,0.7025704383850098,0.7038597464561462,0.702804446220398,0.6972192525863647,1503.0,0.697368335103713,0.6857210397720337,0.6936439275741577,0.6977542042732239,0.6969843506813049,0.696398138999939,0.6967870593070984,0.6984007954597473,0.6997639536857605,0.6997920870780945,0.6942083239555359,1503.0,nllpch,L_PCH
sim_events8__ours_nllpch__s1,11_extra_sweeps,sim_events8,1,events,8.0,,ours,0.7110606471844756,0.728023909152369,0.7216088498983392,0.11025960185956563,0.1679787618388037,0.18802988767103382,0.720231135411728,0.17500323057174683,0.72861886480868,0.7010084123127385,0.692161495487349,0.11398459737695225,0.18535187242773163,0.20376610316792185,0.7072629242029226,0.18186017870903015,0.7505554236180955,0.7308078444072224,0.7171882502550596,0.10323488435981128,0.17186172688781925,0.19158653015576085,0.7328505060934591,0.17226354777812958,0.739363069616909,0.738825223022118,0.7243356764571992,0.11298087679854661,0.16609262632255148,0.18986570341520265,0.7341746563654087,0.16786277294158936,0.7227207959426767,0.1599808831252924,220.38573126267033,283.02511060826157,221.15222620182672,264.44190905824416,196.04584481610436,233.8954079140452,178.89710694117045,221.0113711965202,187.08333213603692,225.50915420502446,0.6785507246376812,0.6839380154424403,31050.0,0.5584863123993559,0.12006441223832531,0.6650363196125908,0.2105070559007556,0.6082128370123595,41300,nllpch,7.556768894195557,875.0,918.0,887.0,888.0,0.16706890458388968,0.7086199383614606,0.6984051465988159,0.7074941396713257,0.7088762521743774,0.7094393372535706,0.7107054591178894,0.7099039554595947,0.7081763744354248,0.7084089517593384,0.7094537615776062,0.7081170082092285,1475.0,0.6819333252913502,0.6789129972457886,0.6793973445892334,0.6825100779533386,0.6833928227424622,0.6833317875862122,0.6843361854553223,0.6827381253242493,0.6827195882797241,0.6815599799156189,0.6787774562835693,1475.0,0.706646169019835,0.7076794505119324,0.7063557505607605,0.7060933709144592,0.7046629786491394,0.7054746747016907,0.7053327560424805,0.7066230177879333,0.7074841260910034,0.7087626457214355,0.7065942883491516,1475.0,0.7047340774935221,0.6916438341140747,0.7018824815750122,0.701198160648346,0.7021707892417908,0.7038997411727905,0.7064284086227417,0.7063329815864563,0.7071589231491089,0.7064887285232544,0.7032235264778137,1475.0,0.7013182623469826,28.0408,52.602,0.107,0.7430520707819736,0.7252728325648453,0.712422872886038,0.11247718189759619,0.1769755137968567,0.1922859276715496,0.7269159254109523,0.16662868857383728,0.738662603056464,0.7286738543344223,0.7191142376462942,0.11640120598756763,0.17526475571614364,0.18492648385667615,0.7288168983457268,0.16032563149929047,186.43541336506837,224.24237573441405,162.47527082607604,203.64751633171065,862.0,861.0,0.6990736248935376,0.6857132315635681,0.6944441199302673,0.6984556317329407,0.6991753578186035,0.6984410285949707,0.7004399299621582,0.701694905757904,0.7017927169799805,0.7011343836784363,0.6945958137512207,1475.0,0.7061579632102897,0.6793370842933655,0.7055990695953369,0.7082651257514954,0.7071300745010376,0.7081912755966187,0.7087662220001221,0.7092945575714111,0.7078132033348083,0.7053649425506592,0.7019069194793701,1475.0,0.710126318038746,0.689765866964832,0.6932645616202774,0.11618437285236603,0.1905280218563789,0.18967274471248366,0.6977189155412852,0.16044805943965912,0.7419470491620362,0.7345255601266788,0.7249136092210782,0.12867783480786527,0.17850748891836102,0.1726464906514717,0.7337954061699311,0.15163299441337585,167.310940758719,195.11484063424084,163.96412291665993,178.69470216275909,881.0,895.0,0.6957880260941566,0.6630502343177795,0.6921259760856628,0.6976433396339417,0.6954006552696228,0.6966756582260132,0.6945298314094543,0.6950035691261292,0.6982676386833191,0.6983221173286438,0.6932870149612427,1475.0,0.7075929744117088,0.6966385245323181,0.7010069489479065,0.706839919090271,0.7072374224662781,0.707781970500946,0.7092754244804382,0.7095105051994324,0.7089170813560486,0.7084554433822632,0.7049605846405029,1475.0,nllpch,L_PCH
sim_events8__ours_nllpch__s2,11_extra_sweeps,sim_events8,2,events,8.0,,ours,0.7276157724801623,0.7408128141979797,0.73095097969296,0.11319446398782577,0.1634727753810106,0.18492976729224664,0.7331265221237007,0.1753736436367035,0.7220984080866489,0.7239954710911602,0.7117646866304341,0.11802072224853997,0.17337100972745456,0.19271618664434467,0.7192861886027476,0.17872613668441772,0.7564343379812574,0.7398218416384863,0.7286433322783294,0.10767805096694943,0.16866133164596922,0.19121758353273471,0.741633170632691,0.16731466352939606,0.6969430681288759,0.7155607574302393,0.7031829297179069,0.12923482519856588,0.17996935864361152,0.2004429296222615,0.705228918425674,0.17296625673770905,0.721651860550518,0.16131201250648886,215.8668766360572,279.10198998905094,234.18245071682406,272.4968388984768,193.32864669563654,231.4167606611301,181.07950280416804,218.21388319297517,192.43322084667264,226.4336463865221,0.6826956384821288,0.6872336680567728,31755.0,0.5629034797669659,0.11979215871516291,0.6679376657824934,0.20960218561623162,0.606029155272215,42224,nllpch,7.536266326904297,885.0,916.0,896.0,934.0,0.16698647453075174,0.7145597163980212,0.7132188677787781,0.7149776220321655,0.7142340540885925,0.7137302756309509,0.7139279842376709,0.7154781818389893,0.7153438925743103,0.7153596878051758,0.7163273692131042,0.7122045159339905,1508.0,0.6888230218116893,0.6898040771484375,0.687749445438385,0.6887226700782776,0.6896659135818481,0.6904515027999878,0.6909427046775818,0.6905085444450378,0.6891549825668335,0.6901069283485413,0.683397650718689,1508.0,0.7180519930393168,0.7202526926994324,0.7172239422798157,0.7183443307876587,0.7174826264381409,0.7177819609642029,0.7179822325706482,0.7177625894546509,0.7179141044616699,0.7179424166679382,0.7187267541885376,1508.0,0.6951639017633339,0.6873999834060669,0.693693995475769,0.6950317621231079,0.6954382061958313,0.6957604885101318,0.6960969567298889,0.6956429481506348,0.6947279572486877,0.6960167288780212,0.6944676637649536,1508.0,0.7007438676267284,28.1049,53.656,0.107,0.7374636199131693,0.7166739546626343,0.701456260634431,0.10749079516470014,0.17581656574445598,0.19850910199034016,0.7185312784034116,0.16822512447834015,0.7385198308115378,0.73065405238092,0.7271763183061145,0.11915933953176114,0.18082362479845995,0.18059840302247454,0.7321167338328575,0.15641692280769348,199.59521650559952,226.64080264239186,177.78808356213537,206.01883783905998,887.0,888.0,0.69353439288129,0.6920613646507263,0.6940786838531494,0.6942225098609924,0.6923947930335999,0.6929826736450195,0.6943972110748291,0.6956551671028137,0.6939263939857483,0.6916444301605225,0.6934535503387451,1508.0,0.7099025576834539,0.6966220736503601,0.7110317945480347,0.7061105370521545,0.707954466342926,0.7101942896842957,0.7114875316619873,0.7108988761901855,0.7122302055358887,0.7106918096542358,0.7077726125717163,1508.0,0.7144422832520964,0.6928369077947268,0.6907647478875633,0.12019029296802554,0.18996827582273376,0.1880170479249133,0.6993479796447954,0.160234734416008,0.7425586587202605,0.7236455655455387,0.705628053948998,0.1149102932257907,0.17978235174259558,0.1933132033279677,0.7239440927382658,0.1562585085630417,174.1281741546273,196.19597816129792,163.49681569833302,181.38407970779392,907.0,899.0,0.6889344187071147,0.6570073366165161,0.6820942163467407,0.6872910261154175,0.6886215806007385,0.6863393187522888,0.6897152066230774,0.69049471616745,0.6907449960708618,0.6908551454544067,0.6875991821289062,1508.0,0.6969809387296078,0.6856673359870911,0.6891039609909058,0.6932809948921204,0.6931349635124207,0.6938945055007935,0.6957303881645203,0.6977672576904297,0.6978073716163635,0.6994714736938477,0.6983674168586731,1508.0,nllpch,L_PCH
sim_events8__ours_nllpch_event_ranking__s0,11_extra_sweeps,sim_events8,0,events,8.0,,ours,0.75788264298951,0.7339521819179544,0.720528053626759,0.10748749199395655,0.17732191112446696,0.19171589381969403,0.7374542928447411,0.17721189558506012,0.7121352315751511,0.7158693554878383,0.7077370603943107,0.12069873937614149,0.18981794179485553,0.19788821165836723,0.7119138824857667,0.1828206181526184,0.7353372796920555,0.7221731066167896,0.7064913810960126,0.12276528673246906,0.18705370050158077,0.2000386543352492,0.7213339224682859,0.17871776223182678,0.6829772634266065,0.7133185534247019,0.7042496098666597,0.12492212450197436,0.18373880549548366,0.19510256136607,0.7001818089059894,0.17160606384277344,0.7087287497219874,0.1694609186233526,226.87873006924778,296.6531155368508,222.93133648556014,284.88913939771106,215.21458919550287,254.97860794605305,197.18016543640718,234.91405016161477,197.6594492120163,240.7404936425031,0.6627013862869989,0.6656500817263956,32028.0,0.5653802922442862,0.09732109404271272,0.6596331147229351,0.22159923635974088,0.6345940754376537,42084,nllpch_event_ranking,4.049102783203125,899.0,912.0,923.0,921.0,0.17334810841594447,0.7213235009014204,0.7161327004432678,0.7228626012802124,0.7252111434936523,0.7264711856842041,0.7226850390434265,0.7172080874443054,0.7159698605537415,0.723484992980957,0.7199270725250244,0.7227225303649902,1503.0,0.6865459510598154,0.6881846785545349,0.6835231184959412,0.6872372627258301,0.6859357357025146,0.6885108351707458,0.6881686449050903,0.68780916929245,0.6864933371543884,0.685792088508606,0.6846367120742798,1503.0,0.6901998913124816,0.6886664628982544,0.6839842200279236,0.6845904588699341,0.6893876194953918,0.6905362606048584,0.6872978210449219,0.6886805295944214,0.6923205256462097,0.6914013028144836,0.6945369243621826,1503.0,0.6956118734487242,0.6761534214019775,0.6949049234390259,0.6859495639801025,0.6880496144294739,0.6884381175041199,0.6891506910324097,0.6902850270271301,0.6972275972366333,0.7033714056015015,0.7065908312797546,1503.0,0.6879842268665471,26.1448,57.488,0.115,0.7183834483797467,0.7126211375350078,0.6915556245858648,0.12878074965175476,0.18065794100483323,0.20634107395310666,0.707520070166873,0.17276214063167572,0.6995052020576068,0.6881898819797803,0.6849000238224268,0.11502602245983191,0.18657998968837636,0.20368604360468187,0.6908650359532714,0.16894599795341492,188.5100998998473,230.99553828471406,176.57710388239002,220.86693643469403,915.0,895.0,0.6806890208423508,0.6737606525421143,0.6777735352516174,0.6773031949996948,0.6809603571891785,0.6827461123466492,0.682720959186554,0.6796554923057556,0.6825714707374573,0.6802261471748352,0.6800155639648438,1503.0,0.6768103083550642,0.6766886115074158,0.6819722652435303,0.6776752471923828,0.6715986132621765,0.6803551912307739,0.6767453551292419,0.6717932224273682,0.6766725778579712,0.6829413771629333,0.6741666197776794,1503.0,0.6975313760972442,0.6703374952678192,0.6698451855652972,0.12563450054059125,0.20474516465824266,0.20852215628809553,0.6792380189767867,0.17245064675807953,0.74897350492005,0.7144959093250941,0.700499483677413,0.12082567969097463,0.18831294855035208,0.19939845416931262,0.7213229659741858,0.16227781772613525,175.9223363396653,205.84664428401703,178.06123238751,196.77991709437018,920.0,918.0,0.6693321074166967,0.6389095187187195,0.6607207655906677,0.6661211252212524,0.6662744879722595,0.6615475416183472,0.6640163660049438,0.6669700741767883,0.6674127578735352,0.6716645956039429,0.6797969341278076,1503.0,0.6833611615958242,0.6632357239723206,0.6710172891616821,0.681740939617157,0.6772494912147522,0.6736071109771729,0.6770083904266357,0.6805098056793213,0.6875356435775757,0.6912806630134583,0.6858053207397461,1503.0,nllpch_event_ranking,L_PCH + L_mul
sim_events8__ours_nllpch_event_ranking__s1,11_extra_sweeps,sim_events8,1,events,8.0,,ours,0.7138614556666874,0.7199662546981612,0.708250982583536,0.1050982278870253,0.17252970582578644,0.197655131688927,0.7140262309827948,0.1814570426940918,0.7300648398227025,0.6982296363591346,0.6837586824981887,0.11764401047131418,0.18931580631770165,0.21122474905920063,0.7040177195600087,0.1868661344051361,0.7437305801922282,0.730772759294328,0.7170302269156013,0.10636290236303324,0.17811205448253112,0.19140835450128055,0.7305111888007191,0.17340126633644104,0.7283229634911805,0.7202702139681058,0.7071963763516577,0.11348627074007825,0.1740455806521441,0.1976135056339395,0.7185965179369812,0.17365047335624695,0.7128887135495792,0.16445314491787968,233.88699775444263,302.5129081413489,242.98371144461598,280.82916010182544,214.41043531330666,245.1115347478544,191.61857500030345,232.09754742312933,202.6015557017396,238.8957662235701,0.6719162640901771,0.677907072988194,31050.0,0.5584863123993559,0.11342995169082126,0.6665375302663439,0.21779741143989095,0.6262873024673976,41300,nllpch_event_ranking,3.985775947570801,875.0,918.0,887.0,888.0,0.1722940710177259,0.6994897306505071,0.691351592540741,0.7058312296867371,0.7026581168174744,0.7031697034835815,0.7012680768966675,0.6953029036521912,0.694157600402832,0.6990408897399902,0.6989401578903198,0.7022213935852051,1475.0,0.6788592173499773,0.6791647672653198,0.6769307255744934,0.6797418594360352,0.6799313426017761,0.6810041069984436,0.6807671189308167,0.6766495108604431,0.678416907787323,0.6804506182670593,0.6764753460884094,1475.0,0.7044559736933561,0.7033638954162598,0.6987614035606384,0.6987762451171875,0.7013490796089172,0.7028834819793701,0.7041527032852173,0.7040422558784485,0.7068468928337097,0.7091855406761169,0.7044419646263123,1475.0,0.6869566383428825,0.6492831110954285,0.6764650344848633,0.6772172451019287,0.6775111556053162,0.6775891184806824,0.684374988079071,0.6826085448265076,0.6895365118980408,0.6952427625656128,0.6985777020454407,1475.0,0.6885798450332521,28.6413,51.499,0.105,0.74272654773035,0.7201019722306083,0.7032264016524221,0.11109023413541128,0.17933388617798407,0.194831344324998,0.72201830720446,0.1680823415517807,0.731612947976106,0.7305746112794218,0.7070237254226333,0.11731613706535157,0.17060717399021672,0.1912729174010379,0.7230704282260536,0.16270020604133606,202.50207386703354,235.66561880181078,181.03529730142503,215.00435671472547,862.0,861.0,0.6917346498798749,0.6834469437599182,0.6914460062980652,0.6904829144477844,0.693417489528656,0.693794310092926,0.695090115070343,0.6915826797485352,0.693640947341919,0.6926479339599609,0.6869269609451294,1475.0,0.6913731065645579,0.6658263802528381,0.6921890377998352,0.6875345706939697,0.6831607222557068,0.6953277587890625,0.6980220079421997,0.6927517056465149,0.6933916211128235,0.6932857036590576,0.6867092251777649,1475.0,0.6833717943383776,0.6774236991831338,0.6700098880324198,0.11978434606702892,0.1939475074101861,0.20611444039857277,0.6769351271846437,0.16974438726902008,0.7281679183052044,0.7121645127499316,0.7014701344477832,0.13232945057373235,0.19091202651791633,0.18483971434371457,0.7139341885009731,0.16174186766147614,173.600831795175,206.30732245681858,180.77452313761466,193.63768140104798,881.0,895.0,0.6705719748198915,0.6429948210716248,0.6643801927566528,0.6625732779502869,0.6593782305717468,0.6645343899726868,0.6633690595626831,0.6611449122428894,0.6718999147415161,0.6711236834526062,0.6872283220291138,1475.0,0.6851974689649692,0.6837031245231628,0.6759985089302063,0.6878572702407837,0.6862531304359436,0.6835935115814209,0.6878331303596497,0.6869139671325684,0.685878336429596,0.6873141527175903,0.6812360882759094,1475.0,nllpch_event_ranking,L_PCH + L_mul
sim_events8__ours_nllpch_event_ranking__s2,11_extra_sweeps,sim_events8,2,events,8.0,,ours,0.7290623994059744,0.7356315674532724,0.7213486710801646,0.11388453589117085,0.17598519902286133,0.195402134061575,0.7286808793131372,0.18377624452114105,0.7213635634361489,0.7164111310403356,0.6981687561643413,0.1201372042068168,0.18577523513151067,0.20612171581637698,0.7119811502136085,0.18878577649593353,0.7388453555169967,0.7302519354224856,0.7191397049202256,0.11275789459492451,0.17750913019283535,0.19724433361724725,0.729412331953236,0.17426469922065735,0.6855667802865896,0.6980937243499262,0.683437911994035,0.12940319433438108,0.18398931859709902,0.20909369907184222,0.689032805543517,0.1782679408788681,0.709814812480043,0.16841971732556654,241.01984800946337,306.66972526299145,231.800509197278,283.7134551906812,212.15357547586515,247.09812890276135,198.99421474653266,232.45887809092324,203.2857035467917,239.63148714316122,0.6635805384978744,0.6669319005636695,31755.0,0.5629034797669659,0.10067705873090849,0.6607142857142857,0.22145962877231798,0.6342875146465043,42224,nllpch_event_ranking,3.9908390045166016,885.0,916.0,896.0,934.0,0.17478467859596394,0.7069525797883235,0.70389723777771,0.7109752893447876,0.7100692391395569,0.7094491124153137,0.7072421908378601,0.7040510177612305,0.7057287693023682,0.7064032554626465,0.705963671207428,0.7073853611946106,1508.0,0.6745949088017493,0.6760016083717346,0.6731074452400208,0.676087498664856,0.6787864565849304,0.681481122970581,0.6807511448860168,0.679557204246521,0.6732418537139893,0.677592933177948,0.6581825613975525,1508.0,0.7055083345091279,0.709395706653595,0.6993433237075806,0.7021960020065308,0.7008588910102844,0.7033960223197937,0.7026071548461914,0.7062759399414062,0.7068260312080383,0.7085267305374146,0.7083700299263,1508.0,0.6779685703908807,0.6473764181137085,0.6707890629768372,0.6741483211517334,0.6736443042755127,0.6738268136978149,0.6751617789268494,0.6764660477638245,0.6767495274543762,0.6820141077041626,0.687429666519165,1508.0,0.6860722197248534,27.7067,54.427,0.108,0.7369518237749986,0.7113052601417372,0.7000526880830953,0.10847676408314993,0.18342644253802437,0.19929385736604144,0.716103257333277,0.17126572132110596,0.7192532320432088,0.7105951431614732,0.7130768089096766,0.12169161570542701,0.18996770936271154,0.19001728210893987,0.7143083947047861,0.16540493071079254,202.00602987051536,233.30136816986038,189.6059413894546,218.05833992110988,887.0,888.0,0.688218206593892,0.6806493401527405,0.6873204708099365,0.6878507733345032,0.6878787875175476,0.6888766884803772,0.6891137361526489,0.6881575584411621,0.6899363994598389,0.6873400211334229,0.6875516772270203,1508.0,0.6936455585147301,0.6716070771217346,0.6933831572532654,0.6831318140029907,0.6844165921211243,0.695235550403595,0.6947084665298462,0.6960635185241699,0.6986329555511475,0.6942549347877502,0.6929602026939392,1508.0,0.6977581076055428,0.6665851613180278,0.6686931180453225,0.12444334680254485,0.20139944277546332,0.20311098053728693,0.6776787956562976,0.170120507478714,0.7401069326951223,0.7094785047201244,0.6843772179522064,0.11702553781329239,0.18876722887110675,0.20714941331096773,0.7113208851224844,0.16600929200649261,180.79242960906402,205.78874812671307,169.91308007616044,189.96325348024928,907.0,899.0,0.6687989242426812,0.615125834941864,0.6627629995346069,0.6619304418563843,0.6663433909416199,0.6662483811378479,0.6547838449478149,0.6624701619148254,0.6690158843994141,0.6794713139533997,0.6757265329360962,1508.0,0.6728906749574439,0.6725900769233704,0.6613197326660156,0.668170690536499,0.6667320728302002,0.6648318767547607,0.670583188533783,0.6741490364074707,0.6743426322937012,0.6796117424964905,0.6730338931083679,1508.0,nllpch_event_ranking,L_PCH + L_mul
sim_events8__ours_nllpch_sample_event_ranking__s0,11_extra_sweeps,sim_events8,0,events,8.0,,ours,0.7656577947530103,0.7413102693612368,0.7318258915129053,0.10936757819862399,0.18459807066670794,0.20646873638798063,0.7462646518757174,0.18905708193778992,0.7204250581046434,0.7133148925049817,0.7039888452726024,0.12196742219613374,0.19829420777417295,0.2172860704727825,0.7125762652940759,0.19669382274150848,0.7332444506906458,0.7267937724694072,0.7124104198189364,0.12916216491213725,0.19975032030613762,0.20951770483449467,0.7241495476596631,0.1891796886920929,0.6931932358675916,0.7157780143636339,0.7142235549028657,0.12449715749623914,0.19525794565218382,0.2079348834915149,0.7077316017113637,0.18092451989650726,0.719933016766009,0.1771871870114946,245.69277343932978,315.7695798283694,219.4906271002239,295.27448679933644,214.20149116699827,264.3755682003043,189.9817089135971,240.35024008695308,198.05920387745815,248.37297239511736,0.6631697264893218,0.6642976339448622,32028.0,0.5653802922442862,0.09778943424503561,0.6587776827297785,0.22551573398091326,0.6431025836039583,42084,nllpch_sample_event_ranking,4.348671913146973,899.0,912.0,923.0,921.0,0.1822982761046339,0.7290129681367945,0.7158228158950806,0.7297093868255615,0.7297675013542175,0.7291074395179749,0.7295636534690857,0.7294512987136841,0.7285659313201904,0.7320226430892944,0.7317809462547302,0.7258337140083313,1503.0,0.6865273561795442,0.6880525350570679,0.6858095526695251,0.6900080442428589,0.6833186149597168,0.6842640042304993,0.682754397392273,0.6843922138214111,0.6898818016052246,0.688590407371521,0.687590479850769,1503.0,0.695709289285146,0.6971431970596313,0.6919339895248413,0.6941118240356445,0.6944923996925354,0.6963599920272827,0.6952723860740662,0.6955868005752563,0.6973334550857544,0.6951839923858643,0.6968064904212952,1503.0,0.7040027865947122,0.675987184047699,0.7010431289672852,0.6993793845176697,0.7011044025421143,0.6990867853164673,0.7032493948936462,0.7061837315559387,0.7061724662780762,0.709843099117279,0.70380038022995,1503.0,0.6980477223931674,24.3861,61.634,0.123,0.7179532425946255,0.7156118650554305,0.6979028638910603,0.1311394551504517,0.19094686319110227,0.2136657792631139,0.7104893238470388,0.17941230535507202,0.7345981157008302,0.718601878593788,0.713116084828554,0.11459641919722292,0.19028839123531743,0.20871214597826945,0.722105359707724,0.17106355726718903,196.22416448500428,240.34666724282465,192.714505952578,229.45560152486567,915.0,895.0,0.6844085998257214,0.6815754771232605,0.6781896948814392,0.6826390624046326,0.6848137974739075,0.686689019203186,0.6867936849594116,0.686317503452301,0.6878978610038757,0.6847124099731445,0.6792623400688171,1503.0,0.7013511627274929,0.697068452835083,0.7045662999153137,0.7046123743057251,0.6953608989715576,0.7045981287956238,0.7054075002670288,0.703350305557251,0.702976405620575,0.704277515411377,0.6937141418457031,1503.0,0.7201427161211135,0.6953801696032107,0.6961707929649076,0.12550666742958258,0.20709015083631954,0.21464648540039152,0.7038978928964106,0.17648422718048096,0.7603531852517452,0.728004632397858,0.7083906557586307,0.12647466648334965,0.2042023167859132,0.22112088493572793,0.732249491136078,0.1754937469959259,164.86734830642516,205.22531169806064,161.30101165550872,196.18632378022463,920.0,918.0,0.6904815628298826,0.6496111154556274,0.6899600028991699,0.6905328035354614,0.6920645236968994,0.6881414651870728,0.6878272891044617,0.6893352270126343,0.6942903995513916,0.6908700466156006,0.6913565397262573,1503.0,0.6928880535660452,0.686901330947876,0.6913918852806091,0.6976097822189331,0.6970886588096619,0.6900926232337952,0.6907748579978943,0.691749632358551,0.6976284980773926,0.6992983818054199,0.6848459243774414,1503.0,nllpch_sample_event_ranking,L_PCH + L_rank + L_mul (paper)
sim_events8__ours_nllpch_sample_event_ranking__s1,11_extra_sweeps,sim_events8,1,events,8.0,,ours,0.7188076993345963,0.7294675751366809,0.7217813478828432,0.10650311269385188,0.17795691540008574,0.20673882112688685,0.7233522074513735,0.1894722878932953,0.7349561568780697,0.7071654396754904,0.6957807281878015,0.12006996454257945,0.19496220822316776,0.2168418889264531,0.7126341082471205,0.19276104867458344,0.7527286114957118,0.727531613415601,0.715440155344528,0.1093033933106012,0.19169644961098584,0.2044433546245624,0.7319001267519468,0.1851033866405487,0.7322760516891753,0.7348115215021398,0.721925676321467,0.11930007318856212,0.1849258141603947,0.20966129561103464,0.7296710831709273,0.18250475823879242,0.7255982013812905,0.17115286183872294,238.61682200696987,315.1728426926793,232.2449569666881,285.364611271395,215.30783731596983,258.12926452110787,190.63881189603168,238.67744607048698,195.28841813564267,243.32702185864034,0.6711111111111111,0.677111464685211,31050.0,0.5584863123993559,0.11262479871175524,0.6649636803874092,0.22232025578188228,0.636317550718913,41300,nllpch_sample_event_ranking,4.280821323394775,875.0,918.0,887.0,888.0,0.17976406696106903,0.7093497866977283,0.7028105854988098,0.7114960551261902,0.7117663025856018,0.710048258304596,0.7115142345428467,0.7084758281707764,0.7080214023590088,0.7092632055282593,0.7132779955863953,0.7052167654037476,1475.0,0.6832094041058183,0.6712254881858826,0.6782553791999817,0.68620365858078,0.6846092939376831,0.685942530632019,0.6902744174003601,0.6845089197158813,0.685962975025177,0.6821907162666321,0.6758608222007751,1475.0,0.703332816322403,0.708420991897583,0.7057308554649353,0.703208327293396,0.7010926604270935,0.7009517550468445,0.6996501088142395,0.7042945027351379,0.7063819766044617,0.7064084410667419,0.700965404510498,1475.0,0.702133266202525,0.672154426574707,0.6999192833900452,0.6962922215461731,0.6984356045722961,0.6998261213302612,0.7036939859390259,0.7009395360946655,0.7043231725692749,0.7064720988273621,0.7037274241447449,1475.0,0.7007183467027264,26.5139,55.631,0.113,0.7546969952396023,0.7289939180425739,0.7157124807600015,0.11415703545455322,0.1919703801232,0.20720250733373477,0.733134464680726,0.17763549089431763,0.7508012766563398,0.7364701973383816,0.7197960710085649,0.1191645459971892,0.18355789937881317,0.20050973585797985,0.7356891816677621,0.1711931675672531,188.70814526553363,239.4533091974402,165.2226413055534,214.1770180030136,862.0,861.0,0.6988481857838452,0.6837152242660522,0.7039915919303894,0.7031799554824829,0.7005410194396973,0.6971470713615417,0.7022323608398438,0.7014697194099426,0.7043545246124268,0.7006502151489258,0.6885115504264832,1475.0,0.707099380394454,0.6739864349365234,0.7067175507545471,0.712177038192749,0.7073425650596619,0.7110928297042847,0.712001621723175,0.7106715440750122,0.7076243758201599,0.7075791954994202,0.7001051902770996,1475.0,0.7123034090711774,0.7007231997960192,0.6983140937399038,0.11844892343268246,0.19727940259299145,0.20987990183988048,0.7037802342023668,0.1723557710647583,0.743483875220794,0.7361740258453022,0.724214713568206,0.13184094692585868,0.19552618379265913,0.19572792998064276,0.7346242048781008,0.16651876270771027,163.46230661263806,205.87668131096092,168.10582371575677,189.76500180203888,881.0,895.0,0.6947231899137082,0.6609521508216858,0.6909909248352051,0.6950380206108093,0.6948110461235046,0.6980247497558594,0.6923630833625793,0.6925461888313293,0.7010508179664612,0.6951921582221985,0.6917850375175476,1475.0,0.707050744201329,0.6824595332145691,0.7036746740341187,0.7076455950737,0.7086402177810669,0.7031688690185547,0.707381010055542,0.7095263600349426,0.7089401483535767,0.7080631256103516,0.7050777673721313,1475.0,nllpch_sample_event_ranking,L_PCH + L_rank + L_mul (paper)
sim_events8__ours_nllpch_sample_event_ranking__s2,11_extra_sweeps,sim_events8,2,events,8.0,,ours,0.7266536322265666,0.7384188405171307,0.7269238284503441,0.11804359861296962,0.18974317304735647,0.21356784198861958,0.7306654337313471,0.19775742292404175,0.6992092431256597,0.7001196274806056,0.6875478133714262,0.1252167457313056,0.2029397018493379,0.22425542776894614,0.6956255613258971,0.20309878885746002,0.7329795745101707,0.7238186835176272,0.7144204250780062,0.12239726590555013,0.19798888383683372,0.21741383444298368,0.723739561035268,0.19188295304775238,0.6905041047308605,0.7039501960600468,0.6929812251738428,0.1352723976946726,0.19825537745044572,0.21742549051815221,0.6958118419882501,0.18640846014022827,0.708901377222767,0.17945200022974978,248.0519636149595,325.49571255235946,263.3484314313856,311.1552637680798,238.2588657233621,275.19893733003903,205.3892103391568,243.4666472796931,213.41204402769736,255.07526749139345,0.6536608408124704,0.6577993494672195,31755.0,0.5629034797669659,0.09075736104550458,0.6537987874194771,0.22862296316369268,0.649603133189255,42224,nllpch_sample_event_ranking,4.310843467712402,885.0,916.0,896.0,934.0,0.18641918277573533,0.7101332036480206,0.6992005705833435,0.7116467356681824,0.7112715244293213,0.7113569974899292,0.7167885303497314,0.7110924124717712,0.7117493152618408,0.7120442390441895,0.709580659866333,0.7035463452339172,1508.0,0.6621044253470075,0.6614077687263489,0.6598982810974121,0.6662331819534302,0.6683670282363892,0.6701776385307312,0.6694363355636597,0.667640745639801,0.6649286150932312,0.6691436767578125,0.6348544359207153,1508.0,0.6997321563628749,0.7058473229408264,0.6965320110321045,0.6942286491394043,0.6916620135307312,0.6987534165382385,0.6969849467277527,0.70005202293396,0.7033525109291077,0.6994338035583496,0.7045934200286865,1508.0,0.6845796003141736,0.6614922285079956,0.6835726499557495,0.6853864192962646,0.6847797632217407,0.685092568397522,0.6824997067451477,0.6839349865913391,0.685526430606842,0.6869048476219177,0.6851155757904053,1508.0,0.6853215058749292,24.5686,61.379,0.122,0.7302287139606586,0.6976716266531343,0.694655735949422,0.11260694744017698,0.19589256994056897,0.21407082364890073,0.7075186921877382,0.18270748853683472,0.7240871017773293,0.7184664267179635,0.7209876021565101,0.12602118962888198,0.20035889985854358,0.20630134011343146,0.7211803768839342,0.17585112154483795,205.22704907223908,244.4132471856575,184.7349845461673,224.1197964721484,887.0,888.0,0.6813838984728376,0.678382933139801,0.6822059154510498,0.682316780090332,0.6763626933097839,0.6770561933517456,0.6810264587402344,0.6846080422401428,0.6869122385978699,0.6770821809768677,0.6824634671211243,1508.0,0.7021031191348497,0.6930438280105591,0.7037653923034668,0.7008954882621765,0.6958295106887817,0.7044286131858826,0.7038845419883728,0.704988956451416,0.7074463963508606,0.7028521299362183,0.6959689259529114,1508.0,0.6998195227160804,0.6638844695827174,0.6618181143628127,0.12913059498646934,0.21108624650634028,0.21651192498507868,0.6751740355538702,0.18089023232460022,0.74675403567517,0.7252749462094651,0.6924575633428579,0.12174088009898713,0.19703797672967258,0.21356887272976957,0.721495515075831,0.1725071519613266,191.4136625526902,219.7596328016312,170.8721849416183,196.99290254153914,907.0,899.0,0.6598417894656429,0.623506486415863,0.6613410711288452,0.6603315472602844,0.6633526682853699,0.658227264881134,0.6506357192993164,0.6570389270782471,0.6605879068374634,0.663862407207489,0.6626638174057007,1508.0,0.6826938542540267,0.6857534050941467,0.6845992803573608,0.6832495331764221,0.6809542179107666,0.6774131059646606,0.6836124658584595,0.6881288290023804,0.6819980144500732,0.6892541646957397,0.6758298277854919,1508.0,nllpch_sample_event_ranking,L_PCH + L_rank + L_mul (paper)
sim_n10000__coxph__s0,11_extra_sweeps,sim_n10000,0,n,10000.0,,coxph,0.6637226151845101,0.6549568306529263,0.6443790110530145,0.1195402214173646,0.19559292762330024,0.2266825484258956,0.6543528189634836,0.1806052324888535,0.6751757976942963,0.6599810845312509,0.6563143451652438,0.12082473113913354,0.19898445349892138,0.21969743182463275,0.663823742463597,0.17983553882089587,0.6761012997652934,0.6692111069090587,0.6666521368367242,0.12338234836792136,0.19931285962171488,0.20614672650717095,0.6706548478370254,0.17628064483226905,0.6721869957249148,0.6524045191656069,0.645979943151753,0.12901730841562437,0.2074243814801516,0.21615306535140422,0.6568571526807582,0.18419825174906004,0.6614221404862161,0.1802299169727696,256.00975902725037,313.6618525762575,224.5106176923665,273.42111558500676,190.7966378011681,220.13816119579081,189.6798021067706,206.12786700303113,215.24920415688888,253.33724909002157,0.6479802741315541,0.651531393568147,13789.0,0.5766915657408079,0.07128870839074619,0.6264763779527559,0.22731051334391966,0.6461647507376528,18288,,,,,,,,,,,,,,,,,,,,,,,,,,,,,,,,,,,,,,,,,,,,,,,,,,,,,,,,,,,,,,,,,,,,,,,,,,,,,,,,,,,,,,,,,,,,,,,,,,,,,,,,,,,,,,,,,,,,,,,,,,,,,,,,,,,,,,,,,,,,,,,,,,,,,,,,,Cox PH (cause-specific)
sim_n10000__coxph__s1,11_extra_sweeps,sim_n10000,1,n,10000.0,,coxph,0.6868452228910432,0.6747573880142147,0.6636414646514359,0.12307889971250467,0.1965345305667424,0.21914926549682326,0.6750813585188981,0.1795875652586901,0.6783535533567604,0.6716201374056061,0.6656619393681915,0.12079088592842392,0.1962411683002217,0.21653732086689606,0.6718785433768527,0.17785645836518058,0.6721721828532601,0.6753399095653654,0.6726172820711335,0.1282116430211664,0.201117968797897,0.20739598448300067,0.673376458163253,0.17890853210068802,0.6339624103574893,0.6389566497649165,0.6379002172374098,0.12932368131106298,0.21136027018005757,0.22027177125771533,0.6369397591199385,0.18698524091627863,0.6643190297947356,0.18083444916020935,253.74703630034506,316.0559345419378,224.34892143423795,269.9044597537468,181.6628548333875,215.59655768013056,183.32087625830417,204.52399222341148,210.76992220656865,251.52023604980667,0.6530507480199472,0.6561019336662826,13636.0,0.5784687591669111,0.07458198885303613,0.6332781456953642,0.2244935589869528,0.6398216913780745,18120,,,,,,,,,,,,,,,,,,,,,,,,,,,,,,,,,,,,,,,,,,,,,,,,,,,,,,,,,,,,,,,,,,,,,,,,,,,,,,,,,,,,,,,,,,,,,,,,,,,,,,,,,,,,,,,,,,,,,,,,,,,,,,,,,,,,,,,,,,,,,,,,,,,,,,,,,Cox PH (cause-specific)
sim_n10000__coxph__s2,11_extra_sweeps,sim_n10000,2,n,10000.0,,coxph,0.6781921674332428,0.6705305608325842,0.6589585007189849,0.11868699708432398,0.1936617150622115,0.2192646190602638,0.6692270763282707,0.17720444373559974,0.6541385624123321,0.6576096028214321,0.6529949719122027,0.1224752103572222,0.20021638206702178,0.2203040299362801,0.6549143790486557,0.18099854078684133,0.6840866216528523,0.679293053590001,0.6797617238743037,0.12518050744893158,0.199742580712281,0.19935174513432866,0.6810471330390523,0.1747582777651804,0.6668211543642406,0.6558152536768372,0.644445256778473,0.13130018014266567,0.20684181544256403,0.22089670510401918,0.6556938882731836,0.18634623356308297,0.6652206191722906,0.1798268739626761,256.3655784060767,317.1652356407754,229.38385450466237,277.41060231165665,188.32567060951163,219.82243372616378,185.52619259897037,206.30642588021192,214.90032402980526,255.17617438970194,0.6475618904726181,0.6516719325961032,13330.0,0.5747936984246061,0.07276819204801199,0.628999663186258,0.22678800086786474,0.644740303538464,17814,,,,,,,,,,,,,,,,,,,,,,,,,,,,,,,,,,,,,,,,,,,,,,,,,,,,,,,,,,,,,,,,,,,,,,,,,,,,,,,,,,,,,,,,,,,,,,,,,,,,,,,,,,,,,,,,,,,,,,,,,,,,,,,,,,,,,,,,,,,,,,,,,,,,,,,,,Cox PH (cause-specific)
sim_n10000__oracle__s0,11_extra_sweeps,sim_n10000,0,n,10000.0,,oracle,0.7458230569597655,0.7285360044294645,0.7195272028239104,0.10252661356581731,0.16829223311031422,0.19192871519885257,0.7312954214043801,0.15424918729166137,0.7506284799851481,0.7331395010731094,0.726707660014286,0.10691489073579945,0.17176565572528937,0.18426057516884475,0.7368252136908479,0.15431370720997786,0.7389419610250311,0.7232472757367161,0.7245074969956282,0.11417286614816674,0.1805262137760397,0.1776577043378615,0.7288989112524584,0.1574522614206893,0.7548057335168329,0.7322414653951487,0.7223828779241112,0.11070112549631667,0.17730866733577208,0.182227216321665,0.7364766922786976,0.1567456697179179,0.733374059656596,0.1556902064100616,217.8441204661821,270.10303306035314,191.64288611470224,234.76213757302526,160.69477438223848,189.35258173964172,162.15630934364174,176.89290839878484,183.08452257669114,217.77766519295125,0.6892450504024947,0.6938616641143441,13789.0,0.5766915657408079,0.1125534846616868,0.6769466316710411,0.20524887187243437,0.595391491559505,18288,,,,,,,,,,,,,,,,,,,,,,,,,,,,,,,,,,,,,,,,,,,,,,,,,,,,,,,,,,,,,,,,,,,,,,,,,,,,,,,,,,,,,,,,,,,,,,,,,,,,,,,,,,,,,,,,,,,,,,,,,,,,,,,,,,,,,,,,,,,,,,,,,,,,,,,,,Oracle (true CIF)
sim_n10000__oracle__s1,11_extra_sweeps,sim_n10000,1,n,10000.0,,oracle,0.7579295824104397,0.7369419677715077,0.724376647960943,0.1047034815934007,0.16851140307602622,0.19141586886526687,0.7397493993809635,0.1548769178448979,0.7559042210305417,0.7431594158049162,0.7307533217334061,0.10497637325818862,0.1679041472309686,0.1850863810482184,0.7432723195229546,0.15265563384579187,0.734670168903843,0.7291467415955248,0.7292124118935522,0.1185418089734664,0.17883214041010076,0.17320675419213669,0.7310097741309733,0.1568602345252346,0.7467837816575993,0.7323324617121347,0.723313969984838,0.10849280164870724,0.17611731016978388,0.18106716303297152,0.7341434044515239,0.15522575828382087,0.7370437243716038,0.15490463612493632,217.2177805151376,270.97069633646515,191.68638136816702,230.5462141471552,162.7953103176842,191.04015388415715,157.41752342530725,174.10886612234168,182.27924890657403,216.66648262252977,0.69844529187445,0.7025611473940325,13636.0,0.5784687591669111,0.11997653270753894,0.6838300220750552,0.20282654039142906,0.5898124221528552,18120,,,,,,,,,,,,,,,,,,,,,,,,,,,,,,,,,,,,,,,,,,,,,,,,,,,,,,,,,,,,,,,,,,,,,,,,,,,,,,,,,,,,,,,,,,,,,,,,,,,,,,,,,,,,,,,,,,,,,,,,,,,,,,,,,,,,,,,,,,,,,,,,,,,,,,,,,Oracle (true CIF)
sim_n10000__oracle__s2,11_extra_sweeps,sim_n10000,2,n,10000.0,,oracle,0.7407150058244726,0.735803876870194,0.7265928813801474,0.1038804156131392,0.16778601447956823,0.1869875911105579,0.7343705880249379,0.15288467373442177,0.7440996680108892,0.7426626525824375,0.7336495644880446,0.10627631020919154,0.16612536101566241,0.18072030154278684,0.7401372950271238,0.1510406575892136,0.735324918360125,0.7215594348920906,0.7249127192183581,0.11670932172975822,0.1844000833238467,0.1734431544147349,0.7272656908235245,0.1581841864894466,0.7739395516787545,0.7440031293816286,0.7315328667713032,0.11044553748649168,0.174550514316621,0.18441803136317655,0.7498251826105621,0.15647136105542972,0.7378996891215371,0.1546452197171279,218.39644107900395,271.15413000668326,189.8703002710315,231.20885672646952,166.3624278726696,195.1455625132654,159.42710188940524,175.3858279031739,183.51406777802757,218.22359428739802,0.6944486121530382,0.7017114270668773,13330.0,0.5747936984246061,0.11965491372843207,0.6789042326260245,0.203584257869769,0.5913728030770372,17814,,,,,,,,,,,,,,,,,,,,,,,,,,,,,,,,,,,,,,,,,,,,,,,,,,,,,,,,,,,,,,,,,,,,,,,,,,,,,,,,,,,,,,,,,,,,,,,,,,,,,,,,,,,,,,,,,,,,,,,,,,,,,,,,,,,,,,,,,,,,,,,,,,,,,,,,,Oracle (true CIF)
sim_n10000__ours_nllpch__s0,11_extra_sweeps,sim_n10000,0,n,10000.0,,ours,0.73739585821658,0.7203156099535056,0.7112469546825172,0.1085245849255732,0.17730471582535426,0.19968825304581042,0.7229861409508676,0.18075937032699585,0.7405946423843067,0.722017746313361,0.7171000559351638,0.11247155720899497,0.1811019712491702,0.19333346320294076,0.7265708148776105,0.16997574269771576,0.7255141758429662,0.7098943596150306,0.7105685167012041,0.11835014243157496,0.1878553508345796,0.18506322686663423,0.715325684053067,0.15739396214485168,0.7420464840924694,0.7181596753485556,0.7099414453325853,0.11675892995789261,0.18726847738856933,0.19263421061018993,0.7233825349245367,0.1572311669588089,0.7220662937015204,0.1633629069622737,205.95745139479516,269.80237142439194,189.1433754114689,237.71681047673655,173.52243841068707,197.91125695051622,193.88133421529514,198.22592932846945,190.62614985806158,225.91409204502853,0.6741605627674233,0.6781521184277692,13789.0,0.5766915657408079,0.09746899702661538,0.6605424321959755,0.21256570084164667,0.6128860903753384,18288,nllpch,3.74538254737854,1847.0,1813.0,1881.0,1821.0,0.1663141233810618,0.7030618810832826,0.7010864615440369,0.7025472521781921,0.7025439739227295,0.7026512026786804,0.7031472325325012,0.7034670114517212,0.7033801078796387,0.7033303380012512,0.7033509016036987,0.7030531167984009,3048.0,0.7081138398933888,0.7075232267379761,0.7063800096511841,0.7069051265716553,0.7083619236946106,0.7087125182151794,0.7088719010353088,0.7101325988769531,0.7091819047927856,0.7080951929092407,0.7057164907455444,3048.0,0.7055576852136511,0.6971993446350098,0.7028111815452576,0.7050386667251587,0.7051941752433777,0.7055892944335938,0.7062727212905884,0.705960214138031,0.7055280804634094,0.7060062289237976,0.7053873538970947,3048.0,0.7017798038799958,0.6681862473487854,0.6969437599182129,0.6994025707244873,0.7002550363540649,0.7002840638160706,0.7007743716239929,0.7018991708755493,0.7029318809509277,0.7039546370506287,0.7023782730102539,3048.0,0.7046283025175796,31.162,97.811,0.193,,,,,,,,,,,,,,,,,,,,,,,,,,,,,,,,,,,,,,,,,,,,,,,,,,,,,,,,,,,,,,,,,,,,,,,,,,,,,,,,,,,,,,,,,,,,,nllpch,L_PCH
sim_n10000__ours_nllpch__s1,11_extra_sweeps,sim_n10000,1,n,10000.0,,ours,0.7499460853082162,0.7260556636386967,0.7126516493208613,0.11005419911284155,0.178402762867523,0.19862176292483955,0.7295511327559248,0.1779768466949463,0.748069216837753,0.7334779347818418,0.7206515608232009,0.10859215313850802,0.1760269370635436,0.1973023336933259,0.7340662374809318,0.16904321312904358,0.731339706486482,0.7195661109122229,0.7196015704453537,0.12100249893888568,0.18473299733451315,0.18108676387547012,0.7235024626146861,0.1573604941368103,0.7269397607596115,0.7157756103178292,0.7097202000376477,0.11511972594023691,0.18474455312499263,0.1896808545622019,0.7174785237050294,0.15286259353160858,0.726149589139143,0.16211396188140684,225.50261570335587,280.8372467930841,229.63338396892306,250.9483024481994,162.76981462077188,193.36786092962026,171.3266224482143,183.69300244501827,197.30810918531625,227.2116031539805,0.6862716339102376,0.6904981431681394,13636.0,0.5784687591669111,0.1078028747433265,0.6701986754966888,0.20943403125324575,0.6057578577210476,18120,nllpch,3.698857545852661,1812.0,1769.0,1842.0,1793.0,0.16428383462287965,0.7107828422548808,0.7078701257705688,0.710220992565155,0.7111825942993164,0.7116882801055908,0.7118827104568481,0.7115914821624756,0.7112691402435303,0.7110640406608582,0.7109964489936829,0.7088565230369568,3020.0,0.7156375177348239,0.7157313823699951,0.7155248522758484,0.7159060835838318,0.7153254747390747,0.7153657674789429,0.7159475088119507,0.7157779335975647,0.7160260677337646,0.7156191468238831,0.715248703956604,3020.0,0.71161103709262,0.7039833664894104,0.7092462778091431,0.7105845808982849,0.7110732793807983,0.7113146781921387,0.7105013132095337,0.7120262980461121,0.7118525505065918,0.7126143574714661,0.7120360732078552,3020.0,0.7065727018462681,0.6867291927337646,0.7030894160270691,0.7061728239059448,0.7067382335662842,0.7069142460823059,0.7066881060600281,0.7067909836769104,0.7080317139625549,0.7087587118148804,0.7042039632797241,3020.0,0.7111510247321481,29.5624,102.157,0.203,,,,,,,,,,,,,,,,,,,,,,,,,,,,,,,,,,,,,,,,,,,,,,,,,,,,,,,,,,,,,,,,,,,,,,,,,,,,,,,,,,,,,,,,,,,,,nllpch,L_PCH
sim_n10000__ours_nllpch__s2,11_extra_sweeps,sim_n10000,2,n,10000.0,,ours,0.727826961401147,0.725554248214028,0.7143118269441648,0.11031955699892364,0.1780615862823807,0.19685858894058753,0.72256434551978,0.1819602996110916,0.7308012098839712,0.7269182523314883,0.7188909724634547,0.11134075286928723,0.17778690859796384,0.1949478723790014,0.7255368115596381,0.16848953068256378,0.7328646303302393,0.7161677795248008,0.7192787002436827,0.11926836334470196,0.18901764505864369,0.18017887389821854,0.7227703700329076,0.15725791454315186,0.7581291795024682,0.734050150462726,0.7200001224433028,0.11511831000777377,0.17958737884821363,0.1921444370678713,0.7373931508028324,0.15188971161842346,0.7270661694787895,0.16205252285779725,265.72723332436306,294.2324166471639,220.8721028071092,250.55260466342295,187.69400701650656,207.53713606459152,151.78585942038634,175.0773126676511,206.5198006420913,231.84986751070738,0.6931732933233309,0.700434439178515,13330.0,0.5747936984246061,0.11837959489872474,0.6626249017626585,0.21156638679719678,0.6105896348764961,17814,nllpch,3.726388931274414,1769.0,1750.0,1808.0,1766.0,0.16485323402208685,0.7044852083052242,0.7035409808158875,0.7045645117759705,0.7045403122901917,0.7055719494819641,0.7054842114448547,0.7048162221908569,0.7046533823013306,0.7046292424201965,0.7043922543525696,0.7030298709869385,2969.0,0.7104560001528367,0.7084388732910156,0.70903480052948,0.7095068693161011,0.709328830242157,0.7102034091949463,0.7110465168952942,0.7102466821670532,0.7113034129142761,0.711886465549469,0.7097484469413757,2969.0,0.7089975785942355,0.6950675845146179,0.7037225365638733,0.7061603665351868,0.7069486975669861,0.7082938551902771,0.709785521030426,0.7101677060127258,0.710487961769104,0.7097651362419128,0.708750307559967,2969.0,0.7125452059344898,0.7039596438407898,0.7070974111557007,0.7094593048095703,0.7126994729042053,0.7135764360427856,0.7136679291725159,0.714411735534668,0.7143768072128296,0.7134573459625244,0.7094237804412842,2969.0,0.7091209982466965,29.0924,102.054,0.206,,,,,,,,,,,,,,,,,,,,,,,,,,,,,,,,,,,,,,,,,,,,,,,,,,,,,,,,,,,,,,,,,,,,,,,,,,,,,,,,,,,,,,,,,,,,,nllpch,L_PCH
sim_n10000__ours_nllpch_event_ranking__s0,11_extra_sweeps,sim_n10000,0,n,10000.0,,ours,0.7343696721254758,0.7118405567785682,0.6859286955532985,0.1141706592266408,0.1882108677938159,0.21332182957741436,0.7107129748191142,0.19294975697994232,0.7308600421128807,0.7128928882195573,0.703606270613933,0.11472375716872753,0.18432774526713516,0.20122539090064173,0.7157864003154571,0.1761985570192337,0.6986660612861285,0.688920281595861,0.6933245418851353,0.12133024188450332,0.19579008710857862,0.195963210166907,0.6936369615890415,0.16557517647743225,0.7239646562825237,0.7011046992768235,0.6918974109779018,0.11962628274687281,0.19257670682065495,0.1989144159052258,0.7056555888457496,0.16215452551841736,0.7064479813923407,0.17001509954725985,243.66595496611748,303.63716074814124,206.23990380084953,255.25912071005288,171.5910234759825,204.53923082129322,178.0015901271548,193.09917275965955,199.87461809252608,239.13367125978675,0.6627021538907825,0.6659775395610005,13789.0,0.5766915657408079,0.08601058814997453,0.656933508311461,0.22629749526092316,0.6447563339880295,18288,nllpch_event_ranking,2.048797369003296,1847.0,1813.0,1881.0,1821.0,0.17421305120088457,0.6853430664543408,0.6927400827407837,0.6943597793579102,0.6916611790657043,0.6882596015930176,0.6832737922668457,0.6828337907791138,0.6786210536956787,0.6805022358894348,0.6815201044082642,0.6918929219245911,3048.0,0.6968362176742973,0.7005595564842224,0.6990804672241211,0.6993414759635925,0.700497031211853,0.6989617347717285,0.698505699634552,0.6979324221611023,0.695280134677887,0.6950787305831909,0.6933326721191406,3048.0,0.6869594847719149,0.676976203918457,0.6704445481300354,0.6802791953086853,0.6795060634613037,0.6841710209846497,0.6867181062698364,0.6859424710273743,0.6870299577713013,0.691044807434082,0.6913585662841797,3048.0,0.6802451136759485,0.6458723545074463,0.6661961078643799,0.6703832149505615,0.672975480556488,0.6758874654769897,0.681516170501709,0.6837115287780762,0.6845671534538269,0.6836581230163574,0.6789041757583618,3048.0,0.6873459706441254,29.9243,101.857,0.201,,,,,,,,,,,,,,,,,,,,,,,,,,,,,,,,,,,,,,,,,,,,,,,,,,,,,,,,,,,,,,,,,,,,,,,,,,,,,,,,,,,,,,,,,,,,,nllpch_event_ranking,L_PCH + L_mul
sim_n10000__ours_nllpch_event_ranking__s1,11_extra_sweeps,sim_n10000,1,n,10000.0,,ours,0.7439686872710511,0.7209508378201861,0.6965385487915605,0.1252752407159018,0.2029769154709911,0.21649085615479108,0.7204860246275993,0.196701779961586,0.7362210812135019,0.7277889697282948,0.7123984696653007,0.11239604259766274,0.1806888557184168,0.19766583400816676,0.7254695068690324,0.17256812751293182,0.7030642477930619,0.6912311115849894,0.699322450818843,0.12506421048151845,0.1960892829729415,0.19274200524394358,0.6978726033989648,0.16654041409492493,0.7133918051189498,0.6942675815498204,0.6874896258291383,0.1177234927687936,0.19302848562563968,0.19920073862155382,0.6983830041659695,0.16068218648433685,0.7105527847653915,0.1716118300316934,251.21245496129643,313.83263468332177,201.7407319869608,250.01510838500184,171.24405771939172,204.4580886359093,168.544982906427,188.7403041578442,198.18555689351896,239.26153396551925,0.6770313875036668,0.6797797413241132,13636.0,0.5784687591669111,0.09856262833675566,0.6565673289183223,0.22677584659573782,0.6457975233360075,18120,nllpch_event_ranking,2.0357165336608887,1812.0,1769.0,1842.0,1793.0,0.17413625914496092,0.6945113055193687,0.6968160271644592,0.7014674544334412,0.7024267911911011,0.6977949142456055,0.694919228553772,0.6903263330459595,0.6911160349845886,0.6870245933532715,0.6916031837463379,0.7000465989112854,3020.0,0.7061600812214767,0.7061076164245605,0.7069780826568604,0.7069424390792847,0.7088552117347717,0.707370400428772,0.7059198617935181,0.7068203091621399,0.7072299122810364,0.7052309513092041,0.7034562826156616,3020.0,0.6933642468900434,0.6932945847511292,0.6893118619918823,0.6881131529808044,0.6853954195976257,0.6854861378669739,0.6866927146911621,0.6912744641304016,0.6932071447372437,0.6972414255142212,0.7028800845146179,3020.0,0.6797770914013511,0.6397653818130493,0.6739535927772522,0.6776196360588074,0.6812931895256042,0.6828276515007019,0.6828694939613342,0.6817806363105774,0.6850504279136658,0.6836128234863281,0.6703137755393982,3020.0,0.6934531812580599,29.863,101.129,0.201,,,,,,,,,,,,,,,,,,,,,,,,,,,,,,,,,,,,,,,,,,,,,,,,,,,,,,,,,,,,,,,,,,,,,,,,,,,,,,,,,,,,,,,,,,,,,nllpch_event_ranking,L_PCH + L_mul
sim_n10000__ours_nllpch_event_ranking__s2,11_extra_sweeps,sim_n10000,2,n,10000.0,,ours,0.728449224196063,0.7171448526918265,0.6923625951896244,0.11500822159689392,0.1865029050991404,0.2076006196422161,0.7126522240258378,0.19234707951545715,0.726467156910774,0.720742508418179,0.7114541556709831,0.1139714393128127,0.1831724793181816,0.19652705493663594,0.7195546069999788,0.17256642878055573,0.7066407612119504,0.6912954029857091,0.7023914646815271,0.12246317993001647,0.19965156505160211,0.1886858991877604,0.7001092096263956,0.16392651200294495,0.735499683401062,0.7054259199870734,0.696396231386618,0.1206663421823987,0.19298396646310506,0.20090554833015953,0.7124406115915844,0.16132986545562744,0.7111891630609491,0.16901160175424357,234.96865028353142,301.1310026794168,208.23801156338277,253.02938308710122,183.14883121913587,209.9944163976807,171.09916515881667,189.74890476068012,199.3636645562167,238.4759267312197,0.663615903975994,0.6682991047919957,13330.0,0.5747936984246061,0.08882220555138787,0.6600426630739867,0.22469624417814824,0.6414347488372264,17814,nllpch_event_ranking,2.0257742404937744,1769.0,1750.0,1808.0,1766.0,0.17249977585292242,0.6860382620320014,0.6968240737915039,0.6979341506958008,0.6930970549583435,0.6858912706375122,0.6856716871261597,0.6833148002624512,0.6784217953681946,0.678580105304718,0.685571551322937,0.6906338334083557,2969.0,0.704498533427904,0.7086727619171143,0.7082920670509338,0.7088530659675598,0.7083844542503357,0.7059913277626038,0.7047477960586548,0.7044878005981445,0.7048963308334351,0.701822817325592,0.7010769248008728,2969.0,0.6923990375887381,0.670342743396759,0.6862359642982483,0.6844552755355835,0.6857030987739563,0.6880979537963867,0.6891205906867981,0.6920551061630249,0.6956294775009155,0.696566641330719,0.6957457661628723,2969.0,0.6876051538498531,0.6392554640769958,0.6750360727310181,0.6794635653495789,0.6851934790611267,0.6878435611724854,0.6890460252761841,0.6886832118034363,0.6915298104286194,0.6886941194534302,0.6863890290260315,2969.0,0.6926352467246241,30.2306,98.212,0.198,,,,,,,,,,,,,,,,,,,,,,,,,,,,,,,,,,,,,,,,,,,,,,,,,,,,,,,,,,,,,,,,,,,,,,,,,,,,,,,,,,,,,,,,,,,,,nllpch_event_ranking,L_PCH + L_mul
sim_n10000__ours_nllpch_sample_event_ranking__s0,11_extra_sweeps,sim_n10000,0,n,10000.0,,ours,0.7256178604254212,0.716201154674732,0.7011390464751664,0.11968562271802363,0.1998989164573031,0.2236942606249308,0.7143193538584399,0.20261304080486298,0.7400070424783278,0.7236087845917212,0.7148723341618651,0.11908276238372062,0.19801015548422649,0.21879756141948573,0.7261627204106381,0.19028285145759583,0.7219832377957367,0.7085934353839999,0.7088001210033795,0.1228806469387525,0.20397820023038307,0.20690660851635226,0.7131255980610387,0.17342858016490936,0.7422088416893665,0.7191103610740652,0.7107314126632585,0.12278410271929092,0.2040655735078696,0.2087406237827372,0.7240168718088968,0.1698029637336731,0.7194061360347535,0.17904375289858968,261.21957969209893,320.2272499878839,219.69094926113405,274.0737072549433,179.34936575010929,212.65007411511633,169.0355804532069,192.74138104183692,207.3238687891373,249.92310309994514,0.679454637754732,0.6825038284839203,13789.0,0.5766915657408079,0.1027630720139241,0.659831583552056,0.22844646622685544,0.6493516027967773,18288,nllpch_sample_event_ranking,2.3039767742156982,1847.0,1813.0,1881.0,1821.0,0.18400427225053198,0.6971994802925756,0.6979979276657104,0.6975923776626587,0.7000865340232849,0.6993910074234009,0.6961674690246582,0.6960786581039429,0.6960481405258179,0.697433590888977,0.6961837410926819,0.6974236369132996,3048.0,0.7069800334283747,0.7055817246437073,0.707181453704834,0.7090176343917847,0.7082932591438293,0.7064217925071716,0.7063915729522705,0.7084565758705139,0.7060585618019104,0.7071511149406433,0.7059997320175171,3048.0,0.7043259955123582,0.6904001832008362,0.6991328001022339,0.7066725492477417,0.7043890953063965,0.7035509347915649,0.7041181921958923,0.701187789440155,0.7032842636108398,0.7058780193328857,0.706916868686676,3048.0,0.7010733736299588,0.6607083678245544,0.6958702802658081,0.6995373368263245,0.7000234127044678,0.7029278874397278,0.7024621963500977,0.7043861746788025,0.704639196395874,0.7018926739692688,0.6966705322265625,3048.0,0.7023947207158169,27.1308,112.345,0.221,,,,,,,,,,,,,,,,,,,,,,,,,,,,,,,,,,,,,,,,,,,,,,,,,,,,,,,,,,,,,,,,,,,,,,,,,,,,,,,,,,,,,,,,,,,,,nllpch_sample_event_ranking,L_PCH + L_rank + L_mul (paper)
sim_n10000__ours_nllpch_sample_event_ranking__s1,11_extra_sweeps,sim_n10000,1,n,10000.0,,ours,0.7397639181650116,0.7232805352440097,0.7095709525776208,0.12340174044036946,0.20353086441135568,0.22437845948076574,0.7242051353288806,0.20602300763130188,0.7421090766811247,0.7287204650698201,0.7196123239624727,0.11952058494839554,0.19768602925997494,0.21785178688077306,0.7301472885711391,0.19190502166748047,0.7183242598661894,0.7125392763946915,0.7092600795544706,0.1268102250811524,0.20619983013082738,0.21135575917199625,0.7133745386051172,0.17909225821495056,0.7237720704374542,0.7100236983673363,0.7038089765929199,0.12109354945687763,0.20605198235595076,0.2138397990497201,0.7125349151325701,0.17168913781642914,0.7200654694094267,0.18097671755567993,240.11902624066965,323.48093161891467,218.5561836763008,276.0765092802967,180.856315569069,220.71866707775763,166.0023473319536,195.10884976537244,201.38346820449829,253.84623943558535,0.6669111176298035,0.6692662312716097,13636.0,0.5784687591669111,0.08844235846289239,0.6613686534216335,0.23102312983074685,0.6547303487653067,18120,nllpch_sample_event_ranking,2.2893574237823486,1812.0,1769.0,1842.0,1793.0,0.18715635211952444,0.7037617383773759,0.6980649828910828,0.7044066786766052,0.7065907120704651,0.706944465637207,0.7070685625076294,0.7061113715171814,0.7062638401985168,0.6996135711669922,0.7041665315628052,0.6990417838096619,3020.0,0.7117936676910379,0.7128311395645142,0.7127998471260071,0.7091201543807983,0.7081190347671509,0.7097919583320618,0.7122913599014282,0.7153503894805908,0.7113808393478394,0.7131536602973938,0.7112905383110046,3020.0,0.7045648599214276,0.7077306509017944,0.7085098624229431,0.7072527408599854,0.7058655023574829,0.7065699696540833,0.7052339911460876,0.7036119103431702,0.7010050415992737,0.7058231830596924,0.7039527893066406,3020.0,0.6962545704467881,0.6858240365982056,0.6954191327095032,0.6954879760742188,0.6979861855506897,0.6977611184120178,0.6983137726783752,0.6977099776268005,0.7002590298652649,0.6993057131767273,0.6881531476974487,3020.0,0.7040937091091575,26.6095,113.493,0.225,,,,,,,,,,,,,,,,,,,,,,,,,,,,,,,,,,,,,,,,,,,,,,,,,,,,,,,,,,,,,,,,,,,,,,,,,,,,,,,,,,,,,,,,,,,,,nllpch_sample_event_ranking,L_PCH + L_rank + L_mul (paper)
sim_n10000__ours_nllpch_sample_event_ranking__s2,11_extra_sweeps,sim_n10000,2,n,10000.0,,ours,0.7299980644021803,0.7254798850712817,0.7098759574824092,0.11914383011362083,0.19760560754240386,0.21846461218266747,0.7217846356519569,0.20267975330352783,0.7283051081504054,0.7217328060744613,0.7143793004226054,0.11982980635655395,0.1967265730195069,0.2152400476826512,0.7214724048824906,0.19018112123012543,0.727002507208541,0.7074654571464004,0.7119229022363747,0.12494211224738713,0.2080810597029789,0.20948392969592294,0.7154636221971055,0.17759934067726135,0.7571688685794252,0.7342500259001518,0.7183109185629438,0.1262459582882836,0.20331239744438354,0.2142189551740846,0.7365766043475069,0.1716626137495041,0.723824316769765,0.1794412407875371,240.55945026636064,314.3729598107686,212.7569915462264,270.2686215152051,172.36541116278067,214.75192481720717,160.02610060033396,190.8812013450932,196.42698839392543,247.56867687206852,0.677344336084021,0.683754607688257,13330.0,0.5747936984246061,0.10255063765941486,0.6606040193106545,0.22802301461278915,0.6484930660385557,17814,nllpch_sample_event_ranking,2.295832633972168,1769.0,1750.0,1808.0,1766.0,0.1854805060725748,0.6999770703608403,0.7039923071861267,0.7008576989173889,0.7012671828269958,0.7008015513420105,0.7000251412391663,0.6994619369506836,0.6986487507820129,0.6983633041381836,0.7011999487876892,0.699266254901886,2969.0,0.707478724231299,0.7046801447868347,0.7062236666679382,0.7088261246681213,0.7081913352012634,0.7090001702308655,0.7088659405708313,0.7078717947006226,0.7082862854003906,0.7065538167953491,0.7054241299629211,2969.0,0.7004247122346487,0.6789393424987793,0.697801947593689,0.6985132098197937,0.6978108882904053,0.6985607743263245,0.7002957463264465,0.7016314268112183,0.7014992237091064,0.7009482979774475,0.7017509341239929,2969.0,0.7103229906401327,0.6788421869277954,0.708807110786438,0.7058542966842651,0.710662305355072,0.713643491268158,0.7138648629188538,0.7097389698028564,0.7114654779434204,0.7107002139091492,0.7079941630363464,2969.0,0.7045508743667303,29.6315,100.197,0.202,,,,,,,,,,,,,,,,,,,,,,,,,,,,,,,,,,,,,,,,,,,,,,,,,,,,,,,,,,,,,,,,,,,,,,,,,,,,,,,,,,,,,,,,,,,,,nllpch_sample_event_ranking,L_PCH + L_rank + L_mul (paper)
sim_n1000__coxph__s0,11_extra_sweeps,sim_n1000,0,n,1000.0,,coxph,0.6031509998207388,0.6608687630351788,0.6553592337059445,0.11760491016954093,0.1868859827714554,0.22232332483823847,0.6397929988539541,0.17560473925974493,0.6647869964143349,0.6737370204068761,0.6698254380455911,0.13264799322631443,0.19340116569581192,0.1965021402059836,0.6694498182889341,0.1741837663760367,0.6003144776289829,0.6409213827636489,0.6242305739706332,0.12269231443931526,0.20065647787062496,0.21266108129599878,0.621822144787755,0.17866995786864634,0.6407916154772983,0.5977365066683084,0.6218107187586306,0.12222917252879707,0.2229297883921309,0.22989269590331873,0.6201129469680791,0.19168388560808225,0.6377944772246806,0.18003558727812755,229.3695899497484,297.96106422942336,215.0389801237921,264.69229113643166,211.49193332960374,229.00806401824187,178.44891266323876,193.44905819420063,208.58735401659575,246.2776193945744,0.6175078864353313,0.620460704607046,1268.0,0.6151419558359621,0.0023659305993691815,0.583916083916084,0.2392123518086296,0.6715963084544929,1716,,,,,,,,,,,,,,,,,,,,,,,,,,,,,,,,,,,,,,,,,,,,,,,,,,,,,,,,,,,,,,,,,,,,,,,,,,,,,,,,,,,,,,,,,,,,,,,,,,,,,,,,,,,,,,,,,,,,,,,,,,,,,,,,,,,,,,,,,,,,,,,,,,,,,,,,,Cox PH (cause-specific)
sim_n1000__coxph__s1,11_extra_sweeps,sim_n1000,1,n,1000.0,,coxph,0.6386220836924583,0.65754994157994,0.6834538047013176,0.139151393254077,0.20003007369726503,0.2065998940983938,0.6598752766579054,0.1819271203499119,0.6452492542420084,0.6354144717799032,0.6364911752779798,0.13333552559946066,0.2157556095184884,0.22318543730232737,0.6390516337666304,0.1907588574734255,0.5989119123878194,0.634228874488208,0.6261159104276071,0.13578628733120593,0.21833845815332628,0.22437636707405523,0.6197522324345448,0.19283370418619583,0.6517290285770607,0.5988233382624323,0.605245270742968,0.14496023572787323,0.2275138409524189,0.23742385715989647,0.618599212527487,0.20329931128006284,0.6343195888466419,0.192204748322399,227.27033412736407,293.39192652919763,225.07230229453677,262.8807323159507,211.6576494268302,239.090344255111,181.79602902834583,200.78828360788899,211.4490787192692,249.03782167703704,0.607483492296405,0.6091603053435114,1363.0,0.5935436537050623,0.013939838591342624,0.5913621262458472,0.2389741639281145,0.6709191866644705,1806,,,,,,,,,,,,,,,,,,,,,,,,,,,,,,,,,,,,,,,,,,,,,,,,,,,,,,,,,,,,,,,,,,,,,,,,,,,,,,,,,,,,,,,,,,,,,,,,,,,,,,,,,,,,,,,,,,,,,,,,,,,,,,,,,,,,,,,,,,,,,,,,,,,,,,,,,Cox PH (cause-specific)
sim_n1000__coxph__s2,11_extra_sweeps,sim_n1000,2,n,1000.0,,coxph,0.6073808651484076,0.6316780382060384,0.6461730828304969,0.12531425992203238,0.2036623940364486,0.2191805538450237,0.6284106620616475,0.18271906926783488,0.71598573177555,0.6701170149103142,0.6750981209379477,0.1111686372802886,0.19298973233789055,0.2076321572799418,0.687066955874604,0.17059684229937366,0.6870442053724417,0.6205988193066241,0.5989842562881704,0.11216799672824629,0.21201001927497407,0.25215405614375463,0.6355424269890787,0.19211069071565834,0.6548915663692948,0.6230459427776338,0.6136178072565335,0.13061019172871363,0.21074670860764824,0.23223540280957994,0.6305184388011541,0.19119743438198059,0.6453846209316211,0.18415600916621186,264.83860541903783,313.3941856790785,215.4963679587263,266.93621543323286,209.77831531387255,235.7720891607457,179.3699656086728,197.5784335368015,217.37081357507736,253.42023095246466,0.6080892608089261,0.6079136690647482,1434.0,0.5627615062761506,0.04532775453277549,0.5796645702306079,0.24258778551268526,0.6802535001835056,1908,,,,,,,,,,,,,,,,,,,,,,,,,,,,,,,,,,,,,,,,,,,,,,,,,,,,,,,,,,,,,,,,,,,,,,,,,,,,,,,,,,,,,,,,,,,,,,,,,,,,,,,,,,,,,,,,,,,,,,,,,,,,,,,,,,,,,,,,,,,,,,,,,,,,,,,,,Cox PH (cause-specific)
sim_n1000__oracle__s0,11_extra_sweeps,sim_n1000,0,n,1000.0,,oracle,0.6611791053165795,0.7036232723950857,0.6953187954476672,0.1172411367876794,0.17955228144830643,0.1998203451500576,0.6867070577197775,0.16553792112868113,0.7436458451629657,0.7216168988167692,0.7230009560339978,0.11982981215889982,0.1805146275030056,0.18031968335090823,0.7294212333379108,0.16022137433760453,0.6889130347957687,0.7219114617574666,0.7185967895397304,0.11945625231824396,0.16414682924906013,0.16971912718246676,0.7098070953643218,0.15110740291659028,0.7222594317568506,0.6736262749920487,0.6911106933445688,0.11004624354432592,0.1914984846603094,0.20002862165130167,0.6956654666978226,0.16719111661864564,0.7054002132799582,0.1610144537503804,203.31761845101872,270.51807374555096,199.43359702664753,240.91483145307686,173.25604116572154,190.09898969121568,158.97459638797037,169.68783046357967,183.74546325783953,217.8049313383558,0.6774447949526814,0.6817073170731708,1268.0,0.6151419558359621,0.0623028391167193,0.6474358974358975,0.22007044873897874,0.6295693503586133,1716,,,,,,,,,,,,,,,,,,,,,,,,,,,,,,,,,,,,,,,,,,,,,,,,,,,,,,,,,,,,,,,,,,,,,,,,,,,,,,,,,,,,,,,,,,,,,,,,,,,,,,,,,,,,,,,,,,,,,,,,,,,,,,,,,,,,,,,,,,,,,,,,,,,,,,,,,Oracle (true CIF)
sim_n1000__oracle__s1,11_extra_sweeps,sim_n1000,1,n,1000.0,,oracle,0.6979233708895289,0.6951435678934249,0.7217727271821854,0.13300320334440488,0.18713286900882597,0.1859846572933724,0.704946555321713,0.16870690988220108,0.7103398207859398,0.7096201750846357,0.7051935290598219,0.1182483440438562,0.18778430648815206,0.19429364979952218,0.7083845083101324,0.16677543344384346,0.7526654752380352,0.7483913138718438,0.7399041575535605,0.11257138001356236,0.17124891402420825,0.1743436300174067,0.7469869822211465,0.15272130801839243,0.7313760973531349,0.683946947884374,0.6916563970067,0.12697792722194853,0.19816828046997756,0.1938359764762313,0.7023264807480697,0.1729940613893858,0.7156611316502653,0.1652994281834557,204.348287992471,276.8090873641827,197.58366327948536,229.27654608271803,173.65060543858624,191.00162340849613,162.28573939586903,175.0650946592317,184.46707402660292,218.03808787865714,0.661041819515774,0.6590330788804072,1363.0,0.5935436537050623,0.06749816581071166,0.655592469545958,0.21916290438158914,0.6283494285870479,1806,,,,,,,,,,,,,,,,,,,,,,,,,,,,,,,,,,,,,,,,,,,,,,,,,,,,,,,,,,,,,,,,,,,,,,,,,,,,,,,,,,,,,,,,,,,,,,,,,,,,,,,,,,,,,,,,,,,,,,,,,,,,,,,,,,,,,,,,,,,,,,,,,,,,,,,,,Oracle (true CIF)
sim_n1000__oracle__s2,11_extra_sweeps,sim_n1000,2,n,1000.0,,oracle,0.6776649653159823,0.6797756543856084,0.6861862884784765,0.11291935268000473,0.18230297189422928,0.20520611747264228,0.6812089693933557,0.1668094806822921,0.7382964636265436,0.7103546323928195,0.7165306389858067,0.10206602380457454,0.1739662565076183,0.18507101724617653,0.7217272450017232,0.15370109918612312,0.7492587566920891,0.7122007849239347,0.69336807464623,0.09985047345429977,0.18043300670030657,0.20302263743374477,0.7182758720874179,0.16110203919611704,0.7631581524590733,0.7030595261308162,0.6947727471322006,0.10962736670210314,0.1836191374705821,0.19286205548776353,0.7203301419073633,0.16203618655348292,0.7103855570974651,0.1609122014045038,237.22094793030928,287.18622968834717,206.0844214615191,250.9015318808018,175.760776567189,198.17700149653413,152.49079318430978,166.2586366153668,192.88923478583177,225.63084992026245,0.6541143654114365,0.6577937649880096,1434.0,0.5627615062761506,0.0913528591352859,0.6336477987421384,0.22131762869912433,0.6305783913526837,1908,,,,,,,,,,,,,,,,,,,,,,,,,,,,,,,,,,,,,,,,,,,,,,,,,,,,,,,,,,,,,,,,,,,,,,,,,,,,,,,,,,,,,,,,,,,,,,,,,,,,,,,,,,,,,,,,,,,,,,,,,,,,,,,,,,,,,,,,,,,,,,,,,,,,,,,,,Oracle (true CIF)
sim_n1000__ours_nllpch__s0,11_extra_sweeps,sim_n1000,0,n,1000.0,,ours,0.6207903461619398,0.6791897257596996,0.6696827185144777,0.12018486171144177,0.1881975560547659,0.21316754337162117,0.6565542634787057,0.19009245932102203,0.6830035581111489,0.6899599094190022,0.6822589107858551,0.13058211760839705,0.19234057636391955,0.20714815670089898,0.6850741261053354,0.18820196390151978,0.6679817801089704,0.6710527936388346,0.6672199673734157,0.11485544604872439,0.19167295716469002,0.20212828677297195,0.6687515137070736,0.17888979613780975,0.6140076184208189,0.6161162931878625,0.6461407513547429,0.1422369024731648,0.22266176219231384,0.2165913934437832,0.6254215543211413,0.17919477820396423,0.658950364403064,0.1784806299922244,230.9050986524097,294.06504238980153,226.70968360076625,265.89731641427517,204.65901596557126,219.35417395758455,182.58685014034768,195.46510356794872,211.2151620897737,243.6954090824025,0.613564668769716,0.6172086720867209,1268.0,0.6151419558359621,-0.001577287066246047,0.578088578088578,0.23969191448492516,0.6730376301913655,1716,nllpch,4.074733257293701,169.0,169.0,166.0,172.0,0.18409610286178674,0.6722019153817294,0.6611636877059937,0.676014244556427,0.6779271960258484,0.680216372013092,0.6728652715682983,0.6731908917427063,0.6717014908790588,0.6743451952934265,0.6682367920875549,0.6673896312713623,286.0,0.65917865439264,0.6403970718383789,0.6557629108428955,0.6694523692131042,0.6664206981658936,0.6565512418746948,0.654975414276123,0.6628739237785339,0.65993332862854,0.664411723613739,0.6512198448181152,286.0,0.6398307525171655,0.6039239168167114,0.6298546195030212,0.6223751902580261,0.6186184883117676,0.6385433077812195,0.6449329853057861,0.6496956944465637,0.6509659886360168,0.6448667049407959,0.6319273114204407,286.0,0.6246795293490093,0.6397335529327393,0.6259294152259827,0.626934289932251,0.630581259727478,0.6360834836959839,0.6401380896568298,0.6408918499946594,0.6363454461097717,0.6284306049346924,0.591396152973175,286.0,0.648972712910136,2.4805,115.299,0.403,,,,,,,,,,,,,,,,,,,,,,,,,,,,,,,,,,,,,,,,,,,,,,,,,,,,,,,,,,,,,,,,,,,,,,,,,,,,,,,,,,,,,,,,,,,,,nllpch,L_PCH
sim_n1000__ours_nllpch__s1,11_extra_sweeps,sim_n1000,1,n,1000.0,,ours,0.6559029758547983,0.6629701950285803,0.6897595587766365,0.13960044745798422,0.2106960349367294,0.20459517912588612,0.669544243220005,0.18343761563301086,0.6450918841769722,0.646374421597789,0.6428736927227546,0.1322012520307964,0.21022866432833884,0.2274962356743761,0.644779999499172,0.19631381332874298,0.6547180412493729,0.6397338042398544,0.6308510391085249,0.12849973357668254,0.21351981727589708,0.22651410514102863,0.6417676281992507,0.18879079818725586,0.6508104897422027,0.6082118481152128,0.62838747048592,0.14377810897020762,0.22391436952228166,0.2219994546097584,0.6291366027811118,0.17775775492191315,0.646307118424885,0.19025361688749726,239.9614426096124,286.0952011922627,236.18000572551583,264.12189513608274,226.16487904357209,237.91679075811595,191.98316358308563,200.6986418841446,223.5723727404465,247.20813224265146,0.6030814380044021,0.6063613231552163,1363.0,0.5935436537050623,0.009537784299339713,0.5891472868217055,0.24015674669781337,0.6733566425898816,1806,nllpch,4.141955852508545,177.0,190.0,178.0,186.0,0.18664266346417438,0.6829048822197733,0.6836339831352234,0.6860542893409729,0.6828033924102783,0.6836317181587219,0.6844240427017212,0.6851528882980347,0.6811304688453674,0.6796929240226746,0.6795865893363953,0.6858941316604614,301.0,0.6477733287840975,0.6415338516235352,0.6581234931945801,0.6593932509422302,0.6564972996711731,0.653725802898407,0.651598334312439,0.6490802764892578,0.6485950350761414,0.642932116985321,0.635283887386322,301.0,0.6186380583692241,0.6187646389007568,0.6158633232116699,0.6189051866531372,0.6146544814109802,0.6164330840110779,0.6204438209533691,0.6254395246505737,0.6229742169380188,0.6193985939025879,0.6117023229598999,301.0,0.6172382959099703,0.6130596399307251,0.6222184896469116,0.6174144744873047,0.6243584752082825,0.6214206218719482,0.6229288578033447,0.6237967610359192,0.6253504753112793,0.6268755793571472,0.5920331478118896,301.0,0.6416386413207663,3.7066,81.206,0.27,,,,,,,,,,,,,,,,,,,,,,,,,,,,,,,,,,,,,,,,,,,,,,,,,,,,,,,,,,,,,,,,,,,,,,,,,,,,,,,,,,,,,,,,,,,,,nllpch,L_PCH
sim_n1000__ours_nllpch__s2,11_extra_sweeps,sim_n1000,2,n,1000.0,,ours,0.6370277597065963,0.6506829995169259,0.6541738577727458,0.11779010388554542,0.19840853781181728,0.22105291857483841,0.6472948723320894,0.20132340490818024,0.7356326237774471,0.677895684728145,0.6839088737023719,0.11105905383756186,0.18854785330653145,0.21041661552982296,0.6991457274026547,0.19304578006267548,0.7062216745737709,0.6512338379918762,0.6287466959063867,0.10603612907073837,0.20535803658897672,0.24300556177734375,0.6620674028240113,0.1892128586769104,0.725071707198281,0.6770775856959549,0.6548755727982066,0.12255068828048665,0.20072959087260991,0.22079424617732912,0.6856749552308141,0.17092925310134888,0.6735457394473924,0.17881244464280016,274.41313456960546,317.5457157939666,224.51517370551838,269.34810081437774,221.1772127781252,234.48968856086643,167.94371205562865,186.1459439371088,222.01230827721943,251.8823622765799,0.597629009762901,0.6046762589928056,1434.0,0.5627615062761506,0.034867503486750384,0.5655136268343816,0.24709144807154992,0.6884692416056283,1908,nllpch,4.0231242179870605,193.0,192.0,185.0,193.0,0.18861589989921526,0.6559737849313834,0.6503811478614807,0.6542342901229858,0.6591104865074158,0.6556479334831238,0.6567874550819397,0.6553148627281189,0.6575046181678772,0.6566659212112427,0.6547610759735107,0.6556834578514099,318.0,0.6587314461335947,0.6650590300559998,0.6515741944313049,0.663661539554596,0.6620503067970276,0.6575649380683899,0.6568291187286377,0.6599496603012085,0.6589347720146179,0.6610754132270813,0.6554456353187561,318.0,0.6252768529015917,0.5875914096832275,0.6171109676361084,0.6257516741752625,0.62662672996521,0.6289633512496948,0.6282564997673035,0.6296194791793823,0.6320976614952087,0.6290213465690613,0.6135020852088928,318.0,0.6340303185686084,0.6181731820106506,0.6293829679489136,0.6396691799163818,0.6438124775886536,0.6472854614257812,0.6439738869667053,0.6479434370994568,0.6460719704627991,0.6338393092155457,0.6043344140052795,318.0,0.6435031006337946,6.7525,47.094,0.148,,,,,,,,,,,,,,,,,,,,,,,,,,,,,,,,,,,,,,,,,,,,,,,,,,,,,,,,,,,,,,,,,,,,,,,,,,,,,,,,,,,,,,,,,,,,,nllpch,L_PCH
sim_n1000__ours_nllpch_event_ranking__s0,11_extra_sweeps,sim_n1000,0,n,1000.0,,ours,0.6184715449810758,0.6715359990029109,0.6742254199703092,0.11877485514391521,0.1875392181616034,0.2114520743433752,0.6547443213180987,0.18699832260608673,0.7029627153071974,0.7070898832303305,0.6829991008782472,0.132103141338736,0.18394600744948617,0.20163952622394501,0.6976838998052584,0.18636853992938995,0.6456411896510895,0.6651025682465596,0.6339488810595978,0.1371511692280987,0.1944210575352518,0.21349461267581393,0.6482308796524157,0.1916055977344513,0.6258506876927521,0.624647113961181,0.646920104110113,0.14639825370605067,0.23037094744447753,0.219919323222947,0.6324726352546821,0.18223781883716583,0.6582829340076137,0.18143418220614171,213.61520500800822,293.2509860805271,205.65677069642436,260.18023379624054,189.23564285353035,218.584823276225,182.72338916952955,191.22354637098672,197.80775193187313,240.80989738099487,0.611198738170347,0.6111111111111112,1268.0,0.6151419558359621,-0.0039432176656151174,0.5763403263403264,0.24051279105186654,0.6739202269009277,1716,nllpch_event_ranking,2.112713575363159,169.0,169.0,166.0,172.0,0.18676099679350147,0.6768791292509874,0.6719205975532532,0.6745854020118713,0.6733720898628235,0.6747275590896606,0.677656352519989,0.6779390573501587,0.6762875318527222,0.6779901385307312,0.6781978011131287,0.6781920194625854,286.0,0.6632853766123135,0.6797619462013245,0.679123044013977,0.6782500743865967,0.670727550983429,0.6671810746192932,0.6557220816612244,0.6613131165504456,0.6533260345458984,0.6562129259109497,0.6676852107048035,286.0,0.6198892525498649,0.6137474179267883,0.6229031682014465,0.6244234442710876,0.6220885515213013,0.6273735761642456,0.620315432548523,0.6254168152809143,0.624175488948822,0.6232928037643433,0.6054003834724426,286.0,0.637664983590444,0.6389442682266235,0.6332188248634338,0.6419439315795898,0.640493631362915,0.6407598853111267,0.6412491202354431,0.6392403244972229,0.6423267722129822,0.6403273940086365,0.6277177929878235,286.0,0.6494296855009024,2.2341,128.014,0.448,,,,,,,,,,,,,,,,,,,,,,,,,,,,,,,,,,,,,,,,,,,,,,,,,,,,,,,,,,,,,,,,,,,,,,,,,,,,,,,,,,,,,,,,,,,,,nllpch_event_ranking,L_PCH + L_mul
sim_n1000__ours_nllpch_event_ranking__s1,11_extra_sweeps,sim_n1000,1,n,1000.0,,ours,0.6480347642169844,0.6591331955738714,0.6792239666272754,0.1445211300941717,0.20765181840563313,0.22408153330499914,0.6621306421393771,0.19145889580249786,0.6911224109036574,0.6569354663567696,0.6527593926297626,0.12595355382305343,0.21343189672198043,0.23676466604491805,0.6669390899633966,0.19690842926502228,0.6416971341288532,0.6463595590305241,0.6272017917315575,0.1290912826463175,0.2116414786383188,0.2215829582964017,0.6384194949636449,0.1881454586982727,0.6380838813215824,0.6082992119207488,0.6195590820648557,0.14236994895382896,0.22153306394018196,0.22700298170261315,0.6219807251023957,0.18000221252441406,0.6473674880422036,0.19213552604770148,279.28951808818584,317.5171099258412,264.23864964565144,281.6610214724509,242.96233529991204,248.79988978314734,205.08313584463414,209.48477892579373,247.8934097195959,264.3657000268083,0.6140865737344093,0.6148854961832061,1363.0,0.5935436537050623,0.02054292002934699,0.5941306755260244,0.24080501804223176,0.6745435652264252,1806,nllpch_event_ranking,2.1632304191589355,177.0,190.0,178.0,186.0,0.18915339164874134,0.6741267009626462,0.6741217374801636,0.6756474375724792,0.6747950315475464,0.6755369901657104,0.6729729771614075,0.6673822402954102,0.670038104057312,0.672756552696228,0.6767460107803345,0.680140495300293,301.0,0.6504410732789396,0.6733113527297974,0.6703072786331177,0.6671344041824341,0.6622069478034973,0.6562619805335999,0.6574881076812744,0.6584991216659546,0.6465594172477722,0.6447393894195557,0.6260758638381958,301.0,0.6178778453587411,0.6510376930236816,0.6472930908203125,0.6375086307525635,0.627536952495575,0.6300058960914612,0.632023274898529,0.6202833652496338,0.6113337278366089,0.6220383644104004,0.5917403101921082,301.0,0.6161017521869304,0.6133107542991638,0.6101066470146179,0.6249668598175049,0.6263394355773926,0.6270214915275574,0.6219817399978638,0.6151067018508911,0.6166784763336182,0.61797034740448,0.604184091091156,301.0,0.6396368429468143,2.3318,129.083,0.429,,,,,,,,,,,,,,,,,,,,,,,,,,,,,,,,,,,,,,,,,,,,,,,,,,,,,,,,,,,,,,,,,,,,,,,,,,,,,,,,,,,,,,,,,,,,,nllpch_event_ranking,L_PCH + L_mul
sim_n1000__ours_nllpch_event_ranking__s2,11_extra_sweeps,sim_n1000,2,n,1000.0,,ours,0.6244004220804596,0.6434853810004096,0.6400814462323622,0.1181802963991512,0.2019174357662963,0.23734383616594643,0.6359890831044105,0.2064989060163498,0.7384234938428226,0.6803703513008091,0.6835113417000548,0.10908703309551168,0.18883224985640168,0.20302259749797374,0.7007683956145622,0.18774741888046265,0.6525808855648823,0.6379713186369631,0.6230926938743204,0.11417243637179116,0.2102055631259779,0.23682508917007267,0.6378816326920552,0.1901300549507141,0.7124747153244982,0.6610754854387024,0.6477254625659391,0.12731013334928545,0.2015846901779462,0.2159199623062981,0.6737585544430466,0.17078538239002228,0.6620994164635186,0.18036677694022105,273.73985235143624,320.20758606268896,223.53078104317467,267.3799175630983,211.6973054741101,229.8128971091844,186.56417822169618,198.23953845389983,223.8830292726043,253.90998479721787,0.6150627615062761,0.6191846522781774,1434.0,0.5627615062761506,0.05230125523012552,0.5759958071278826,0.24308368304016859,0.6791897705611453,1908,nllpch_event_ranking,2.16084885597229,193.0,192.0,185.0,193.0,0.18877776179994857,0.6477787312126316,0.6411886215209961,0.6496888399124146,0.6528207659721375,0.6506724953651428,0.6435831189155579,0.6454123854637146,0.647706925868988,0.6479381322860718,0.6489741802215576,0.6478273272514343,318.0,0.6563887517481453,0.6628286242485046,0.6597439646720886,0.6624479293823242,0.661404013633728,0.6516333222389221,0.6469607949256897,0.6513389348983765,0.6561398506164551,0.6665523052215576,0.6538193821907043,318.0,0.6257964205603267,0.6297932863235474,0.6302183270454407,0.6230365633964539,0.6230381727218628,0.6242479085922241,0.6270389556884766,0.6234896183013916,0.627263605594635,0.6221078634262085,0.6298611164093018,318.0,0.6411983240039598,0.6254712343215942,0.6473596096038818,0.6462839841842651,0.6445475220680237,0.6412443518638611,0.6366999745368958,0.6415233016014099,0.6379565000534058,0.6389456391334534,0.6458786129951477,318.0,0.642790556881266,2.8996,109.671,0.345,,,,,,,,,,,,,,,,,,,,,,,,,,,,,,,,,,,,,,,,,,,,,,,,,,,,,,,,,,,,,,,,,,,,,,,,,,,,,,,,,,,,,,,,,,,,,nllpch_event_ranking,L_PCH + L_mul
sim_n1000__ours_nllpch_sample_event_ranking__s0,11_extra_sweeps,sim_n1000,0,n,1000.0,,ours,0.6455556915087721,0.6962013776607798,0.6833458448917233,0.11789133192701955,0.19309175856068547,0.23826328781354683,0.6750343046870917,0.20456716418266296,0.680152116408335,0.692812605502082,0.6721859167355332,0.1401298301741022,0.20839390550427803,0.21934994586012505,0.68171687954865,0.20006626844406128,0.650552468078348,0.6768458981450882,0.6799286410201995,0.11875240274074812,0.1984943484081666,0.2068716897065191,0.6691090024145452,0.18272052705287933,0.6335771117861579,0.6537627654982449,0.6569665505882365,0.12399583494791781,0.20602666016401214,0.22593701179869022,0.6481021426242131,0.17784549295902252,0.668490582318625,0.18309983396715093,264.63005078478045,337.54100376882235,240.02555698875832,286.82912183506875,211.8627050357149,230.15097087609354,189.9820234730389,197.79009806102525,226.62508407057317,263.07779863525246,0.6246056782334385,0.6250677506775068,1268.0,0.6151419558359621,0.009463722397476393,0.5775058275058275,0.2432326471645514,0.6795248940566443,1716,nllpch_sample_event_ranking,2.3784563541412354,169.0,169.0,166.0,172.0,0.19127822839296782,0.6819159914307719,0.6690786480903625,0.6800069212913513,0.69287109375,0.6926555633544922,0.6809705495834351,0.6893229484558105,0.6833418607711792,0.6832730770111084,0.6821576356887817,0.6667140126228333,286.0,0.6549639287358058,0.674369752407074,0.6488218903541565,0.6556577682495117,0.6629474759101868,0.654467761516571,0.6482494473457336,0.6563348174095154,0.6383271217346191,0.6529446244239807,0.6702977418899536,286.0,0.6466179607955923,0.5870011448860168,0.6429905891418457,0.6398991346359253,0.6555904746055603,0.6584339141845703,0.6390300393104553,0.6638544201850891,0.6636472940444946,0.6671369671821594,0.6056343913078308,286.0,0.6214150478839874,0.5822017788887024,0.6360082626342773,0.6354855298995972,0.6289592981338501,0.6277410387992859,0.6509150266647339,0.6402240991592407,0.6507750153541565,0.6287776231765747,0.5648738741874695,286.0,0.6512282322115394,2.2235,128.626,0.45,,,,,,,,,,,,,,,,,,,,,,,,,,,,,,,,,,,,,,,,,,,,,,,,,,,,,,,,,,,,,,,,,,,,,,,,,,,,,,,,,,,,,,,,,,,,,nllpch_sample_event_ranking,L_PCH + L_rank + L_mul (paper)
sim_n1000__ours_nllpch_sample_event_ranking__s1,11_extra_sweeps,sim_n1000,1,n,1000.0,,ours,0.6755831339719557,0.6634426865955881,0.6826374781398908,0.14789613265175827,0.2106746838795704,0.2343698362903586,0.6738877662358115,0.20963051915168762,0.6352261528135764,0.6453061429113954,0.6516544394002924,0.1300889676912952,0.2146993094525143,0.23375377257163074,0.6440622450417548,0.19829948246479034,0.6858212633082427,0.6595517673571354,0.6760141553932735,0.1298915294747182,0.21423818534967184,0.22034404489887066,0.6737957286862173,0.1908409148454666,0.6423399127410416,0.6221051190318564,0.6281685642743885,0.14637435775008123,0.22303942644221972,0.23328639203867965,0.6308711986824288,0.1825878918170929,0.655654234661553,0.19488805320761407,276.3484722087983,343.5096223367149,240.7689233458646,281.05666294464083,209.26032015668682,239.96262860880478,184.05694066967013,201.8140776045769,227.60866409525494,266.58574787368434,0.6162876008804109,0.6190839694656488,1363.0,0.5935436537050623,0.022743947175348556,0.5930232558139535,0.24227625890371707,0.6775972365123802,1806,nllpch_sample_event_ranking,2.461681365966797,177.0,190.0,178.0,186.0,0.195229185059687,0.671287530886976,0.6852845549583435,0.6858639121055603,0.670513927936554,0.6840662360191345,0.6686099171638489,0.6771581172943115,0.6704877614974976,0.6407232880592346,0.675741970539093,0.6764108538627625,301.0,0.6501458584201718,0.647833526134491,0.6536669135093689,0.6541454792022705,0.6534639596939087,0.6533151268959045,0.6511359810829163,0.654933512210846,0.6521626710891724,0.6515825986862183,0.637700080871582,301.0,0.6353975663313994,0.6206405758857727,0.6250548958778381,0.6542614698410034,0.6463106870651245,0.6465268135070801,0.6299128532409668,0.6406769156455994,0.6481064558029175,0.642177164554596,0.6086875796318054,301.0,0.6073019575241,0.5686273574829102,0.6130033731460571,0.6144000291824341,0.5943709015846252,0.6036907434463501,0.6147412657737732,0.616772472858429,0.6173226237297058,0.6253286004066467,0.5784572958946228,301.0,0.6410332282906618,2.5998,115.778,0.385,,,,,,,,,,,,,,,,,,,,,,,,,,,,,,,,,,,,,,,,,,,,,,,,,,,,,,,,,,,,,,,,,,,,,,,,,,,,,,,,,,,,,,,,,,,,,nllpch_sample_event_ranking,L_PCH + L_rank + L_mul (paper)
sim_n1000__ours_nllpch_sample_event_ranking__s2,11_extra_sweeps,sim_n1000,2,n,1000.0,,ours,0.6378934648188493,0.6487245513911151,0.6481978682083788,0.11692882919280662,0.20003583540529232,0.23625662263295885,0.6449386281394477,0.21081243455410004,0.7283435097518913,0.6462855935122559,0.6452214016072182,0.11383239033096358,0.19687168828626184,0.22234244702747458,0.6732835016237884,0.20092618465423584,0.6876369039693577,0.6804329557959008,0.6509374406106486,0.11330369925752162,0.19937777326635447,0.2286755724106132,0.6730024334586356,0.18466448783874512,0.6727252963649796,0.6299926593426243,0.6067466602269249,0.12879516340852076,0.21226109209823094,0.22904040021438446,0.6364882053115096,0.17882022261619568,0.6569281921333453,0.1831434594609486,274.58675883098954,335.77841748292883,224.20346965393128,283.7385480162685,202.4779332475423,229.8270949788377,178.60778971842254,197.13528254258122,219.9689878627214,261.6198357551541,0.6059972105997211,0.6103117505995204,1434.0,0.5627615062761506,0.04323570432357049,0.5906708595387841,0.24237202086971346,0.6777122271237489,1908,nllpch_sample_event_ranking,2.436722993850708,193.0,192.0,185.0,193.0,0.19389234670727157,0.6500526565832065,0.6439319849014282,0.6478726863861084,0.6511695981025696,0.6479728817939758,0.6479414105415344,0.651317298412323,0.637850821018219,0.6512373685836792,0.653771162033081,0.6579214334487915,318.0,0.6295532310604487,0.6419568657875061,0.6422450542449951,0.6409274339675903,0.636423647403717,0.6409745812416077,0.6269261240959167,0.6248422265052795,0.6330450773239136,0.6284900307655334,0.6159464120864868,318.0,0.6346129459004068,0.630613386631012,0.6477081179618835,0.6265385746955872,0.6354544162750244,0.6440636515617371,0.6496344208717346,0.6479721665382385,0.6456491947174072,0.6471859812736511,0.5966876745223999,318.0,0.5965872693920029,0.5758218765258789,0.5961028337478638,0.5900495648384094,0.5961719155311584,0.6116292476654053,0.59563148021698,0.6158995032310486,0.5937368869781494,0.622477114200592,0.5601709485054016,318.0,0.6277015257340163,2.6891,118.256,0.372,,,,,,,,,,,,,,,,,,,,,,,,,,,,,,,,,,,,,,,,,,,,,,,,,,,,,,,,,,,,,,,,,,,,,,,,,,,,,,,,,,,,,,,,,,,,,nllpch_sample_event_ranking,L_PCH + L_rank + L_mul (paper)
sim_n2500__coxph__s0,11_extra_sweeps,sim_n2500,0,n,2500.0,,coxph,0.714324358349463,0.6662578636603752,0.6695258863650068,0.11160113142335781,0.20250968538839925,0.2110431093814989,0.6833693694582816,0.17505130873108532,0.7097105401144789,0.6776065043160437,0.6722345525333182,0.11591640311419382,0.1907028961815496,0.20248054893462752,0.6865171989879469,0.16969994941012365,0.7372041495233747,0.7026768947014813,0.7004413915211039,0.11972900038220062,0.19838395510799184,0.1829354172451336,0.7134408119153198,0.1670161242451087,0.662872765856547,0.6707877941971038,0.6661262832275164,0.11953452303742287,0.19173333618627503,0.19094426198139744,0.6665956144270556,0.16740404040169846,0.6874807486971509,0.16979285569700403,275.22689463739056,328.9328120748617,218.35878190445644,258.1926856305869,190.88205521336903,210.09370766994445,182.26012370788732,198.89037156651332,216.6819638657758,249.0273942354766,0.623691295243793,0.6277690288713911,3343.0,0.588393658390667,0.035297636853125924,0.5879875886524822,0.23947898125944533,0.6719203508542829,4512,,,,,,,,,,,,,,,,,,,,,,,,,,,,,,,,,,,,,,,,,,,,,,,,,,,,,,,,,,,,,,,,,,,,,,,,,,,,,,,,,,,,,,,,,,,,,,,,,,,,,,,,,,,,,,,,,,,,,,,,,,,,,,,,,,,,,,,,,,,,,,,,,,,,,,,,,Cox PH (cause-specific)
sim_n2500__coxph__s1,11_extra_sweeps,sim_n2500,1,n,2500.0,,coxph,0.7365473087601939,0.6850862835581304,0.6771761331355614,0.11171823098071235,0.187622044544643,0.20225820061292998,0.6996032418179619,0.1671994920460951,0.7373194133881039,0.6887511836020745,0.6870752140576376,0.11972220655972719,0.1898211747429471,0.19905673599649898,0.7043819370159387,0.16953337243305774,0.7305405699436645,0.69137907398254,0.6864425077397137,0.11186063267241855,0.18904215490904763,0.18744189448966272,0.7027873838886394,0.1627815606903763,0.6790422915949027,0.6902744223966905,0.68495137647322,0.1296529606292663,0.18886696201130576,0.17836704001086814,0.6847560301549377,0.16562898755048006,0.6978821482193694,0.1662858531800023,243.44968039824556,321.03988292368666,220.80991886192908,258.3191848327756,188.6052195078012,212.1739118379472,177.65640367275856,198.72958582366738,207.6303056101836,247.56564135451924,0.6171360095865788,0.6158530183727035,3338.0,0.5862792091072498,0.030856800479328927,0.5897941305300044,0.23682210289129496,0.6666711410719365,4566,,,,,,,,,,,,,,,,,,,,,,,,,,,,,,,,,,,,,,,,,,,,,,,,,,,,,,,,,,,,,,,,,,,,,,,,,,,,,,,,,,,,,,,,,,,,,,,,,,,,,,,,,,,,,,,,,,,,,,,,,,,,,,,,,,,,,,,,,,,,,,,,,,,,,,,,,Cox PH (cause-specific)
sim_n2500__coxph__s2,11_extra_sweeps,sim_n2500,2,n,2500.0,,coxph,0.6994369601180158,0.6674289283398727,0.6690269405919395,0.11120063523918629,0.201065081835334,0.21612677433067842,0.6786309430166093,0.17613083046839959,0.6637823580110013,0.6707409610049114,0.6670246095857442,0.1327997654982944,0.20198338854176848,0.21226025621855707,0.667182642867219,0.18234780341953996,0.7095588468937276,0.6839479904953715,0.6708367093837824,0.12066180748996631,0.20346471088305293,0.20098502159508058,0.6881145155909604,0.17503717998936663,0.685625441913487,0.6748141298852921,0.6821994123518232,0.12448976976135842,0.19928861849031437,0.18476418014316703,0.6808796613835341,0.16951418946494665,0.6787019407145807,0.1757575008355632,253.99945317754998,320.9672299954233,225.94732553241374,265.3143131825527,192.80455325740812,219.4107062974487,172.99385400792917,195.2783967783548,211.43629649382524,250.24266156344487,0.6208686151324775,0.6193921852387844,3661.0,0.584539743239552,0.03632887189292544,0.5916458852867831,0.23800165917795668,0.6688309427396185,4812,,,,,,,,,,,,,,,,,,,,,,,,,,,,,,,,,,,,,,,,,,,,,,,,,,,,,,,,,,,,,,,,,,,,,,,,,,,,,,,,,,,,,,,,,,,,,,,,,,,,,,,,,,,,,,,,,,,,,,,,,,,,,,,,,,,,,,,,,,,,,,,,,,,,,,,,,Cox PH (cause-specific)
sim_n2500__oracle__s0,11_extra_sweeps,sim_n2500,0,n,2500.0,,oracle,0.7515308442898218,0.7215876729572775,0.7250374209856358,0.10569249087882188,0.18243729826587227,0.179689101559007,0.7327186460775783,0.15593963023456703,0.7417976553862644,0.726865506753667,0.724682825112804,0.10861264875629152,0.1798578046073869,0.17973071911221114,0.7311153290842451,0.15606705749196317,0.7597068682199165,0.7396319079005016,0.7369469859196899,0.11250821899317259,0.18416465091702364,0.1714193790682398,0.7454285873467027,0.1560307496594787,0.729131742634074,0.711642577102163,0.7179696906214644,0.11192286667038188,0.18434543901822542,0.16707394937174566,0.7195813367859004,0.154447418353451,0.7322109748236066,0.15562121393486497,205.1821588975963,271.71268441430453,187.43122685002754,224.72725551252282,174.9448701066961,190.5130656210411,153.2651061206821,169.24184966369643,180.2058404937505,214.04871380289126,0.6565958719712833,0.6633070866141733,3343.0,0.588393658390667,0.06820221358061629,0.6429521276595744,0.22051191221121286,0.6305046799756587,4512,,,,,,,,,,,,,,,,,,,,,,,,,,,,,,,,,,,,,,,,,,,,,,,,,,,,,,,,,,,,,,,,,,,,,,,,,,,,,,,,,,,,,,,,,,,,,,,,,,,,,,,,,,,,,,,,,,,,,,,,,,,,,,,,,,,,,,,,,,,,,,,,,,,,,,,,,Oracle (true CIF)
sim_n2500__oracle__s1,11_extra_sweeps,sim_n2500,1,n,2500.0,,oracle,0.7651295370730473,0.7265551654543514,0.7263405304204749,0.10577759981014202,0.1712357575300705,0.17790093228609488,0.7393417443159578,0.15163809654210247,0.7630421672071249,0.736337845880396,0.7358421412172175,0.11318704576088771,0.17618487251515141,0.1740998268908987,0.7450740514349127,0.15449058172231261,0.7633260583261572,0.7303389778094342,0.7235557228971197,0.103060489537743,0.17731781000913804,0.17765048914828468,0.739073586344237,0.15267626289838857,0.7427501114691182,0.7416620433645401,0.7416759309879639,0.11969270215570839,0.17014695270667615,0.15284929494302749,0.7420293619405407,0.1475629832684707,0.741379686008912,0.1515919811078186,201.15438833230016,276.9518623934276,185.30886708277677,220.6566314868932,175.9547249444526,192.46244751575634,151.7258122058644,172.03683690284794,178.53594814134848,215.52694457473126,0.6527860994607549,0.6533858267716536,3338.0,0.5862792091072498,0.0665068903535051,0.6311870346035917,0.2213317859259852,0.6309057901868576,4566,,,,,,,,,,,,,,,,,,,,,,,,,,,,,,,,,,,,,,,,,,,,,,,,,,,,,,,,,,,,,,,,,,,,,,,,,,,,,,,,,,,,,,,,,,,,,,,,,,,,,,,,,,,,,,,,,,,,,,,,,,,,,,,,,,,,,,,,,,,,,,,,,,,,,,,,,Oracle (true CIF)
sim_n2500__oracle__s2,11_extra_sweeps,sim_n2500,2,n,2500.0,,oracle,0.7353955747877581,0.7166140512380392,0.7210402217805194,0.10380605852562402,0.18382349982293691,0.18687147832643533,0.7243499492687722,0.15816701222499877,0.722162989062493,0.7289174869314551,0.7259535661796762,0.12413738498781932,0.18165992303866987,0.17981237574031386,0.7256780140578747,0.16186989458893433,0.7344281781099607,0.7131145963061241,0.708140239200904,0.11704345480017649,0.18950653369380124,0.18450958106074195,0.7185610045389964,0.16368652318490656,0.7314277514307054,0.7206603763385085,0.7340138756587337,0.11638944833046226,0.18492477543561642,0.15787762573286307,0.7287006678093159,0.15306394983298058,0.7243224089187398,0.15919684495795505,205.48535914095646,273.1773260203346,185.24205206036467,222.90422858354182,177.78797742226573,198.51606457279965,149.2917988833107,167.63315896747545,179.4517968767244,215.55769453603787,0.6711281070745698,0.6718765074770863,3661.0,0.584539743239552,0.08658836383501778,0.6506650041562759,0.2169532316349387,0.6225245478915776,4812,,,,,,,,,,,,,,,,,,,,,,,,,,,,,,,,,,,,,,,,,,,,,,,,,,,,,,,,,,,,,,,,,,,,,,,,,,,,,,,,,,,,,,,,,,,,,,,,,,,,,,,,,,,,,,,,,,,,,,,,,,,,,,,,,,,,,,,,,,,,,,,,,,,,,,,,,Oracle (true CIF)
sim_n2500__ours_nllpch__s0,11_extra_sweeps,sim_n2500,0,n,2500.0,,ours,0.7193853873569941,0.6805693365291023,0.6792752931264625,0.11296259317734118,0.20429045911642288,0.21195991964734465,0.6930766723375198,0.20330320298671722,0.6903643168470287,0.6760073350125269,0.6750963002272105,0.1198792071531689,0.1983025153472165,0.1971280290300912,0.6804893173622554,0.18657569587230682,0.6978746022408261,0.6796495803534753,0.6768820186430873,0.12610229309707083,0.2073672573568266,0.19542140130604124,0.6848020670791296,0.17874930799007416,0.6540355130478658,0.650890857271,0.6584177867102629,0.12238424981870484,0.20416918615299517,0.1945087099495761,0.6544480523430428,0.1671597957611084,0.6782040272804869,0.17453965176273334,288.99951657214586,326.8432958641212,217.44232379036572,253.3197277466086,209.9344085602166,225.59628840084278,187.54836778178367,196.6027987663775,225.98115417612797,250.59052769448755,0.6245886927909063,0.6276640419947507,3343.0,0.588393658390667,0.0361950344002393,0.5988475177304965,0.23569545414811172,0.6641478171584293,4512,nllpch,3.9414169788360596,447.0,454.0,458.0,445.0,0.18394411853339085,0.6696828695839216,0.6668868064880371,0.6665691137313843,0.6678025722503662,0.6690143942832947,0.6692025661468506,0.6707045435905457,0.671397864818573,0.6714317202568054,0.6694877743721008,0.6694563031196594,752.0,0.6632330481155705,0.6459850668907166,0.6546468734741211,0.657401978969574,0.6616591215133667,0.6620280146598816,0.6644881367683411,0.6651904582977295,0.6644570231437683,0.6667989492416382,0.6636425852775574,752.0,0.6489620659263636,0.636225700378418,0.6440249085426331,0.6421619653701782,0.6549888849258423,0.6564568877220154,0.6517800688743591,0.6502805948257446,0.6512184739112854,0.6576532125473022,0.6341904401779175,752.0,0.6524445309952749,0.6422810554504395,0.6448928713798523,0.654651403427124,0.6527541279792786,0.6531707644462585,0.6557780504226685,0.6570025682449341,0.655337929725647,0.6556858420372009,0.6431906819343567,752.0,0.6585806286552827,5.9495,126.396,0.336,,,,,,,,,,,,,,,,,,,,,,,,,,,,,,,,,,,,,,,,,,,,,,,,,,,,,,,,,,,,,,,,,,,,,,,,,,,,,,,,,,,,,,,,,,,,,nllpch,L_PCH
sim_n2500__ours_nllpch__s1,11_extra_sweeps,sim_n2500,1,n,2500.0,,ours,0.7354184064749031,0.6880613907728874,0.6837562668162357,0.11128907263380498,0.18786724940404428,0.20577260360130115,0.7024120213546753,0.19292967021465302,0.7007753003877603,0.6698230061123863,0.6726582808475428,0.12681634132160366,0.20181633797326576,0.203656971295671,0.6810855291158964,0.18712936341762543,0.7087605878036546,0.6695592974683287,0.6710652909726628,0.11523666002923681,0.2013370811057668,0.1996371194342526,0.6831283920815486,0.17763608694076538,0.6833187254785827,0.6935368178708132,0.6821635729141605,0.13287582330989128,0.19465564779896452,0.18553617390881263,0.6863397054211856,0.16531549394130707,0.6882414119933264,0.1722080901513846,274.08139009334815,323.5043186696485,231.19749507542053,263.8141691508826,200.54264054543643,219.47115706303993,177.97027412246325,199.7407709549061,220.9479499591671,251.6326039596193,0.6225284601557819,0.6230446194225722,3338.0,0.5862792091072498,0.03624925104853205,0.5946123521681997,0.23393272982189808,0.6593923181110515,4566,nllpch,3.8958163261413574,434.0,459.0,448.0,442.0,0.18074832863341003,0.6720141381914627,0.6663055419921875,0.6687089204788208,0.6727488040924072,0.6724761128425598,0.672184944152832,0.6719197034835815,0.6726138591766357,0.672699511051178,0.6727277636528015,0.6719834804534912,761.0,0.6536617155109018,0.6503644585609436,0.6527886986732483,0.6550940871238708,0.6541893482208252,0.6555880308151245,0.6568279266357422,0.6530867218971252,0.6535099148750305,0.655083417892456,0.6496832370758057,761.0,0.652056723963796,0.6514860987663269,0.6580108404159546,0.6656444668769836,0.6636673808097839,0.6600626111030579,0.6617641448974609,0.6609927415847778,0.6598759889602661,0.6579340100288391,0.6179931163787842,761.0,0.661461026323031,0.6277867555618286,0.6342582106590271,0.6434812545776367,0.6532795429229736,0.662390410900116,0.6727957129478455,0.6729410886764526,0.6718472242355347,0.667634129524231,0.6429491639137268,761.0,0.6597984009972978,8.4017,90.577,0.238,,,,,,,,,,,,,,,,,,,,,,,,,,,,,,,,,,,,,,,,,,,,,,,,,,,,,,,,,,,,,,,,,,,,,,,,,,,,,,,,,,,,,,,,,,,,,nllpch,L_PCH
sim_n2500__ours_nllpch__s2,11_extra_sweeps,sim_n2500,2,n,2500.0,,ours,0.6849317899156173,0.6769966161973079,0.6703047347784826,0.11961146631170747,0.19952238950421447,0.21257813722656277,0.6774110469638027,0.19724099338054657,0.677194123352731,0.6792217032791177,0.6734169414911033,0.13384869050999973,0.2029444631249214,0.20393229489370138,0.6766109227076506,0.1825026273727417,0.7012000783051914,0.6706104131208491,0.6636820937849803,0.1229883202876475,0.20752983716077875,0.19998692210772603,0.6784975284036735,0.1766461431980133,0.6749035594471664,0.6677805848691672,0.6736149766041899,0.13057803010393046,0.20735171983120465,0.18516237677630348,0.6720997069735078,0.16399110853672028,0.6761548012621587,0.17716955398655818,235.22151481814302,306.5150774402885,200.40628913531566,248.8724141407785,181.73759459887506,213.6749307287257,165.53348725875372,192.04215541400978,195.72472145277186,240.27614443095064,0.6268779022125103,0.6267245537867825,3661.0,0.584539743239552,0.04233815897295823,0.5887364921030757,0.23485924582178644,0.6619626247552796,4812,nllpch,4.0240583419799805,485.0,502.0,495.0,492.0,0.18004137133422715,0.6640302729020415,0.6639635562896729,0.6648748517036438,0.6645483374595642,0.6638206243515015,0.6625583171844482,0.6630150079727173,0.6637563109397888,0.6640018224716187,0.6658371686935425,0.6639035940170288,802.0,0.6665970503071607,0.6572442650794983,0.662914514541626,0.6652237772941589,0.669660747051239,0.6668652296066284,0.6677063703536987,0.663624107837677,0.6613309383392334,0.6685758829116821,0.6715367436408997,802.0,0.6513476075522219,0.6368533372879028,0.6465778350830078,0.6519586443901062,0.6497882604598999,0.6533644795417786,0.6560183763504028,0.6547949910163879,0.6548781394958496,0.6569863557815552,0.6395052075386047,802.0,0.6574667979256688,0.6303055286407471,0.6489763259887695,0.6574957370758057,0.6573370695114136,0.6538110971450806,0.6591385006904602,0.6606598496437073,0.6580568552017212,0.6584708094596863,0.6560819745063782,802.0,0.6598604321717731,8.072,99.356,0.248,,,,,,,,,,,,,,,,,,,,,,,,,,,,,,,,,,,,,,,,,,,,,,,,,,,,,,,,,,,,,,,,,,,,,,,,,,,,,,,,,,,,,,,,,,,,,nllpch,L_PCH
sim_n2500__ours_nllpch_event_ranking__s0,11_extra_sweeps,sim_n2500,0,n,2500.0,,ours,0.6957360801290478,0.6709599998644017,0.6668931778261561,0.11930282728758108,0.21763885694307947,0.22904841807312692,0.6778630859398684,0.21358685195446014,0.6699718330793951,0.6645200604656966,0.6640457641760182,0.12463838520652692,0.20590140554578468,0.2054927454120915,0.6661792192403699,0.19156032800674438,0.7104679869679458,0.690503548836207,0.6848855328404505,0.125675698579129,0.20517558842405473,0.19328740231967134,0.695285689548201,0.17820055782794952,0.6526055433085892,0.6512382547589921,0.6572979247308992,0.1246051617148453,0.20647202864548025,0.20016138281455062,0.6537139075994935,0.1712181568145752,0.6732604755819832,0.1797833250804935,300.32853655859725,340.66618571437346,241.49778628062876,267.8566113249184,215.59300792269408,227.26494303668466,203.8718174089117,209.20832975639266,240.32278704270794,261.2490174580923,0.6287765480107688,0.6303412073490814,3343.0,0.588393658390667,0.040382889620101725,0.5888741134751773,0.2408688970297752,0.6745864925384951,4512,nllpch_event_ranking,2.1229875087738037,447.0,454.0,458.0,445.0,0.18860845177737942,0.6583378205485938,0.6519248485565186,0.6616219878196716,0.6622763276100159,0.6610143184661865,0.6620517373085022,0.6597394943237305,0.6571399569511414,0.6553724408149719,0.6545632481575012,0.6582375764846802,752.0,0.652305755806266,0.6450610160827637,0.6475445628166199,0.6512798070907593,0.6537453532218933,0.6569149494171143,0.6562917828559875,0.6549810171127319,0.6553581357002258,0.6562582850456238,0.6407845616340637,752.0,0.6617756706217061,0.6473547220230103,0.6632065176963806,0.6598610877990723,0.6639261245727539,0.6700114011764526,0.6678668856620789,0.6681744456291199,0.6618606448173523,0.6601704359054565,0.6517665982246399,752.0,0.6497591166113571,0.6433486342430115,0.653731107711792,0.6539232730865479,0.6525596380233765,0.6548507809638977,0.6523581147193909,0.6547071933746338,0.6546805500984192,0.651354193687439,0.6373612880706787,752.0,0.6555445908969807,5.6396,133.342,0.355,,,,,,,,,,,,,,,,,,,,,,,,,,,,,,,,,,,,,,,,,,,,,,,,,,,,,,,,,,,,,,,,,,,,,,,,,,,,,,,,,,,,,,,,,,,,,nllpch_event_ranking,L_PCH + L_mul
sim_n2500__ours_nllpch_event_ranking__s1,11_extra_sweeps,sim_n2500,1,n,2500.0,,ours,0.7516711854637164,0.6906938004391403,0.6746376762214651,0.11489296297973346,0.19205136718692437,0.21474612420351538,0.7056675540414407,0.19701699912548065,0.6876054695237761,0.6666726951882169,0.670071883952976,0.12775272033499555,0.20101990896631017,0.20158153508503954,0.6747833495549896,0.18505394458770752,0.7019237984064126,0.6761383938803308,0.6761168930187835,0.1182517433173986,0.19816908667057262,0.19919236081257108,0.6847263617685089,0.17571090161800385,0.679150168022998,0.6885088866893122,0.6833435163215879,0.13983663354011494,0.1944947333093673,0.1847771254560318,0.683667523677966,0.16768014430999756,0.6872111972607263,0.17389719182188124,277.3995141203496,331.52186728910283,222.67826616334668,258.4160592659,215.90097096339267,225.27010398239415,198.57658150206927,210.5955000665108,228.63883318728955,256.45088265097695,0.6216297183942481,0.618740157480315,3338.0,0.5862792091072498,0.03535050928699823,0.5867279894875165,0.24041897055999722,0.6736963542254923,4566,nllpch_event_ranking,2.0979199409484863,434.0,459.0,448.0,442.0,0.1813114110466074,0.6698813324459388,0.676224946975708,0.6729021072387695,0.674721896648407,0.6721605658531189,0.6709887385368347,0.669823408126831,0.6706632375717163,0.6695765256881714,0.6687036752700806,0.6640076041221619,761.0,0.657862837058232,0.6412438750267029,0.6552454233169556,0.6611207127571106,0.6597205996513367,0.6593629717826843,0.6577659249305725,0.6541521549224854,0.6596511006355286,0.6609702706336975,0.656164288520813,761.0,0.6626028431350725,0.6599947810173035,0.6589367985725403,0.6591596603393555,0.665938675403595,0.6691411733627319,0.6662602424621582,0.6650920510292053,0.6663732528686523,0.661328136920929,0.6546164155006409,761.0,0.6670147289894611,0.6494237184524536,0.6570988297462463,0.6692874431610107,0.6765090823173523,0.6747342944145203,0.6726863980293274,0.6717915534973145,0.6711157560348511,0.6670088768005371,0.653540313243866,761.0,0.664340435407176,6.9966,108.767,0.286,,,,,,,,,,,,,,,,,,,,,,,,,,,,,,,,,,,,,,,,,,,,,,,,,,,,,,,,,,,,,,,,,,,,,,,,,,,,,,,,,,,,,,,,,,,,,nllpch_event_ranking,L_PCH + L_mul
sim_n2500__ours_nllpch_event_ranking__s2,11_extra_sweeps,sim_n2500,2,n,2500.0,,ours,0.6982113993069275,0.661676274517997,0.657523474423849,0.11330409726349808,0.21079010386496594,0.22480633491030227,0.6724703827495911,0.20594771206378937,0.6431170494785042,0.656586561270395,0.6469480755762673,0.13611564778451998,0.21171379185704814,0.2213420008938461,0.6488838954417222,0.19449962675571442,0.6823086629991987,0.6608343267852831,0.6560823578914627,0.12601499939128735,0.21075998746950197,0.20705581782267493,0.6664084492253148,0.18126052618026733,0.6606107356960579,0.6532396915949272,0.6613413495672418,0.1356082574083468,0.21094108766225583,0.19654668465385072,0.6583972589527424,0.16873830556869507,0.6615399965923426,0.18374990091517485,261.3351674460755,325.06892962302095,241.36433828557327,274.2295239936759,205.2501230888279,225.4947037759501,191.69153967651758,206.44830113549472,224.91029212424854,257.81036463203543,0.6104889374487845,0.6095031355523396,3661.0,0.584539743239552,0.025949194209232473,0.5841645885286783,0.2408887020932611,0.6746645154960755,4812,nllpch_event_ranking,2.187088966369629,485.0,502.0,495.0,492.0,0.18757176280716148,0.6470751949385101,0.6525145173072815,0.6506914496421814,0.6496367454528809,0.6454497575759888,0.6422207355499268,0.6458615064620972,0.6421432495117188,0.6471675038337708,0.6480532288551331,0.6515175104141235,802.0,0.6451249796859289,0.6332207918167114,0.635317325592041,0.6332798600196838,0.6461831331253052,0.6449530720710754,0.6407523155212402,0.6334667801856995,0.636440634727478,0.6521306037902832,0.6649499535560608,802.0,0.6455690964718162,0.6294687390327454,0.6388339996337891,0.6423813700675964,0.641021728515625,0.6431366205215454,0.6458978056907654,0.6484782099723816,0.646712064743042,0.6482323408126831,0.6450990438461304,802.0,0.6490541520550495,0.6357060670852661,0.6219725608825684,0.6265121102333069,0.6356212496757507,0.6422877311706543,0.6482284665107727,0.649488091468811,0.6508834958076477,0.6540592312812805,0.6549113988876343,802.0,0.6467058557878261,6.6773,120.108,0.3,,,,,,,,,,,,,,,,,,,,,,,,,,,,,,,,,,,,,,,,,,,,,,,,,,,,,,,,,,,,,,,,,,,,,,,,,,,,,,,,,,,,,,,,,,,,,nllpch_event_ranking,L_PCH + L_mul
sim_n2500__ours_nllpch_sample_event_ranking__s0,11_extra_sweeps,sim_n2500,0,n,2500.0,,ours,0.6963317019677949,0.675389632555904,0.6772047280144977,0.11724297001289505,0.2168616314305161,0.2296007540694437,0.6829753541793989,0.20971982181072235,0.6889935653271473,0.6769125272267987,0.6671363465159313,0.12636045401991802,0.20955386828240619,0.21526698424878674,0.6776808130232924,0.19863784313201904,0.6975666388568553,0.6776674076181883,0.6769038284129395,0.1318610140521299,0.217852042432658,0.2108861158729231,0.6840459582959943,0.18953555822372437,0.6520636795993728,0.643379606089772,0.6514702059506279,0.12452059612987953,0.21067156295059875,0.20861568688633478,0.6489711638799243,0.17763936519622803,0.6734183223446525,0.18494114003237416,264.9185506008874,339.786983585598,231.12662502649817,275.32753702509586,210.69472437749258,233.21911463733073,187.9173218925482,206.91610632215102,223.66430547435658,263.81243539254393,0.6198025725396351,0.622729658792651,3343.0,0.588393658390667,0.03140891414896807,0.5957446808510638,0.24092507620413245,0.6748165879641738,4512,nllpch_sample_event_ranking,2.3717687129974365,447.0,454.0,458.0,445.0,0.19389309551558578,0.6675699398870178,0.6557267904281616,0.6691113710403442,0.6690568327903748,0.6693394780158997,0.6664229035377502,0.6668720245361328,0.6695752143859863,0.6711155772209167,0.6687791347503662,0.6627655625343323,752.0,0.6527168349689288,0.6422097682952881,0.6374080181121826,0.649584949016571,0.6425386667251587,0.6589176654815674,0.6564271450042725,0.6555576324462891,0.6524675488471985,0.6624899506568909,0.6461278200149536,752.0,0.6490043615517409,0.6227096319198608,0.6498850584030151,0.6428185105323792,0.6503307223320007,0.6523118019104004,0.6519778370857239,0.6489602327346802,0.6503944993019104,0.654000997543335,0.6424699425697327,752.0,0.6461632461514573,0.6291928887367249,0.6342021226882935,0.6376398801803589,0.647409975528717,0.6424322128295898,0.6494103670120239,0.6552841663360596,0.6491070985794067,0.6524724364280701,0.6349049806594849,752.0,0.6538635956397862,8.6263,87.176,0.232,,,,,,,,,,,,,,,,,,,,,,,,,,,,,,,,,,,,,,,,,,,,,,,,,,,,,,,,,,,,,,,,,,,,,,,,,,,,,,,,,,,,,,,,,,,,,nllpch_sample_event_ranking,L_PCH + L_rank + L_mul (paper)
sim_n2500__ours_nllpch_sample_event_ranking__s1,11_extra_sweeps,sim_n2500,1,n,2500.0,,ours,0.7472404166155685,0.6864227370081523,0.6834061396004993,0.11824633836144957,0.19772472863977597,0.22525562846346472,0.7056897644080733,0.2097426801919937,0.7004617889206216,0.6678185201126918,0.6741994686301781,0.13129123316041988,0.20888558585400233,0.2168902807001226,0.6808265925544972,0.1989256739616394,0.703575823126051,0.6653665435505073,0.6667690876104639,0.12155686655873364,0.20527882349604532,0.2116618627851766,0.6785704847623407,0.186837837100029,0.685727529190662,0.6889655791874864,0.6799843818285318,0.1369043097232955,0.21156990019714508,0.2047733791806553,0.6848924967355602,0.18026916682720184,0.6874948346151178,0.18250324476002389,253.86185747841955,343.0700299286975,211.7525307341874,271.4054730788662,199.55550834112267,228.8368270563765,186.59169001630895,214.52808451495918,212.94039664250963,264.4601036447248,0.6138406231276213,0.6125459317585302,3338.0,0.5862792091072498,0.02756141402037149,0.5943933420937363,0.24175509194195277,0.6765486540002804,4566,nllpch_sample_event_ranking,2.337402820587158,434.0,459.0,448.0,442.0,0.19389653971405157,0.6716372300608964,0.6751370429992676,0.6703894734382629,0.6709051132202148,0.6745969653129578,0.6717528700828552,0.6732878684997559,0.6684601902961731,0.6732333302497864,0.6750707626342773,0.6665863990783691,761.0,0.6486858826935984,0.6354658603668213,0.6454727649688721,0.6557636857032776,0.6498295068740845,0.6558647155761719,0.6550632119178772,0.6530169248580933,0.6547150611877441,0.6498430371284485,0.6309060454368591,761.0,0.6534106151315204,0.6480657458305359,0.6563718318939209,0.6541613340377808,0.6577433347702026,0.6536501049995422,0.6561235785484314,0.6557045578956604,0.6553377509117126,0.6551280617713928,0.6454625725746155,761.0,0.6584050942626664,0.6515568494796753,0.6140711903572083,0.6368759274482727,0.66287761926651,0.6573846340179443,0.6687960028648376,0.6688735485076904,0.6679160594940186,0.660611093044281,0.6440504193305969,761.0,0.6580347055371704,6.1212,124.322,0.327,,,,,,,,,,,,,,,,,,,,,,,,,,,,,,,,,,,,,,,,,,,,,,,,,,,,,,,,,,,,,,,,,,,,,,,,,,,,,,,,,,,,,,,,,,,,,nllpch_sample_event_ranking,L_PCH + L_rank + L_mul (paper)
sim_n2500__ours_nllpch_sample_event_ranking__s2,11_extra_sweeps,sim_n2500,2,n,2500.0,,ours,0.6993551649020409,0.6684875923952659,0.6678518916189057,0.11748270339865936,0.22700340902715477,0.2369504693851291,0.6785648829720707,0.2166692167520523,0.6521658643810065,0.6776580797959951,0.6660898908276994,0.14220153072824754,0.22190363540691285,0.2300397769669643,0.6653046116682337,0.20594966411590576,0.6930586841070439,0.6658053159973262,0.6605997135913773,0.12744638025322627,0.21606821644470067,0.21223272147966196,0.6731545712319157,0.18710334599018097,0.6634856353064925,0.6599801394586515,0.6644210009555049,0.1328993030701933,0.21450491830862553,0.20798976704682948,0.6626289252402163,0.17839473485946655,0.6699132477781091,0.1905602359596921,304.23591100882675,365.6282510389141,255.54440708464043,301.02180982615874,201.12934189955197,233.07340277761543,197.9224488321112,219.90262325392996,239.70802720628257,279.9065217241546,0.605299098606938,0.6054992764109985,3661.0,0.584539743239552,0.020759355367385934,0.558187863674148,0.246322372269848,0.6857599940714642,4812,nllpch_sample_event_ranking,2.427278518676758,485.0,502.0,495.0,492.0,0.1969896997603481,0.6532607900550942,0.6538833379745483,0.6613931655883789,0.6574419140815735,0.6542125940322876,0.6575559377670288,0.658751904964447,0.6573580503463745,0.6568598747253418,0.6556276679039001,0.6321161985397339,802.0,0.649704269756705,0.6351568698883057,0.6389380693435669,0.6425037384033203,0.6475937962532043,0.6523028016090393,0.6541168093681335,0.6507722735404968,0.6558329463005066,0.6573877930641174,0.6399655938148499,802.0,0.6432263832650589,0.6448253393173218,0.6403469443321228,0.6469081044197083,0.6458990573883057,0.6448812484741211,0.6462526321411133,0.645406186580658,0.6456683278083801,0.6466730237007141,0.6329661011695862,802.0,0.6456493923044581,0.6181083917617798,0.6495544910430908,0.6463143229484558,0.6419423222541809,0.6419220566749573,0.6501984596252441,0.6490220427513123,0.6480612754821777,0.6480841040611267,0.6398962736129761,802.0,0.647960208845329,6.2255,128.824,0.321,,,,,,,,,,,,,,,,,,,,,,,,,,,,,,,,,,,,,,,,,,,,,,,,,,,,,,,,,,,,,,,,,,,,,,,,,,,,,,,,,,,,,,,,,,,,,nllpch_sample_event_ranking,L_PCH + L_rank + L_mul (paper)
sim_n500__coxph__s0,11_extra_sweeps,sim_n500,0,n,500.0,,coxph,0.7004536398202575,0.7190174716163586,0.7290351949612311,0.13085800568892,0.18464475047639092,0.1807783250188419,0.7161687687992825,0.16542702706138426,0.5229716502397018,0.6016803365631576,0.6309540946814427,0.1428119462297695,0.2207471278634295,0.24446358801606582,0.5852020271614341,0.20267422070308827,0.6836203209119335,0.6930446753337192,0.6819145520662816,0.12076684809618154,0.20437442629657177,0.22874377496267173,0.6861931827706447,0.18462834978514167,0.7442108573879646,0.7025232181112926,0.6966726020697813,0.12392588906022418,0.19809072298740812,0.21828030343824445,0.7144688925230129,0.18009897182862558,0.6755082178135936,0.18320714234455993,152.84192046517347,236.77089085439178,222.09827195943575,260.6339379933512,174.14608862142927,227.80384345669054,176.70715225151883,194.36723171754915,181.44835832438935,229.8939760054957,0.6632825719120136,0.6645833333333334,591.0,0.6091370558375635,0.05414551607445006,0.6184895833333334,0.23233770683542235,0.6601170297514326,768,,,,,,,,,,,,,,,,,,,,,,,,,,,,,,,,,,,,,,,,,,,,,,,,,,,,,,,,,,,,,,,,,,,,,,,,,,,,,,,,,,,,,,,,,,,,,,,,,,,,,,,,,,,,,,,,,,,,,,,,,,,,,,,,,,,,,,,,,,,,,,,,,,,,,,,,,Cox PH (cause-specific)
sim_n500__coxph__s1,11_extra_sweeps,sim_n500,1,n,500.0,,coxph,0.679745360115637,0.6822741490234758,0.6891988569378531,0.14864928460305654,0.21751426359993944,0.20568954784221546,0.6837394553589885,0.19061769868173717,0.6548100211332157,0.6946460816488662,0.686227883866424,0.14593049460682297,0.1981356445339406,0.2098624635497106,0.6785613288828353,0.18464286756349138,0.6041046251626647,0.6409858283288711,0.6640453465304198,0.1582243523612529,0.22774015734480388,0.19256749824431169,0.6363786000073185,0.1928440026501228,0.6387593084899175,0.6471978277000494,0.6366873483457945,0.12631390080680546,0.2348770391320623,0.24819637253063756,0.6408814948452538,0.20312910415650176,0.6598902197735991,0.19280841826296327,202.02941953132355,241.3726631262864,199.39344774822075,243.06148497296493,164.81374513145215,195.75998719450908,205.0348302623174,217.1925252527527,192.81786066832848,224.34666513662827,0.6456456456456456,0.6425925925925925,666.0,0.6021021021021021,0.043543543543543506,0.6455399061032864,0.21961979829746503,0.6322912830209781,852,,,,,,,,,,,,,,,,,,,,,,,,,,,,,,,,,,,,,,,,,,,,,,,,,,,,,,,,,,,,,,,,,,,,,,,,,,,,,,,,,,,,,,,,,,,,,,,,,,,,,,,,,,,,,,,,,,,,,,,,,,,,,,,,,,,,,,,,,,,,,,,,,,,,,,,,,Cox PH (cause-specific)
sim_n500__coxph__s2,11_extra_sweeps,sim_n500,2,n,500.0,,coxph,0.7806933449763929,0.7469963573709323,0.7490384970828587,0.10096872520262348,0.15901840459175445,0.1656106670349645,0.7589093998100612,0.14186593227644748,0.7620195046000978,0.7154643935137073,0.7039460084599672,0.11724314645402938,0.1883881273880443,0.19924790865862985,0.7271433021912573,0.16829306083356785,0.6762528057439444,0.6585102960884878,0.6623609563875427,0.13279423029511547,0.21728186557976228,0.21908247294551103,0.6657080194066584,0.18971952294012961,0.6774134612047524,0.7029480742865707,0.7085554955988724,0.14147698697497482,0.19388058607894001,0.16533841178141712,0.6963056770300652,0.16689866161177733,0.7120165996095105,0.16669429441548056,206.25648682164686,265.51931363004616,206.68217150508627,266.32706670651277,165.40393075836286,235.4028672602026,187.44878335780356,208.3352112298903,191.4478431107249,243.89611470666296,0.6603498542274052,0.6679012345679012,686.0,0.5728862973760933,0.08746355685131191,0.650103519668737,0.21115799962623477,0.6083513837142643,966,,,,,,,,,,,,,,,,,,,,,,,,,,,,,,,,,,,,,,,,,,,,,,,,,,,,,,,,,,,,,,,,,,,,,,,,,,,,,,,,,,,,,,,,,,,,,,,,,,,,,,,,,,,,,,,,,,,,,,,,,,,,,,,,,,,,,,,,,,,,,,,,,,,,,,,,,Cox PH (cause-specific)
sim_n500__oracle__s0,11_extra_sweeps,sim_n500,0,n,500.0,,oracle,0.7472908788066116,0.7422444300008125,0.7562707494347444,0.12420375807247745,0.1803343096872446,0.16309387479814572,0.7486020194140561,0.15587731418595593,0.6411592994751074,0.6567911356382713,0.6897435213322842,0.1277687023855425,0.20225974612481612,0.20917484605405867,0.6625646521485543,0.17973443152147242,0.856255017359929,0.7333262358734735,0.7284356155793389,0.08093379222680082,0.19019195329362082,0.2078705295573175,0.7726722896042472,0.15966542502591305,0.755591728933844,0.7259557726692105,0.7244754497242498,0.12449559433456478,0.18896836815971602,0.1835047731628963,0.7353409837757682,0.165656245219059,0.7297949862356565,0.1652333539881001,175.5041763023415,230.2948020051625,187.9432920935013,225.44351742661343,130.06284583570155,185.72611989400392,152.47837036412386,171.82792254472287,161.49717114891706,203.32309046762566,0.6903553299492385,0.6913690476190476,591.0,0.6091370558375635,0.08121827411167504,0.6588541666666666,0.20963535197166058,0.6051169114532917,768,,,,,,,,,,,,,,,,,,,,,,,,,,,,,,,,,,,,,,,,,,,,,,,,,,,,,,,,,,,,,,,,,,,,,,,,,,,,,,,,,,,,,,,,,,,,,,,,,,,,,,,,,,,,,,,,,,,,,,,,,,,,,,,,,,,,,,,,,,,,,,,,,,,,,,,,,Oracle (true CIF)
sim_n500__oracle__s1,11_extra_sweeps,sim_n500,1,n,500.0,,oracle,0.6972109376389374,0.6855369677476284,0.7051235533132421,0.13980192601281147,0.2102539594096982,0.17982096480510965,0.6959571528999359,0.17662561674253976,0.6929251210560567,0.7237151548655596,0.7303358512187121,0.13701475623529377,0.17700287403670253,0.18580769594927918,0.7156587090467762,0.1666084420737585,0.6920108655126335,0.6882706981139337,0.695690083783545,0.14664904261022732,0.2174009546861139,0.16541837503253806,0.6919905491367041,0.17648945744295977,0.6363473028859818,0.6927786886539015,0.6851472719807222,0.11451497421923862,0.19198701565657483,0.21175139981838748,0.6714244211735352,0.17275112989806699,0.6937577080642379,0.17311866153933125,193.12888971633177,224.40469493483818,181.77631637440504,222.7475157857499,142.33120755429164,176.96904573397825,162.25705617735315,182.62088548000702,169.87336745559537,201.68553548364332,0.6801801801801802,0.6730158730158731,666.0,0.6021021021021021,0.0780780780780781,0.6713615023474179,0.20196360594141657,0.586344280953976,852,,,,,,,,,,,,,,,,,,,,,,,,,,,,,,,,,,,,,,,,,,,,,,,,,,,,,,,,,,,,,,,,,,,,,,,,,,,,,,,,,,,,,,,,,,,,,,,,,,,,,,,,,,,,,,,,,,,,,,,,,,,,,,,,,,,,,,,,,,,,,,,,,,,,,,,,,Oracle (true CIF)
sim_n500__oracle__s2,11_extra_sweeps,sim_n500,2,n,500.0,,oracle,0.7779740398694038,0.7507920103363895,0.7569895286644442,0.10528127296477938,0.16906517283188857,0.16331219255412646,0.7619185262900792,0.14588621278359815,0.7784657787705552,0.7741344060567231,0.7720881546816263,0.10787909584909221,0.16543143158702753,0.17136131784575295,0.7748961131696349,0.1482239484272909,0.8224080618051165,0.7369502967854528,0.7530942381710319,0.09641593564141543,0.18462676239065245,0.17582126409617754,0.7708175322538672,0.15228798737608182,0.7219603092033113,0.7549829815071674,0.7742085883141333,0.13462742187839188,0.16985405106702678,0.12970228869882805,0.7503839596748706,0.14472792054808223,0.764504032847113,0.1477815172837633,217.06330850436046,262.8177680081808,177.61019436503,223.17631273259968,150.2342321074922,199.02378509300505,148.9238548388659,166.75763713067565,173.45789745393716,212.9438757411153,0.706997084548105,0.7128395061728395,686.0,0.5728862973760933,0.13411078717201164,0.6977225672877847,0.19337338864844908,0.5657744215852962,966,,,,,,,,,,,,,,,,,,,,,,,,,,,,,,,,,,,,,,,,,,,,,,,,,,,,,,,,,,,,,,,,,,,,,,,,,,,,,,,,,,,,,,,,,,,,,,,,,,,,,,,,,,,,,,,,,,,,,,,,,,,,,,,,,,,,,,,,,,,,,,,,,,,,,,,,,Oracle (true CIF)
sim_n500__ours_nllpch__s0,11_extra_sweeps,sim_n500,0,n,500.0,,ours,0.6498981362556346,0.657381350505059,0.6948956442259171,0.13914526331199542,0.21370552038760357,0.18562406095930875,0.6673917103288702,0.19038553535938263,0.5675112353177063,0.5974100310357952,0.6390531932023474,0.15666567768937534,0.23177464373431655,0.22821202382079994,0.6013248198519497,0.20012912154197693,0.7145389929025961,0.6654087607376952,0.6442969334854003,0.12699436599335723,0.22537707286913472,0.26463687561763527,0.6747482290418972,0.18497610092163086,0.6552367274386678,0.6652307328458062,0.6539544367175171,0.14242749249878855,0.21648991777430765,0.22990604783009425,0.658140632333997,0.17420314252376556,0.6504013478891786,0.19674658020722643,183.76767784272204,268.33736160349883,208.54309856391765,249.15388161382887,161.08521535006946,224.80121575168295,188.95026692945999,208.78163314237446,185.58656467154228,237.76852302784624,0.6040609137055838,0.599404761904762,591.0,0.6091370558375635,-0.005076142131979711,0.58203125,0.24346531153324602,0.6852288973725491,768,nllpch,4.321883201599121,79.0,79.0,77.0,82.0,0.1873138023757784,0.6632329294314752,0.6542059183120728,0.6524789333343506,0.6654276847839355,0.6501650810241699,0.6710096597671509,0.672236442565918,0.6715711355209351,0.6539595127105713,0.6619909405708313,0.6665326952934265,128.0,0.6652869188407967,0.6513533592224121,0.659282386302948,0.6652628779411316,0.6649976372718811,0.6672713756561279,0.6652597784996033,0.6687611937522888,0.6734800338745117,0.6698389649391174,0.6549766063690186,128.0,0.6417547755771214,0.6516727209091187,0.643966555595398,0.6408188939094543,0.6405033469200134,0.6466118693351746,0.6358665823936462,0.641765832901001,0.6391913890838623,0.6450082659721375,0.6418418884277344,128.0,0.6502960410093587,0.5772396326065063,0.5403304696083069,0.5923542976379395,0.6038556098937988,0.6331822276115417,0.6621652245521545,0.6700244545936584,0.6549208164215088,0.6558552384376526,0.6657256484031677,128.0,0.655142666214688,5.2058,24.588,0.192,,,,,,,,,,,,,,,,,,,,,,,,,,,,,,,,,,,,,,,,,,,,,,,,,,,,,,,,,,,,,,,,,,,,,,,,,,,,,,,,,,,,,,,,,,,,,nllpch,L_PCH
sim_n500__ours_nllpch__s1,11_extra_sweeps,sim_n500,1,n,500.0,,ours,0.638004722864288,0.6363869307665562,0.6610248563734764,0.16277522680476164,0.23562716005862513,0.21420620720014458,0.6451388366681069,0.20595696568489075,0.6838932959840601,0.6823463625603525,0.6941017246113099,0.1383788278861543,0.2161445647533881,0.21067989826317482,0.6867804610519075,0.20412826538085938,0.6349060949326504,0.6544515432406314,0.6785166922544568,0.17164480749981145,0.22539582743120448,0.1694053570971937,0.6559581101425794,0.15643969178199768,0.6454327890035697,0.6731846764834675,0.6426153456320155,0.1112735667157175,0.21542241169670293,0.24295221209796325,0.6537442703730175,0.17967785894870758,0.6604054195589029,0.19282550562540351,213.397782080356,252.9562124460471,182.86257810945884,244.89161479054462,142.22166741138963,184.95625321154643,188.73815279663737,207.14672913947143,181.80504509946044,222.4877023969024,0.6546546546546547,0.6576719576719576,666.0,0.6021021021021021,0.052552552552552534,0.6373239436619719,0.22123700225135765,0.6319344568096764,852,nllpch,4.414325714111328,93.0,92.0,87.0,84.0,0.18718256056308746,0.6255624879683767,0.6327593326568604,0.615178644657135,0.6442403197288513,0.6281434297561646,0.6483404636383057,0.6493422389030457,0.6488110423088074,0.6369885206222534,0.6153745651245117,0.5660225749015808,142.0,0.6428103843949876,0.6073253750801086,0.6299105286598206,0.6492497324943542,0.6472266316413879,0.6563917398452759,0.658151388168335,0.6564221382141113,0.6383506655693054,0.6348973512649536,0.6293150782585144,142.0,0.680227034194495,0.645213782787323,0.6515498161315918,0.6752941608428955,0.686309814453125,0.6654036045074463,0.6684658527374268,0.6889232993125916,0.6873623728752136,0.6945985555648804,0.6713670492172241,142.0,0.6510222719861315,0.5936919450759888,0.6366193890571594,0.6464965343475342,0.6202842593193054,0.6363434791564941,0.6445486545562744,0.6537667512893677,0.6661849617958069,0.6735990643501282,0.6387560367584229,142.0,0.6499055446359977,5.5835,25.432,0.179,,,,,,,,,,,,,,,,,,,,,,,,,,,,,,,,,,,,,,,,,,,,,,,,,,,,,,,,,,,,,,,,,,,,,,,,,,,,,,,,,,,,,,,,,,,,,nllpch,L_PCH
sim_n500__ours_nllpch__s2,11_extra_sweeps,sim_n500,2,n,500.0,,ours,0.7149580674909893,0.6954680363635375,0.7383311817754191,0.11698967650892299,0.1827459381808791,0.17415589327561268,0.7162524285433154,0.1850854456424713,0.7363642083761565,0.7370058487569943,0.7246559124027845,0.1192612249099218,0.1843065187461974,0.19953093085371798,0.7326753231786451,0.1847880333662033,0.7401944495403873,0.672963402347889,0.6940932889508762,0.13084360207767412,0.21263562575411274,0.2060212002169735,0.7024170469463842,0.17443950474262238,0.6433213704666018,0.6702860099614771,0.6732207113456962,0.1686348088814783,0.21884750445833873,0.17593898557683893,0.6622760305912584,0.17627359926700592,0.7034052073149007,0.17415932578672236,191.54569125171608,267.3869912505073,192.78137575718034,251.85353214897017,161.1878010884015,225.95151313633053,183.466395306883,211.5843403406091,182.24531585104523,239.19409421910427,0.6559766763848397,0.6595061728395062,686.0,0.5728862973760933,0.08309037900874638,0.6490683229813664,0.2239342893483296,0.6398584900193394,966,nllpch,4.166085720062256,89.0,89.0,90.0,86.0,0.18016334631517109,0.678933967196423,0.6774389743804932,0.6666920781135559,0.6574212908744812,0.6591963768005371,0.6798283457756042,0.6885263919830322,0.6840412616729736,0.681961178779602,0.6873031258583069,0.6827524900436401,161.0,0.693685884351161,0.6291601657867432,0.684011697769165,0.6965861916542053,0.7047485709190369,0.6895696520805359,0.6866092085838318,0.7039458751678467,0.7048881649971008,0.6866818070411682,0.6928966045379639,161.0,0.672459601830806,0.6635453104972839,0.6676598191261292,0.6687307357788086,0.6747277975082397,0.6675713062286377,0.6562536358833313,0.6720413565635681,0.6811572313308716,0.6750831007957458,0.6758291125297546,161.0,0.6738512794364173,0.6688464879989624,0.6589393019676208,0.6594480872154236,0.6687476634979248,0.6884127855300903,0.6736306548118591,0.6762998104095459,0.6788631081581116,0.683431088924408,0.6609345078468323,161.0,0.6797326832037017,1.5363,104.8,0.651,,,,,,,,,,,,,,,,,,,,,,,,,,,,,,,,,,,,,,,,,,,,,,,,,,,,,,,,,,,,,,,,,,,,,,,,,,,,,,,,,,,,,,,,,,,,,nllpch,L_PCH
sim_n500__ours_nllpch_event_ranking__s0,11_extra_sweeps,sim_n500,0,n,500.0,,ours,0.5963639743868892,0.6661076201093389,0.6889508054381752,0.14797135839330058,0.2196877211186854,0.18835324179458166,0.6504741333114678,0.18732348084449768,0.5694192487731375,0.5942476322828215,0.6329056468720781,0.14258476568382245,0.2245791548454394,0.2399462521097215,0.5988575093093457,0.20330160856246948,0.759937288815358,0.7259081767142206,0.7082646026000557,0.11333059990691603,0.1930450640421,0.22919590064021744,0.7313700227098782,0.1637575477361679,0.6020694797023639,0.6309574740403009,0.6497797951577818,0.1404647391788909,0.2321203493191935,0.2231355960784616,0.6276022496334822,0.18142032623291016,0.6520759787410435,0.19120122859261088,208.17095925157977,274.3893405421421,211.6257122138131,255.1823506222182,149.0293673576845,211.53777443634235,188.01600794513996,210.3899146395056,189.21051169205435,237.87484506005208,0.61082910321489,0.6142857142857142,591.0,0.6091370558375635,0.0016920473773265332,0.5963541666666666,0.23679083113796098,0.665662269641367,768,nllpch_event_ranking,2.4265003204345703,79.0,79.0,77.0,82.0,0.18405419555184216,0.6592226999310347,0.6323733925819397,0.611936628818512,0.6344825029373169,0.6562218070030212,0.6703053116798401,0.664643406867981,0.6677864789962769,0.6609466075897217,0.6698635220527649,0.6690705418586731,128.0,0.6565337473720447,0.6240234971046448,0.647122323513031,0.6411445736885071,0.6557513475418091,0.6552504301071167,0.6639443635940552,0.6652178764343262,0.6615676879882812,0.6625676155090332,0.6494529843330383,128.0,0.6914370778534148,0.649928867816925,0.6706225872039795,0.6888582110404968,0.6803167462348938,0.678565263748169,0.6899240612983704,0.690197229385376,0.6935046315193176,0.695525586605072,0.6980705857276917,128.0,0.6294143189961008,0.4990098178386688,0.5800653696060181,0.5669756531715393,0.5967526435852051,0.6190232634544373,0.6327542662620544,0.6324921250343323,0.6354115605354309,0.6428196430206299,0.6415871977806091,128.0,0.6591519610381488,1.0839,118.091,0.923,,,,,,,,,,,,,,,,,,,,,,,,,,,,,,,,,,,,,,,,,,,,,,,,,,,,,,,,,,,,,,,,,,,,,,,,,,,,,,,,,,,,,,,,,,,,,nllpch_event_ranking,L_PCH + L_mul
sim_n500__ours_nllpch_event_ranking__s1,11_extra_sweeps,sim_n500,1,n,500.0,,ours,0.6818530268016678,0.6616261972355717,0.6814752210648559,0.15640359057360836,0.21843704714410725,0.20126680126240337,0.6749848150340317,0.19480404257774353,0.5643075144009988,0.6352898151947968,0.6733042159817876,0.15336513477670372,0.21257974746595729,0.21375932295353317,0.6243005151925277,0.198425754904747,0.5906983410775554,0.6334986035224336,0.6332610724518549,0.16941345759065957,0.23854246861861114,0.19409891321399803,0.6191526723506146,0.1776549220085144,0.5854031023418194,0.6238622319603777,0.6048536913721322,0.13674387349610959,0.24519741420666763,0.2686523954182482,0.604706341891443,0.20711100101470947,0.6307860861171543,0.20070501389338394,203.2530769112676,244.13411427199816,195.2403563254683,248.63299507088811,172.07354219336617,214.16644787345234,182.94604542706398,221.47099332705878,188.3782552142915,232.10113763584934,0.6246246246246246,0.625925925925926,666.0,0.6021021021021021,0.022522522522522515,0.6244131455399061,0.23564103090630248,0.6641327636163294,852,nllpch_event_ranking,2.26749849319458,93.0,92.0,87.0,84.0,0.1944529430082675,0.666145032295933,0.6746292114257812,0.6640145182609558,0.6644966006278992,0.660783052444458,0.6614127159118652,0.6638103723526001,0.667000412940979,0.6669970154762268,0.6656074523925781,0.6725373864173889,142.0,0.6425238162841436,0.5953870415687561,0.6135464906692505,0.6281888484954834,0.6395437717437744,0.6349756121635437,0.6415568590164185,0.6494268774986267,0.6447485685348511,0.641535222530365,0.6604172587394714,142.0,0.6281074866171807,0.6205746531486511,0.6302188038825989,0.6259142160415649,0.6414415240287781,0.6277889013290405,0.6377802491188049,0.6317462921142578,0.6359721422195435,0.6361024975776672,0.601521909236908,142.0,0.6104943721325367,0.564627468585968,0.5994005799293518,0.5956775546073914,0.6015276312828064,0.6050419807434082,0.6027238965034485,0.6203715205192566,0.6110647916793823,0.6118589639663696,0.6151765584945679,142.0,0.6368176768324486,1.3952,101.775,0.717,,,,,,,,,,,,,,,,,,,,,,,,,,,,,,,,,,,,,,,,,,,,,,,,,,,,,,,,,,,,,,,,,,,,,,,,,,,,,,,,,,,,,,,,,,,,,nllpch_event_ranking,L_PCH + L_mul
sim_n500__ours_nllpch_event_ranking__s2,11_extra_sweeps,sim_n500,2,n,500.0,,ours,0.6745302061286955,0.6797592565091496,0.6822799559512733,0.1263799210231469,0.18966807376144126,0.20789915463569913,0.6788564728630394,0.2030782401561737,0.7477435948908674,0.7442888987631646,0.7366608534542981,0.12457896424286304,0.18634590811882912,0.19746070568392704,0.7428977823694433,0.1826687753200531,0.7182858243217292,0.6684416687494598,0.6751083758856365,0.12400175703401066,0.20559256434115816,0.20119659957654015,0.6872786229856085,0.1770070642232895,0.6416711938102178,0.6490783780918135,0.644136906570826,0.14311562409599385,0.20461236979619207,0.2046868831880856,0.6449621594909524,0.18265938758850098,0.6884987594272609,0.17629487712482392,237.77817322383262,301.82530297200805,196.16744095160288,259.3068133514213,180.703413346918,236.80814713705948,206.32358457364282,220.2082559395581,205.24315302399907,254.5371298500117,0.6239067055393586,0.634320987654321,686.0,0.5728862973760933,0.05102040816326525,0.634575569358178,0.2287210403889329,0.6491475827472124,966,nllpch_event_ranking,2.1463375091552734,89.0,89.0,90.0,86.0,0.18635826974602068,0.6628172815364339,0.6589060425758362,0.677866518497467,0.6724019050598145,0.6734510660171509,0.6596424579620361,0.6665471196174622,0.6650987267494202,0.6512982845306396,0.6556599736213684,0.6621005535125732,161.0,0.7125555697216915,0.6827003359794617,0.6697748303413391,0.6957078576087952,0.7068976163864136,0.7116621732711792,0.7204578518867493,0.7269983291625977,0.7311318516731262,0.7117851972579956,0.7067091464996338,161.0,0.6513401532488247,0.6295064091682434,0.6513141989707947,0.6368473172187805,0.6568928956985474,0.6500677466392517,0.6525640487670898,0.6509398818016052,0.6503822803497314,0.6512309312820435,0.6556105017662048,161.0,0.6869247126972899,0.6883711218833923,0.698645830154419,0.7101210355758667,0.7092324495315552,0.6902176141738892,0.6868005394935608,0.6954604387283325,0.6625924110412598,0.6837565302848816,0.686116635799408,161.0,0.67840942930106,1.2784,125.943,0.782,,,,,,,,,,,,,,,,,,,,,,,,,,,,,,,,,,,,,,,,,,,,,,,,,,,,,,,,,,,,,,,,,,,,,,,,,,,,,,,,,,,,,,,,,,,,,nllpch_event_ranking,L_PCH + L_mul
sim_n500__ours_nllpch_sample_event_ranking__s0,11_extra_sweeps,sim_n500,0,n,500.0,,ours,0.6198034051208782,0.6912075252436227,0.6948842111560422,0.14992974390707636,0.2380283002196989,0.2306490848410216,0.668631713840181,0.21203620731830597,0.5451567748127333,0.5984249573489694,0.6480613941682263,0.138257265914389,0.20983829445550797,0.2358987724176417,0.5972143754433096,0.20397710800170898,0.7365149969072811,0.6953649459301828,0.694012318465435,0.10658167595956557,0.2093131087118394,0.2374070412383189,0.708630753767633,0.17593161761760712,0.6841770697631756,0.6690553440289914,0.6596640157178677,0.14017152061350985,0.22158649918526951,0.24241851303243334,0.6709654765033449,0.18980838358402252,0.6613605798886172,0.19667331837468935,275.0002879377038,325.4431662786885,238.63887358921437,282.6911200108666,228.0710223722016,264.7974197447244,191.2717872786986,220.81452287264085,233.24549279445458,273.4365572267301,0.6074450084602369,0.6062500000000001,591.0,0.6091370558375635,-0.0016920473773266442,0.578125,0.24268482489825635,0.6783684915113061,768,nllpch_sample_event_ranking,2.5129332542419434,79.0,79.0,77.0,82.0,0.1955081196237438,0.6807061377626199,0.6508070826530457,0.6621215343475342,0.6822369694709778,0.6942852735519409,0.6893153786659241,0.6861585974693298,0.6699712872505188,0.690736711025238,0.6821751594543457,0.6756831407546997,128.0,0.6661572553453402,0.6411795616149902,0.6540400385856628,0.6567997336387634,0.6658748388290405,0.6675643920898438,0.6731737852096558,0.6767364144325256,0.6722791790962219,0.6742123961448669,0.6515679955482483,128.0,0.6821726267536481,0.6076155304908752,0.6715376973152161,0.6937503218650818,0.6701004505157471,0.6733026504516602,0.6763176321983337,0.6628978252410889,0.6859557628631592,0.707097589969635,0.6790876984596252,128.0,0.643283154939931,0.6120758652687073,0.6368966102600098,0.6125292778015137,0.6566779017448425,0.6555426716804504,0.6583937406539917,0.6527952551841736,0.659606397151947,0.6562012434005737,0.6038510203361511,128.0,0.6680797937003847,1.2965,98.729,0.771,,,,,,,,,,,,,,,,,,,,,,,,,,,,,,,,,,,,,,,,,,,,,,,,,,,,,,,,,,,,,,,,,,,,,,,,,,,,,,,,,,,,,,,,,,,,,nllpch_sample_event_ranking,L_PCH + L_rank + L_mul (paper)
sim_n500__ours_nllpch_sample_event_ranking__s1,11_extra_sweeps,sim_n500,1,n,500.0,,ours,0.6291846795674684,0.6220957715390077,0.649179278443386,0.16311736081073047,0.24887801646960192,0.23305388792614298,0.6334865765166207,0.22031785547733307,0.5521848580681133,0.6708579193417537,0.6634958722949584,0.1520370210408798,0.21037152428580796,0.24084499569888018,0.6288462165682752,0.21325281262397766,0.6378237858005348,0.6367644845882362,0.6592421571134969,0.15229427013042457,0.24227214683443787,0.22427647834574685,0.6446101425007559,0.18805469572544098,0.6614980786065678,0.660835386321109,0.6343295439459297,0.11521353266425097,0.22231235921748047,0.23595845108634972,0.6522210029578689,0.18559890985488892,0.6397909846358801,0.20338583704256116,284.3584186503396,308.8147415299348,277.4434969113623,301.68191175090794,231.6919154314009,259.3672660723657,218.6763175168877,236.30375869571643,253.04253712749764,276.54191951223123,0.6246246246246246,0.6243386243386244,666.0,0.6021021021021021,0.022522522522522515,0.6431924882629108,0.23540758888934185,0.6637344507437664,852,nllpch_sample_event_ranking,2.5139667987823486,93.0,92.0,87.0,84.0,0.2024154108896684,0.6169330257099944,0.6218104362487793,0.6319912075996399,0.6305044293403625,0.6161630153656006,0.6219992637634277,0.6316326260566711,0.6320239305496216,0.6179513931274414,0.6237870454788208,0.5710514187812805,142.0,0.6351052016582129,0.5717642903327942,0.5863548517227173,0.6356915831565857,0.6468840837478638,0.6317728161811829,0.6390048861503601,0.6447038054466248,0.6324549317359924,0.639743447303772,0.6393507719039917,142.0,0.6647948257384761,0.5266690850257874,0.6038314700126648,0.6635996699333191,0.6768175959587097,0.6549888253211975,0.6607644557952881,0.6525037884712219,0.6779716610908508,0.6791136264801025,0.6656798124313354,142.0,0.644692847171387,0.6217615604400635,0.6361940503120422,0.634226381778717,0.633027970790863,0.6377280354499817,0.6418164372444153,0.6327711939811707,0.6429651975631714,0.6473647952079773,0.6604112386703491,142.0,0.6403814750695176,2.3716,59.876,0.422,,,,,,,,,,,,,,,,,,,,,,,,,,,,,,,,,,,,,,,,,,,,,,,,,,,,,,,,,,,,,,,,,,,,,,,,,,,,,,,,,,,,,,,,,,,,,nllpch_sample_event_ranking,L_PCH + L_rank + L_mul (paper)
sim_n500__ours_nllpch_sample_event_ranking__s2,11_extra_sweeps,sim_n500,2,n,500.0,,ours,0.6405933771632594,0.6047508217062385,0.6949242576526518,0.1303366956136204,0.2073518770806096,0.20672951972294112,0.6467561521740499,0.20553435385227203,0.7669707603567731,0.7050659237700687,0.7083027205872795,0.12779285651749425,0.2062772882911742,0.20773932115821472,0.7267798015713738,0.20196589827537537,0.743006026013503,0.6595512137474348,0.6853271927616846,0.11048323944343016,0.20443845439624078,0.20908388460060984,0.6959614775075407,0.1811782717704773,0.6198499085258722,0.6652079534625455,0.6683844532081088,0.14973511042872506,0.20804316468703565,0.20126536514521787,0.6511474383988421,0.1812860518693924,0.6801612174129515,0.1807730647571095,236.67172736068648,308.7001225146182,220.08588293657428,283.21763581567365,181.52960282297636,245.25779337438644,203.37638086128865,232.4624157323395,210.41589849538144,267.40949185925444,0.6151603498542274,0.6239506172839505,686.0,0.5728862973760933,0.042274052478134094,0.644927536231884,0.2293883422862549,0.6513863842017338,966,nllpch_sample_event_ranking,2.440603017807007,89.0,89.0,90.0,86.0,0.19255414508325233,0.6373459926895474,0.632149875164032,0.6092904806137085,0.5896508693695068,0.5999916791915894,0.6011561155319214,0.6596400141716003,0.6688462495803833,0.6653724908828735,0.6710130572319031,0.6188406348228455,161.0,0.6837741592481954,0.6274727582931519,0.6641987562179565,0.6352532505989075,0.6830211281776428,0.6622564196586609,0.6606332063674927,0.6984168887138367,0.686170756816864,0.6760536432266235,0.736615002155304,161.0,0.6576707619139802,0.6555188298225403,0.6786755323410034,0.6690433025360107,0.6767582893371582,0.648916482925415,0.6361406445503235,0.6594712734222412,0.6569736003875732,0.6721046566963196,0.6476261019706726,161.0,0.6596781622688724,0.6660912036895752,0.6154273748397827,0.6397315859794617,0.666956901550293,0.701599657535553,0.7109229564666748,0.6964312195777893,0.6859832406044006,0.6567195653915405,0.5803659558296204,161.0,0.659617269030149,1.2828,125.512,0.78,,,,,,,,,,,,,,,,,,,,,,,,,,,,,,,,,,,,,,,,,,,,,,,,,,,,,,,,,,,,,,,,,,,,,,,,,,,,,,,,,,,,,,,,,,,,,nllpch_sample_event_ranking,L_PCH + L_rank + L_mul (paper)
sim_nonlin0p0__coxph__s0,11_extra_sweeps,sim_nonlin0p0,0,nonlin,0.0,,coxph,0.7570751400251201,0.7519948571920463,0.7446586967402398,0.11340057974294473,0.16279160110283813,0.17238329630527383,0.751242897985802,0.14952515905035224,0.7525402915998978,0.7480509427597398,0.7350298279851648,0.11188694986323752,0.16808777055770607,0.1813775540688373,0.7452070207816007,0.15378409149659364,0.7566392125879303,0.7405594220144133,0.7375852301521139,0.11311379921068647,0.17243566635682125,0.18004438158131247,0.7449279549181526,0.15519794904960674,0.7545031511675153,0.7358029891488896,0.7275953373912387,0.10855365594608217,0.17293712481131093,0.17372812972024265,0.7393004925692145,0.15173963682587857,0.7451695915636924,0.1525617091056078,198.57349849623668,262.31786366415247,187.60939375219988,234.28753132078853,170.02745862035664,198.56725571363936,152.017753347681,172.24153129214727,177.05702605411858,216.85354549768192,0.6783964365256124,0.6844357976653697,6735.0,0.586785449146251,0.09161098737936146,0.6637835440230649,0.21074586252674413,0.60820059394891,9018,,,,,,,,,,,,,,,,,,,,,,,,,,,,,,,,,,,,,,,,,,,,,,,,,,,,,,,,,,,,,,,,,,,,,,,,,,,,,,,,,,,,,,,,,,,,,,,,,,,,,,,,,,,,,,,,,,,,,,,,,,,,,,,,,,,,,,,,,,,,,,,,,,,,,,,,,Cox PH (cause-specific)
sim_nonlin0p0__coxph__s1,11_extra_sweeps,sim_nonlin0p0,1,nonlin,0.0,,coxph,0.7520541167543515,0.7275177633683445,0.7205445338454403,0.12759745678839488,0.17986226223724772,0.18755211773996994,0.7333721379893787,0.1650039455885375,0.7474482138824959,0.7496827150621137,0.7397299102134685,0.11454364745814025,0.1671305045146971,0.1724103217066968,0.7456202797193594,0.15136149122651138,0.736399307169719,0.7344238825165752,0.7330834366383586,0.11210851554002317,0.17166164359610162,0.17631101947071612,0.7346355421082177,0.15336039286894698,0.735491902472638,0.7296248496571979,0.7275362929853506,0.1159865363321982,0.1785172466219858,0.16787509005948079,0.7308843483717288,0.1541262910045549,0.7361280770471712,0.1559630301721377,222.25130011365263,276.60359454798584,185.90307792151282,231.52837215499875,171.81233535141854,197.4080463970881,158.97320522926114,177.48239171223605,184.73497965396126,220.75560120307716,0.6777222474632743,0.6807101218865925,6603.0,0.5944267757080115,0.08329547175526275,0.6640677966101695,0.21015826289687806,0.6062507831823537,8850,,,,,,,,,,,,,,,,,,,,,,,,,,,,,,,,,,,,,,,,,,,,,,,,,,,,,,,,,,,,,,,,,,,,,,,,,,,,,,,,,,,,,,,,,,,,,,,,,,,,,,,,,,,,,,,,,,,,,,,,,,,,,,,,,,,,,,,,,,,,,,,,,,,,,,,,,Cox PH (cause-specific)
sim_nonlin0p0__coxph__s2,11_extra_sweeps,sim_nonlin0p0,2,nonlin,0.0,,coxph,0.757095148617004,0.7341759396621362,0.7273774698069337,0.10808409898470572,0.17529053302508024,0.1841211901770334,0.7395495193620247,0.1558319407289398,0.7541865583898747,0.7409379439415494,0.7288442622813284,0.10465356789332292,0.16723977016508287,0.18233801405700317,0.7413229215375842,0.1514104507051363,0.7756238908830327,0.7598157776975971,0.7446737385756522,0.10472203005135655,0.1630750424257805,0.1683015355875441,0.7600378023854274,0.14536620268822706,0.7321828617556402,0.7337203130856019,0.725559675328042,0.11548221715557323,0.1710451615480634,0.17667221375344283,0.7304876167230946,0.15439986415235982,0.7428494650020327,0.15175211456866575,216.44432195397533,271.0689571626956,195.40140956616042,232.3441939416172,162.0146675958212,189.62319715206425,154.82219231975918,174.1221564590311,182.17064785892904,216.78962617885202,0.6815296028347851,0.6875618006765548,6773.0,0.587479698804075,0.09404990403071012,0.6643457117595049,0.21241165712242016,0.6121957894203663,9048,,,,,,,,,,,,,,,,,,,,,,,,,,,,,,,,,,,,,,,,,,,,,,,,,,,,,,,,,,,,,,,,,,,,,,,,,,,,,,,,,,,,,,,,,,,,,,,,,,,,,,,,,,,,,,,,,,,,,,,,,,,,,,,,,,,,,,,,,,,,,,,,,,,,,,,,,Cox PH (cause-specific)
sim_nonlin0p0__oracle__s0,11_extra_sweeps,sim_nonlin0p0,0,nonlin,0.0,,oracle,0.7543283433799237,0.7500373420099942,0.7447340362596715,0.11259662633296103,0.16144802379291687,0.1694465484936092,0.7496999072165297,0.14783039953982902,0.7507136244556034,0.7459755775985296,0.7343286118236522,0.1106336668255428,0.1663813867799411,0.17840226157845773,0.7436726046259284,0.15180577172798054,0.7553354058492929,0.7396687727917262,0.7373175923352413,0.11210932694487036,0.17062891028068186,0.1773951160963273,0.7441072569920868,0.15337778444062652,0.7566962526664479,0.7374020766721665,0.7283084949649838,0.1078553282469762,0.17137313295296822,0.17126302537760357,0.7408022747678661,0.15016382885918267,0.7445705109006028,0.15079444614190468,200.97691278992488,261.4144646517704,188.0908180200309,234.61667413754174,170.82218626309913,198.87081377061722,154.0592075875683,173.2043748278609,178.4872811651558,217.02658184694755,0.6782479584261322,0.6845395590142672,6735.0,0.586785449146251,0.0914625092798812,0.6662231093368818,0.21066692720478192,0.6080444188467407,9018,,,,,,,,,,,,,,,,,,,,,,,,,,,,,,,,,,,,,,,,,,,,,,,,,,,,,,,,,,,,,,,,,,,,,,,,,,,,,,,,,,,,,,,,,,,,,,,,,,,,,,,,,,,,,,,,,,,,,,,,,,,,,,,,,,,,,,,,,,,,,,,,,,,,,,,,,Oracle (true CIF)
sim_nonlin0p0__oracle__s1,11_extra_sweeps,sim_nonlin0p0,1,nonlin,0.0,,oracle,0.7519725732574308,0.727888307135653,0.7213465634796586,0.12259991983630894,0.1754211073707593,0.18358695040562256,0.7337358146242474,0.1605359925375636,0.7471895567199374,0.7481356963851545,0.7386433723679304,0.1130713310370099,0.16529866535984658,0.1719694205088148,0.7446562084910074,0.1501131389685571,0.7390561160922979,0.7352436000926328,0.7341723809702677,0.11121017268324834,0.17070414165051373,0.17436311488930292,0.7361573657183995,0.15209247640768833,0.7348945195957667,0.7280434081778691,0.7257487337361009,0.1158216046087709,0.17904603077515693,0.1678138575315256,0.7295622205032456,0.15422716430515115,0.736027902334225,0.15424219305474005,219.54387839594725,275.73991680712174,185.4325609507015,231.80475003380957,171.1010506757395,196.82026061957254,161.55257655544102,178.90867695521143,184.4075166444573,220.8184011039288,0.6762077843404513,0.6799947005829359,6603.0,0.5944267757080115,0.08178100863243976,0.6644067796610169,0.210340248529642,0.6065982412636218,8850,,,,,,,,,,,,,,,,,,,,,,,,,,,,,,,,,,,,,,,,,,,,,,,,,,,,,,,,,,,,,,,,,,,,,,,,,,,,,,,,,,,,,,,,,,,,,,,,,,,,,,,,,,,,,,,,,,,,,,,,,,,,,,,,,,,,,,,,,,,,,,,,,,,,,,,,,Oracle (true CIF)
sim_nonlin0p0__oracle__s2,11_extra_sweeps,sim_nonlin0p0,2,nonlin,0.0,,oracle,0.75569421754211,0.7334414505688069,0.7272091849371295,0.10567580349568079,0.17289506324730974,0.18187001282640383,0.7387816176826821,0.15348029318979814,0.7557253479984885,0.7423412519812811,0.728797610009234,0.10341826599554733,0.16616519885541212,0.18101678432581444,0.7422880699963345,0.15020008305892463,0.7751946073306083,0.7619859838140445,0.7470836425805599,0.10391128120821919,0.16152872578238592,0.1674677256145048,0.7614214112417376,0.14430257753503664,0.7311001255501156,0.7338460854981107,0.7267810545405352,0.11583073171564315,0.17151337011877507,0.17564998021498807,0.7305757551962538,0.15433136068313544,0.743266713529252,0.15057857861672372,217.84386416119716,271.5599478854215,191.00766223283574,230.4769213342155,158.8470752254179,187.2549833616039,156.55201627181893,174.63548802250156,181.06265447281746,215.9818351509356,0.6822678281411487,0.6883944834764507,6773.0,0.587479698804075,0.0947881293370737,0.6663351016799293,0.2117295651112538,0.6107306823700082,9048,,,,,,,,,,,,,,,,,,,,,,,,,,,,,,,,,,,,,,,,,,,,,,,,,,,,,,,,,,,,,,,,,,,,,,,,,,,,,,,,,,,,,,,,,,,,,,,,,,,,,,,,,,,,,,,,,,,,,,,,,,,,,,,,,,,,,,,,,,,,,,,,,,,,,,,,,Oracle (true CIF)
sim_nonlin0p0__ours_nllpch__s0,11_extra_sweeps,sim_nonlin0p0,0,nonlin,0.0,,ours,0.7526161758352508,0.7464258079052879,0.7380355300166187,0.11613525787315619,0.16443991423462917,0.18003153572122504,0.7456925045857191,0.16770429909229279,0.7510614144554261,0.7405447130163401,0.7243455724810296,0.11627321022803656,0.1741813039345979,0.19007185560530415,0.7386505666509319,0.16677935421466827,0.7438830690198939,0.7233876257353101,0.72730224531074,0.11589289977804486,0.17689819773322413,0.18210720464080135,0.7315243133553148,0.15858201682567596,0.7413833505488887,0.7284135532597825,0.7175102818373776,0.11133575856867861,0.17467538449985892,0.17876498590617437,0.7291023952153496,0.148866668343544,0.7362424449518288,0.15673395906031096,218.4429509968883,278.9693644128492,223.06644752194276,253.93478739833492,176.53881919155248,206.41767932718378,146.76733513324777,172.31867669811515,191.20388821090785,227.91012695912076,0.6694877505567929,0.6766796368352789,6735.0,0.586785449146251,0.08270230141054191,0.6504768241295188,0.21669865994805657,0.6220773133987934,9018,nllpch,3.699570655822754,910.0,895.0,902.0,906.0,0.1604740146393925,0.7298298093815067,0.7312873601913452,0.7281560897827148,0.7311833500862122,0.730695366859436,0.7305573225021362,0.7314898371696472,0.731818437576294,0.7288874387741089,0.7281967401504517,0.7280095219612122,1503.0,0.7176422510864371,0.7107038497924805,0.7182607650756836,0.719992458820343,0.7180029153823853,0.7196794152259827,0.7183764576911926,0.7172127366065979,0.7170256972312927,0.719028890132904,0.7151898741722107,1503.0,0.7116865597366362,0.7065920233726501,0.7123490571975708,0.7125764489173889,0.7117141485214233,0.7083882689476013,0.7119241952896118,0.7116561532020569,0.7133312225341797,0.7124126553535461,0.7110598087310791,1503.0,0.7087532973163645,0.7053640484809875,0.7096005082130432,0.7120005488395691,0.7109324336051941,0.7110092043876648,0.7117415070533752,0.7114751935005188,0.7104457020759583,0.7091322541236877,0.7021817564964294,1503.0,0.7169779793802362,12.4033,121.177,0.242,,,,,,,,,,,,,,,,,,,,,,,,,,,,,,,,,,,,,,,,,,,,,,,,,,,,,,,,,,,,,,,,,,,,,,,,,,,,,,,,,,,,,,,,,,,,,nllpch,L_PCH
sim_nonlin0p0__ours_nllpch__s1,11_extra_sweeps,sim_nonlin0p0,1,nonlin,0.0,,ours,0.7388728292632066,0.720416808808402,0.7157075086561632,0.12422645894115726,0.17817277241536777,0.18585689379797643,0.7249990489092571,0.17142315208911896,0.7412400090904033,0.7451938828975483,0.7357825253818775,0.11445456526810958,0.16710037793141622,0.17373621287026805,0.740738805789943,0.1582709699869156,0.7391837824625552,0.7324647872536739,0.7293785794285863,0.11282395619346934,0.17378017334385068,0.17949441203934977,0.7336757163816051,0.15479521453380585,0.7281546505673048,0.724294360861626,0.722326254769521,0.11866146265670029,0.18447002452199562,0.17226384262738342,0.7249250887328172,0.14993923902511597,0.7310846649534056,0.15708676271725372,203.41607577291813,274.90585837542153,177.01822912337008,231.14356209254686,160.44398555420582,195.47122791511458,161.53955996851363,181.2495692531328,175.60446260475192,220.69255440905394,0.6680296834772074,0.6723900370959195,6603.0,0.5944267757080115,0.07360290776919587,0.6592090395480226,0.21290226992952985,0.6131125515507823,8850,nllpch,3.679922580718994,895.0,871.0,884.0,873.0,0.15867546446073674,0.7148412807953444,0.713004469871521,0.7130310535430908,0.7145378589630127,0.7150126099586487,0.7158680558204651,0.715499222278595,0.7157483100891113,0.7159853577613831,0.7148872017860413,0.7130905985832214,1475.0,0.7266475123392185,0.7231404185295105,0.724931001663208,0.7254940271377563,0.7242519855499268,0.7259193658828735,0.7271305918693542,0.7270536422729492,0.7269886136054993,0.7271048426628113,0.7280923128128052,1475.0,0.7170625131146436,0.7061929702758789,0.7165594100952148,0.7164852619171143,0.7171057462692261,0.7160879969596863,0.7161780595779419,0.7171483039855957,0.7185290455818176,0.7181371450424194,0.7166280150413513,1475.0,0.7106847452577909,0.6909208297729492,0.7049418091773987,0.7062485218048096,0.7087362408638,0.7067673802375793,0.710595965385437,0.7101460099220276,0.713453471660614,0.7145820260047913,0.7089459896087646,1475.0,0.7173090128767494,14.8447,99.362,0.202,,,,,,,,,,,,,,,,,,,,,,,,,,,,,,,,,,,,,,,,,,,,,,,,,,,,,,,,,,,,,,,,,,,,,,,,,,,,,,,,,,,,,,,,,,,,,nllpch,L_PCH
sim_nonlin0p0__ours_nllpch__s2,11_extra_sweeps,sim_nonlin0p0,2,nonlin,0.0,,ours,0.7569222941319943,0.7336072016698728,0.7256005169240942,0.10930338116376836,0.17406806319797807,0.18497997344241202,0.7387100042419871,0.17218977212905884,0.7535579199244318,0.7394572399281957,0.7253757666785535,0.106426887945287,0.1702722816850294,0.1835686804109378,0.7394636421770603,0.16095919907093048,0.7739889369736672,0.7560702536581771,0.7405950353616931,0.10623715315227604,0.1663979798566031,0.17057955563595936,0.7568847419978458,0.14859314262866974,0.7266029418791681,0.7272824874281912,0.7212327695080887,0.11969862404898389,0.17631570606994387,0.18155663697436134,0.7250393996051493,0.14940012991428375,0.7400244470055106,0.154117076965295,187.65904694701828,261.224350624769,174.28746765024087,226.30194216576203,155.55056384178795,187.41159805485512,146.36797573828338,171.41753734402513,165.9662635443326,211.58885704735283,0.6716373837295142,0.677231329690346,6773.0,0.587479698804075,0.08415768492543918,0.6577144120247569,0.21380578174762171,0.6155943206883256,9048,nllpch,3.6929264068603516,926.0,913.0,902.0,905.0,0.15788305265133157,0.7176289181764189,0.7174715399742126,0.7193654179573059,0.7169016003608704,0.7174475789070129,0.7167333364486694,0.7177368402481079,0.7174201607704163,0.7177630662918091,0.7177079319953918,0.7179738283157349,1508.0,0.71590025098895,0.7157568335533142,0.7138964533805847,0.7143898010253906,0.7154571413993835,0.714774489402771,0.7155972719192505,0.7163124084472656,0.7171764373779297,0.7167086005210876,0.7157101035118103,1508.0,0.7308507285518548,0.7286866307258606,0.7311832308769226,0.7327574491500854,0.7311677932739258,0.731758713722229,0.7315133213996887,0.731458842754364,0.7309945225715637,0.7313562035560608,0.7286977171897888,1508.0,0.7115948954395473,0.7041758298873901,0.7139474153518677,0.7120901942253113,0.7129662036895752,0.7131791710853577,0.7128704786300659,0.7130856513977051,0.7137399315834045,0.7133952379226685,0.7058124542236328,1508.0,0.7189936982891928,13.1078,115.046,0.229,,,,,,,,,,,,,,,,,,,,,,,,,,,,,,,,,,,,,,,,,,,,,,,,,,,,,,,,,,,,,,,,,,,,,,,,,,,,,,,,,,,,,,,,,,,,,nllpch,L_PCH
sim_nonlin0p0__ours_nllpch_event_ranking__s0,11_extra_sweeps,sim_nonlin0p0,0,nonlin,0.0,,ours,0.7543407104002453,0.743022942544951,0.7300064064721812,0.1226471902249476,0.18593355429539143,0.19808340166413607,0.7424566864724591,0.1823839545249939,0.7384219653479283,0.7285968040007099,0.7144737805853956,0.11824063014313038,0.18474884779022263,0.19684686492642925,0.7271641833113446,0.17425759136676788,0.720065659012352,0.7045367103162634,0.7075726367843931,0.11947685623442555,0.1839245814190326,0.19520168387256312,0.7107250020376695,0.16679853200912476,0.727689063673734,0.7182049459035361,0.7110011202658396,0.11361056475944285,0.1846339290730256,0.19354316533233923,0.7189650432810365,0.1587633490562439,0.7248277287756274,0.1664076058112572,268.774673769438,314.5698846896788,223.96541966138332,266.58919877308256,199.0201555313172,221.6463164041071,193.20102595850744,201.40870315013723,221.24031873016148,251.05352575425144,0.6274684484038604,0.6302204928664072,6735.0,0.586785449146251,0.04068299925760943,0.6494788201375028,0.23150306694919245,0.6555752128236455,9018,nllpch_event_ranking,2.0276663303375244,910.0,895.0,902.0,906.0,0.17055682618549384,0.721532516587502,0.7333427667617798,0.7286251783370972,0.7267770767211914,0.7271692752838135,0.7256450057029724,0.7216269969940186,0.7196148037910461,0.7204716205596924,0.7204869985580444,0.711272656917572,1503.0,0.7069231472875009,0.7121225595474243,0.7090417146682739,0.7098126411437988,0.7098785638809204,0.7042864561080933,0.7027950286865234,0.706152617931366,0.7100287675857544,0.7059159278869629,0.7065809369087219,1503.0,0.6975497486347688,0.6838282346725464,0.680292010307312,0.693235456943512,0.6920615434646606,0.692119836807251,0.6954783201217651,0.6915146708488464,0.6934468150138855,0.7015687227249146,0.710383415222168,1503.0,0.6988670029704265,0.6864492297172546,0.6895606517791748,0.6836620569229126,0.6891418099403381,0.6984477639198303,0.6993705630302429,0.6964557766914368,0.7002711296081543,0.6953796744346619,0.7077750563621521,1503.0,0.7062181038700496,12.9768,115.822,0.231,,,,,,,,,,,,,,,,,,,,,,,,,,,,,,,,,,,,,,,,,,,,,,,,,,,,,,,,,,,,,,,,,,,,,,,,,,,,,,,,,,,,,,,,,,,,,nllpch_event_ranking,L_PCH + L_mul
sim_nonlin0p0__ours_nllpch_event_ranking__s1,11_extra_sweeps,sim_nonlin0p0,1,nonlin,0.0,,ours,0.738604622840078,0.7173444811911852,0.6974563116880972,0.13302880900632832,0.1889497745705515,0.2018910759827962,0.7178018052397869,0.18257689476013184,0.7249519675697419,0.7175701514302318,0.7051034446479383,0.11966123621106001,0.1800111781640804,0.19289020127228526,0.7158751878826374,0.17241314053535461,0.7352988543332788,0.7283844369364733,0.7252559647893853,0.11454301223538034,0.177319829873204,0.18236122885626313,0.729646418686379,0.1565399318933487,0.721345352706468,0.7194949925374091,0.7126907542415235,0.12055081815437442,0.1819924888282133,0.1767067431605771,0.7178436998284669,0.15150508284568787,0.7202917779093175,0.16415886635959284,226.44459497217855,297.2134698436265,202.44590427257262,256.191155901751,165.73079341928525,199.01735016522522,160.79134459170746,182.29805179072466,188.85315931393598,233.68000692533187,0.6683325761017719,0.6691043985161632,6603.0,0.5944267757080115,0.07390580039376038,0.6563841807909605,0.22564395280456018,0.6433807071680878,8850,nllpch_event_ranking,2.003710985183716,895.0,871.0,884.0,873.0,0.1658312243356848,0.7052487651964258,0.7101914882659912,0.7104799151420593,0.7080896496772766,0.7063584923744202,0.7035250663757324,0.6996098756790161,0.7005287408828735,0.7022669315338135,0.707994818687439,0.7091907262802124,1475.0,0.7049190119886493,0.7199307680130005,0.7117653489112854,0.7056096196174622,0.7033681273460388,0.6940253973007202,0.6934031844139099,0.6994922161102295,0.7035313844680786,0.7047468423843384,0.7202662229537964,1475.0,0.7130788508050837,0.7029075026512146,0.704616129398346,0.7087700366973877,0.7107372283935547,0.7123616337776184,0.71311354637146,0.7130619883537292,0.7130321264266968,0.7163819074630737,0.7138873338699341,1475.0,0.7046582015992618,0.6848443746566772,0.6843458414077759,0.6846783757209778,0.6987020969390869,0.7056266069412231,0.7068769931793213,0.7072237730026245,0.7048722505569458,0.7043923139572144,0.7079539895057678,1475.0,0.7069762073973552,12.9799,113.637,0.231,,,,,,,,,,,,,,,,,,,,,,,,,,,,,,,,,,,,,,,,,,,,,,,,,,,,,,,,,,,,,,,,,,,,,,,,,,,,,,,,,,,,,,,,,,,,,nllpch_event_ranking,L_PCH + L_mul
sim_nonlin0p0__ours_nllpch_event_ranking__s2,11_extra_sweeps,sim_nonlin0p0,2,nonlin,0.0,,ours,0.7535366142452056,0.7257098390246592,0.7110323405228931,0.11273626257294389,0.19637431070295377,0.20379368525702926,0.7300929312642527,0.18847550451755524,0.7459289983032686,0.7275267242772493,0.7078578016111126,0.10851219369980758,0.17936753143027137,0.20377531355158598,0.7271045080638769,0.17431418597698212,0.7568293362839972,0.739160318888054,0.7304011395339391,0.10645154110183341,0.17277026695569234,0.17763660792101654,0.7421302649019967,0.15414825081825256,0.7039921488790477,0.7190589962650756,0.7086930359956382,0.1209501988778701,0.17883261750814874,0.18693682000208953,0.7105813937132539,0.15375801920890808,0.7274772744858451,0.1623447791317702,258.35244084382117,302.54252216471656,228.55164727208998,259.81035005733264,182.81520423917476,204.3099539796324,178.6813017044024,191.0756049035806,212.10014851487205,239.43460777631554,0.6700132880555145,0.6744730679156908,6773.0,0.587479698804075,0.0825335892514395,0.6475464190981433,0.22668890961168145,0.6454037445242891,9048,nllpch_event_ranking,2.0190694332122803,926.0,913.0,902.0,905.0,0.16781950043948612,0.7045006288313551,0.7111859917640686,0.7125255465507507,0.7090451717376709,0.7085413932800293,0.70582515001297,0.7024412751197815,0.698867917060852,0.6988337635993958,0.7030237317085266,0.7070285677909851,1508.0,0.7003770789628347,0.7055531740188599,0.7079294919967651,0.703741729259491,0.7041701674461365,0.6964673399925232,0.6973367929458618,0.7021408677101135,0.6982572078704834,0.6966668367385864,0.7034741044044495,1508.0,0.717011148098063,0.7178555727005005,0.7136307954788208,0.7138449549674988,0.7109183073043823,0.71114581823349,0.7173058986663818,0.7167758345603943,0.7192302346229553,0.7210812568664551,0.7170255184173584,1508.0,0.6987507113694521,0.6979879140853882,0.6979836821556091,0.6960420608520508,0.6939249038696289,0.7008892297744751,0.7037191390991211,0.7041140794754028,0.7022354006767273,0.6981487274169922,0.6918268799781799,1508.0,0.7051598918154262,12.0318,125.334,0.249,,,,,,,,,,,,,,,,,,,,,,,,,,,,,,,,,,,,,,,,,,,,,,,,,,,,,,,,,,,,,,,,,,,,,,,,,,,,,,,,,,,,,,,,,,,,,nllpch_event_ranking,L_PCH + L_mul
sim_nonlin0p0__ours_nllpch_sample_event_ranking__s0,11_extra_sweeps,sim_nonlin0p0,0,nonlin,0.0,,ours,0.754564691285258,0.7486551566102311,0.7396468386820266,0.12797721055978448,0.19530572343053723,0.21726394541678795,0.7476222288591718,0.20067229866981506,0.7497126594259831,0.7473482752446783,0.7346012153579975,0.12084050251878398,0.1902561280650295,0.21278341046423016,0.7438873833428863,0.1880035400390625,0.7306506202763161,0.7236457811947193,0.7259342703148973,0.12376743962513277,0.1942379368476981,0.21530472625388253,0.7267435572619775,0.1799006462097168,0.741491959901833,0.7329714401931721,0.7248802919996147,0.1196774466569225,0.2002240194369633,0.20350909464826714,0.7331145640315399,0.1670098751783371,0.7378419333738938,0.176762298660335,242.09987865997437,323.0656899694515,199.03228883182683,271.6541852260743,178.93730669603383,223.09584141238594,164.15263587323247,191.41154030159498,196.05552751526687,252.3068142273767,0.6546399406087602,0.6601556420233463,6735.0,0.586785449146251,0.06785449146250921,0.6459303614992238,0.2334858298446923,0.6597431103579954,9018,nllpch_sample_event_ranking,2.2750332355499268,910.0,895.0,902.0,906.0,0.1839070827338031,0.7333011494377153,0.7359359860420227,0.733176589012146,0.734296441078186,0.7337571382522583,0.7335671186447144,0.7337168455123901,0.7307800650596619,0.7328678369522095,0.7334452271461487,0.7337981462478638,1503.0,0.7242318696481604,0.7217152714729309,0.7221579551696777,0.724977433681488,0.7262310981750488,0.7242885828018188,0.7247732877731323,0.7256669402122498,0.7257307767868042,0.7251886129379272,0.7202929258346558,1503.0,0.712775131546719,0.7105591893196106,0.7019319534301758,0.7020025253295898,0.7008520364761353,0.7048037052154541,0.7155094742774963,0.7128434181213379,0.7138123512268066,0.7197197675704956,0.7157763838768005,1503.0,0.7119538245754828,0.7130930423736572,0.7099363803863525,0.7092642784118652,0.7061073184013367,0.7181092500686646,0.7172233462333679,0.7155998349189758,0.7155349850654602,0.7080819010734558,0.7075387239456177,1503.0,0.7205654938020194,13.476,111.532,0.223,,,,,,,,,,,,,,,,,,,,,,,,,,,,,,,,,,,,,,,,,,,,,,,,,,,,,,,,,,,,,,,,,,,,,,,,,,,,,,,,,,,,,,,,,,,,,nllpch_sample_event_ranking,L_PCH + L_rank + L_mul (paper)
sim_nonlin0p0__ours_nllpch_sample_event_ranking__s1,11_extra_sweeps,sim_nonlin0p0,1,nonlin,0.0,,ours,0.7450869760660005,0.7256341748423923,0.7149297838216787,0.1369877629049644,0.20014521337277405,0.21772730762769604,0.7285503115766905,0.19972579181194305,0.7404439401493093,0.7419079898104108,0.7342352134030489,0.12188119624350166,0.19234091188077654,0.20825533206658334,0.738862381120923,0.1877460926771164,0.7399568579878153,0.7309200663224571,0.7282347376189101,0.12215560265733699,0.19454820325426478,0.20898551814443203,0.7330372206430608,0.17576569318771362,0.7276550325449349,0.7266980359654606,0.7205156854381233,0.12468738570327487,0.19927275082738893,0.20180439121876162,0.7249562513161729,0.16802164912223816,0.7313515411642117,0.17739929799181295,245.89677497813503,324.0697364538749,212.14987669157048,275.14828315799826,194.32167524654042,225.5776494532981,167.64171944350514,194.75145304232115,205.00251158993777,254.8867805268731,0.6577313342420112,0.6608373078961315,6603.0,0.5944267757080115,0.06330455853399974,0.6535593220338983,0.23036191004269055,0.6533187620354362,8850,nllpch_sample_event_ranking,2.2736434936523438,895.0,871.0,884.0,873.0,0.18289560115103892,0.7165684170259404,0.7179495096206665,0.7174198627471924,0.7183638215065002,0.7184834480285645,0.717579185962677,0.716960072517395,0.717382550239563,0.7169457077980042,0.7158291339874268,0.7126373052597046,1475.0,0.7237365694927648,0.7253938913345337,0.7220685482025146,0.7242019176483154,0.7230678200721741,0.7173854112625122,0.7219569683074951,0.7255589962005615,0.7243327498435974,0.7261142134666443,0.7247505784034729,1475.0,0.7167564382628789,0.7058993577957153,0.7178102731704712,0.7169176340103149,0.7180297374725342,0.7159863710403442,0.7131540775299072,0.7147845029830933,0.7157897353172302,0.7186688184738159,0.7193528413772583,1475.0,0.7123287011852302,0.6952077746391296,0.7074281573295593,0.7072576880455017,0.7118574380874634,0.7103437781333923,0.7135912775993347,0.7140429615974426,0.7135827541351318,0.7125934958457947,0.7117403149604797,1475.0,0.7173475314917035,12.2375,120.531,0.245,,,,,,,,,,,,,,,,,,,,,,,,,,,,,,,,,,,,,,,,,,,,,,,,,,,,,,,,,,,,,,,,,,,,,,,,,,,,,,,,,,,,,,,,,,,,,nllpch_sample_event_ranking,L_PCH + L_rank + L_mul (paper)
sim_nonlin0p0__ours_nllpch_sample_event_ranking__s2,11_extra_sweeps,sim_nonlin0p0,2,nonlin,0.0,,ours,0.7553163137697534,0.7312843800891056,0.7246994198604827,0.11607162969892237,0.20257742008460275,0.21782118058639083,0.7371000379064472,0.2001352310180664,0.7483319260162371,0.7366306844683739,0.7220831500159217,0.1119017066451287,0.1927605470251381,0.2165457416512309,0.7356819201668442,0.18929816782474518,0.7747597991539388,0.75853768095861,0.7404407310819765,0.11543131263253434,0.19349883057441372,0.20409183156961044,0.7579127370648417,0.1730242818593979,0.722535958758023,0.725511360505191,0.7203765273913756,0.12414662633758744,0.1997610553393412,0.20335387310607975,0.7228079488848632,0.167619526386261,0.738375661005749,0.17483014627091506,242.7067030604829,322.47660512288945,220.12192247707304,274.5965408880003,183.1839189044843,219.25511092446254,169.8786171744136,194.30037908996042,203.97279040411348,252.6571590063282,0.6496382695998819,0.6539422326307572,6773.0,0.587479698804075,0.06215857079580689,0.6548408488063661,0.2328090445840409,0.6583672749930838,9048,nllpch_sample_event_ranking,2.286365270614624,926.0,913.0,902.0,905.0,0.1826434516630458,0.7123044955004987,0.7118582725524902,0.7141869068145752,0.7163068652153015,0.7114734053611755,0.7114479541778564,0.7153688073158264,0.7148351669311523,0.7142269015312195,0.7134242653846741,0.7039215564727783,1508.0,0.7109440995580819,0.707691490650177,0.7071288228034973,0.7104368209838867,0.7141239047050476,0.7092426419258118,0.7088717818260193,0.7134039402008057,0.7130427360534668,0.7103373408317566,0.7101107239723206,1508.0,0.7280714100595326,0.7260594367980957,0.730962336063385,0.7324814200401306,0.7265439629554749,0.7281897664070129,0.7331306338310242,0.7303587198257446,0.7286282777786255,0.7315365076065063,0.7194700241088867,1508.0,0.7101136477198341,0.7103298902511597,0.7103365659713745,0.7116988301277161,0.711186945438385,0.7095628976821899,0.7100211381912231,0.7125413417816162,0.7126309871673584,0.7112728953361511,0.7053773999214172,1508.0,0.7153584132094869,14.3432,105.137,0.209,,,,,,,,,,,,,,,,,,,,,,,,,,,,,,,,,,,,,,,,,,,,,,,,,,,,,,,,,,,,,,,,,,,,,,,,,,,,,,,,,,,,,,,,,,,,,nllpch_sample_event_ranking,L_PCH + L_rank + L_mul (paper)
sim_nonlin1p0__coxph__s0,11_extra_sweeps,sim_nonlin1p0,0,nonlin,1.0,,coxph,0.6203217248229049,0.6072394089851466,0.6013181710835241,0.12500576536346789,0.205342150644179,0.2386198989812486,0.6096264349638586,0.18965593832963182,0.6215786024521602,0.6205333485411192,0.6125502073558412,0.13559302091151804,0.21268100731317144,0.23996995137799373,0.6182207194497069,0.19608132653422772,0.5588527604124617,0.5790194859601436,0.5797205478952491,0.12713872046455266,0.2196053722076004,0.24182580957074282,0.5725309314226181,0.19618996741429862,0.6438843504613383,0.6397846801043916,0.625084331805778,0.13484198987385912,0.21601823752236934,0.23563926030418708,0.6362511207905026,0.19549982923347184,0.6091573016566716,0.1943567653779075,278.29125628054413,355.6656456042997,250.84739095908145,308.4428242037589,227.42774658887967,259.9049642347005,196.77621892338527,219.13837212277005,238.33565318797264,285.78795154138226,0.6086311730683672,0.6103385416666667,6743.0,0.5813436156013644,0.027287557467002843,0.5827234420048791,0.24290053493020958,0.6790842910671726,9018,,,,,,,,,,,,,,,,,,,,,,,,,,,,,,,,,,,,,,,,,,,,,,,,,,,,,,,,,,,,,,,,,,,,,,,,,,,,,,,,,,,,,,,,,,,,,,,,,,,,,,,,,,,,,,,,,,,,,,,,,,,,,,,,,,,,,,,,,,,,,,,,,,,,,,,,,Cox PH (cause-specific)
sim_nonlin1p0__coxph__s1,11_extra_sweeps,sim_nonlin1p0,1,nonlin,1.0,,coxph,0.5961463541868236,0.5908209735289108,0.5946894311064344,0.14139385677299865,0.22232233343238594,0.23892422707805427,0.5938855862740563,0.20088013909447963,0.6212368349396186,0.599003221910144,0.6053200355666692,0.1318849597758204,0.21172135946494383,0.22869146017608677,0.6085200308054773,0.19076592647228366,0.6032210481680771,0.6210534502756105,0.6232552264161868,0.12760359396268994,0.2091556718141709,0.22953694850172598,0.6158432416199581,0.18876540475952897,0.6575801660154895,0.6480158968522856,0.6317624541681901,0.1344424233695271,0.21452849284228323,0.21835036943282132,0.6457861723453217,0.18910709521487723,0.6160087577612033,0.19237964138529237,289.53313668532604,361.8823241805264,253.7688551418484,300.8572141567304,221.00308178926895,258.52364642929746,197.22979111167007,216.68746543210733,240.38371618202837,284.4876625496654,0.6239251772514708,0.6277601690438458,6629.0,0.5884748830894554,0.035450294162015394,0.5856497175141243,0.24155162567007374,0.6762118384104845,8850,,,,,,,,,,,,,,,,,,,,,,,,,,,,,,,,,,,,,,,,,,,,,,,,,,,,,,,,,,,,,,,,,,,,,,,,,,,,,,,,,,,,,,,,,,,,,,,,,,,,,,,,,,,,,,,,,,,,,,,,,,,,,,,,,,,,,,,,,,,,,,,,,,,,,,,,,Cox PH (cause-specific)
sim_nonlin1p0__coxph__s2,11_extra_sweeps,sim_nonlin1p0,2,nonlin,1.0,,coxph,0.6320055886457114,0.6134213889054778,0.6030695542435464,0.12540825767424982,0.21287636180381428,0.23568979071737597,0.6161655105982452,0.19132480339848001,0.6132511717694497,0.6175628306700087,0.6201150589326684,0.13299017415477787,0.20956661105181892,0.22662422856105935,0.6169763537907089,0.18972700458921873,0.5815756991639258,0.5963649901647832,0.5998978628179337,0.12010133972659791,0.20913795645346797,0.23346964868038192,0.5926128507155476,0.1875696482868159,0.637707047549177,0.6362981930131845,0.6258409925399847,0.1277228029577115,0.20874262014616884,0.21854271915522056,0.633282077700782,0.18500271408636695,0.614759198201321,0.1884060425902204,285.2505687471386,363.27315428967756,250.51440695984218,303.42937613999015,223.48731508178307,258.8912352570282,196.6724366133481,221.06824442027033,238.981181850528,286.66550252674153,0.6199673154063289,0.6227402227402228,6731.0,0.5892140840885456,0.03075323131778329,0.5877541998231653,0.2416157070647352,0.6763757045223735,9048,,,,,,,,,,,,,,,,,,,,,,,,,,,,,,,,,,,,,,,,,,,,,,,,,,,,,,,,,,,,,,,,,,,,,,,,,,,,,,,,,,,,,,,,,,,,,,,,,,,,,,,,,,,,,,,,,,,,,,,,,,,,,,,,,,,,,,,,,,,,,,,,,,,,,,,,,Cox PH (cause-specific)
sim_nonlin1p0__oracle__s0,11_extra_sweeps,sim_nonlin1p0,0,nonlin,1.0,,oracle,0.7291696470706268,0.7278690365360931,0.7229652801477106,0.11018860618110388,0.1685295557466936,0.18556361160319007,0.7266679879181436,0.15476059117699584,0.7353677213895954,0.7431821327271557,0.7357227512500375,0.12072677641838672,0.16757244354374917,0.1787639894576795,0.7380908684555963,0.1556877364732718,0.7459492350059589,0.7286501622538223,0.7264414062732936,0.10489701318674374,0.17363372898069684,0.17959833264034641,0.7336802678443582,0.15270969160259565,0.765461442353522,0.7565969350370709,0.7498410176472133,0.11313331338132415,0.1678250961477443,0.16970310761236432,0.7572997983459354,0.15022050571381093,0.7389347306410083,0.15334463124166856,205.83155371116732,269.1472016361818,184.41213894666234,231.78108495086732,171.79268319412157,201.18174402214447,150.21156272427595,168.80138699500742,178.0619846440568,217.72785440105025,0.6959810173513273,0.7033854166666667,6743.0,0.5813436156013644,0.11463740174996295,0.674983366600133,0.20628348474830766,0.5992849298589653,9018,,,,,,,,,,,,,,,,,,,,,,,,,,,,,,,,,,,,,,,,,,,,,,,,,,,,,,,,,,,,,,,,,,,,,,,,,,,,,,,,,,,,,,,,,,,,,,,,,,,,,,,,,,,,,,,,,,,,,,,,,,,,,,,,,,,,,,,,,,,,,,,,,,,,,,,,,Oracle (true CIF)
sim_nonlin1p0__oracle__s1,11_extra_sweeps,sim_nonlin1p0,1,nonlin,1.0,,oracle,0.7119648209802804,0.7129854269053012,0.7164343071646246,0.12572381054490267,0.1844611244243535,0.18161505196298652,0.7137948516834021,0.16393332897741422,0.7323699048493074,0.7223733032280255,0.7248804524840804,0.11798046462726966,0.1747573552958354,0.17558109104214875,0.7265412201871376,0.1561063036550846,0.7447765716437919,0.7462399278321744,0.7380457274062399,0.10936779227588374,0.16235033639066423,0.1752502015448738,0.7430207422940688,0.14898944340380726,0.7724839009167899,0.7560920857055319,0.7421585430662608,0.11520775073999048,0.1666687482202187,0.166533238632721,0.7569115098961942,0.14946991253097672,0.7350670810152007,0.1546247471418207,215.77713225322228,273.58298768319116,184.94471994656323,225.01300703419318,177.43876079778693,202.58941893625655,158.2229250202854,172.67259939026448,184.09588450446446,218.46450326097633,0.6987479257806607,0.7040412044374009,6629.0,0.5884748830894554,0.1102730426912053,0.6767231638418079,0.2056121913578886,0.5972750950150061,8850,,,,,,,,,,,,,,,,,,,,,,,,,,,,,,,,,,,,,,,,,,,,,,,,,,,,,,,,,,,,,,,,,,,,,,,,,,,,,,,,,,,,,,,,,,,,,,,,,,,,,,,,,,,,,,,,,,,,,,,,,,,,,,,,,,,,,,,,,,,,,,,,,,,,,,,,,Oracle (true CIF)
sim_nonlin1p0__oracle__s2,11_extra_sweeps,sim_nonlin1p0,2,nonlin,1.0,,oracle,0.7470042717143462,0.735847950735618,0.7284512999933479,0.10762894017108712,0.17175262450998008,0.17879049453644882,0.7371011741477708,0.15272401973917202,0.7525936250945029,0.7454277032389401,0.74564987106972,0.11603199690117275,0.16821196174856326,0.16682418136667468,0.7478903998010544,0.1503560466721369,0.7605898153561417,0.7489705628046466,0.7495999582491144,0.09796407728222026,0.16186595133981477,0.16353187383055462,0.7530534454699676,0.1411206341508632,0.7684818050696826,0.7469066973056656,0.7451959999297791,0.1082038832563375,0.16882452890944327,0.16170450240801248,0.7535281674350425,0.14624430485793108,0.7478932967134588,0.14761125135502579,212.30529372691907,272.03796376967404,183.83588488636664,225.46680096643598,166.2041101384523,192.9570815208187,159.77942934098996,175.21285976190322,180.531179523182,216.418676504708,0.7058386569603328,0.7130795130795131,6731.0,0.5892140840885456,0.11662457287178718,0.6897656940760389,0.20007714978417102,0.5842907510553995,9048,,,,,,,,,,,,,,,,,,,,,,,,,,,,,,,,,,,,,,,,,,,,,,,,,,,,,,,,,,,,,,,,,,,,,,,,,,,,,,,,,,,,,,,,,,,,,,,,,,,,,,,,,,,,,,,,,,,,,,,,,,,,,,,,,,,,,,,,,,,,,,,,,,,,,,,,,Oracle (true CIF)
sim_nonlin1p0__ours_nllpch__s0,11_extra_sweeps,sim_nonlin1p0,0,nonlin,1.0,,ours,0.7043103044487273,0.6882312420128912,0.6849730008416951,0.1182147433409759,0.18838780280705844,0.21014406243536235,0.6925048491011045,0.19093778729438782,0.7124866812784393,0.7168254880504739,0.7096698901981991,0.12563042913054717,0.18027048104422846,0.19813035144133723,0.7129940198423707,0.17206092178821564,0.6917421004968262,0.684350504901373,0.6751225589032576,0.11475198316858987,0.1922336640153446,0.20744815664962205,0.6837383881004855,0.1769578754901886,0.716706904538237,0.7138846309785551,0.7046343476519024,0.12263619428427272,0.18692702123055188,0.1915856527813217,0.7117419610562316,0.15977877378463745,0.700244804525048,0.1696967118607677,237.83812310089135,296.5327854844035,200.37442070877205,246.94798937936488,223.0367395909517,238.10047996726715,176.67752494636704,193.11907532131323,209.48170208674554,243.67508253808717,0.66721044045677,0.6724479166666667,6743.0,0.5813436156013644,0.08586682485540564,0.6451541361721003,0.22015575520445535,0.6308809661221743,9018,nllpch,3.8565468788146973,909.0,899.0,894.0,916.0,0.17490406711253756,0.6792961150285484,0.6803925037384033,0.6816184520721436,0.6807713508605957,0.6796454191207886,0.6785473823547363,0.6795141696929932,0.6788224577903748,0.6789185404777527,0.6789074540138245,0.6788186430931091,1503.0,0.7027503824330368,0.6983234286308289,0.7002265453338623,0.7027506828308105,0.7017650008201599,0.7010127305984497,0.7018642425537109,0.704136848449707,0.70430988073349,0.703528106212616,0.7028067111968994,1503.0,0.6656248200232449,0.6614259481430054,0.6604431867599487,0.6658498048782349,0.6665011644363403,0.6661733984947205,0.667057991027832,0.6674611568450928,0.6668907999992371,0.6665840148925781,0.6621609926223755,1503.0,0.6888986115202123,0.6898980140686035,0.6897652745246887,0.6890531182289124,0.6903254389762878,0.690635085105896,0.6910264492034912,0.6901614665985107,0.6916755437850952,0.6888614892959595,0.6838808655738831,1503.0,0.6841424822512606,12.3257,121.94,0.243,,,,,,,,,,,,,,,,,,,,,,,,,,,,,,,,,,,,,,,,,,,,,,,,,,,,,,,,,,,,,,,,,,,,,,,,,,,,,,,,,,,,,,,,,,,,,nllpch,L_PCH
sim_nonlin1p0__ours_nllpch__s1,11_extra_sweeps,sim_nonlin1p0,1,nonlin,1.0,,ours,0.6886780564604333,0.6950476784899554,0.6930623552527212,0.12998287081110074,0.19181639580844487,0.19912216275454045,0.69226269673437,0.18545527756214142,0.7248409840372009,0.7072461186788377,0.7079575646732087,0.11877577143287557,0.1821186689678597,0.1857668327271945,0.7133482224630824,0.16787177324295044,0.7233627188434885,0.7138871065580931,0.701666687619064,0.11463704618643052,0.17931216541313955,0.19778582279889598,0.7129721710068818,0.17100752890110016,0.738133796408482,0.7295326917073601,0.712465782902157,0.12154759220251277,0.17877339794011293,0.1838330954561864,0.7267107570059997,0.15642748773097992,0.7113234618025835,0.16528931854160783,242.1204479219093,294.0670623888841,207.0707865189185,240.4281137146612,207.23938214391217,231.79333205910035,171.1703249785338,184.9364845637444,206.90023539081844,237.80624818159754,0.6835118419067733,0.689012150026413,6629.0,0.5884748830894554,0.09503695881731788,0.6620338983050847,0.21475427280581794,0.6185540304169018,8850,nllpch,3.7962453365325928,914.0,898.0,856.0,882.0,0.17031168027662896,0.690713974838846,0.691015362739563,0.6921695470809937,0.6921949982643127,0.6915497183799744,0.6912463903427124,0.6903396844863892,0.6907692551612854,0.6909089684486389,0.6915690302848816,0.6877622604370117,1475.0,0.7096612396699893,0.7070373296737671,0.7111423015594482,0.7111819386482239,0.7113429307937622,0.7101085186004639,0.7100316882133484,0.7100698351860046,0.71010422706604,0.7098725438117981,0.7070024609565735,1475.0,0.680888229349748,0.670551598072052,0.6780623197555542,0.6809114217758179,0.6816636323928833,0.6822152137756348,0.6806405782699585,0.6818391680717468,0.6837895512580872,0.6844561100006104,0.6751506328582764,1475.0,0.7030242133151987,0.6859757304191589,0.6988959908485413,0.701376736164093,0.7034176588058472,0.7039536237716675,0.7053586840629578,0.7053859233856201,0.7050252556800842,0.7038432359695435,0.6986579895019531,1475.0,0.6960719142934456,13.4458,109.7,0.223,,,,,,,,,,,,,,,,,,,,,,,,,,,,,,,,,,,,,,,,,,,,,,,,,,,,,,,,,,,,,,,,,,,,,,,,,,,,,,,,,,,,,,,,,,,,,nllpch,L_PCH
sim_nonlin1p0__ours_nllpch__s2,11_extra_sweeps,sim_nonlin1p0,2,nonlin,1.0,,ours,0.7315831807264045,0.716695553341575,0.7075598122610862,0.11143004668992437,0.18032578206678873,0.19402435410756097,0.7186128487763552,0.17856693267822266,0.7145376252424992,0.7156778503650351,0.7135980674106704,0.12299844747052995,0.18085041662149562,0.18642949039511525,0.7146045143394016,0.16998906433582306,0.7180936132794823,0.7077255073913009,0.7029965615866729,0.10867967535247425,0.18103208374066948,0.1922508305623213,0.7096052274191521,0.16516698896884918,0.7344458296857318,0.7152992725793885,0.7131661018503246,0.11631663632075785,0.18443051445118572,0.18004591392461325,0.7209704013718149,0.15558721125125885,0.715948247976681,0.16156784930861973,219.2816692435802,285.37431692021613,183.00185668377082,236.30758217390002,205.7222072717169,225.15593963642948,172.31841465503362,188.4714988839074,195.08103696352538,233.82733440361326,0.6834051403951864,0.6902097902097901,6731.0,0.5892140840885456,0.09419105630664082,0.6639036251105217,0.2139194604903478,0.6167485905888621,9048,nllpch,3.791796922683716,921.0,895.0,876.0,882.0,0.16746350314424369,0.701745635969304,0.6973127126693726,0.6987729668617249,0.7003995180130005,0.7002930641174316,0.7009507417678833,0.7011732459068298,0.7029229998588562,0.7028379440307617,0.7027431726455688,0.7032507061958313,1508.0,0.7078162046046572,0.6959995627403259,0.7065233588218689,0.7073100805282593,0.7084308862686157,0.7086681723594666,0.7090532183647156,0.7092291116714478,0.7087860703468323,0.7096225619316101,0.7043928503990173,1508.0,0.6872877611914809,0.6712768077850342,0.6843568086624146,0.6881548166275024,0.6892088651657104,0.6884896755218506,0.6893529891967773,0.6894575357437134,0.6885137557983398,0.6867612600326538,0.6838768720626831,1508.0,0.70359582819934,0.6876426935195923,0.7044065594673157,0.7055976390838623,0.7048466801643372,0.7060671448707581,0.7060389518737793,0.7059552073478699,0.7034650444984436,0.7038245797157288,0.6996476054191589,1508.0,0.7001113574911955,14.5542,103.612,0.206,,,,,,,,,,,,,,,,,,,,,,,,,,,,,,,,,,,,,,,,,,,,,,,,,,,,,,,,,,,,,,,,,,,,,,,,,,,,,,,,,,,,,,,,,,,,,nllpch,L_PCH
sim_nonlin1p0__ours_nllpch_event_ranking__s0,11_extra_sweeps,sim_nonlin1p0,0,nonlin,1.0,,ours,0.7135835911930883,0.7022161110892187,0.6893216317621091,0.11741481120557351,0.18176041127488662,0.20642169187996023,0.7017071113481387,0.18737424910068512,0.7023008963561762,0.6992667314596657,0.6895338928990578,0.12700297023322063,0.18669719605048715,0.20531695630317456,0.6970338402383,0.1806182861328125,0.6756539742492174,0.6656904293970927,0.6541399159700652,0.11959522381548407,0.19695548714552524,0.2166371895837587,0.6651614398721251,0.1833190768957138,0.7224004981284008,0.7189686920267092,0.7092862705590633,0.12322661706228542,0.18480095397921367,0.19277972622460424,0.7168851535713912,0.1588427722454071,0.6951968862574888,0.17155076956318116,226.63590714615603,300.79576736578156,207.93518007715693,260.9555698272443,207.36902673791633,235.10774312575265,174.39085668405167,189.98852552746203,204.08274266132022,246.71190146156013,0.6547530772653122,0.6595052083333334,6743.0,0.5813436156013644,0.0734094616639478,0.6386116655577734,0.2286298203964963,0.6494912639215087,9018,nllpch_event_ranking,2.074481725692749,909.0,899.0,894.0,916.0,0.17746994632047602,0.6822747066413166,0.6840282678604126,0.6869131326675415,0.6858364343643188,0.6833413243293762,0.6824141144752502,0.6807975172996521,0.6803327202796936,0.6818426251411438,0.6813769340515137,0.6818912029266357,1503.0,0.6841780871978809,0.6914396286010742,0.6900117993354797,0.6871018409729004,0.6840556859970093,0.681175947189331,0.6802641153335571,0.6812806129455566,0.6840993762016296,0.6841220855712891,0.6874250769615173,1503.0,0.6419887452089027,0.6495316028594971,0.6552216410636902,0.6520399451255798,0.6500855684280396,0.645911455154419,0.6481053233146667,0.6467496752738953,0.6437734365463257,0.6391797065734863,0.6281898021697998,1503.0,0.6945552681928746,0.6895847916603088,0.6945075988769531,0.6956673860549927,0.693982720375061,0.6961904168128967,0.6961965560913086,0.6948367357254028,0.6961373090744019,0.6967477202415466,0.6899376511573792,1503.0,0.6757492018102437,14.2954,105.139,0.21,,,,,,,,,,,,,,,,,,,,,,,,,,,,,,,,,,,,,,,,,,,,,,,,,,,,,,,,,,,,,,,,,,,,,,,,,,,,,,,,,,,,,,,,,,,,,nllpch_event_ranking,L_PCH + L_mul
sim_nonlin1p0__ours_nllpch_event_ranking__s1,11_extra_sweeps,sim_nonlin1p0,1,nonlin,1.0,,ours,0.6880250399955962,0.6895610300148743,0.6847413609554643,0.1324407860176614,0.19937715064552006,0.20452080008473517,0.6874424769886449,0.18888550996780396,0.7105048259319561,0.6882378052861577,0.6880034791556444,0.12106603096535251,0.18991960397195037,0.19744513003522476,0.6955820367912526,0.17557492852210999,0.705450413722069,0.6870574169863417,0.6802717351019532,0.11666050465181332,0.1881863757428999,0.20538180669131265,0.6909265219367878,0.1783529818058014,0.7192259796350123,0.7075886866625253,0.6976722380546602,0.12652367382366014,0.1907070486751355,0.19115757410990467,0.7081623014507326,0.16328847408294678,0.6955283342918545,0.17194887378459753,246.40996581679892,304.7601888904492,216.29847226755516,252.47135624035562,208.4807465379227,238.86506198411604,177.54153972364986,191.39911464228996,212.18268108648167,246.87393043930268,0.6673706441393875,0.6727680929741151,6629.0,0.5884748830894554,0.07889576104993212,0.6449717514124294,0.22738092301825977,0.6469148161788704,8850,nllpch_event_ranking,2.066783905029297,914.0,898.0,856.0,882.0,0.17661921929305707,0.6860893199813582,0.6856220364570618,0.6872139573097229,0.684006929397583,0.6852229833602905,0.6850517988204956,0.6818631291389465,0.6854881048202515,0.6876047849655151,0.6891298294067383,0.6874635815620422,1475.0,0.6902671448327782,0.701168954372406,0.6989690661430359,0.6964792609214783,0.6938021183013916,0.6869224905967712,0.6864767670631409,0.6872128844261169,0.6908699870109558,0.6907838582992554,0.6890650391578674,1475.0,0.6525288142688246,0.6429617404937744,0.6518920063972473,0.6654015183448792,0.658270537853241,0.6577417254447937,0.6542737483978271,0.6579597592353821,0.658991813659668,0.6562855243682861,0.6333211064338684,1475.0,0.6874462510331943,0.6669481992721558,0.6816533803939819,0.6834147572517395,0.6834490299224854,0.6827080249786377,0.6846581101417542,0.6856774687767029,0.6877242922782898,0.6916933059692383,0.6906482577323914,1475.0,0.6790828825290388,14.8054,99.626,0.203,,,,,,,,,,,,,,,,,,,,,,,,,,,,,,,,,,,,,,,,,,,,,,,,,,,,,,,,,,,,,,,,,,,,,,,,,,,,,,,,,,,,,,,,,,,,,nllpch_event_ranking,L_PCH + L_mul
sim_nonlin1p0__ours_nllpch_event_ranking__s2,11_extra_sweeps,sim_nonlin1p0,2,nonlin,1.0,,ours,0.7316797843630802,0.711451560426327,0.7014531584695921,0.11300497507105389,0.18508578524615302,0.19933381807984168,0.7148615010863332,0.18195535242557526,0.7088436239124437,0.7027897183737079,0.7028259755611651,0.12252369584125095,0.18470642104315466,0.1919943936001104,0.7048197726157722,0.17263105511665344,0.6987125171755859,0.6746481085324552,0.6691913724826145,0.11222521677800995,0.19469071368884222,0.20857518399790934,0.6808506660635518,0.1774802953004837,0.7171558606832079,0.7048054441057503,0.70241062968486,0.12000391166258416,0.18901739497687095,0.1850625447526599,0.7081239781579395,0.16098526120185852,0.7021639794808993,0.16718533789487008,214.55133774499666,295.89331477547773,204.34078306948933,251.27837872518376,191.54988137507598,228.0796355645905,169.18065905833527,190.58137163085317,194.9056653119743,241.45817517402628,0.672114098945179,0.6783475783475783,6731.0,0.5892140840885456,0.08290001485663345,0.6518567639257294,0.22748927303630276,0.6472106614596349,9048,nllpch_event_ranking,2.0478453636169434,921.0,895.0,876.0,882.0,0.17334846473884236,0.6951922665167184,0.6904590725898743,0.6880810856819153,0.6884530186653137,0.6936749219894409,0.6949157118797302,0.6937185525894165,0.6948975324630737,0.6978265643119812,0.6984606385231018,0.6987548470497131,1508.0,0.6978925609625429,0.7026673555374146,0.7020937204360962,0.7008509635925293,0.6969936490058899,0.6942567825317383,0.6920628547668457,0.6925838589668274,0.6994643211364746,0.7011601328849792,0.7011532783508301,1508.0,0.6548339004029807,0.6652812361717224,0.6624415516853333,0.6611081957817078,0.6594653725624084,0.652978241443634,0.6568942070007324,0.6537142992019653,0.6560181975364685,0.6502367258071899,0.6545889377593994,1508.0,0.6907739938180274,0.6662741303443909,0.6894122958183289,0.6867310404777527,0.6838257312774658,0.6883985996246338,0.6890213489532471,0.6889241337776184,0.6894468665122986,0.6929969787597656,0.6958494186401367,1508.0,0.6846731804250673,12.8765,117.113,0.233,,,,,,,,,,,,,,,,,,,,,,,,,,,,,,,,,,,,,,,,,,,,,,,,,,,,,,,,,,,,,,,,,,,,,,,,,,,,,,,,,,,,,,,,,,,,,nllpch_event_ranking,L_PCH + L_mul
sim_nonlin1p0__ours_nllpch_sample_event_ranking__s0,11_extra_sweeps,sim_nonlin1p0,0,nonlin,1.0,,ours,0.7171297388648792,0.7081941200670466,0.7000422063541756,0.11768625228877282,0.1894577179651085,0.21496783402520186,0.7084553550953672,0.19443011283874512,0.7076083872670829,0.7003926777483459,0.7006909224027933,0.12953308163926158,0.20117704886134333,0.22040619639230039,0.7028973291394074,0.19252361357212067,0.6822923897806996,0.6739963870569824,0.6659631520323892,0.1199293013807812,0.20379116997456045,0.22554575465997012,0.6740839762900238,0.18902695178985596,0.7302966820876782,0.7257034123753818,0.7169817093190627,0.1271671588524927,0.2030406553513921,0.21814338339904552,0.7243272679273742,0.17462128400802612,0.7024409821130432,0.1809037962325192,229.77852423266177,315.98783034808486,208.7903395856842,276.32637434098973,186.7618332985052,232.54025156688874,163.45263268820196,193.5837852035209,197.1958324512633,254.60956036487107,0.6608334569182857,0.6659375,6743.0,0.5813436156013644,0.07948984131692127,0.6467065868263473,0.23132782951520103,0.6552976276471855,9018,nllpch_sample_event_ranking,2.3447766304016113,909.0,899.0,894.0,916.0,0.18760610619768903,0.6952598135097898,0.6954002976417542,0.7003318667411804,0.6963151693344116,0.6967763900756836,0.6945585608482361,0.696485698223114,0.6936654448509216,0.6950274705886841,0.6953000426292419,0.6932604312896729,1503.0,0.6933568886167917,0.6983107328414917,0.6999744772911072,0.6934725046157837,0.6882913112640381,0.687597393989563,0.6847897171974182,0.6946071982383728,0.6954407691955566,0.6955738663673401,0.69759202003479,1503.0,0.6551629603916149,0.6516631245613098,0.6545636057853699,0.6594036221504211,0.6593451499938965,0.6561190485954285,0.6605991125106812,0.6610488295555115,0.6586569547653198,0.6523000597953796,0.6458224058151245,1503.0,0.7020052909514563,0.6999596953392029,0.7068281173706055,0.7078025937080383,0.7054277062416077,0.7059393525123596,0.7046331167221069,0.7033679485321045,0.7049033641815186,0.7040745615959167,0.6922051310539246,1503.0,0.6864462383674131,11.8971,126.333,0.252,,,,,,,,,,,,,,,,,,,,,,,,,,,,,,,,,,,,,,,,,,,,,,,,,,,,,,,,,,,,,,,,,,,,,,,,,,,,,,,,,,,,,,,,,,,,,nllpch_sample_event_ranking,L_PCH + L_rank + L_mul (paper)
sim_nonlin1p0__ours_nllpch_sample_event_ranking__s1,11_extra_sweeps,sim_nonlin1p0,1,nonlin,1.0,,ours,0.6877105358773912,0.6940378404961052,0.6982535467496567,0.13599820825859105,0.21342594625491706,0.21951530764978042,0.6933339743743844,0.2028057724237442,0.7213329805743502,0.7038207725724683,0.7039670323132056,0.1265143050688814,0.19834167323033391,0.2165779252243346,0.7097069284866747,0.18925917148590088,0.7167403334043151,0.7097791420806774,0.7011030897907276,0.11983489852703269,0.19844863257211282,0.2196496495644166,0.7092075217585734,0.18668130040168762,0.7366092871805375,0.7263581158202485,0.7156496703903416,0.13010182883617033,0.20620125361267946,0.20977643251268593,0.7262056911303758,0.17559251189231873,0.7096135289375021,0.182865505109328,248.2219735747102,327.2102277543284,227.9533300645737,273.45145420725817,199.05992213723326,240.61262892704318,167.2079446326716,195.35915137224615,210.61079260229718,259.15836556521896,0.6789862724392819,0.6844690966719492,6629.0,0.5884748830894554,0.0905113893498265,0.651186440677966,0.2304641349351279,0.6535161688184139,8850,nllpch_sample_event_ranking,2.3279495239257812,914.0,898.0,856.0,882.0,0.18872985933028477,0.6937845306549222,0.6944207549095154,0.6949606537818909,0.6951122879981995,0.6937231421470642,0.6945791840553284,0.6941448450088501,0.6964156031608582,0.6955156922340393,0.6957036852836609,0.6864014863967896,1475.0,0.7034792410828239,0.7000207304954529,0.705182671546936,0.7060192823410034,0.7027286887168884,0.6997736096382141,0.7020956873893738,0.7032420635223389,0.7072983384132385,0.7066879272460938,0.6998716592788696,1475.0,0.6785883469407965,0.6677927374839783,0.6653826832771301,0.6781463027000427,0.6793421506881714,0.6835422515869141,0.6785004138946533,0.6819012761116028,0.6843452453613281,0.6860590577125549,0.6656075119972229,1475.0,0.7035218865093457,0.6759228706359863,0.7015056014060974,0.6963373422622681,0.7045473456382751,0.7002226114273071,0.7023630142211914,0.705878496170044,0.7074720859527588,0.7055193781852722,0.7009891867637634,1475.0,0.6948435012969721,12.398,118.97,0.242,,,,,,,,,,,,,,,,,,,,,,,,,,,,,,,,,,,,,,,,,,,,,,,,,,,,,,,,,,,,,,,,,,,,,,,,,,,,,,,,,,,,,,,,,,,,,nllpch_sample_event_ranking,L_PCH + L_rank + L_mul (paper)
sim_nonlin1p0__ours_nllpch_sample_event_ranking__s2,11_extra_sweeps,sim_nonlin1p0,2,nonlin,1.0,,ours,0.7258421295712666,0.7085796943987221,0.7007479736579577,0.11983612417007383,0.20692308655128183,0.22593195339592567,0.7117232658759821,0.20434407889842987,0.7122941499129063,0.7081890850049483,0.7084948232191338,0.12738601049866438,0.20196835271869618,0.21549672546238063,0.7096593527123294,0.1903546303510666,0.727663791342794,0.7050351694739803,0.6967356987163922,0.112164131443228,0.1958794610968517,0.2180710502186605,0.7098115531777222,0.18105852603912354,0.7258558615562619,0.704099867821398,0.7025303290878454,0.12158810437196693,0.19918264239529412,0.20472512016143937,0.7108286861551685,0.1724870651960373,0.7105057144803005,0.17909606354037194,274.0707790364203,345.46774542846106,236.37779758005522,284.713029116441,220.38116226234072,248.36107916832808,176.40926358194633,202.8914622952884,226.80975061519064,270.3583290021296,0.672411231614916,0.6773115773115773,6731.0,0.5892140840885456,0.08319714752637042,0.6422413793103449,0.23211511202401855,0.6568831906294269,9048,nllpch_sample_event_ranking,2.3260419368743896,921.0,895.0,876.0,882.0,0.18727172667678668,0.6922635580803777,0.682348370552063,0.683007001876831,0.683397650718689,0.6951221227645874,0.6944753527641296,0.6920772194862366,0.6964196562767029,0.694575309753418,0.6937919855117798,0.6918392181396484,1508.0,0.7021158208997955,0.6944090723991394,0.699326753616333,0.7006685137748718,0.7028211951255798,0.7039852142333984,0.7023489475250244,0.7016323804855347,0.7047252058982849,0.705662727355957,0.6974846124649048,1508.0,0.6778009232678158,0.6679508090019226,0.6802997589111328,0.6820642352104187,0.6816299557685852,0.6813383102416992,0.6824182868003845,0.6818647980690002,0.6825889945030212,0.6772992014884949,0.6659805774688721,1508.0,0.6894487611468291,0.6898694038391113,0.6911354064941406,0.6866397261619568,0.6903523802757263,0.6912843585014343,0.6925026178359985,0.692453145980835,0.6924613118171692,0.6926453709602356,0.6804315447807312,1508.0,0.6904072658487045,13.1148,114.985,0.229,,,,,,,,,,,,,,,,,,,,,,,,,,,,,,,,,,,,,,,,,,,,,,,,,,,,,,,,,,,,,,,,,,,,,,,,,,,,,,,,,,,,,,,,,,,,,nllpch_sample_event_ranking,L_PCH + L_rank + L_mul (paper)
