tag,source,dataset,seed,stage,model,ctd_0th_event_0.25,ctd_0th_event_0.5,ctd_0th_event_0.75,brier_0th_event_0.25,brier_0th_event_0.5,brier_0th_event_0.75,ctd_0th_event,brier_0th_event,ctd_1th_event_0.25,ctd_1th_event_0.5,ctd_1th_event_0.75,brier_1th_event_0.25,brier_1th_event_0.5,brier_1th_event_0.75,ctd_1th_event,brier_1th_event,ctd_2th_event_0.25,ctd_2th_event_0.5,ctd_2th_event_0.75,brier_2th_event_0.25,brier_2th_event_0.5,brier_2th_event_0.75,ctd_2th_event,brier_2th_event,ctd_3th_event_0.25,ctd_3th_event_0.5,ctd_3th_event_0.75,brier_3th_event_0.25,brier_3th_event_0.5,brier_3th_event_0.75,ctd_3th_event,brier_3th_event,ctd_weighted_avg,brier_survtrace_weighted_avg,mae_uncensored_0th_event,mae_margin_0th_event,mae_uncensored_1th_event,mae_margin_1th_event,mae_uncensored_2th_event,mae_margin_2th_event,mae_uncensored_3th_event,mae_margin_3th_event,mae_uncensored,mae_margin,within_ctd,within_ctd_subject,within_ctd_pairs,within_ctd_km,within_ctd_gain,true_order_c,true_order_brier,true_order_logloss,true_order_pairs,loss,brier_0th_event_n,brier_1th_event_n,brier_2th_event_n,brier_3th_event_n,brier_weighted_avg,ipcw_0th_event,ipcw_0th_event_0.10,ipcw_0th_event_0.20,ipcw_0th_event_0.30,ipcw_0th_event_0.40,ipcw_0th_event_0.50,ipcw_0th_event_0.60,ipcw_0th_event_0.70,ipcw_0th_event_0.80,ipcw_0th_event_0.90,ipcw_0th_event_1.00,ipcw_0th_event_n,ipcw_1th_event,ipcw_1th_event_0.10,ipcw_1th_event_0.20,ipcw_1th_event_0.30,ipcw_1th_event_0.40,ipcw_1th_event_0.50,ipcw_1th_event_0.60,ipcw_1th_event_0.70,ipcw_1th_event_0.80,ipcw_1th_event_0.90,ipcw_1th_event_1.00,ipcw_1th_event_n,ipcw_2th_event,ipcw_2th_event_0.10,ipcw_2th_event_0.20,ipcw_2th_event_0.30,ipcw_2th_event_0.40,ipcw_2th_event_0.50,ipcw_2th_event_0.60,ipcw_2th_event_0.70,ipcw_2th_event_0.80,ipcw_2th_event_0.90,ipcw_2th_event_1.00,ipcw_2th_event_n,ipcw_3th_event,ipcw_3th_event_0.10,ipcw_3th_event_0.20,ipcw_3th_event_0.30,ipcw_3th_event_0.40,ipcw_3th_event_0.50,ipcw_3th_event_0.60,ipcw_3th_event_0.70,ipcw_3th_event_0.80,ipcw_3th_event_0.90,ipcw_3th_event_1.00,ipcw_3th_event_n,ipcw_weighted_avg,runtime,samples_per_second,steps_per_second,recipe,penalty,event_ranking_loss_sigma,event_ranking_loss_coeff,ranking_loss_sigma,ranking_loss_coeff,ipcw_0th_event_0.25,ipcw_0th_event_0.75,tuned,variant,label
sim_base__coxph__s0,08_true_order_and_tuning,sim_base,0.0,truth,coxph,0.7007518597196284,0.680179643327545,0.6587866238769579,0.11817009643633124,0.1865663367658121,0.21636537828708577,0.6799060423080437,0.17370060382974303,0.6843379287525533,0.6720909944739472,0.6523162683915731,0.12850306837832517,0.1977220916260799,0.2274393979973947,0.6695817305393579,0.1845548526672666,0.6829955633141989,0.6868267478936758,0.6731466771077009,0.12255709695757995,0.19334207328026512,0.2114838899343872,0.6809896627718586,0.1757943533907441,0.6911518630281188,0.6672680096665577,0.6568198014389424,0.12049452944869925,0.20020912371938168,0.20954304348798444,0.6717465580445396,0.17674889888535514,0.6755559984159499,0.17769967719327723,237.67570558156032,313.0779782144777,225.73175308205927,277.1647924764795,193.2980305494531,223.94075779733785,182.53981140150066,200.82397447555442,209.81132515364334,253.75187574096236,0.6435307987032125,0.6468935292601187,6786.0,0.5789861479516651,0.06454465075154736,0.6275227323131515,0.2262415100191341,0.6435441309958003,9018.0,,,,,,,,,,,,,,,,,,,,,,,,,,,,,,,,,,,,,,,,,,,,,,,,,,,,,,,,,,,,,,,,,,,,,Cox PH (cause-specific)
sim_base__coxph__s1,08_true_order_and_tuning,sim_base,1.0,truth,coxph,0.6745227517801984,0.6517407832914339,0.6392451965414261,0.13471318560317905,0.2036100515109653,0.2278675784028521,0.6551695772043528,0.18873027183899882,0.684381360235272,0.6781631924354274,0.6622162447343367,0.12330431554541081,0.19160854629834906,0.21121153991048935,0.6749202658016786,0.17537480058474975,0.7048509889753647,0.6933591599444309,0.6763561587842818,0.11806301422310467,0.1872223971456143,0.20784329402446242,0.6915221025680257,0.17104290179772716,0.6960510536104204,0.6684601321945441,0.6637355611550436,0.11955138836292183,0.20233100758564265,0.20412204597978584,0.6760822489866695,0.17533481397611675,0.6744235486401816,0.17762069704939812,257.17731957385894,320.95105718609335,224.75760482476457,270.571827007842,189.07562518003573,221.97689283263134,186.7688601756239,200.69712494154527,214.4448524385708,253.54922549202803,0.6542689354012949,0.6581554677206851,6641.0,0.5893690709230538,0.06489986447824114,0.6220338983050847,0.2269300520028587,0.6446342748905686,8850.0,,,,,,,,,,,,,,,,,,,,,,,,,,,,,,,,,,,,,,,,,,,,,,,,,,,,,,,,,,,,,,,,,,,,,Cox PH (cause-specific)
sim_base__coxph__s2,08_true_order_and_tuning,sim_base,2.0,truth,coxph,0.6777852669742412,0.6687358252377635,0.6467215760309938,0.11635417706150203,0.1951051962060201,0.21924819693630898,0.6644142227476663,0.17690252340127702,0.6793758561633659,0.6688330182884056,0.662753003061277,0.11966633430425837,0.19360925451436042,0.2114020953233918,0.6703206258376828,0.1748925613806702,0.7134554416006962,0.6949010441137518,0.6817148814041707,0.10999827023003383,0.19082822988486423,0.2011596859234617,0.6966904557062062,0.16732872867945325,0.7153626965399633,0.6761609244067704,0.6652286475869509,0.11296423443764612,0.19755083791030084,0.2032146857137846,0.6855840895112282,0.17124325268724383,0.6792523484506959,0.17259176653716107,257.31629345811126,322.0570865147914,232.5057311970328,276.06929075032696,191.00360435732267,216.32590547782854,176.49404187965672,196.31338115187222,214.32991772303086,252.6914159737048,0.6518081180811808,0.6553488372093023,6775.0,0.5778597785977859,0.07394833948339485,0.628315649867374,0.2269354541407382,0.645210480370166,9048.0,,,,,,,,,,,,,,,,,,,,,,,,,,,,,,,,,,,,,,,,,,,,,,,,,,,,,,,,,,,,,,,,,,,,,Cox PH (cause-specific)
sim_base__coxph__s3,08_true_order_and_tuning,sim_base,3.0,truth,coxph,0.6842810829199801,0.6715692775411121,0.6538950658288991,0.12261982835230807,0.1954222688448416,0.2213579418771474,0.6699151420966638,0.17980001302476567,0.6884965553492435,0.67748824386352,0.6571797604916356,0.12281626536858538,0.189883615441552,0.22095634644654663,0.674388186568133,0.17788540908556136,0.6982053758200762,0.6741477085020309,0.664466534674142,0.1303797842895523,0.19639028847113346,0.2113677826556647,0.6789398729987496,0.1793792851387835,0.721668309641857,0.6982177283847588,0.6848567962319301,0.12723217748419727,0.19471025921609794,0.19810155768467225,0.7015809447528486,0.1733479981283225,0.6812060366040987,0.17760317634435827,243.04166724847957,307.71089134000215,215.8137953253936,268.55322414020037,197.87484461504786,222.41455626455544,174.31544483774263,188.8878118329241,207.7614380066659,246.8916208944205,0.637592867756315,0.6420278434462832,6730.0,0.5731054977711738,0.06448736998514115,0.6195409982174688,0.22847705060084783,0.6483949078222488,8976.0,,,,,,,,,,,,,,,,,,,,,,,,,,,,,,,,,,,,,,,,,,,,,,,,,,,,,,,,,,,,,,,,,,,,,Cox PH (cause-specific)
sim_base__coxph__s4,08_true_order_and_tuning,sim_base,4.0,truth,coxph,0.6891602996957823,0.6796358487467206,0.6492009519770201,0.1189555524275218,0.1894669372657406,0.2240028451344015,0.672665700139841,0.17747511160922133,0.6881528016398186,0.6684223324511245,0.6577655246456781,0.12101707500441297,0.1873501466635765,0.21199609791132965,0.6714468862455404,0.17345443985977305,0.7249728937830069,0.6986372002286606,0.6813768577929437,0.11413752145261025,0.18506381354957552,0.19913081154681364,0.7016623172682036,0.16611071551633314,0.7373645952197644,0.6856167311189636,0.6752601722081515,0.11323332994849648,0.19394862699600832,0.20320159161765994,0.6994138328489599,0.17012784952072157,0.6862971841256362,0.17179202912651229,249.01932364187226,316.82917563897604,226.0211819119491,280.8651416071578,194.60961405287176,225.95782224466595,167.48438592187964,188.6672632790164,209.28362638214318,253.07985069245404,0.648578811369509,0.6517131474103586,6579.0,0.5797233622131023,0.06885544915640673,0.6248873873873874,0.22611532422528913,0.6429788454201308,8880.0,,,,,,,,,,,,,,,,,,,,,,,,,,,,,,,,,,,,,,,,,,,,,,,,,,,,,,,,,,,,,,,,,,,,,Cox PH (cause-specific)
sim_base__deephit_paper__s0,08_true_order_and_tuning,sim_base,0.0,truth,deephit_paper,0.7231760919274447,0.7074872428802869,0.6982178593915159,0.13883055253340484,0.2543742974978314,0.3491903959665854,0.7096270647330826,0.31759214401245117,0.7337802447546972,0.7207886735145925,0.7080960912718738,0.1490415527749789,0.2611714786949544,0.3360542271060533,0.7208883365137212,0.2872970700263977,0.708368317484569,0.702651470241314,0.6954749594474026,0.13167172213417086,0.2395628324277905,0.30462961860116466,0.7021649157244285,0.24339903891086578,0.7112000901111155,0.7022762965445903,0.6938285280579778,0.12903742344283844,0.23105576563553815,0.2883113622865644,0.7024349715712278,0.22360895574092865,0.7087788221356149,0.23441093575848962,678.7006830743669,568.2521773383281,622.0245351947955,529.0414210341329,533.0687446444343,465.73196962600133,491.3239643437462,436.1799024468632,581.2794818143357,499.8013676113314,0.6640141467727675,0.6705594225315803,6786.0,0.5789861479516651,0.08502799882110235,0.5517853182523841,0.24439488725819863,0.681827019681812,9018.0,8.453099250793457,894.0,906.0,904.0,899.0,0.26790888275813635,0.6897464811588054,0.6800264120101929,0.6860020160675049,0.6874526739120483,0.6875119209289551,0.6887261271476746,0.6924832463264465,0.6934056878089905,0.6939656734466553,0.6886664032936096,0.6886653304100037,1503.0,0.6988200178740138,0.7032877802848816,0.7017561197280884,0.6985791325569153,0.6961209774017334,0.6993485689163208,0.6994068026542664,0.7008506059646606,0.6994402408599854,0.6975176334381104,0.6974784135818481,1503.0,0.6825139062880627,0.6741464138031006,0.6742402911186218,0.6823756098747253,0.683911144733429,0.6819967031478882,0.6831637024879456,0.6805208325386047,0.683854341506958,0.6831488609313965,0.6831507682800293,1503.0,0.6778369856124021,0.6662298440933228,0.6650674343109131,0.6642851829528809,0.6688453555107117,0.6775863170623779,0.6761688590049744,0.6753458380699158,0.682052731513977,0.6805055737495422,0.6805088520050049,1503.0,0.6872293477333211,12.3824,121.382,0.242,,,,,,,,,,,DeepHit
sim_base__deephit_paper__s1,08_true_order_and_tuning,sim_base,1.0,truth,deephit_paper,0.6921212057732749,0.67813910729342,0.6770398773306199,0.15755648895827712,0.2706023201162302,0.35832849182437393,0.6824333967991049,0.32556426525115967,0.7359335589669457,0.7219943937730473,0.7034895466231326,0.13567765423964173,0.24728681935160313,0.330773886934937,0.7204724997877084,0.27945446968078613,0.7252692057261209,0.7210008348074923,0.7063539748282082,0.12999229522885228,0.22767123868029734,0.27906443587560387,0.7175413384539405,0.2276882529258728,0.7309986390994356,0.7036352542679781,0.7011799542325332,0.129105071804931,0.24019155095234127,0.2736463185100599,0.7119379491999823,0.22032150626182556,0.7080962960601841,0.23165804770642906,679.9094141010366,574.3351194855376,600.8188417339206,518.588111217462,505.78412980607044,437.8903757629106,479.7342063301125,426.6763406814426,566.5616479927851,489.3724867868382,0.6744466194850173,0.6821343873517787,6641.0,0.5893690709230538,0.08507754856196348,0.5440677966101695,0.24466512255483255,0.6823708171879934,8850.0,8.655362129211426,902.0,897.0,861.0,879.0,0.26392535075827417,0.6788322481361183,0.6791619658470154,0.6782112717628479,0.6751059889793396,0.6780728697776794,0.6771023869514465,0.6786196827888489,0.6802365183830261,0.6845742464065552,0.6775736808776855,0.6776657104492188,1475.0,0.7015206488569924,0.7054224014282227,0.706172525882721,0.7059371471405029,0.7053216099739075,0.7047579288482666,0.6996954679489136,0.7032750844955444,0.7030936479568481,0.6974759697914124,0.6974291205406189,1475.0,0.6939840326745815,0.6851637363433838,0.6880772709846497,0.6939707398414612,0.6940629482269287,0.697763204574585,0.6963319778442383,0.6991192698478699,0.6975148916244507,0.6899831891059875,0.6899725794792175,1475.0,0.6848647940291461,0.6717960834503174,0.6715652942657471,0.6749927997589111,0.6736584305763245,0.6785270571708679,0.6841962337493896,0.6835000514984131,0.6883509159088135,0.6884019374847412,0.6883929371833801,1475.0,0.6898004309242096,12.1467,121.432,0.247,,,,,,,,,,,DeepHit
sim_base__deephit_paper__s2,08_true_order_and_tuning,sim_base,2.0,truth,deephit_paper,0.7173939208349766,0.7181090190771169,0.6976705877387334,0.12989534347179738,0.25862450162957323,0.3337432394787338,0.7110578425502756,0.3015405833721161,0.7223066555778068,0.7138600242150683,0.709883239569661,0.12785359267837887,0.2311887557442259,0.30595106291632806,0.7153499731208454,0.2588534951210022,0.7276420783287271,0.7149960382336508,0.7043744442620871,0.11963654217635918,0.2352853923428675,0.29132247017930424,0.715670853608155,0.2353808730840683,0.7367327642738207,0.6967430611440931,0.6877614651468178,0.12206018159406969,0.2298547437888051,0.27201594311600324,0.7070790968549105,0.21618784964084625,0.7122894415335467,0.22145264742637052,637.2181402418026,545.3283827428634,562.9538507953806,486.2881320387651,508.79543940278745,444.80007031246953,460.514078933463,410.34668722476545,542.3703773433584,471.6908180797159,0.6732841328413284,0.6789018087855296,6775.0,0.5778597785977859,0.09542435424354245,0.5586870026525199,0.24383357970432706,0.6807183516382039,9048.0,8.378443717956543,922.0,907.0,899.0,894.0,0.2533627499793854,0.6848413439499562,0.6859793066978455,0.686282753944397,0.6878804564476013,0.6905316710472107,0.6893958449363708,0.689230740070343,0.6851927638053894,0.6850934624671936,0.6789547204971313,0.6782475113868713,1508.0,0.6992400569195173,0.6956554651260376,0.6982971429824829,0.699877917766571,0.6989774107933044,0.7008920907974243,0.7014405727386475,0.7019693851470947,0.7001768946647644,0.6967824697494507,0.6967774033546448,1508.0,0.6953152080336966,0.6985267996788025,0.698330283164978,0.7013532519340515,0.7002067565917969,0.7005877494812012,0.6985286474227905,0.6959283351898193,0.6992090940475464,0.6897045969963074,0.689670979976654,1508.0,0.6760501069653412,0.6624493598937988,0.6718040704727173,0.6803181171417236,0.6795896291732788,0.6812323927879333,0.6823019981384277,0.6824584603309631,0.6800153255462646,0.669230043888092,0.6692337989807129,1508.0,0.6888616789671278,12.0491,125.154,0.249,,,,,,,,,,,DeepHit
sim_base__deephit_paper__s3,08_true_order_and_tuning,sim_base,3.0,truth,deephit_paper,0.7242704249570482,0.7212401172191002,0.7100755743526481,0.14068933018700894,0.26706725790106195,0.35609628660454656,0.7185287055095989,0.3223392367362976,0.718489412364128,0.7089183171046899,0.6888934466031039,0.13748750074144236,0.2465039711153224,0.3227392243074527,0.7054337253573073,0.27962425351142883,0.7010933648946066,0.6893060092304186,0.6836056453083746,0.14309406639378158,0.23506297549274585,0.30634177681205976,0.6913350064778,0.24524293839931488,0.7461289596800668,0.7242391928866379,0.7101512688415315,0.142508977235953,0.23889347255655036,0.2826849570472579,0.7268398071360788,0.2252022922039032,0.7105343111201963,0.23493081636626528,673.958836412318,571.0376380310026,612.0500957348178,520.5769339345835,525.2800208139892,463.473560384581,476.68488237905706,426.4407745020902,571.9934588350454,495.38222671306437,0.6780089153046063,0.6849487785657998,6730.0,0.5731054977711738,0.10490341753343246,0.5417780748663101,0.2441942007693079,0.6813988642941482,8976.0,8.670372009277344,918.0,887.0,917.0,915.0,0.2680456431309601,0.6982253767110265,0.691449761390686,0.6990116834640503,0.6978669762611389,0.6967073082923889,0.6969454288482666,0.6968683004379272,0.6997915506362915,0.6985892057418823,0.6995509266853333,0.6995289325714111,1496.0,0.6892054462250684,0.687816321849823,0.6860973238945007,0.6875306963920593,0.688604474067688,0.6891711950302124,0.6881908178329468,0.6845107674598694,0.6899967789649963,0.6918835639953613,0.6918480396270752,1496.0,0.678302985423306,0.6702418923377991,0.6701650619506836,0.6741056442260742,0.6750261783599854,0.676493227481842,0.6776949167251587,0.678977906703949,0.6795153617858887,0.6800954341888428,0.6800889372825623,1496.0,0.6943048868396315,0.6929395198822021,0.6934216022491455,0.6844776272773743,0.6926214098930359,0.6953691244125366,0.7002177834510803,0.698201060295105,0.6995946168899536,0.6903315186500549,0.6903237700462341,1496.0,0.6900096737997582,11.8131,126.639,0.254,,,,,,,,,,,DeepHit
sim_base__deephit_paper__s4,08_true_order_and_tuning,sim_base,4.0,truth,deephit_paper,0.7157361669588643,0.7042118855603043,0.6869475830312676,0.13750197627032132,0.25478952201629973,0.33723177059090254,0.7022985451834788,0.308128297328949,0.7420860225535258,0.7235910271521749,0.7032367604948833,0.1329441267685283,0.22781922943915786,0.29387608236897467,0.7229712700668612,0.25176990032196045,0.7442821394598912,0.7194120347114922,0.7009860651827127,0.1260478990239365,0.23002630314193864,0.2762766242212978,0.7215600797846987,0.2290104180574417,0.7607873350075915,0.7104977307354651,0.6984836166650278,0.12419321477027252,0.23032798119268652,0.2761058121623608,0.7232562274693616,0.21971051394939423,0.7175215306261001,0.22059504516388975,654.6067489514952,553.5228291784645,560.3673864084644,476.31933190663926,494.4268428866069,434.6203057920959,478.74067955978364,427.51417472700456,547.0354144515876,472.99416040105103,0.678218574251406,0.6832138114209828,6579.0,0.5797233622131023,0.09849521203830369,0.5649774774774775,0.24306994772280777,0.6791544650796395,8880.0,8.333559036254883,895.0,847.0,879.0,885.0,0.25235821277804193,0.6817992010856612,0.6774715781211853,0.677596390247345,0.6770681738853455,0.6775853037834167,0.6792954802513123,0.6774994730949402,0.6845645308494568,0.6805204749107361,0.6871691942214966,0.6872255206108093,1480.0,0.7008666918095019,0.7022833824157715,0.7046460509300232,0.7041240334510803,0.7046682834625244,0.705017626285553,0.6994786262512207,0.6995172500610352,0.7036644220352173,0.6974878311157227,0.697461724281311,1480.0,0.6897800020835029,0.679039478302002,0.683024525642395,0.6882967948913574,0.6877666115760803,0.6879345178604126,0.6874539256095886,0.6852478981018066,0.6900635361671448,0.6937141418457031,0.6937214732170105,1480.0,0.6899704805923927,0.667824923992157,0.6806805729866028,0.6848012804985046,0.6856582760810852,0.688795804977417,0.68867427110672,0.692043125629425,0.6902152299880981,0.6913139820098877,0.6913129091262817,1480.0,0.6906040938927647,12.2065,121.247,0.246,,,,,,,,,,,DeepHit
sim_base__mensa_paper__s0,08_true_order_and_tuning,sim_base,0.0,truth,mensa_paper,0.7107670544569616,0.6994508934455211,0.6881166738309046,0.11414873911679606,0.18253926301640322,0.20596286866616578,0.6994448739111291,0.18644188344478607,0.7308575433367852,0.7203695048773896,0.7082498686065027,0.12423442856665981,0.18258528242542418,0.19984361215212773,0.7198256389402258,0.1719462275505066,0.7081055600397443,0.7158892453915334,0.7015511227610916,0.12050831336899069,0.18440235410708072,0.19733006481145465,0.7085153093974563,0.16402319073677063,0.7273405032594978,0.7139014792660713,0.695950452634551,0.1145714546251175,0.18258103341719692,0.19581372237792408,0.7123974783867068,0.15742197632789612,0.7100458251588795,0.16704342805427846,210.76636620620386,282.51572764391085,190.19719415060982,240.9225991268983,186.14114192043445,211.88305623452734,163.00471930295583,181.54625823672683,187.52735539505102,229.2169103105158,0.67035072207486,0.6780097963392626,6786.0,0.5789861479516651,0.09136457412319487,0.6560212907518297,0.21541512187837564,0.6204384519955539,9018.0,16.06987190246582,894.0,906.0,904.0,899.0,0.1699310705260108,0.6847502400014375,0.6809782385826111,0.68531733751297,0.6856853365898132,0.6851909160614014,0.685370683670044,0.6854394674301147,0.6857256293296814,0.6858087778091431,0.6854455471038818,0.6814590692520142,1503.0,0.698976897242318,0.6936995983123779,0.6994891166687012,0.7013154029846191,0.7020271420478821,0.702217698097229,0.7020497918128967,0.7020555734634399,0.7022674679756165,0.702410101890564,0.6853569746017456,1503.0,0.69076109352413,0.6713536977767944,0.6884068846702576,0.6923611760139465,0.6939927935600281,0.6951774954795837,0.6950705647468567,0.6938672065734863,0.6921135783195496,0.6918686032295227,0.6823017001152039,1503.0,0.6825372369777125,0.6339966058731079,0.6666436195373535,0.6801796555519104,0.6869401335716248,0.6898395419120789,0.6902652978897095,0.6898550987243652,0.6889607310295105,0.6882334351539612,0.6639041304588318,1503.0,0.6892563669363995,12.0638,124.587,0.249,,,,,,,,,,,MENSA
sim_base__mensa_paper__s1,08_true_order_and_tuning,sim_base,1.0,truth,mensa_paper,0.6862358337281906,0.6884691451282344,0.6809514599398145,0.1316547191933674,0.19476070132852988,0.212802042718337,0.6852188129320799,0.18878896534442902,0.7187294843798234,0.7136801855094125,0.7039477880348237,0.11955586134907024,0.1816350839219622,0.1895490928430322,0.7121191526413533,0.1677744835615158,0.7133216312457735,0.7162662000938457,0.7057063878565443,0.11958220515999639,0.18308227533898802,0.19502309289895567,0.7117647397320545,0.16794520616531372,0.7323791327097481,0.7027838734720817,0.6975143023001206,0.11648600520005034,0.19458383887837302,0.1924732357005712,0.7108924361606501,0.16111285984516144,0.7049987853665344,0.16926567954426947,205.8328733776379,283.37632452528743,178.33864522583897,230.92116994515453,164.48706898923152,204.99267886036813,154.44656371274112,176.17477135884124,175.77628782636236,223.86623617241284,0.6735431410932089,0.6814492753623188,6641.0,0.5893690709230538,0.0841740701701551,0.6574011299435029,0.214742121910653,0.6181284798115446,8850.0,16.090015411376953,902.0,897.0,861.0,879.0,0.17151748652376,0.6824547263371559,0.6618509888648987,0.6725939512252808,0.6776073575019836,0.6805933117866516,0.6830303072929382,0.6845548748970032,0.6854315400123596,0.6859480738639832,0.6865684986114502,0.6832956671714783,1475.0,0.7016375422339026,0.6929330229759216,0.7012717723846436,0.7047216296195984,0.7060433626174927,0.7058566808700562,0.7053326964378357,0.704076886177063,0.7028967142105103,0.7026404142379761,0.6912964582443237,1475.0,0.6915566320062487,0.6735139489173889,0.6897703409194946,0.6946760416030884,0.6959548592567444,0.6964321732521057,0.6972052454948425,0.6979174613952637,0.6976363658905029,0.6950838565826416,0.6738720536231995,1475.0,0.6797244220198453,0.6569199562072754,0.6734901666641235,0.6779406070709229,0.6787586808204651,0.680256724357605,0.6829957962036133,0.6839681267738342,0.6846944093704224,0.6869427561759949,0.6669053435325623,1475.0,0.6888433306492882,11.0924,132.974,0.27,,,,,,,,,,,MENSA
sim_base__mensa_paper__s2,08_true_order_and_tuning,sim_base,2.0,truth,mensa_paper,0.7033500453742018,0.7161152995061985,0.7032781204131884,0.11573906608213094,0.18368073572067878,0.1956154462986107,0.7075811550978628,0.18055354058742523,0.7244383798103063,0.7115486053950061,0.709218124693277,0.11421308123588828,0.18353510678983867,0.194488213772921,0.7150683699661965,0.1715594083070755,0.7216933131183514,0.7162647510719992,0.7065361547544633,0.111555870817419,0.18555051001575718,0.18898432433117268,0.7148314063149379,0.1631738394498825,0.7222513919957926,0.6909834192418098,0.6855581401679033,0.10859035823442327,0.19782159186011444,0.20384492147615677,0.699597650468502,0.16585662961006165,0.7092696454618748,0.16530160221959264,208.23695071272948,277.5988373860275,208.27301724263333,245.05393967137965,178.53315347419596,203.61753022544835,185.51001262231736,196.38334683361919,195.13828351296905,230.66341352911869,0.6674538745387454,0.6738501291989664,6775.0,0.5778597785977859,0.08959409594095946,0.6591511936339522,0.2177531717369341,0.6261829155156019,9048.0,16.098901748657227,922.0,907.0,899.0,894.0,0.17035998241108863,0.690694789287345,0.6720663905143738,0.6829606890678406,0.6881415247917175,0.6911976337432861,0.6933121085166931,0.6944267749786377,0.6945573091506958,0.6939795017242432,0.6934024095535278,0.6852684617042542,1508.0,0.7032317182862926,0.692445695400238,0.6977614760398865,0.7004920244216919,0.7021946907043457,0.7032480239868164,0.703521192073822,0.7029105424880981,0.702537477016449,0.7042153477668762,0.7065293192863464,1508.0,0.6973296327796686,0.6831009387969971,0.6945388913154602,0.6967507004737854,0.6973958611488342,0.6981843113899231,0.6989206075668335,0.6989917755126953,0.6995416879653931,0.7009804248809814,0.6910201907157898,1508.0,0.6704637866435091,0.6548804640769958,0.6650499701499939,0.6703163981437683,0.6729134321212769,0.6748165488243103,0.6753979921340942,0.675087571144104,0.6756022572517395,0.6800016164779663,0.6516040563583374,1508.0,0.6904299817492039,12.4377,121.244,0.241,,,,,,,,,,,MENSA
sim_base__mensa_paper__s3,08_true_order_and_tuning,sim_base,3.0,truth,mensa_paper,0.7254034287793687,0.7268388244305575,0.7107171375283116,0.11632194515471422,0.1789302365800509,0.199894630018277,0.7209864635794125,0.18332110345363617,0.710887461609312,0.7065850228589905,0.6862285229853573,0.12013065437778078,0.18555184645749678,0.21908667801298326,0.70123366915122,0.18500204384326935,0.7029274806987802,0.6892600352646419,0.686409949526324,0.12854443754144101,0.19386327331237482,0.1976356243371593,0.6928658218299154,0.17177093029022217,0.7261747063543236,0.7226605238355235,0.7061936364800038,0.12265632791830747,0.1833990906902115,0.1882813101111313,0.7183429555566169,0.15802985429763794,0.7083572275292912,0.16952467120932735,225.41500590614535,279.3735343700432,182.67254101966617,242.51264017669072,185.39944402959196,210.20694238997714,152.34492746618722,172.77284760792566,186.45797960539767,226.2164911361592,0.6640416047548291,0.6706330443919096,6730.0,0.5731054977711738,0.09093610698365528,0.6457219251336899,0.22059133990226898,0.6322026052276305,8976.0,16.299898147583008,918.0,887.0,917.0,915.0,0.17445610272694265,0.6972335695328559,0.6858352422714233,0.6926404237747192,0.6959357857704163,0.6980666518211365,0.6991837024688721,0.6991599202156067,0.6985902786254883,0.6985761523246765,0.6986649036407471,0.6953167915344238,1496.0,0.6792913817663364,0.6738637685775757,0.6802513003349304,0.6836156249046326,0.684142529964447,0.6846744418144226,0.6829556226730347,0.6816667318344116,0.6796872019767761,0.6779883503913879,0.6699973344802856,1496.0,0.6780393164310269,0.6508522033691406,0.6674303412437439,0.6746005415916443,0.6772019863128662,0.6791685819625854,0.6803508996963501,0.6811363697052002,0.6816458106040955,0.6829584836959839,0.6712433695793152,1496.0,0.6857791702448289,0.6314345598220825,0.6656247973442078,0.6822634339332581,0.6887427568435669,0.6914077401161194,0.6942448019981384,0.6953328251838684,0.6956344246864319,0.6926334500312805,0.6631724834442139,1496.0,0.685085859493762,12.4248,120.405,0.241,,,,,,,,,,,MENSA
sim_base__mensa_paper__s4,08_true_order_and_tuning,sim_base,4.0,truth,mensa_paper,0.7184172785034586,0.7128893972580986,0.6911171766831956,0.11427658079575662,0.18380860094237902,0.21850412579935583,0.7074746174815841,0.1952403336763382,0.7243041554128253,0.7155391365939144,0.7005940663407533,0.11686727566515244,0.17635900258951834,0.20140131663289285,0.7134791194491644,0.18432636559009552,0.732732544886429,0.7131985067976208,0.6962059663262536,0.1136601769427931,0.1807848935639456,0.19657767884790897,0.7140456726701011,0.16856199502944946,0.7449842605061971,0.7007302450120108,0.6872269561360819,0.10918646733791448,0.1912617176645681,0.204198142546688,0.7109804872180966,0.16337516903877258,0.7114949742047366,0.1672404982774061,179.59931006178968,275.6864731376937,175.69554212401783,247.24478672090916,192.3756437115353,220.8175809643912,160.23686767905807,182.9899188436529,176.9768408941002,231.68468991666174,0.6432588539291686,0.6479681274900398,6579.0,0.5797233622131023,0.06353549171606632,0.6443693693693694,0.22113788513178323,0.6321231490879785,8880.0,15.96878719329834,895.0,847.0,879.0,885.0,0.17787151983038602,0.6832132586949726,0.6779919266700745,0.6819300055503845,0.6846424341201782,0.6855823993682861,0.6859237551689148,0.6855727434158325,0.6850004196166992,0.6845105886459351,0.6838515996932983,0.6763301491737366,1480.0,0.6862479845111267,0.6676884889602661,0.6756786108016968,0.680279016494751,0.6834055781364441,0.6860176920890808,0.6882940530776978,0.6883202195167542,0.6884689331054688,0.6891310214996338,0.6868607401847839,1480.0,0.6829161547655255,0.6520661115646362,0.6771075129508972,0.6838229298591614,0.6841729879379272,0.684859573841095,0.6854984760284424,0.6857197284698486,0.685447633266449,0.6861571669578552,0.6757940053939819,1480.0,0.6728048494486052,0.6009071469306946,0.6305565237998962,0.6482550501823425,0.6595432758331299,0.6675965785980225,0.6719511151313782,0.6747864484786987,0.6791032552719116,0.6806526780128479,0.6736878752708435,1480.0,0.6812955618550575,13.4304,110.198,0.223,,,,,,,,,,,MENSA
sim_base__oracle__s0,08_true_order_and_tuning,sim_base,0.0,truth,oracle,0.7507165692824461,0.7360182479357089,0.7199634732972537,0.10937161704286823,0.16668745143808855,0.18940577423870525,0.7355660968384696,0.15515494757322068,0.7401846724539095,0.7389918926546921,0.731483422782356,0.1197081283860281,0.17348844742707553,0.18382039513777498,0.7368866626303192,0.1590056569836262,0.7296327487943277,0.7289295392262405,0.7166878814060303,0.11652578822491377,0.1766255157073592,0.18880412514962694,0.7250833898088662,0.16065180969396664,0.750223701472113,0.7373983188131605,0.7238439834773357,0.1086893001088255,0.17189280706057405,0.1823627635797538,0.7371553345875363,0.15431495691638444,0.7336728709662979,0.1572818427917995,203.20168779739245,263.5968743460619,183.48220669229735,226.43053964917428,170.4445438826232,201.39024506848045,155.35250908165057,170.4089664721378,178.1202368634909,215.4566563839636,0.6926024167403477,0.7023201856148492,6786.0,0.5789861479516651,0.11361626878868258,0.6821911732091372,0.20315408024472523,0.591428826071498,9018.0,,,,,,,,,,,,,,,,,,,,,,,,,,,,,,,,,,,,,,,,,,,,,,,,,,,,,,,,,,,,,,,,,,,,,Oracle (true CIF)
sim_base__oracle__s1,08_true_order_and_tuning,sim_base,1.0,truth,oracle,0.737063356511255,0.72222604047712,0.7081686205712272,0.12389647791272,0.18163813744838714,0.1975558763797382,0.7224860058532009,0.1676968305802818,0.7317781237305331,0.7353606543322939,0.7274900515804728,0.11680034558224393,0.16860762222115233,0.18027752944828998,0.7315429432144332,0.15522849908389544,0.7429419475865721,0.7440342016959244,0.7314075507089043,0.11407211662996149,0.16780911470632862,0.17944355549862165,0.7394612333304669,0.15377492894497058,0.7422452192647877,0.7183785108009175,0.7180430480594445,0.1107994153017455,0.18490301621451474,0.17945450971957,0.7262222593750499,0.15838564707861008,0.7299281104432876,0.15877147642193948,214.2398742458003,270.94523998805556,182.81995695977642,223.2000085541969,171.00055205515105,197.8437204785559,164.64241809516923,176.99153413482927,183.17570033897425,217.2451257889094,0.6967324198162927,0.7034782608695653,6641.0,0.5893690709230538,0.10736334889323895,0.6830508474576271,0.20323495044732323,0.5920748074468305,8850.0,,,,,,,,,,,,,,,,,,,,,,,,,,,,,,,,,,,,,,,,,,,,,,,,,,,,,,,,,,,,,,,,,,,,,Oracle (true CIF)
sim_base__oracle__s2,08_true_order_and_tuning,sim_base,2.0,truth,oracle,0.7314555228056955,0.7366547968755648,0.7215619048485687,0.10942474984974393,0.17351228377414368,0.1868596468844505,0.729890741509943,0.15659889350277936,0.7520485072266467,0.7434722366600984,0.7419140393193182,0.11102998335245237,0.17090423042212996,0.17251313724378226,0.745811594402021,0.15148245033945487,0.7506144285596902,0.747295321120928,0.7370887141336345,0.10542281265528726,0.1707744042325445,0.17108546348282289,0.7449994879380842,0.14909422679021822,0.7480425402754182,0.7242864021724388,0.7205123536362376,0.10321903155363847,0.17885674403733218,0.17905383722650128,0.7309470986946982,0.1537098709391573,0.7379122306361866,0.15272136039290243,217.3870433372818,268.90134697440226,184.62668815973262,221.83838363400554,161.95722747248996,187.97897517776826,158.4883734571318,172.47911519116505,180.61483310665903,212.7994552443353,0.7068634686346863,0.7145994832041344,6775.0,0.5778597785977859,0.12900369003690038,0.6879973474801061,0.2018269704908323,0.588888235835255,9048.0,,,,,,,,,,,,,,,,,,,,,,,,,,,,,,,,,,,,,,,,,,,,,,,,,,,,,,,,,,,,,,,,,,,,,Oracle (true CIF)
sim_base__oracle__s3,08_true_order_and_tuning,sim_base,3.0,truth,oracle,0.76862977300525,0.7554922874868387,0.74149116676314,0.11018635767269527,0.1669779522477469,0.1820543934802932,0.7552044090850764,0.15307290113357844,0.7500570509543075,0.7446722310473545,0.728301378462431,0.11493083869162803,0.16671761042782574,0.1893234196836554,0.7410102201546976,0.15699062293436972,0.7308264199774619,0.7202082811807934,0.7119994298194374,0.12176236700291752,0.17968399385386236,0.18298325271975435,0.7210113769925642,0.16147653785884475,0.7562261313362167,0.7428633788920141,0.7314138092755152,0.11795542802138438,0.17207110278909948,0.17449120983320104,0.7435011065012488,0.1548392468812283,0.7401817781833968,0.1565948272020053,200.2844765940866,253.77337816563514,178.742873327794,224.37698131084667,168.98193066761922,193.3920982104959,151.8985103319703,166.28202628892373,174.97694773036756,209.45612099397536,0.6903417533432392,0.6988442343052271,6730.0,0.5731054977711738,0.1172362555720654,0.6881684491978609,0.20329299832674255,0.5924293814395435,8976.0,,,,,,,,,,,,,,,,,,,,,,,,,,,,,,,,,,,,,,,,,,,,,,,,,,,,,,,,,,,,,,,,,,,,,Oracle (true CIF)
sim_base__oracle__s4,08_true_order_and_tuning,sim_base,4.0,truth,oracle,0.7395991633777792,0.7340868261487318,0.7148353831354088,0.10894749708677642,0.17222870455345218,0.19659523995509065,0.7295071242206399,0.15925714719843975,0.7510275360470957,0.7363634548521085,0.728223282233884,0.11169538554148109,0.16677360909637753,0.18089815957661554,0.7385380910443627,0.15312238473815806,0.7611063329332554,0.7397983548758544,0.7264559736580011,0.1095931150494495,0.16887615885284118,0.17657443188033817,0.7424535538223703,0.1516812352608763,0.7681666830512525,0.727885345686411,0.7220837343092772,0.10175231240356078,0.1780500501916339,0.18237124764078053,0.7393785876823135,0.15405787007865837,0.7374693391924216,0.15452965931903312,210.6513996733497,266.63055440760746,190.32974537938358,236.44349023673183,170.67695559180694,201.75427061478737,153.1393980682196,168.65356086876062,181.19937467818997,218.37046903197182,0.6956984344125247,0.7020451527224435,6579.0,0.5797233622131023,0.11597507219942238,0.6847972972972973,0.20466481870732997,0.5954975344908118,8880.0,,,,,,,,,,,,,,,,,,,,,,,,,,,,,,,,,,,,,,,,,,,,,,,,,,,,,,,,,,,,,,,,,,,,,Oracle (true CIF)
sim_base__ours_nllpch__s0,08_true_order_and_tuning,sim_base,0.0,truth,ours,0.7285039157317189,0.7126819441499892,0.6968205825908649,0.1145948743949902,0.177792714168207,0.2039724636095883,0.7126688141575244,0.18429039418697357,0.7269249769128304,0.7157489260409985,0.7066018333651389,0.12289167546034417,0.18612049192732416,0.2005669118109017,0.7164252454396559,0.17321503162384033,0.704798292655479,0.7032113989735386,0.6929126932149071,0.1202504683888541,0.18740703230452,0.20133128387047475,0.7003074616146415,0.16890540719032288,0.7198280369423329,0.7040459401167397,0.6912781112855223,0.11654075813452745,0.1876504744507467,0.19578112719236626,0.7050506961148649,0.15856358408927917,0.7086130543316717,0.1679083563094037,255.04227177763184,297.9200379868579,183.9727989075049,237.1961333416034,198.5680741180646,222.57354242525764,175.75293687581618,188.73772324208088,203.33402041975438,236.60685924894995,0.6752136752136753,0.6852797112657901,6786.0,0.5789861479516651,0.09622752726201012,0.6554668440895985,0.21384437576195128,0.6160232821992602,9018.0,3.800095796585083,894.0,906.0,904.0,899.0,0.1712260841661581,0.6928562601468471,0.6932083964347839,0.6933028697967529,0.6933074593544006,0.6935320496559143,0.6935601234436035,0.6932888627052307,0.6933691501617432,0.6932001113891602,0.693247377872467,0.6901976466178894,1503.0,0.7001920920333514,0.7028794884681702,0.7027522325515747,0.7022237181663513,0.7009834051132202,0.7004964351654053,0.7011406421661377,0.7010173201560974,0.7009219527244568,0.6996132135391235,0.6967850923538208,1503.0,0.680713837630652,0.6762250065803528,0.6812931895256042,0.6819751858711243,0.6827247142791748,0.6812719106674194,0.6809707283973694,0.6808118224143982,0.6813764572143555,0.6824071407318115,0.6774534583091736,1503.0,0.6811033575800116,0.6746626496315002,0.6731128096580505,0.684008002281189,0.6859482526779175,0.6856809854507446,0.6867426633834839,0.6854435205459595,0.6845147013664246,0.679390549659729,0.6723364591598511,1503.0,0.6887163868477155,13.5273,111.109,0.222,nllpch,,,,,,,,,nllpch,L_PCH
sim_base__ours_nllpch__s1,08_true_order_and_tuning,sim_base,1.0,truth,ours,0.7071320618345492,0.6968893763669068,0.6859947622889283,0.12807745593420616,0.19105891628325564,0.20962440781398228,0.6966720668301282,0.18591828644275665,0.7393404426081239,0.7272686499154818,0.7158782624700387,0.11638492529709521,0.17491049503716238,0.1906634093778435,0.7274957849978815,0.16734148561954498,0.7244450275801569,0.7185112739371099,0.699504012646373,0.11502647088019041,0.1790776249856425,0.20054234508426746,0.7141534380545466,0.16858601570129395,0.7394488364686221,0.7095610250670428,0.7054650632602211,0.1123799099049828,0.19380551193752718,0.1892141818311835,0.7181583082652953,0.15867319703102112,0.7141198995369629,0.16673047119727824,236.87073766372015,290.8225133686208,210.7788199452253,241.03106703051222,179.13570011603264,211.51263909990917,180.72427856261353,187.88314721574935,201.8773840718979,232.81234167869786,0.6742960397530492,0.6799209486166008,6641.0,0.5893690709230538,0.0849269688299954,0.6592090395480226,0.2125024236717041,0.6126322227637052,8850.0,3.7516772747039795,902.0,897.0,861.0,879.0,0.17022602618852217,0.6877647130500464,0.6876739263534546,0.6874542236328125,0.687923014163971,0.6875232458114624,0.6878402829170227,0.6895381212234497,0.6887027621269226,0.6880411505699158,0.6888497471809387,0.6846269369125366,1475.0,0.7126054405264551,0.711029589176178,0.7120794653892517,0.71291184425354,0.7137079238891602,0.713585615158081,0.7133728861808777,0.7143734693527222,0.7130395174026489,0.7133827805519104,0.7089163661003113,1475.0,0.6907288307731384,0.6871801614761353,0.6935021281242371,0.6904070377349854,0.6912411451339722,0.6905245184898376,0.6930915713310242,0.6921876072883606,0.6929284930229187,0.6923242211341858,0.6852929592132568,1475.0,0.6903469498136872,0.6492916345596313,0.67906254529953,0.6872665882110596,0.6886853575706482,0.6894866228103638,0.6915963888168335,0.6915397047996521,0.6912109851837158,0.6925793290138245,0.6895543336868286,1475.0,0.6953614835408318,11.3649,129.786,0.264,nllpch,,,,,,,,,nllpch,L_PCH
sim_base__ours_nllpch__s2,08_true_order_and_tuning,sim_base,2.0,truth,ours,0.7190113937246251,0.7172358181651769,0.6972824378643063,0.1149287192734877,0.1852699113993981,0.2009714112723901,0.7111765499180361,0.18596136569976807,0.7250039936867881,0.722086999450562,0.7209592002628767,0.11510927095295823,0.1798729410882252,0.18308844111540135,0.7226833978000756,0.1648891121149063,0.724703534518596,0.7127955048071144,0.7028401268637949,0.10928844565127921,0.18541965593762386,0.19195395362784168,0.7134463887298352,0.16353347897529602,0.7304700075864677,0.6925289460334041,0.6903302370342831,0.11098362428171801,0.19544508105858077,0.19239838720172667,0.704443063551385,0.16062809526920319,0.712937349999833,0.16372748690505257,206.05526373015283,276.8605147112316,196.55975130200667,236.24136219363893,193.59842351850398,211.8840376250243,176.2807729108416,189.41347952050157,193.12355286537627,228.59984851259912,0.6709963099630997,0.6786304909560724,6775.0,0.5778597785977859,0.09313653136531375,0.6588196286472149,0.21535447287992113,0.6196914862520623,9048.0,3.7875165939331055,922.0,907.0,899.0,894.0,0.16886496925258557,0.6874799186053945,0.6869527697563171,0.6897509098052979,0.6886271238327026,0.6886026859283447,0.688268780708313,0.6871085166931152,0.6874194741249084,0.6873241066932678,0.6886451244354248,0.6845012903213501,1508.0,0.7113667559039203,0.707588255405426,0.7098287343978882,0.7103153467178345,0.7109063267707825,0.7124834656715393,0.7131491899490356,0.7131075263023376,0.7125446796417236,0.7120295166969299,0.7079758048057556,1508.0,0.6970154502342245,0.6978878378868103,0.7008653879165649,0.6991549134254456,0.6980435252189636,0.6986150145530701,0.6969149708747864,0.6981512904167175,0.6973173022270203,0.6974143981933594,0.6938216090202332,1508.0,0.6828970668099871,0.6691005825996399,0.6760947704315186,0.6806687116622925,0.6816992163658142,0.6817270517349243,0.6843971014022827,0.6852505803108215,0.6843667030334473,0.6839216351509094,0.6808062791824341,1508.0,0.6946897978883816,13.6826,110.213,0.219,nllpch,,,,,,,,,nllpch,L_PCH
sim_base__ours_nllpch__s3,08_true_order_and_tuning,sim_base,3.0,truth,ours,0.7236114783997163,0.7225371231442531,0.7146996426582591,0.11808838417140334,0.18360367597214075,0.19774078667837103,0.7202827480674094,0.1826930195093155,0.7202921502119662,0.71779605855898,0.6987672089774104,0.11993359327837759,0.18059063476364298,0.20750623309494232,0.7122851392494521,0.1777382493019104,0.7102786545321952,0.6960846868074291,0.6856788308197583,0.13041944242122622,0.19714621590114792,0.22150593689771908,0.6973473907197943,0.184618279337883,0.7336539046441843,0.7172617511015913,0.701368956832017,0.12566820636191892,0.18824907360783574,0.19655590097347833,0.7174282041925976,0.16246166825294495,0.7118358705573133,0.17225067367685035,239.57412094964633,283.4885776800005,232.41884454242674,259.2322513213474,246.31064689054006,246.92612782560474,183.95359102979958,190.71155747557057,225.56430085310316,245.0896285756308,0.6583952451708767,0.6638560546361966,6730.0,0.5731054977711738,0.08528974739970285,0.6527406417112299,0.21597970892600177,0.6205320361349533,8976.0,3.850590467453003,918.0,887.0,917.0,915.0,0.17688023306148734,0.7023437785289728,0.6962567567825317,0.7009216547012329,0.7020248174667358,0.7038295269012451,0.7035049200057983,0.7042024731636047,0.7043826580047607,0.7042409777641296,0.7023818492889404,0.6981395483016968,1496.0,0.696489627960614,0.6949891448020935,0.6969134211540222,0.6963218450546265,0.6965039968490601,0.6974462866783142,0.6963516473770142,0.6953638195991516,0.6966268420219421,0.6974194049835205,0.6960114240646362,1496.0,0.6795194157670663,0.6692553758621216,0.676543116569519,0.6777549386024475,0.6823534965515137,0.6808672547340393,0.6818127632141113,0.6803625226020813,0.6801847815513611,0.6799683570861816,0.6767295598983765,1496.0,0.6886123665542849,0.6833208203315735,0.6791589856147766,0.6857061386108398,0.6871426701545715,0.6907587647438049,0.6905059218406677,0.6935332417488098,0.6911042928695679,0.6928532123565674,0.6800527572631836,1496.0,0.6917412972027345,14.2056,105.311,0.211,nllpch,,,,,,,,,nllpch,L_PCH
sim_base__ours_nllpch__s4,08_true_order_and_tuning,sim_base,4.0,truth,ours,0.7327879250367705,0.7177559639134247,0.6986364411062748,0.11154000738989013,0.18093086436330544,0.20687803470973284,0.7163934433521567,0.18469710648059845,0.7329039363337928,0.7207569160643568,0.7113039761784019,0.11592064594417317,0.17254338299608132,0.1898532444673149,0.7216549428588506,0.17109383642673492,0.7365873277743112,0.7234142323357134,0.7048440606169248,0.11274790070383116,0.17676050799286722,0.19101565441236587,0.7216152069089832,0.16476580500602722,0.7595620409221265,0.7133910530780221,0.6988956763747532,0.10515384435272664,0.1869182557814079,0.1979635381207591,0.7239495901249673,0.1575785130262375,0.7209032958112395,0.16235215676953796,230.10033518273158,284.81972196270965,201.573087458127,245.26997181735047,181.5938204015021,213.10632592705795,156.13568295875635,176.7865064561895,192.35073150027924,229.99563154082688,0.6754825961392309,0.682762284196547,6579.0,0.5797233622131023,0.09575923392612862,0.6621621621621622,0.213890275960469,0.6165904423837804,8880.0,3.7390525341033936,895.0,847.0,879.0,885.0,0.1695683161386475,0.6892371194765392,0.6865952610969543,0.6883006691932678,0.6905654072761536,0.6903868317604065,0.6903322339057922,0.6908809542655945,0.6904609799385071,0.6918389201164246,0.6875253319740295,0.6854424476623535,1480.0,0.7053550588220009,0.6991798281669617,0.7025967836380005,0.704497754573822,0.7059412598609924,0.7050234079360962,0.7050163149833679,0.7061750888824463,0.7042849659919739,0.7063023447990417,0.7065003514289856,1480.0,0.6930804244988044,0.6707415580749512,0.6826269030570984,0.6921185851097107,0.6943268775939941,0.6951212882995605,0.6955951452255249,0.6952056288719177,0.69471675157547,0.6911362409591675,0.692295491695404,1480.0,0.6874401534917141,0.6840001940727234,0.684197187423706,0.6888918280601501,0.6886805295944214,0.6894853711128235,0.6902926564216614,0.6896421909332275,0.6890259981155396,0.6858716011047363,0.6839117407798767,1480.0,0.6937781890722645,13.6493,108.43,0.22,nllpch,,,,,,,,,nllpch,L_PCH
sim_base__ours_nllpch_event_ranking__s0,08_true_order_and_tuning,sim_base,0.0,truth,ours,0.7366246748017351,0.7117493107416467,0.6943332713015977,0.11709849806353265,0.18450329147901898,0.20394465675128512,0.7142357522816599,0.1847616285085678,0.7210353421419518,0.7059638128471311,0.6955095817289533,0.12628973031675989,0.19093431175609077,0.20501059052198342,0.7075029122393454,0.17659619450569153,0.6816350235173552,0.6834856567281433,0.6753092513314146,0.12379891146330026,0.1917489811935248,0.2060859773347638,0.6801433105256377,0.17389391362667084,0.713137362924814,0.6973053632738878,0.6898353558183579,0.11801603498369632,0.18980221531242547,0.1959427039593181,0.7000926940056865,0.15871435403823853,0.7004936672630824,0.17109799192797495,225.88154936806308,294.34585954747206,200.24284218632735,250.51018311109542,180.8222925213301,218.14423297581152,167.5660758622835,183.69697320503832,193.62818998450098,236.67431220985435,0.6581196581196581,0.6643464810518175,6786.0,0.5789861479516651,0.07913351016799297,0.6519183854513196,0.22507225015530152,0.642075652345008,9018.0,2.054741144180298,894.0,906.0,904.0,899.0,0.17348247302461922,0.6892705030692209,0.6927682161331177,0.6925299167633057,0.6905910968780518,0.6885079741477966,0.6885879039764404,0.6892315149307251,0.6901727318763733,0.6870953440666199,0.6933873891830444,0.6850033402442932,1503.0,0.6916788415834364,0.7003414034843445,0.694887101650238,0.6939510703086853,0.6938260793685913,0.694940984249115,0.6914224028587341,0.6922501921653748,0.6862130165100098,0.6909730434417725,0.6913227438926697,1503.0,0.6611929620507538,0.6443436741828918,0.6549739241600037,0.6518111228942871,0.6563514471054077,0.6526311039924622,0.6598545908927917,0.6613149046897888,0.6630851030349731,0.6711533069610596,0.6605163812637329,1503.0,0.6777960427242998,0.6564937233924866,0.6529324054718018,0.677855908870697,0.6817160248756409,0.686650812625885,0.6783168911933899,0.684213399887085,0.6847712993621826,0.68263179063797,0.6626637578010559,1503.0,0.6799845873569277,11.8403,126.939,0.253,nllpch_event_ranking,,,,,,,,,nllpch_event_ranking,L_PCH + L_mul
sim_base__ours_nllpch_event_ranking__s1,08_true_order_and_tuning,sim_base,1.0,truth,ours,0.7102143925005252,0.6909532598372594,0.6727871177019408,0.13233184474014067,0.1945853350004118,0.21374134486379062,0.6913182566799084,0.19150660932064056,0.7146830874602015,0.7025811488964256,0.6904651228513019,0.11912566372663358,0.18503586544878578,0.1977957975800541,0.7025764530693097,0.17463019490242004,0.7244677708638213,0.712515233214648,0.6888573084234777,0.11658437078495147,0.18211024485444935,0.20552779820933423,0.7086134375006491,0.1730642467737198,0.7151672257259415,0.7003926652652506,0.7015983469392925,0.12080130081283248,0.19275820800356996,0.18887294082135148,0.7057194126434948,0.1595769226551056,0.7020568899733405,0.17077255957052545,219.27352213039526,295.8391129350543,186.12211604159563,241.8268782526546,176.95031098390524,214.89206746214725,162.5490971388096,179.15262576578323,186.22376157367643,232.92767110390983,0.6709832856497515,0.6767588932806323,6641.0,0.5893690709230538,0.08161421472669772,0.6613559322033898,0.22396361723670108,0.6397377753197763,8850.0,2.043081521987915,902.0,897.0,861.0,879.0,0.17481172023755273,0.6753618833008822,0.6796853542327881,0.6775851845741272,0.6757751107215881,0.6720939874649048,0.670302152633667,0.6718568205833435,0.6751769781112671,0.6734664440155029,0.6811642050743103,0.6776003241539001,1475.0,0.6915306020827864,0.7059168219566345,0.6978291273117065,0.6975656747817993,0.6978212594985962,0.6923896670341492,0.6903517246246338,0.6906752586364746,0.6853643655776978,0.6882377862930298,0.692796528339386,1475.0,0.6823564726143363,0.6735621094703674,0.6851202845573425,0.6811166405677795,0.6806570887565613,0.6776376962661743,0.6828999519348145,0.68022221326828,0.681871771812439,0.6876435875892639,0.6821780800819397,1475.0,0.6854420162101906,0.6693270802497864,0.6711410284042358,0.6829370260238647,0.6866013407707214,0.6895102858543396,0.6872313022613525,0.6877006888389587,0.6893373131752014,0.6869167685508728,0.6790908575057983,1475.0,0.6836727435520489,11.4424,128.907,0.262,nllpch_event_ranking,,,,,,,,,nllpch_event_ranking,L_PCH + L_mul
sim_base__ours_nllpch_event_ranking__s2,08_true_order_and_tuning,sim_base,2.0,truth,ours,0.7114802783969174,0.7063350161477655,0.6862090687337764,0.11370519244419151,0.19261949930050756,0.21051994044981584,0.701341454426153,0.19237063825130463,0.7172400090351738,0.7086675449091369,0.69591198414161,0.1174682727127675,0.18583581989194284,0.19748834901770052,0.7072731793619735,0.17637065052986145,0.7120988819470145,0.6953093234161297,0.6919587087976451,0.11274007362122583,0.19346077083131266,0.1965244627658162,0.6997889713869299,0.16829952597618103,0.716407346449308,0.6788781994716823,0.6748737877718487,0.1183705632706324,0.2031794686192029,0.19948736300522404,0.6900531112309464,0.16651694476604462,0.6996141791015007,0.17011664799419499,238.68780051158572,300.9498822959013,200.0539133558733,250.34757755942172,178.48514219630104,207.7877856405379,171.97056063924978,190.81065374489754,197.29935417575246,237.47397481018962,0.6839852398523986,0.6891214470284238,6775.0,0.5778597785977859,0.10612546125461264,0.6557250221043325,0.22721478999029743,0.6466423253064696,9048.0,2.050016164779663,922.0,907.0,899.0,894.0,0.17600809800433956,0.6748031760901139,0.670313835144043,0.6756430268287659,0.6717429161071777,0.6721831560134888,0.6722180843353271,0.6723611950874329,0.6735833883285522,0.6729317307472229,0.6795148849487305,0.6799907684326172,1508.0,0.6903139899412213,0.704058051109314,0.694179356098175,0.6968136429786682,0.6972899436950684,0.6958316564559937,0.687362015247345,0.6906294226646423,0.6813452243804932,0.6866064667701721,0.692298948764801,1508.0,0.685391162282904,0.6917697191238403,0.6885626316070557,0.6812836527824402,0.6808810830116272,0.681504487991333,0.6839158535003662,0.6862121224403381,0.6849902272224426,0.6929486989974976,0.6824737787246704,1508.0,0.6655280748784027,0.6682568788528442,0.6597959995269775,0.6691051721572876,0.6682811975479126,0.6704857349395752,0.6675351858139038,0.6693281531333923,0.6680229306221008,0.6641799211502075,0.6587873697280884,1508.0,0.6790091007981606,12.5067,120.575,0.24,nllpch_event_ranking,,,,,,,,,nllpch_event_ranking,L_PCH + L_mul
sim_base__ours_nllpch_event_ranking__s3,08_true_order_and_tuning,sim_base,3.0,truth,ours,0.7385123296748781,0.7311520503680526,0.7144401064293844,0.11923248865048006,0.18695673149870168,0.1996561532012421,0.7280348288241051,0.1821630448102951,0.7227251365503431,0.7179954543738232,0.6950612032602939,0.11922226127159805,0.1802797478773826,0.20439091453169816,0.7119272647281534,0.17585185170173645,0.6940254785172505,0.6837361599344026,0.6697070498966343,0.12975592786316123,0.1947387524241516,0.2081886312988926,0.6824895627827625,0.17646673321723938,0.7379600003968891,0.7072348411940981,0.7043636015719192,0.12274443579508439,0.19085992201238322,0.18736364353986398,0.7165194810543021,0.15814679861068726,0.7097427843473307,0.1702824674970533,212.9714664487116,278.5596594048975,186.0947279523192,240.85582779694315,189.7607616554404,216.5713572063561,161.33373930433802,177.2116462333498,187.5401738402023,228.29962266038663,0.6560178306092125,0.6608353033884949,6730.0,0.5731054977711738,0.08291233283803867,0.6531862745098039,0.2253003144798404,0.6424879274631532,8976.0,2.057255268096924,918.0,887.0,917.0,915.0,0.1731456097564692,0.7056123615698525,0.704812228679657,0.7073261141777039,0.707548975944519,0.7083519697189331,0.7051576972007751,0.7060668468475342,0.7061122059822083,0.7060425877571106,0.7105658054351807,0.6973361372947693,1496.0,0.6934038713621121,0.6992723345756531,0.6970230937004089,0.6987902522087097,0.698846161365509,0.6986457705497742,0.6950567364692688,0.6953205466270447,0.6872196793556213,0.69253009557724,0.6884453892707825,1496.0,0.6651278623134577,0.6712072491645813,0.663684070110321,0.6610401272773743,0.6620326638221741,0.666412353515625,0.6658177971839905,0.6660081744194031,0.662129282951355,0.6684637069702148,0.6649024486541748,1496.0,0.6909931827759075,0.6751200556755066,0.6591751575469971,0.6864544749259949,0.6942715048789978,0.69398432970047,0.6903368234634399,0.6954004168510437,0.697012722492218,0.6955105662345886,0.6821784973144531,1496.0,0.6887843195053323,12.1441,123.187,0.247,nllpch_event_ranking,,,,,,,,,nllpch_event_ranking,L_PCH + L_mul
sim_base__ours_nllpch_event_ranking__s4,08_true_order_and_tuning,sim_base,4.0,truth,ours,0.7423027549562925,0.7240712027442399,0.699724766041254,0.11634690648299416,0.18875588695958115,0.21204399695718446,0.7220329079139288,0.1882150024175644,0.7293970060833107,0.7173973306220973,0.69525299857197,0.11771564276105277,0.17768925575605307,0.19896807144176262,0.7140157784257927,0.17658311128616333,0.7179384308882124,0.707551551724051,0.6930507238356393,0.11706663818754989,0.1833588587042549,0.19664762011453388,0.7061802354826342,0.17013970017433167,0.7388416587507421,0.7019345033678871,0.6903283927748429,0.11116137179590888,0.18964083257566947,0.20081841701083453,0.7103681849644907,0.16172794997692108,0.7131492766967116,0.16751779156228164,248.7052308949901,298.83273870081734,214.03218700739245,257.9336123185707,180.9803682562355,216.8601520096616,179.96393120362717,191.25647477902234,205.92042934056133,241.220744452018,0.6602827177382581,0.665418326693227,6579.0,0.5797233622131023,0.0805593555251558,0.652927927927928,0.22519360725800674,0.642310934655685,8880.0,2.0209848880767822,895.0,847.0,879.0,885.0,0.17418720895776188,0.6923897084279901,0.6879335641860962,0.6921746730804443,0.6912739872932434,0.689132034778595,0.6891915798187256,0.6921054720878601,0.6925035715103149,0.6915498375892639,0.6942059993743896,0.6968631744384766,1480.0,0.6955128590355719,0.6938608884811401,0.696395993232727,0.6978496313095093,0.6976154446601868,0.6965940594673157,0.6941983699798584,0.6936665773391724,0.6884947419166565,0.6965681314468384,0.7001511454582214,1480.0,0.680157875982556,0.6401987671852112,0.6723126173019409,0.6713768243789673,0.6748912930488586,0.6789589524269104,0.6764476299285889,0.6813892722129822,0.6807225346565247,0.688129186630249,0.6814080476760864,1480.0,0.6766285167441717,0.6757298707962036,0.6700954437255859,0.6703054308891296,0.6775460243225098,0.6851527094841003,0.6777236461639404,0.6844924092292786,0.6834320425987244,0.6755871176719666,0.6651569604873657,1480.0,0.6861722400475724,13.357,110.804,0.225,nllpch_event_ranking,,,,,,,,,nllpch_event_ranking,L_PCH + L_mul
sim_base__ours_nllpch_sample_event_ranking__s0,08_true_order_and_tuning,sim_base,0.0,truth,ours,0.7341771697033501,0.7229084923635346,0.7057328515640366,0.12232366263613559,0.2001013348910777,0.22121425892336774,0.7209395045436405,0.20029042661190033,0.7278149449090645,0.7175463788110235,0.7086133528063426,0.13195902721413147,0.20341735794532828,0.22040196347942337,0.7179915588421436,0.19122803211212158,0.7005071757752708,0.7051715576202836,0.6943976331852239,0.12410646383186053,0.20273291518601047,0.221685166406653,0.7000254555269261,0.18446359038352966,0.7353678160213771,0.7152936688825283,0.7006619065750607,0.12317514662091936,0.20633339987562935,0.21523476683851223,0.7171077971596554,0.17269103229045868,0.7140160790180915,0.18272378865408742,238.22272257384506,317.5361647702866,225.07849867473277,276.15872097664834,190.65719629524614,229.93830612321594,172.2741428704352,194.740489685794,206.5581401035648,254.5934203889862,0.65929855585028,0.6643464810518175,6786.0,0.5789861479516651,0.08031240789861482,0.6554668440895985,0.23030813625144186,0.6532530252757713,9018.0,2.3084754943847656,894.0,906.0,904.0,899.0,0.18715419434372862,0.701967787054203,0.7042976021766663,0.7046071887016296,0.7049441933631897,0.7001187801361084,0.7027338147163391,0.7008107900619507,0.7045846581459045,0.7017968893051147,0.7041569352149963,0.6965934634208679,1503.0,0.703050636033111,0.7022522687911987,0.70362788438797,0.7002944350242615,0.6990859508514404,0.7011399269104004,0.7028975486755371,0.7046213150024414,0.703978955745697,0.7066798210144043,0.7017013430595398,1503.0,0.6826152989621087,0.6747671365737915,0.689170777797699,0.6744445562362671,0.6798920035362244,0.6766314506530762,0.6805678606033325,0.682561457157135,0.684114396572113,0.6870782971382141,0.6834365129470825,1503.0,0.687219960160691,0.669776976108551,0.6718826293945312,0.6846228241920471,0.6869418025016785,0.6884729266166687,0.6907351613044739,0.6922937631607056,0.6917548775672913,0.6863194704055786,0.6816181540489197,1503.0,0.6937134205525285,13.4003,112.162,0.224,nllpch_sample_event_ranking,,,,,,,,,nllpch_sample_event_ranking,L_PCH + L_rank + L_mul (paper)
sim_base__ours_nllpch_sample_event_ranking__s1,08_true_order_and_tuning,sim_base,1.0,truth,ours,0.7018351795685779,0.6922674756323686,0.6826356101534602,0.1404470112634854,0.21478480415698836,0.23137593383012853,0.6922460884514688,0.20988334715366364,0.732334863163816,0.7180078362193086,0.7071875882032332,0.12287342983962178,0.19718457185859506,0.21758790560495606,0.7191767625287859,0.18979492783546448,0.7345097348978891,0.7248018390786999,0.7064787203913498,0.12240481878045147,0.19769746349941175,0.21466619704406864,0.7219300981226463,0.18252502381801605,0.7283138857805569,0.7017847993241343,0.699304929966988,0.12282355905971369,0.21015869724019093,0.21414177354232852,0.7098012050238931,0.17615456879138947,0.7107885385316985,0.183845513809995,268.79153370099976,333.67527886616097,208.56606607417308,266.1536208662562,193.32572472087153,232.18425632678438,180.9608404827916,198.38248905068264,212.911041244709,257.598911277471,0.6592380665562415,0.6647430830039526,6641.0,0.5893690709230538,0.06986899563318771,0.6532203389830509,0.2309992134948192,0.6546179991502215,8850.0,2.304626703262329,902.0,897.0,861.0,879.0,0.18975833310990659,0.6807625848493534,0.6790915727615356,0.6803362369537354,0.6830119490623474,0.6835559010505676,0.6836339831352234,0.6841577887535095,0.6857653260231018,0.6826613545417786,0.6795295476913452,0.6697245240211487,1475.0,0.7037668059749245,0.7051858305931091,0.7074587941169739,0.704555332660675,0.7066413164138794,0.703850507736206,0.7047314643859863,0.7050753235816956,0.6976552605628967,0.7047383189201355,0.703765332698822,1475.0,0.6939992959239498,0.6609442830085754,0.693183183670044,0.6967296600341797,0.696596622467041,0.6933238506317139,0.6969466209411621,0.6943467855453491,0.697814404964447,0.6978585720062256,0.6868894100189209,1475.0,0.6827203161784243,0.6848743557929993,0.6769946217536926,0.6855879426002502,0.686745285987854,0.682716965675354,0.6811408400535583,0.6816559433937073,0.6859958171844482,0.6880772113800049,0.676003098487854,1475.0,0.690312250731663,11.9413,123.521,0.251,nllpch_sample_event_ranking,,,,,,,,,nllpch_sample_event_ranking,L_PCH + L_rank + L_mul (paper)
sim_base__ours_nllpch_sample_event_ranking__s2,08_true_order_and_tuning,sim_base,2.0,truth,ours,0.7050684206159117,0.7163352895012884,0.6991698254818184,0.11907637583162606,0.21082257877295327,0.22737563216842732,0.7068578451996729,0.20690783858299255,0.7275016314381835,0.7179195070947653,0.7166649405261046,0.12164255782916374,0.20106974770405703,0.2164557405052514,0.7206953596863511,0.19139142334461212,0.7294854900981987,0.7129947638552878,0.703218067760911,0.11434625482698002,0.2012795940606325,0.2133711471502371,0.7152327739047992,0.17962458729743958,0.7262788516275529,0.6964200020111488,0.6972585013887564,0.11822437645633051,0.2077919047770048,0.20982368294967696,0.7066524516758195,0.17281772196292877,0.7123596076166607,0.18010663275269506,257.04553752113304,325.16202058967104,217.59295362596197,272.6083019727277,178.91463193506058,218.58923795588228,178.57664793742373,198.77801097532486,208.03244275489482,253.78439287340146,0.6707011070110701,0.6764857881136952,6775.0,0.5778597785977859,0.09284132841328419,0.6546198054818745,0.2308304046736145,0.6542691664111089,9048.0,2.3107049465179443,922.0,907.0,899.0,894.0,0.18783616663786273,0.6851690467462583,0.6644547581672668,0.6772297024726868,0.685908317565918,0.6837897896766663,0.6851388216018677,0.6863588094711304,0.687515914440155,0.684560239315033,0.690033495426178,0.6858507990837097,1508.0,0.7058500328230186,0.7018120884895325,0.708727240562439,0.7084565758705139,0.7091962695121765,0.7076113820075989,0.7060498595237732,0.7075349688529968,0.7030801773071289,0.7061372995376587,0.7029255032539368,1508.0,0.6957504101282472,0.6894150376319885,0.6987808346748352,0.6979154348373413,0.6997555494308472,0.6984430551528931,0.6972288489341736,0.6988710761070251,0.6972299814224243,0.6982475519180298,0.6865730881690979,1508.0,0.6870233974315062,0.6840705871582031,0.6781812906265259,0.6885135173797607,0.6881915330886841,0.6847481727600098,0.6851134300231934,0.6898193359375,0.6912514567375183,0.6891165971755981,0.6823768019676208,1508.0,0.6934482217822576,11.8408,127.357,0.253,nllpch_sample_event_ranking,,,,,,,,,nllpch_sample_event_ranking,L_PCH + L_rank + L_mul (paper)
sim_base__ours_nllpch_sample_event_ranking__s3,08_true_order_and_tuning,sim_base,3.0,truth,ours,0.7274803319560449,0.7321605208702403,0.7192314263420897,0.12563127262099488,0.20494942181304246,0.21883686486900708,0.7262907597227916,0.1997559368610382,0.7199938597895138,0.7195136633946276,0.6998747605186699,0.12467816891316831,0.19481228513853058,0.21683179170939426,0.7131274279009371,0.1887107789516449,0.7233160288358598,0.7004006298265457,0.6885739571295089,0.13136469046809882,0.19900150849700346,0.21466334227920794,0.7040968719306381,0.18126529455184937,0.7459506626306087,0.7282016737480231,0.7189702124460537,0.1280539241534148,0.20358363215322506,0.20097747853562858,0.7310408496082285,0.16872964799404144,0.7186389772906487,0.1802820317625597,241.59477166096386,309.1807829688015,208.0324372820368,264.35753906407507,206.50638269419963,230.47271422177207,172.6742145320192,188.98358983893593,207.20195154230487,248.24865652339614,0.6531946508172363,0.658628841607565,6730.0,0.5731054977711738,0.08008915304606246,0.6510695187165776,0.22993479220469845,0.6523235019994763,8976.0,2.323472261428833,918.0,887.0,917.0,915.0,0.1845945323033093,0.7083798682402297,0.7012931704521179,0.7072169184684753,0.70876544713974,0.7082909941673279,0.7079780697822571,0.7078483700752258,0.7079605460166931,0.7117694616317749,0.7136436104774475,0.7034275531768799,1496.0,0.696964317086068,0.687648594379425,0.6964209675788879,0.6964606642723083,0.6996504068374634,0.7013500928878784,0.6977575421333313,0.6971209049224854,0.6924055218696594,0.6988359093666077,0.6961047649383545,1496.0,0.6838661300528992,0.6667974591255188,0.6805093288421631,0.6858119964599609,0.6865215301513672,0.6849586963653564,0.6867008209228516,0.6861374974250793,0.6861893534660339,0.6834962368011475,0.6790119409561157,1496.0,0.7046351616474574,0.6924756765365601,0.6883454322814941,0.6966931223869324,0.7051634788513184,0.7113296389579773,0.7085303068161011,0.710212230682373,0.7107519507408142,0.7066832780838013,0.693300187587738,1496.0,0.6984613692566636,12.8136,116.751,0.234,nllpch_sample_event_ranking,,,,,,,,,nllpch_sample_event_ranking,L_PCH + L_rank + L_mul (paper)
sim_base__ours_nllpch_sample_event_ranking__s4,08_true_order_and_tuning,sim_base,4.0,truth,ours,0.7246440431154674,0.7166852591707338,0.6919224499779882,0.1220667588646053,0.20164523540433624,0.22524198903065995,0.7110839174213964,0.20187214016914368,0.7388335794398586,0.7256534518727459,0.7080543391202906,0.12279435695379268,0.19160373682765436,0.213146879511175,0.7241804568109651,0.19258205592632294,0.7327895270168719,0.7213537969535052,0.7031216738482279,0.12024775710715743,0.1987588238069069,0.2153781757685108,0.7190883326062018,0.184980109333992,0.7633565377472651,0.710444322231025,0.7032461514663869,0.11620731940586593,0.20477360953911902,0.2136164985281084,0.7256823371482257,0.17230990529060364,0.7200087609966973,0.17879009506232432,244.38995912318308,316.7186292344691,206.28971925582135,273.03281554396165,185.97171347253686,230.4858971836965,177.10298175136313,197.03232805241217,203.43859340072612,254.31741750363486,0.6537467700258398,0.659468791500664,6579.0,0.5797233622131023,0.07402340781273753,0.6523648648648649,0.2294114420555165,0.6513139587619328,8880.0,2.286421060562134,895.0,847.0,879.0,885.0,0.18793050459433608,0.6864953945608739,0.6841508150100708,0.6882830858230591,0.6886456608772278,0.685725212097168,0.6860275864601135,0.6867737770080566,0.6861532330513,0.6862147450447083,0.6839916706085205,0.6887074112892151,1480.0,0.7025181991083559,0.6857040524482727,0.7062315940856934,0.7005079984664917,0.7037132978439331,0.7038512825965881,0.7015383243560791,0.7028321027755737,0.6960840225219727,0.7056792378425598,0.7056230306625366,1480.0,0.6845204972583113,0.6637166738510132,0.6735896468162537,0.6770137548446655,0.678419828414917,0.6867671608924866,0.6879726648330688,0.6879186630249023,0.6868168115615845,0.6848081350326538,0.6836788654327393,1480.0,0.6886782652775877,0.6962543725967407,0.6827079653739929,0.6899707913398743,0.6879381537437439,0.6905920505523682,0.6876295804977417,0.6926948428153992,0.6968324780464172,0.6845513582229614,0.6838138699531555,1480.0,0.6905530890512822,12.8153,115.487,0.234,nllpch_sample_event_ranking,,,,,,,,,nllpch_sample_event_ranking,L_PCH + L_rank + L_mul (paper)
sim_regime_semicompeting__coxph__s0,08_true_order_and_tuning,sim_regime_semicompeting,0.0,truth,coxph,0.6991712233016575,0.6790360179950424,0.6615924563781768,0.10757933411498917,0.17686833300147525,0.2204883239847326,0.6799332325582922,0.16831199703373234,0.6759401590334476,0.6751085952356913,0.6584229921863513,0.11358952179023016,0.17866111623870182,0.21765534650084428,0.6698239154851634,0.1699686615099254,0.6969598278727098,0.6930434308713807,0.6870155347021242,0.09952204105124052,0.1682734684481931,0.19405465733788238,0.6923395978154049,0.15395005561243869,0.6752645915796692,0.6563221426317134,0.649662084865344,0.15953279417218688,0.2239050241857601,0.17839840043223226,0.6604162730255755,0.18727873959672645,0.675628254721109,0.16987736343820573,267.4644792883168,351.1448849406962,257.7894076389438,308.1183872279518,207.14956606415106,251.48808074960436,187.6846080005211,208.23318488761976,230.02201524798318,279.74613445146804,0.7124063584871185,0.7095905468535312,5473.0,0.6754978987758086,0.03690845971130996,0.6264138389886893,0.22621398612248245,0.6435192702357356,9018.0,,,,,,,,,,,,,,,,,,,,,,,,,,,,,,,,,,,,,,,,,,,,,,,,,,,,,,,,,,,,,,,,,,,,,Cox PH (cause-specific)
sim_regime_semicompeting__coxph__s1,08_true_order_and_tuning,sim_regime_semicompeting,1.0,truth,coxph,0.6769057554591497,0.6508515990695962,0.6424088428777689,0.11889604687018886,0.19217980392346332,0.22430985833230305,0.6567220658021716,0.1784619030419851,0.6985990357329701,0.6827289677796936,0.6739305540244317,0.10500209600989892,0.1773810334017032,0.20406167071524678,0.6850861858456985,0.16214826670894963,0.6986886545851491,0.6895436968462304,0.6764139347271598,0.09912253177438639,0.16671190641929454,0.20196718884514317,0.6882154287195131,0.15593387567960804,0.6840882254977028,0.6672190688190123,0.6577849959079859,0.15692480082890373,0.21600491346659662,0.18316391708287433,0.6696974300749003,0.18536454379279155,0.6749302776105709,0.17047714730583358,288.87254727256203,360.6841988561461,264.0142700183158,307.17802944098173,212.44608059247963,259.3490112365414,190.0931142266839,208.49349807761394,238.8565030275103,283.9261844028208,0.7227298154018273,0.7221940928270042,5363.0,0.6828267760581764,0.039903039343650915,0.6228248587570622,0.22663351421258598,0.6439079008108874,8850.0,,,,,,,,,,,,,,,,,,,,,,,,,,,,,,,,,,,,,,,,,,,,,,,,,,,,,,,,,,,,,,,,,,,,,Cox PH (cause-specific)
sim_regime_semicompeting__coxph__s2,08_true_order_and_tuning,sim_regime_semicompeting,2.0,truth,coxph,0.6707888867725081,0.6639862389165794,0.6442743492598564,0.10739076215557648,0.1847220585640041,0.22243428579307462,0.6596831583163146,0.17151570217088508,0.6820926574864786,0.6687799769150674,0.6602710788588505,0.0995559766609492,0.17889454397369892,0.21605938247796358,0.6703812377534656,0.16483663437087057,0.7107252624483311,0.7033835759116777,0.6904652956953378,0.0883164176535966,0.16456883854545884,0.19650034786619275,0.7015247113517821,0.14979520135508273,0.6985700664685437,0.66694149335339,0.6570948953239949,0.15635470023069076,0.2199838309658951,0.17350372148627832,0.6742021517153095,0.18328075089428808,0.6764478147842179,0.16735707219778162,283.89091316986753,362.7140331113248,268.75911697334175,311.0314196854847,204.11876265879545,244.76345310467377,183.2170824762057,208.44853272126028,234.9964688195526,281.7393596556859,0.7176427391224527,0.7163091309130912,5447.0,0.6770699467596842,0.04057279236276845,0.6276525198938993,0.22737419061040606,0.6462837186621441,9048.0,,,,,,,,,,,,,,,,,,,,,,,,,,,,,,,,,,,,,,,,,,,,,,,,,,,,,,,,,,,,,,,,,,,,,Cox PH (cause-specific)
sim_regime_semicompeting__coxph__s3,08_true_order_and_tuning,sim_regime_semicompeting,3.0,truth,coxph,0.6809810180418605,0.6669475077936435,0.6566517701256906,0.11068993649954771,0.17890061938093452,0.21729615139052663,0.6681934319870649,0.16896223575700295,0.704098563910719,0.6852483352392839,0.6762859820675506,0.10158363121291902,0.1663630550821256,0.20757359665398872,0.6885442937391845,0.1585067609830111,0.7027399499538276,0.6839547635630046,0.6728569326000622,0.10319413240601469,0.16616710519540537,0.19725858878081062,0.686517215372298,0.1555399421274102,0.703211390796215,0.6837137967008744,0.6716645911865188,0.16116316879830825,0.21047047376662933,0.17430302933515462,0.686196592894536,0.18197889063336406,0.6823628834982709,0.16624695737519707,278.3387548472339,356.2411887163147,242.7642411379987,306.80966888938,218.05939035149368,261.1953100541223,180.75338024462832,203.4459025494477,229.97894164533864,281.9230175523162,0.7146059021292491,0.7135089209855565,5354.0,0.6714605902129249,0.0431453119163242,0.61798128342246,0.22834870205784422,0.648336402138959,8976.0,,,,,,,,,,,,,,,,,,,,,,,,,,,,,,,,,,,,,,,,,,,,,,,,,,,,,,,,,,,,,,,,,,,,,Cox PH (cause-specific)
sim_regime_semicompeting__coxph__s4,08_true_order_and_tuning,sim_regime_semicompeting,4.0,truth,coxph,0.6920783072902179,0.6777656099963439,0.6542643778923624,0.10640864119768814,0.17844321760402948,0.21313313036575754,0.6747027650596413,0.16599499638915838,0.7074059800393944,0.6804314729746004,0.6654087591305254,0.09907852877938156,0.16993140214173172,0.21268332603369575,0.6844154040481735,0.16056441898493634,0.7250213668277089,0.6950316633779559,0.6820895771122857,0.0972515996537255,0.1677920587411458,0.1977301535108653,0.7007142024393168,0.1542579373019122,0.6990003316940274,0.6771518282417259,0.6678375004762391,0.15667087748527334,0.2119670207864844,0.1729940276409318,0.6813298868039975,0.18054397530422986,0.6852905645877824,0.16534033199505918,278.8923167299329,354.522899687552,253.5902741822339,307.9129750693429,211.5803726042692,259.8663713016006,180.7353537683619,203.73032402404795,231.19957932119945,281.50814252063583,0.7116182572614108,0.707391673746814,5302.0,0.6812523576009053,0.030365899660505513,0.6182432432432432,0.22676821778258235,0.6443146994844653,8880.0,,,,,,,,,,,,,,,,,,,,,,,,,,,,,,,,,,,,,,,,,,,,,,,,,,,,,,,,,,,,,,,,,,,,,Cox PH (cause-specific)
sim_regime_semicompeting__deephit_paper__s0,08_true_order_and_tuning,sim_regime_semicompeting,0.0,truth,deephit_paper,0.7342061410286046,0.717056815364585,0.7015583270883177,0.12366041522882532,0.2255356106038141,0.33231648341652614,0.7176070944938356,0.3438733220100403,0.7131772761713207,0.7121989576113215,0.7057173564485533,0.1270532489774096,0.22814686828482938,0.32210506442339537,0.7103645300770651,0.3256218433380127,0.7168076326819245,0.703280937238162,0.6967914214599817,0.11114960234259136,0.2188420049381345,0.3171128866482904,0.705626663793356,0.29406675696372986,0.7225656300349165,0.701778540249719,0.6945504806368114,0.16401153183435407,0.23451376048347317,0.18050508123349746,0.7062982169738156,0.17753314971923828,0.7099741263345181,0.21541271320126174,795.3951796724558,624.9628284773305,785.0343893845492,613.2349997980073,741.6043406037409,589.5041224442932,203.5548190426657,223.40636477127444,631.3971821758529,512.7770788727264,0.5380961081673671,0.5496015388843088,5473.0,0.6754978987758086,-0.1374017906084415,0.5598802395209581,0.2829353792849674,0.7720603516995537,9018.0,8.367417335510254,806.0,753.0,715.0,1346.0,0.26839019235491096,0.6970298077199125,0.6976370811462402,0.7000319957733154,0.7006221413612366,0.7011968493461609,0.6982713937759399,0.6954565644264221,0.6963766813278198,0.6976367831230164,0.6943403482437134,0.6942113041877747,1503.0,0.6877158092371873,0.6890287399291992,0.6949609518051147,0.6948912143707275,0.6943424940109253,0.6927735805511475,0.6939479112625122,0.6938085556030273,0.691533625125885,0.6749099493026733,0.6749060750007629,1503.0,0.6874040000686196,0.6861432790756226,0.6812252402305603,0.6850963234901428,0.6833580136299133,0.6853502988815308,0.6836144924163818,0.6889988780021667,0.6866098046302795,0.6906558871269226,0.6906614899635315,1503.0,0.6875028028185615,0.6317747831344604,0.6765744090080261,0.6788151264190674,0.6853850483894348,0.6868560314178467,0.6858527660369873,0.6872628927230835,0.689130425453186,0.6903702020645142,0.6880112290382385,1503.0,0.6899131049610703,12.2786,122.408,0.244,,,,,,,,,,,DeepHit
sim_regime_semicompeting__deephit_paper__s1,08_true_order_and_tuning,sim_regime_semicompeting,1.0,truth,deephit_paper,0.697113593362746,0.6927275839511928,0.6834483822707899,0.1351977572853356,0.2442780766310378,0.3382553963926353,0.6910965198615763,0.3542889356613159,0.714107037591044,0.7171047107762174,0.7077050245906221,0.11477748172638001,0.2171817980259668,0.30931972733308594,0.7129722576526278,0.3144606947898865,0.7134038373209046,0.7208111695017746,0.7007032701332587,0.10899633856491811,0.207676311892065,0.31975643972136436,0.7116394256519794,0.2909984290599823,0.7240394269302036,0.7116761408786738,0.6970156169100965,0.1624731226933952,0.2291474481335756,0.18619034177691335,0.7109103949063247,0.17813363671302795,0.7066546495181271,0.21443752001472274,806.2362013240751,638.1128473618976,763.8357362324284,599.1940662915665,739.260765936386,585.7917160610176,211.79289086184352,229.21754718427601,630.2813985886834,513.0790442246895,0.5556591460003729,0.5699859353023911,5363.0,0.6828267760581764,-0.12716763005780352,0.5596610169491525,0.27805488715868276,0.7578475576593634,8850.0,8.545546531677246,808.0,737.0,697.0,1315.0,0.2685112818124625,0.6839225819824895,0.6753607988357544,0.6795681715011597,0.6816550493240356,0.6824443340301514,0.6812868714332581,0.6846109628677368,0.6870706677436829,0.688903272151947,0.6839873790740967,0.6842108368873596,1475.0,0.7024690328325544,0.6986532807350159,0.702237606048584,0.7030906677246094,0.7020634412765503,0.702816903591156,0.7015430331230164,0.7033917903900146,0.7030937075614929,0.7022855877876282,0.7022984623908997,1475.0,0.6961024426979888,0.6943363547325134,0.6976348161697388,0.6928482055664062,0.697647750377655,0.699164867401123,0.6998772025108337,0.6987782120704651,0.6992741227149963,0.6918109059333801,0.6918501853942871,1475.0,0.6905069515658022,0.6487448811531067,0.6822737455368042,0.6861464381217957,0.689313530921936,0.6882160902023315,0.6918883323669434,0.6918637156486511,0.6928797364234924,0.6903689503669739,0.690375804901123,1475.0,0.6932502522697086,13.0309,113.193,0.23,,,,,,,,,,,DeepHit
sim_regime_semicompeting__deephit_paper__s2,08_true_order_and_tuning,sim_regime_semicompeting,2.0,truth,deephit_paper,0.7029489580405577,0.7104357666138108,0.6948311492423103,0.11824676239462203,0.2346406055063298,0.33061880108995145,0.7027386246322264,0.3352237343788147,0.7377123866341133,0.7312432996212098,0.7172319179211013,0.10907999866084653,0.22065098755041637,0.31371722104900324,0.7287292013921415,0.31123992800712585,0.7099576933903403,0.7231403906608399,0.7082983969494606,0.09362907837626472,0.20217887337865972,0.3092330314532331,0.7137988270002137,0.28002816438674927,0.7192999784003424,0.7008225430875213,0.6917726966951975,0.16302756103945196,0.22957318622407866,0.17868213814592654,0.703965072727687,0.17778073251247406,0.7123079314380671,0.20860652040573202,783.8853886382169,615.7305129993742,766.4268408057026,594.0562362463172,709.9663427394953,573.4890818386945,196.91997209842137,223.92825261619896,614.2996360704591,501.80102092514625,0.5496603635028456,0.5603960396039604,5447.0,0.6770699467596842,-0.1274095832568386,0.5592396109637489,0.2810229207823825,0.766703447516834,9048.0,8.281903266906738,802.0,739.0,725.0,1331.0,0.26091251485225786,0.6863308878677261,0.6721338033676147,0.676359236240387,0.6847410202026367,0.6861725449562073,0.6872230172157288,0.6889498233795166,0.6859815120697021,0.6891444325447083,0.6879381537437439,0.6878619194030762,1508.0,0.7079748833348368,0.6991604566574097,0.7044534087181091,0.7095717787742615,0.7068300843238831,0.7091676592826843,0.708042562007904,0.7087993025779724,0.709144115447998,0.7077382802963257,0.7076073288917542,1508.0,0.7046158762118216,0.7092150449752808,0.7086153030395508,0.7078293561935425,0.7040731906890869,0.7067072987556458,0.7092495560646057,0.7093576192855835,0.7095169425010681,0.6979360580444336,0.6980034708976746,1508.0,0.6850816870847195,0.6625965237617493,0.6793642640113831,0.6806727647781372,0.6822060942649841,0.6842759251594543,0.6862579584121704,0.6859830021858215,0.6865522265434265,0.6870307326316833,0.6836532354354858,1508.0,0.696000833624776,13.6687,110.325,0.219,,,,,,,,,,,DeepHit
sim_regime_semicompeting__deephit_paper__s3,08_true_order_and_tuning,sim_regime_semicompeting,3.0,truth,deephit_paper,0.7218117974876975,0.7242030120195947,0.7070479372005912,0.12733305896915387,0.23311992507283016,0.3400892806509364,0.7176875822359611,0.35429713129997253,0.7338876548187525,0.718717611009456,0.7047313453147207,0.1134655774671476,0.20982062162950407,0.30471449283032065,0.7191122037143097,0.3140186369419098,0.7176572273614035,0.7000727225138685,0.6837114114526314,0.11525114956455798,0.21248653428197062,0.3132837225943233,0.7004804537759678,0.29236742854118347,0.7229654504879678,0.7123657042974416,0.7056312518237453,0.17836531882622525,0.23667770907332028,0.18340542317521671,0.7136541355363849,0.1841929852962494,0.7127335938156558,0.21400106784462558,804.3582210786516,635.4403598211693,787.0924861404562,607.3763295852737,735.2966193944025,586.4584506992238,218.45273332040674,238.15441256715616,636.3000149834793,516.8573881682057,0.5524841240194247,0.5649391107335033,5354.0,0.6714605902129249,-0.11897646619350022,0.5562611408199644,0.2789616483814857,0.7603629077159796,8976.0,8.457271575927734,809.0,715.0,713.0,1331.0,0.2703947714726219,0.6977738504638838,0.6909670233726501,0.6979694962501526,0.6998513340950012,0.701175332069397,0.6975722312927246,0.6960071921348572,0.700186014175415,0.6955525279045105,0.6977040767669678,0.6977033615112305,1496.0,0.6964056360465933,0.699252188205719,0.7035526633262634,0.704270601272583,0.7046576738357544,0.7034097909927368,0.6997612714767456,0.6998986005783081,0.7003900408744812,0.6847402453422546,0.6846988797187805,1496.0,0.6780066796834918,0.6721922159194946,0.6835174560546875,0.6868880391120911,0.6839759349822998,0.6820449829101562,0.6823220252990723,0.6823119521141052,0.6778742671012878,0.6710599064826965,0.6710614562034607,1496.0,0.6972085413500586,0.6683660745620728,0.6859809756278992,0.6933280825614929,0.6975013613700867,0.6916159987449646,0.6935004591941833,0.6956143379211426,0.6975704431533813,0.7002280354499817,0.7002324461936951,1496.0,0.6923486768860069,13.9017,107.613,0.216,,,,,,,,,,,DeepHit
sim_regime_semicompeting__deephit_paper__s4,08_true_order_and_tuning,sim_regime_semicompeting,4.0,truth,deephit_paper,0.7226524738231164,0.719147618110763,0.6885681152354984,0.12237206493874926,0.2328326954757243,0.33383792097432463,0.710122735723126,0.3553331196308136,0.7536728490914791,0.7260169307779982,0.7135547754089181,0.10972743527498897,0.20944067043122855,0.31089983484080086,0.7310815184261319,0.30887070298194885,0.7462260119976198,0.7117892957593113,0.7059422645888929,0.1094866335237217,0.2170717704759447,0.31823466852449217,0.7213191907819413,0.2887020409107208,0.729937643069654,0.7036304468415628,0.7013933056446829,0.16235337625462673,0.22774608225139847,0.1836432154568709,0.7116537985186332,0.1772996485233307,0.7185443108624581,0.21147053070190597,809.752697996941,638.3906078148325,775.6435449494501,596.4778659122424,736.1263037959725,585.1916917884128,202.4557632503881,223.90113318906765,630.9945774981878,510.9903246761388,0.5348924933987175,0.5443783630699519,5302.0,0.6812523576009053,-0.14635986420218783,0.5582207207207207,0.2834610461965838,0.7736603330528149,8880.0,8.240705490112305,798.0,711.0,701.0,1306.0,0.26652342745604096,0.683302769674593,0.6861011981964111,0.6911305785179138,0.6927110552787781,0.6906102299690247,0.689062774181366,0.6818972826004028,0.6876575946807861,0.6864050030708313,0.6716585755348206,0.6716777086257935,1480.0,0.6999118158715323,0.6942828893661499,0.7017800807952881,0.7028224468231201,0.7042889595031738,0.7054190635681152,0.705077588558197,0.7044154405593872,0.7017598152160645,0.6917210817337036,0.6917148232460022,1480.0,0.6900130939520015,0.684077799320221,0.6923893094062805,0.6915568113327026,0.6930832266807556,0.6941338181495667,0.6957201957702637,0.6941601634025574,0.6920785903930664,0.6836425065994263,0.6836375594139099,1480.0,0.6896490032341998,0.661880373954773,0.6778677701950073,0.6740253567695618,0.685444176197052,0.682252049446106,0.6866511106491089,0.682989776134491,0.6914111375808716,0.6954062581062317,0.6941104531288147,1480.0,0.6907191706830816,14.4768,102.232,0.207,,,,,,,,,,,DeepHit
sim_regime_semicompeting__mensa_paper__s0,08_true_order_and_tuning,sim_regime_semicompeting,0.0,truth,mensa_paper,0.7081335448477372,0.7047944863514177,0.6893290148559226,0.10482850696093855,0.17190761705084362,0.206526962257387,0.7007523486850258,0.18329937756061554,0.7163562823285897,0.7141554055807814,0.7074156041049985,0.11387353799542967,0.1788650328894036,0.2127859054036369,0.7126424306714565,0.19063438475131989,0.7265689989749374,0.7124842880175506,0.6982485836704994,0.09556432110387592,0.1634731342304311,0.19066767392853992,0.7124339568876624,0.15771794319152832,0.7096650794976166,0.6921758981725632,0.6851752289508295,0.1532588947236475,0.21316996256755016,0.171544101158028,0.6956720688736698,0.1643555760383606,0.7053752012794536,0.16470547085580933,225.42007325031528,323.9956200655033,303.6031080095048,309.35560876462284,160.1669265393529,230.13332255511546,185.74781742136173,204.68649512202927,218.73448130513367,267.0427616268177,0.7173396674584323,0.7194558944765046,5473.0,0.6754978987758086,0.04184176868262368,0.635395874916833,0.22635546653199148,0.6453870092102575,9018.0,15.211904525756836,806.0,753.0,715.0,1346.0,0.17272870849756247,0.6822422823617257,0.6751548051834106,0.6828629374504089,0.6862518787384033,0.6861158013343811,0.6853059530258179,0.6846161484718323,0.6836116313934326,0.68231201171875,0.68033766746521,0.6756405830383301,1503.0,0.699260431422007,0.6943868398666382,0.6974437236785889,0.6994848847389221,0.7006521224975586,0.7015389204025269,0.7026079297065735,0.7024314403533936,0.7019171118736267,0.7003673911094666,0.6895925998687744,1503.0,0.6830096491122079,0.6745225191116333,0.6787400245666504,0.6828600764274597,0.6870662569999695,0.6871103644371033,0.6885780096054077,0.6895304918289185,0.6918178200721741,0.6922562122344971,0.6560863256454468,1503.0,0.6746542358835054,0.6336759328842163,0.6534996628761292,0.6632729172706604,0.6689185500144958,0.672895610332489,0.6756554245948792,0.677394449710846,0.6785461902618408,0.6819234490394592,0.6691787242889404,1503.0,0.6847916496948615,12.6073,119.217,0.238,,,,,,,,,,,MENSA
sim_regime_semicompeting__mensa_paper__s1,08_true_order_and_tuning,sim_regime_semicompeting,1.0,truth,mensa_paper,0.6842869288984542,0.6907852392372765,0.684298837555775,0.11821123612435297,0.18198832896589048,0.2085724098005337,0.6864570018971685,0.1880084127187729,0.7173868692155215,0.7038253642511654,0.6980807804880198,0.10293813521987732,0.1714678554003417,0.1986959118668091,0.7064310046515688,0.18329524993896484,0.7033143866312643,0.7087878230862791,0.6983449985889658,0.09842084450073772,0.16328759993848296,0.19372323663211946,0.7034824027688363,0.15995146334171295,0.7220116430175859,0.7052564648404078,0.6949781137091099,0.15027896355332263,0.20264215951029124,0.1756647400065808,0.7074154071890346,0.16285452246665955,0.700946454126652,0.16382428512661168,247.44880194150608,327.632839039177,273.5998744724626,292.33862474697213,203.1667954075787,244.40478888822622,184.6015140714197,200.76976805927706,227.20424647324177,266.2865051834131,0.7188140965877308,0.7265822784810126,5363.0,0.6828267760581764,0.035987320529554334,0.6566101694915254,0.2171194524992227,0.6244096803509328,8850.0,15.176360130310059,808.0,737.0,697.0,1315.0,0.17223482251184055,0.6799771465450885,0.6659780144691467,0.6773882508277893,0.6814250349998474,0.6822716593742371,0.6826196908950806,0.6825044751167297,0.6817836165428162,0.6805612444877625,0.6793408393859863,0.676932692527771,1475.0,0.6842742842467373,0.6737507581710815,0.6800814867019653,0.6823923587799072,0.6836085915565491,0.68409264087677,0.6839959025382996,0.6838230490684509,0.6842385530471802,0.685222327709198,0.6877424120903015,1475.0,0.6911766492963922,0.6510521769523621,0.6762611269950867,0.6882537603378296,0.6936891674995422,0.6969374418258667,0.6984301209449768,0.6998757719993591,0.6990296244621277,0.69334477186203,0.6741276383399963,1475.0,0.6818469395508026,0.6234585642814636,0.6585235595703125,0.6726783514022827,0.6788337826728821,0.6824598908424377,0.6839255094528198,0.6851401329040527,0.6861200332641602,0.6889554262161255,0.6745345592498779,1475.0,0.6843187549097551,12.4976,118.023,0.24,,,,,,,,,,,MENSA
sim_regime_semicompeting__mensa_paper__s2,08_true_order_and_tuning,sim_regime_semicompeting,2.0,truth,mensa_paper,0.7155605610440124,0.7090269703327036,0.6898799422609307,0.10360426596115717,0.1748194038295748,0.20763553826770584,0.7048224912125489,0.1842554211616516,0.7314199816151892,0.7241767096005287,0.7126073113039233,0.09830187625182642,0.17484895645204598,0.2147464206387815,0.722734667506547,0.19306811690330505,0.7183110851043065,0.7177251255675365,0.7038503207363602,0.08940799241690506,0.16147578780749655,0.1910674791306206,0.7132955104694011,0.1555202156305313,0.713933659495373,0.6928208208784522,0.6838524250085309,0.15044359181575115,0.2110209085823771,0.1702096295575026,0.6968689684607853,0.1640862673521042,0.7094304094123205,0.1622984875593121,283.47590963852326,353.21902634181276,332.6585774367395,321.75112100573295,160.69485325839466,227.10835581637335,183.0755964108068,206.92682761130763,239.97623418611607,277.25133269380666,0.7260877547273729,0.730060506050605,5447.0,0.6770699467596842,0.04901780796768862,0.629420866489832,0.22537682497493358,0.6425602164630044,9048.0,15.101539611816406,802.0,739.0,725.0,1331.0,0.17281099926076532,0.6826451200049168,0.6802002191543579,0.6838370561599731,0.6844608187675476,0.68365478515625,0.6819410920143127,0.6818574070930481,0.6818997263908386,0.6823316812515259,0.6831381916999817,0.6827415227890015,1508.0,0.6924084021264186,0.6915836930274963,0.6946607232093811,0.695327639579773,0.6951104998588562,0.6949771046638489,0.6955005526542664,0.6957456469535828,0.696943998336792,0.6996329426765442,0.6715585589408875,1508.0,0.7031989503028596,0.6731203198432922,0.6912669539451599,0.6962577700614929,0.6981806755065918,0.6998894214630127,0.7015739679336548,0.7034086585044861,0.7057857513427734,0.7091987133026123,0.7047708034515381,1508.0,0.6698330424318266,0.6029706597328186,0.6295724511146545,0.6442481875419617,0.653700053691864,0.6602525115013123,0.664966344833374,0.669086754322052,0.6730964183807373,0.6796768307685852,0.6745187044143677,1508.0,0.6870213787165055,14.0912,107.017,0.213,,,,,,,,,,,MENSA
sim_regime_semicompeting__mensa_paper__s3,08_true_order_and_tuning,sim_regime_semicompeting,3.0,truth,mensa_paper,0.7193839412562862,0.7032201968833047,0.6987626809168851,0.10638631197610211,0.17051976414910106,0.20047421141096974,0.7071222730188254,0.17942026257514954,0.7275918015053945,0.7078789403386029,0.6968093963561183,0.1007451567281012,0.162864003311808,0.19938352713652951,0.7107600460667052,0.1782265305519104,0.7154443626624801,0.707561437593436,0.6931741816180012,0.10097102476289845,0.16082133936288692,0.19429491222145504,0.7053933272913057,0.16095666587352753,0.7077180876753328,0.6965898249196636,0.6903719197018289,0.162374271088143,0.2060552418364396,0.16730477931657964,0.6982266107656084,0.16507978737354279,0.7053755642856111,0.1610162119417512,219.50522498169502,319.13111278895224,208.60125773443963,285.9150843278816,227.68527181174667,256.3842214574828,174.37152555265985,198.3766861742474,207.5408200201353,264.951776187141,0.7166604407919313,0.7206740300198244,5354.0,0.6714605902129249,0.04519985057900633,0.6400401069518716,0.2210339150825049,0.632120471070111,8976.0,15.021254539489746,809.0,715.0,713.0,1331.0,0.17014188944224284,0.6889309192640812,0.6887112259864807,0.6896826028823853,0.6900866627693176,0.6908591985702515,0.6912526488304138,0.6909639835357666,0.6906148791313171,0.6894102692604065,0.6867737770080566,0.6837236285209656,1496.0,0.6909304956880629,0.6918252110481262,0.6926189064979553,0.6923691630363464,0.691823422908783,0.6913850903511047,0.6911378502845764,0.6906263828277588,0.6903846263885498,0.6906773447990417,0.6898459196090698,1496.0,0.6892131942769756,0.6740443706512451,0.6864362955093384,0.6905502080917358,0.6924551725387573,0.6934326887130737,0.6934311985969543,0.6927289366722107,0.6925896406173706,0.6916669011116028,0.6765252947807312,1496.0,0.6728614626791705,0.5917384624481201,0.6217394471168518,0.6434099674224854,0.6579585671424866,0.6667365431785583,0.6722286939620972,0.6760335564613342,0.6796842813491821,0.6848196983337402,0.6708510518074036,1496.0,0.6854840179770726,13.4862,110.928,0.222,,,,,,,,,,,MENSA
sim_regime_semicompeting__mensa_paper__s4,08_true_order_and_tuning,sim_regime_semicompeting,4.0,truth,mensa_paper,0.7204768200158373,0.7143172187286176,0.6934623248744967,0.10304774201239186,0.16568660438095,0.20225718605678847,0.7094187878729837,0.1821572184562683,0.7469121776535905,0.7283369020248295,0.7186945467163476,0.09523071336885217,0.1566469996143318,0.18771240027368574,0.7313145421315892,0.17202366888523102,0.734618744411808,0.713356066833518,0.7024332103573215,0.0960246718322545,0.1632783965824405,0.18887966527456132,0.7168026738675491,0.15645408630371094,0.7276440035840279,0.703680078332267,0.6961570230157881,0.15146205430627718,0.20368563014302385,0.16571404480825783,0.7091603683106943,0.16160938143730164,0.7166740930457041,0.15663550905448462,227.2717793022467,314.38882902545885,223.57118854992882,279.24116118608083,175.43686987179075,238.72652878591538,164.5713814741343,189.9423173744516,197.71280479952514,255.5747090929767,0.6982270841192003,0.7019258000566413,5302.0,0.6812523576009053,0.016974726518295014,0.6582207207207207,0.21603609538216897,0.6213222361664312,8880.0,15.002172470092773,798.0,711.0,701.0,1306.0,0.16735109657608607,0.6936332153446856,0.6856152415275574,0.6910645365715027,0.6929275989532471,0.6941013336181641,0.6947266459465027,0.6951398849487305,0.695814847946167,0.6962142586708069,0.6958304643630981,0.6882336735725403,1480.0,0.6983890560384992,0.6905501484870911,0.6955890655517578,0.697232723236084,0.6991029977798462,0.69964200258255,0.6989684104919434,0.6987766623497009,0.6987170577049255,0.6988111734390259,0.6980074644088745,1480.0,0.6869434220870276,0.6705156564712524,0.6842555403709412,0.691494882106781,0.6933522820472717,0.6945374608039856,0.694441020488739,0.6948014497756958,0.6960171461105347,0.6949915885925293,0.65486741065979,1480.0,0.6775294035446509,0.62858647108078,0.6518794894218445,0.6628115773200989,0.6706251502037048,0.6773021817207336,0.6821726560592651,0.6854425668716431,0.6875074505805969,0.6885034441947937,0.6610237956047058,1480.0,0.6891237742537158,13.7989,107.255,0.217,,,,,,,,,,,MENSA
sim_regime_semicompeting__oracle__s0,08_true_order_and_tuning,sim_regime_semicompeting,0.0,truth,oracle,0.7503880907624121,0.7331065135145475,0.7185452234326354,0.0997878528402993,0.1585911445702539,0.19522004987355362,0.7340132759031982,0.1511996824280356,0.7347510618868308,0.7435451121666182,0.7377502613322188,0.10750022134790878,0.15983970892095742,0.1850044446965967,0.738682145128556,0.15078145832182097,0.7431268031364816,0.7269707691477408,0.6988214082866142,0.09424820380512768,0.16047603882461087,0.20057398117285555,0.7229729935236122,0.1517660746008647,0.7418407663169629,0.7258012786401817,0.7180417368613563,0.14168344737332353,0.19247958366672888,0.1545821178314413,0.728561260606167,0.16291504962383122,0.7310574187903833,0.1541655662436381,357.42367853769366,360.62114759226563,365.8937036891372,333.2104698343822,397.7509304225751,343.7687947365544,162.77190568734852,177.263481489274,320.9600545841886,303.71597341311906,0.7387173396674585,0.746303929651003,5473.0,0.6754978987758086,0.06321944089164988,0.6737635839432247,0.20933517772630225,0.6057762593979483,9018.0,,,,,,,,,,,,,,,,,,,,,,,,,,,,,,,,,,,,,,,,,,,,,,,,,,,,,,,,,,,,,,,,,,,,,Oracle (true CIF)
sim_regime_semicompeting__oracle__s1,08_true_order_and_tuning,sim_regime_semicompeting,1.0,truth,oracle,0.7372348527423476,0.7210611314143206,0.7109545295946619,0.11061219433896895,0.17201877404969726,0.1971145071696769,0.7230835045837768,0.1599151585194477,0.7353496438068189,0.7307105314406144,0.7265820933760802,0.10050787879620945,0.16186954640811493,0.1830973660990251,0.7308807562078378,0.1484915971011165,0.7347375758800422,0.7373896584556489,0.7085628837263611,0.09618874732842767,0.15568800894249,0.20350667100681544,0.726896706020684,0.15179447575924435,0.7382201002783214,0.7290986090662717,0.716843413963356,0.14253330317604307,0.18715570009111762,0.16275173583956173,0.7280540411026496,0.16414691303557413,0.727228751978737,0.15608703610384567,369.6431095594009,367.4098736271334,365.0605043762469,333.1876503979925,408.4141003070476,348.2876856467141,166.23475638850567,179.25253791016885,327.3381176578003,307.03443689550227,0.73932500466157,0.7446413502109706,5363.0,0.6828267760581764,0.0564982286033936,0.6727683615819209,0.2106146856577208,0.6088809406471947,8850.0,,,,,,,,,,,,,,,,,,,,,,,,,,,,,,,,,,,,,,,,,,,,,,,,,,,,,,,,,,,,,,,,,,,,,Oracle (true CIF)
sim_regime_semicompeting__oracle__s2,08_true_order_and_tuning,sim_regime_semicompeting,2.0,truth,oracle,0.7322272492890972,0.7304777549288918,0.7180223883818484,0.10040881626757003,0.16624888044744732,0.19598589358599816,0.7269091308666124,0.1542145301003385,0.7600588495647056,0.7405267437388753,0.7345619371037932,0.0934847778720428,0.15977662314271426,0.18782077641654032,0.7450491768024582,0.14702739247709914,0.747689296679457,0.7499897705700499,0.7226256926176514,0.08494072012092918,0.1525978566833981,0.19609889852378753,0.7401015866223862,0.1445458251093716,0.7457427854706923,0.7263415003037604,0.7162391856654906,0.13924003579823224,0.19330375299012262,0.15520066681206168,0.7294411571466478,0.16258148520013885,0.7353752628595261,0.15209230822173703,377.1338250945664,373.4539336599244,376.5811144617145,338.1484988717555,387.1537674693479,336.43669839269904,165.48037100748095,182.70155628157818,326.5872695082774,307.6851718014893,0.7486689921057463,0.7530803080308031,5447.0,0.6770699467596842,0.0715990453460621,0.6746242263483643,0.20921535819728576,0.6056510039767105,9048.0,,,,,,,,,,,,,,,,,,,,,,,,,,,,,,,,,,,,,,,,,,,,,,,,,,,,,,,,,,,,,,,,,,,,,Oracle (true CIF)
sim_regime_semicompeting__oracle__s3,08_true_order_and_tuning,sim_regime_semicompeting,3.0,truth,oracle,0.7672090650228343,0.7515657674858671,0.7400411208475784,0.09956923494376166,0.15490609532147975,0.1858864855691406,0.75293865111876,0.146787271944794,0.7729068056480032,0.7458820146827339,0.7306904985883377,0.09541775823934559,0.1497846164293258,0.18404028723698396,0.7498264396396915,0.14308088730188512,0.7359527795948534,0.7150573227100376,0.6914025011848289,0.09802899043791874,0.16224720848116136,0.20581077143060042,0.7141375344965732,0.1553623234498935,0.7409001165259231,0.7372873365523435,0.7260959863293553,0.14796221720451744,0.18528256666579979,0.15241196232805215,0.7347611464692073,0.1618855820661231,0.737915942931058,0.15177901619067394,359.97460161705726,361.06583953981885,367.7047683181967,335.25859930536274,402.55070126299734,347.19590896011636,161.56646886312106,175.56422200913764,322.94913501534313,304.7711424536089,0.7336570788195742,0.7387425658453696,5354.0,0.6714605902129249,0.06219648860664928,0.6729055258467023,0.21005164969539172,0.6081082480118817,8976.0,,,,,,,,,,,,,,,,,,,,,,,,,,,,,,,,,,,,,,,,,,,,,,,,,,,,,,,,,,,,,,,,,,,,,Oracle (true CIF)
sim_regime_semicompeting__oracle__s4,08_true_order_and_tuning,sim_regime_semicompeting,4.0,truth,oracle,0.7449422883493249,0.7411107203882947,0.7151445407282349,0.09787255239031889,0.15826518992745245,0.19556649662681316,0.7337325164886183,0.15056807964819482,0.7684780571295876,0.7454333747817923,0.7326487793250338,0.09225415933947867,0.151733571124223,0.18576508393838986,0.7488534037454713,0.14325093813403053,0.7693647054991746,0.7344160537226623,0.7133055116158539,0.09293096122812212,0.16041385583793233,0.19855360570149777,0.7390287569458969,0.15063280758918407,0.7417366903086814,0.723266642455419,0.716471779272172,0.14242703472083706,0.19264115163908818,0.1556967380425516,0.7271583706787575,0.16358830813415895,0.737193261964686,0.1520100333763921,368.77016096785786,366.67238893017065,376.3586930517085,340.63411695174625,402.13275566316554,347.0180452390801,165.33863799197644,181.68393908928493,328.15006191867707,309.0021225525705,0.7365145228215768,0.7414613423959219,5302.0,0.6812523576009053,0.05526216522067151,0.6718468468468468,0.21201453978794743,0.6122288255746067,8880.0,,,,,,,,,,,,,,,,,,,,,,,,,,,,,,,,,,,,,,,,,,,,,,,,,,,,,,,,,,,,,,,,,,,,,Oracle (true CIF)
sim_regime_semicompeting__ours_nllpch__s0,08_true_order_and_tuning,sim_regime_semicompeting,0.0,truth,ours,0.7297230773822974,0.719863870582113,0.7015335330353054,0.10229332704977967,0.16388787392762175,0.202655895425973,0.7170401603332386,0.17697446048259735,0.7181969672386814,0.719349356808204,0.716217367332989,0.11008046339151173,0.16799870750445142,0.1880939162290736,0.7179212304599583,0.16609634459018707,0.7140611513050785,0.7026980539633404,0.6961670747937955,0.09773926267447766,0.1677853191948595,0.1914449295693866,0.7043087600207382,0.15808412432670593,0.7270661612590343,0.7071983724862633,0.6985022649036807,0.1474572334543384,0.20309460025039786,0.16434861243422613,0.710922266216326,0.15593525767326355,0.7125481042575652,0.1589066784255081,242.40591437300452,317.14231130484717,215.34975384235636,267.2847392494534,219.87584743309918,249.76680039277068,176.294534297787,190.0212383739573,213.48151248656174,256.0537723302571,0.7341494609903161,0.736988183566914,5473.0,0.6754978987758086,0.05865156221450751,0.6590153027278776,0.2131722084567583,0.6146003245139899,9018.0,3.926365375518799,806.0,753.0,715.0,1346.0,0.16315772606276016,0.700236790975774,0.7002401947975159,0.7020459771156311,0.7042267918586731,0.704314649105072,0.7023864388465881,0.7012537121772766,0.6999296545982361,0.7001312375068665,0.700443685054779,0.6926993131637573,1503.0,0.7046595940502077,0.7012137770652771,0.7026316523551941,0.7041719555854797,0.7034276127815247,0.7055029273033142,0.7047573328018188,0.7070342898368835,0.706438422203064,0.7070065140724182,0.7001403570175171,1503.0,0.6881370970842952,0.6809070706367493,0.6883387565612793,0.6870313882827759,0.6904911994934082,0.68825763463974,0.6879696846008301,0.6876698732376099,0.6928318738937378,0.6899913549423218,0.6825677752494812,1503.0,0.6919809393626075,0.6541810631752014,0.6788347959518433,0.691784679889679,0.6945700645446777,0.6954010128974915,0.6970142126083374,0.6939858794212341,0.6951790452003479,0.692596435546875,0.6864165663719177,1503.0,0.6962536053682211,11.7067,128.388,0.256,nllpch,,,,,,,,,nllpch,L_PCH
sim_regime_semicompeting__ours_nllpch__s1,08_true_order_and_tuning,sim_regime_semicompeting,1.0,truth,ours,0.7038040797892342,0.7008302562139253,0.6851291252876189,0.11545622901088944,0.18045773262800446,0.20928388083928165,0.6965878204302595,0.18261529505252838,0.7276244080413782,0.7215569255593871,0.7122836570504372,0.10132312462484386,0.16502069643959943,0.1878832184838655,0.7204883302170675,0.1670006364583969,0.7160756676724129,0.7172987595641998,0.7001856906375346,0.09583498381022111,0.15989789365661058,0.19729323616052272,0.711186705958049,0.16147954761981964,0.7268273106613233,0.7115165483347412,0.7017570428616936,0.1505021428520958,0.205419341137676,0.17410798598294697,0.7133669672859194,0.1615763008594513,0.7104074559728238,0.16187337213554645,260.5558283770737,326.12762649891255,243.72524706775545,278.53910689839506,227.79500801027518,253.43635241260702,191.39861576969471,202.56290432977238,230.86867480619975,265.16649753492175,0.7546149543166139,0.7595499296765119,5363.0,0.6828267760581764,0.07178817825843742,0.6594350282485876,0.21260154977828777,0.6127801205150428,8850.0,3.9055087566375732,808.0,737.0,697.0,1315.0,0.16746041827199162,0.6869517684393208,0.6850345730781555,0.6858153343200684,0.687615692615509,0.6860621571540833,0.6859455704689026,0.6847444176673889,0.6863924264907837,0.6866462826728821,0.6896830201148987,0.6888202428817749,1475.0,0.7013490808199322,0.7006480693817139,0.7007139325141907,0.7007496953010559,0.7016100883483887,0.7015908360481262,0.7016574144363403,0.701606273651123,0.7013251185417175,0.7014051675796509,0.701094388961792,1475.0,0.693817952906977,0.686768114566803,0.6956871151924133,0.696635901927948,0.6942870020866394,0.6958690881729126,0.6986350417137146,0.6981275081634521,0.6974001526832581,0.6994540095329285,0.6776508092880249,1475.0,0.6944271332064011,0.6872109770774841,0.6904491782188416,0.6887937188148499,0.6907778382301331,0.6903355717658997,0.6930024027824402,0.6936678290367126,0.6953302621841431,0.6960217952728271,0.6963204741477966,1475.0,0.6941364838431577,13.2268,111.516,0.227,nllpch,,,,,,,,,nllpch,L_PCH
sim_regime_semicompeting__ours_nllpch__s2,08_true_order_and_tuning,sim_regime_semicompeting,2.0,truth,ours,0.7140283598240796,0.7207017612058418,0.7000934628939933,0.10442068615680986,0.17046435076199712,0.2043068172546165,0.7116078613079716,0.17966300249099731,0.7217175024365294,0.7233706397468987,0.7167344623920341,0.09759475663613318,0.16207147055895002,0.1865930890787591,0.7206075348584875,0.16415934264659882,0.7144259306397035,0.7162140248409654,0.7063371350710069,0.087334401553755,0.15804462890389787,0.18946100499488303,0.7123256968505586,0.15368501842021942,0.7297391579137812,0.7080481530272663,0.6943859256808724,0.14519742561490592,0.20417143045154418,0.16468316707082123,0.7107244122073068,0.1573968380689621,0.7138163763060811,0.15619526908642276,278.648664032958,333.17287900373884,221.3967404662468,273.17407199901584,205.93447998935846,239.07496684820845,177.1800781206933,195.3736154139181,220.78999065231415,260.1988833162203,0.7457315953736001,0.7504950495049505,5447.0,0.6770699467596842,0.06866164861391588,0.6551724137931034,0.21427549156772646,0.6169958343295199,9048.0,3.9115641117095947,802.0,739.0,725.0,1331.0,0.16300258883460217,0.6933401707891395,0.6806098818778992,0.6882398128509521,0.6901939511299133,0.6930935382843018,0.6927512884140015,0.6925511360168457,0.693998396396637,0.6934512853622437,0.6960099339485168,0.6979722380638123,1508.0,0.7061307213225257,0.7032639384269714,0.7021588087081909,0.7082874774932861,0.7087156176567078,0.7096611857414246,0.7079589366912842,0.708608865737915,0.7077105641365051,0.7092321515083313,0.6951985955238342,1508.0,0.7049246700635206,0.7095398306846619,0.7127168774604797,0.7070251703262329,0.7079740762710571,0.7083514928817749,0.7097811698913574,0.7056279182434082,0.7094905972480774,0.7061106562614441,0.6918165683746338,1508.0,0.6886007948564916,0.6723354458808899,0.6796780228614807,0.6875196099281311,0.6897538900375366,0.689017653465271,0.6896822452545166,0.6910700798034668,0.690195620059967,0.689547061920166,0.6857248544692993,1508.0,0.6982490892579193,12.3354,122.25,0.243,nllpch,,,,,,,,,nllpch,L_PCH
sim_regime_semicompeting__ours_nllpch__s3,08_true_order_and_tuning,sim_regime_semicompeting,3.0,truth,ours,0.7318126913935732,0.7281965141255234,0.7170601152496406,0.10317546978353996,0.16175884223586537,0.19416332084544,0.7256897735895791,0.17068053781986237,0.7324530988187103,0.7118011092446945,0.7063581354795607,0.09838185673840634,0.15861741153644768,0.18984280405327789,0.7168707811809885,0.16777002811431885,0.7164229017851145,0.7098024213832551,0.6967042098983962,0.10100384513043356,0.1611317976133347,0.19209145413313405,0.7076431776889219,0.16103866696357727,0.7311726600542323,0.7213694076956497,0.7130282734174695,0.15119635774419443,0.1935136444094979,0.1582152373153704,0.7218567803891172,0.15313725173473358,0.7180151282121516,0.15525767012824518,221.95870543090004,304.1300743734777,228.05152159690095,282.22026125547154,227.2540237402646,252.96069369065043,172.63267131259167,184.7958476061663,212.47423052016433,256.0267192314415,0.7261860291370937,0.7282922684791844,5354.0,0.6714605902129249,0.05472543892416881,0.6566399286987522,0.21554872304193787,0.620141606644382,8976.0,3.87484073638916,809.0,715.0,713.0,1331.0,0.1616262266821658,0.7086888594294218,0.7051443457603455,0.7083513736724854,0.7093617916107178,0.7095525860786438,0.7093146443367004,0.7095815539360046,0.7085802555084229,0.7097632884979248,0.7089264988899231,0.7065039873123169,1496.0,0.7008096158254101,0.7013897895812988,0.7017074227333069,0.7034100890159607,0.7032618522644043,0.7035297751426697,0.7031388282775879,0.7023856043815613,0.7015058398246765,0.7014307379722595,0.6923159956932068,1496.0,0.6929924207172174,0.6778703331947327,0.6912502646446228,0.693137526512146,0.6960704326629639,0.6929973363876343,0.6947448253631592,0.6932412981987,0.694198489189148,0.6916807889938354,0.6920036673545837,1496.0,0.7059781064573379,0.6971758008003235,0.6986212730407715,0.7026267051696777,0.7027729749679565,0.7053834795951843,0.7068007588386536,0.7069218158721924,0.7067241668701172,0.7072904706001282,0.7055116295814514,1496.0,0.7021172506073468,14.0983,106.112,0.213,nllpch,,,,,,,,,nllpch,L_PCH
sim_regime_semicompeting__ours_nllpch__s4,08_true_order_and_tuning,sim_regime_semicompeting,4.0,truth,ours,0.7203873811683964,0.7172463754226278,0.6947858220503152,0.10236438612337284,0.16749109294026968,0.2031245575514447,0.7108065262137798,0.18180598318576813,0.743999819127008,0.7279392112289303,0.7250024661257385,0.09542590399189692,0.15384782279432627,0.17994786737326401,0.732313832160559,0.16874468326568604,0.7184324914630479,0.7095090060014693,0.6991539431943464,0.09878648546089036,0.16547131341335775,0.1934448099337467,0.7090318135529546,0.16385342180728912,0.7307326414899185,0.7043904069031951,0.6968806892429447,0.1491007771352967,0.2049946178815922,0.16815674791713295,0.7106679125453527,0.16135920584201813,0.7157050211181615,0.15684636520971593,218.87377192597606,308.4062993194381,203.94873853767493,267.6030033159947,159.33840847335634,238.33761538319715,165.9441196548884,187.89523080676395,187.02625964797392,250.5605372063485,0.7272727272727273,0.7280090625885018,5302.0,0.6812523576009053,0.04602036967182199,0.6599099099099099,0.2150427971815213,0.6193766662524935,8880.0,3.9055564403533936,798.0,711.0,701.0,1306.0,0.16799061885686323,0.6921820523955449,0.6857693791389465,0.6866364479064941,0.6919063925743103,0.6927216053009033,0.6916959285736084,0.6938008069992065,0.6910502314567566,0.6957077383995056,0.6953693628311157,0.6893675327301025,1480.0,0.7097659763178708,0.7044297456741333,0.7108649015426636,0.7117422223091125,0.7118316888809204,0.7120413184165955,0.7109130620956421,0.7095487713813782,0.7113816142082214,0.7103312015533447,0.704155445098877,1480.0,0.6882880275073077,0.6826278567314148,0.6875547170639038,0.6855986714363098,0.6893408894538879,0.6886821985244751,0.6884067058563232,0.6903546452522278,0.6896198391914368,0.689275324344635,0.685279905796051,1480.0,0.6885750311635745,0.666959822177887,0.6694231033325195,0.6837643384933472,0.6817289590835571,0.6874470114707947,0.6885085701942444,0.6883969902992249,0.6892538666725159,0.6903965473175049,0.6901469826698303,1480.0,0.6947027718460745,13.489,109.719,0.222,nllpch,,,,,,,,,nllpch,L_PCH
sim_regime_semicompeting__ours_nllpch_event_ranking__s0,08_true_order_and_tuning,sim_regime_semicompeting,0.0,truth,ours,0.7251963337937765,0.7136988810460181,0.6969398437596498,0.10468423249321115,0.16772941990313558,0.20158321624200282,0.711945019533148,0.17490138113498688,0.7006985624564908,0.7033571242728418,0.7006037076862462,0.11110258729221084,0.17079735729079026,0.19181613841350595,0.7015531314718596,0.17171460390090942,0.6855029715120933,0.6676868120497328,0.6557548866153765,0.1012414519158972,0.17601705835066592,0.20457584921285885,0.6696482233924009,0.16806058585643768,0.7279374175837141,0.7091478549493078,0.7008118302017141,0.1498462939641101,0.20911320478622616,0.16925056618624895,0.7126323675782453,0.1597384661436081,0.6989446854939135,0.16314644800423864,198.09302308625826,321.48458207102226,190.84384692424217,282.5173571264432,191.94687202912934,253.40225459328758,191.9672971780531,203.3767463090755,193.21275980442073,265.1952350249571,0.7862232779097387,0.7844737565265182,5473.0,0.6754978987758086,0.1107253791339301,0.6294078509647372,0.22751948091456273,0.6461931461805291,9018.0,2.070847511291504,806.0,753.0,715.0,1346.0,0.16724942106321372,0.6935246093765778,0.694425642490387,0.6968767046928406,0.6972775459289551,0.6962651610374451,0.6950635313987732,0.6957470774650574,0.6960372924804688,0.6910199522972107,0.6939325332641602,0.6852272152900696,1503.0,0.6775176487986418,0.6970775127410889,0.6860894560813904,0.6894623041152954,0.6899239420890808,0.6896971464157104,0.6883413195610046,0.6759138703346252,0.6727883219718933,0.6682979464530945,0.6595563888549805,1503.0,0.6581669436354814,0.6644864082336426,0.6605759263038635,0.6413691639900208,0.6498273611068726,0.6475991010665894,0.6498333215713501,0.6487048864364624,0.6600126028060913,0.664568305015564,0.675645649433136,1503.0,0.6938190871461691,0.6643539071083069,0.6664413213729858,0.693397581577301,0.6960979700088501,0.6973720788955688,0.6965706944465637,0.697115957736969,0.6971194744110107,0.6954882144927979,0.6882321834564209,1503.0,0.6807570722392176,14.0195,107.208,0.214,nllpch_event_ranking,,,,,,,,,nllpch_event_ranking,L_PCH + L_mul
sim_regime_semicompeting__ours_nllpch_event_ranking__s1,08_true_order_and_tuning,sim_regime_semicompeting,1.0,truth,ours,0.6984506565696847,0.6828473835928741,0.6733713917668374,0.11792247062527365,0.18533098249360866,0.20865334394917426,0.6848898106431319,0.18260809779167175,0.7115136986112622,0.7016690795165473,0.6889072924359327,0.10245778376401751,0.16782345655727732,0.1902173080976665,0.7006966901879141,0.17044833302497864,0.6979626344167497,0.6932930617416556,0.6781056874202092,0.10019362305115846,0.16748685166725263,0.203525995195748,0.6897871278595381,0.16751229763031006,0.7219094695514369,0.7088650453082328,0.70117638243764,0.15021300047892552,0.20134575348768127,0.1706559136435839,0.7106502990991032,0.15930160880088806,0.6965059819474217,0.16381887358428063,230.5926164791754,333.7911762388004,206.62023277599022,286.6687735458883,185.88501110934618,253.98547177490565,187.3231983861846,199.27861622125855,202.6052646876741,268.4310094452132,0.7777363415998508,0.7792405063291139,5363.0,0.6828267760581764,0.0949095655416744,0.6394350282485876,0.22552397918643888,0.6424082479385129,8850.0,2.0654239654541016,808.0,737.0,697.0,1315.0,0.16851432428354624,0.672613976477756,0.6770647764205933,0.6723459362983704,0.6731258630752563,0.6745060682296753,0.6725714802742004,0.6731699109077454,0.6789129376411438,0.6656339168548584,0.6761344075202942,0.6671991348266602,1475.0,0.6796343757866551,0.6978937387466431,0.6849722266197205,0.6857583522796631,0.6850621104240417,0.6788060069084167,0.6805291175842285,0.6825339794158936,0.6775175929069519,0.674608051776886,0.6745865941047668,1475.0,0.6689645020797442,0.6480298638343811,0.6518990993499756,0.6477774977684021,0.6551164984703064,0.6577628254890442,0.664746880531311,0.6704004406929016,0.6742907762527466,0.6807007789611816,0.6760081648826599,1475.0,0.6909094899157088,0.6754246354103088,0.6809723377227783,0.6840352416038513,0.6868725419044495,0.6890541911125183,0.6872740387916565,0.6903536915779114,0.6927423477172852,0.6928930878639221,0.6926948428153992,1475.0,0.678030586064966,12.8183,115.07,0.234,nllpch_event_ranking,,,,,,,,,nllpch_event_ranking,L_PCH + L_mul
sim_regime_semicompeting__ours_nllpch_event_ranking__s2,08_true_order_and_tuning,sim_regime_semicompeting,2.0,truth,ours,0.7007800008462838,0.7029409636743753,0.6913659654136858,0.10491072080452075,0.1762850909368302,0.20315826709516996,0.698362309978115,0.17893706262111664,0.7252085398007092,0.7106406752766709,0.6959785885940837,0.09719650269927972,0.1653847729967808,0.19346375786223727,0.710609267890488,0.17402946949005127,0.6874240034963398,0.6937162094983291,0.6741235987716369,0.09333478230202347,0.1714657552635013,0.20297701204274998,0.6850879372554353,0.16527476906776428,0.7331507203597624,0.7107298016445314,0.6960885781324775,0.14406699136088574,0.200288995548062,0.16183009213916838,0.7133230333789237,0.1556096374988556,0.7018456371257404,0.15953022842093412,195.10697616931085,326.64021919183955,165.98804532717526,278.44304574580525,157.0909114002637,235.71727086461718,167.1965147471984,190.1072621589339,171.34561191098706,257.726949490299,0.7820818799339085,0.7808030803080307,5447.0,0.6770699467596842,0.1050119331742243,0.6464412024756853,0.22591538588959537,0.6432344168629914,9048.0,2.0656654834747314,802.0,739.0,725.0,1331.0,0.16654321302763117,0.6840846755949822,0.6750932931900024,0.6792329549789429,0.6842799186706543,0.6887490153312683,0.6869339942932129,0.6839234828948975,0.6861109137535095,0.6703143119812012,0.6863911151885986,0.6916061043739319,1508.0,0.6790509163816576,0.6970539689064026,0.6923698782920837,0.6897673606872559,0.6909538507461548,0.6897260546684265,0.6820397973060608,0.6808149814605713,0.6716800928115845,0.6815164685249329,0.6562840938568115,1508.0,0.6795036622695386,0.6886640787124634,0.6831125617027283,0.6601555347442627,0.6592352390289307,0.6655446290969849,0.6696074604988098,0.6705518364906311,0.6816312670707703,0.6941161751747131,0.6948232650756836,1508.0,0.6902799554593396,0.6827089786529541,0.6867385506629944,0.6907140016555786,0.6910058259963989,0.691809356212616,0.6920257210731506,0.6917333602905273,0.691081702709198,0.6895055174827576,0.6886831521987915,1508.0,0.6832298024263797,13.1776,114.436,0.228,nllpch_event_ranking,,,,,,,,,nllpch_event_ranking,L_PCH + L_mul
sim_regime_semicompeting__ours_nllpch_event_ranking__s3,08_true_order_and_tuning,sim_regime_semicompeting,3.0,truth,ours,0.7305809503078856,0.7259979837990409,0.7130819733510319,0.10656499358624517,0.1681651373722305,0.19920577491594996,0.723220302485986,0.1727922409772873,0.7352496709566321,0.712963492540408,0.7015076515403948,0.09924403018536673,0.1590320051676339,0.19104148547002833,0.7165736050124784,0.16757023334503174,0.6714192153610888,0.6754070031193153,0.6626064370393586,0.10567508462010071,0.1675831487361601,0.20223488867518744,0.6698108851732543,0.16649051010608673,0.7319693620944595,0.7194490296724624,0.7070275380374915,0.15833580625570734,0.20445798857189273,0.17242729502609153,0.7194819766014712,0.16331051290035248,0.7072716923182975,0.16116396988188286,221.80825311240227,323.834382683197,190.49033559208175,288.0892866299793,188.16777713914547,254.3842008095149,196.06300032538192,206.76118734839054,199.13234154225287,268.26726436777045,0.7932387000373552,0.7922401585952988,5354.0,0.6714605902129249,0.12177810982443027,0.6277852049910874,0.22934603074436535,0.650333570971539,8976.0,2.0583205223083496,809.0,715.0,713.0,1331.0,0.16694945800681954,0.6971072343239095,0.6953963041305542,0.6993201375007629,0.7011595368385315,0.7027121186256409,0.7006878852844238,0.700279951095581,0.7009589076042175,0.6915147304534912,0.6988723278045654,0.685899019241333,1496.0,0.6936211830320913,0.7056900262832642,0.7036133408546448,0.7050451636314392,0.7031504511833191,0.7013983726501465,0.6986508965492249,0.6968733668327332,0.6896814703941345,0.689348042011261,0.6762476563453674,1496.0,0.6565178268733828,0.656840980052948,0.6326413750648499,0.629376232624054,0.6444430947303772,0.6449570059776306,0.6488076448440552,0.6525878310203552,0.6592382192611694,0.6698261499404907,0.6726664900779724,1496.0,0.6978752042993417,0.6900606751441956,0.6916936635971069,0.6955990195274353,0.6898725628852844,0.697823703289032,0.6992875337600708,0.7002063989639282,0.6994902491569519,0.7021723389625549,0.6940395832061768,1496.0,0.6862803621321814,12.7622,117.221,0.235,nllpch_event_ranking,,,,,,,,,nllpch_event_ranking,L_PCH + L_mul
sim_regime_semicompeting__ours_nllpch_event_ranking__s4,08_true_order_and_tuning,sim_regime_semicompeting,4.0,truth,ours,0.7252277031599186,0.7234430384343029,0.6970152262036987,0.10456426614672626,0.16974610129671092,0.2007949623392374,0.7152286559326401,0.1830197274684906,0.7355860032673619,0.7104289366794772,0.7042280078169825,0.0969093734842154,0.16145176247179333,0.19161795415839966,0.7167476492546072,0.17416781187057495,0.7070454699740315,0.6939998838800059,0.6789851950284834,0.09985820920827734,0.16996012871582775,0.20103472074033946,0.6933435162941737,0.17030876874923706,0.730132227462464,0.7082055292955182,0.6974520774165841,0.1548996436326273,0.21074587796695707,0.16647154381103763,0.7119299447248554,0.16237543523311615,0.709312441551569,0.16067121199767911,200.81996310497294,323.9982501864186,200.867153891719,288.75667856997603,169.19508221242452,252.4012837230994,187.3986906988199,204.33561310931253,189.5702224769841,267.3729563972016,0.7940399849113542,0.7911922967997734,5302.0,0.6812523576009053,0.11278762731044889,0.6240990990990991,0.22947411194752068,0.6505611370449483,8880.0,2.0479445457458496,798.0,711.0,701.0,1306.0,0.17102725314775288,0.689448648703968,0.6894686222076416,0.6884142160415649,0.6905952095985413,0.6897765398025513,0.6898612976074219,0.6919189095497131,0.692021906375885,0.6788632869720459,0.6879218816757202,0.6957377195358276,1480.0,0.6925468959794683,0.6976646780967712,0.69893878698349,0.6995944380760193,0.6967580318450928,0.6937447786331177,0.6944733262062073,0.6907234191894531,0.6861501336097717,0.6922991275787354,0.690270721912384,1480.0,0.6690753157466779,0.6634737849235535,0.6621490120887756,0.6581096649169922,0.6621660590171814,0.6634029746055603,0.6642789840698242,0.6648170351982117,0.6686462759971619,0.6735866069793701,0.6819506883621216,1480.0,0.691193934130578,0.6780521273612976,0.6883998513221741,0.686724841594696,0.6916983127593994,0.6938563585281372,0.6932747960090637,0.6937556266784668,0.692960798740387,0.6905480623245239,0.6883212924003601,1480.0,0.6855661986401731,13.3767,110.64,0.224,nllpch_event_ranking,,,,,,,,,nllpch_event_ranking,L_PCH + L_mul
sim_regime_semicompeting__ours_nllpch_sample_event_ranking__s0,08_true_order_and_tuning,sim_regime_semicompeting,0.0,truth,ours,0.7236079625273263,0.7110251370238846,0.6954339689095571,0.11442330907762775,0.19049108474993723,0.23489397823927377,0.7100223561535893,0.206631138920784,0.7206520242431617,0.7152473147449239,0.7106476284407116,0.11661287249058486,0.18576786171124826,0.21857656135513598,0.7155156558095991,0.19511918723583221,0.7202280400049517,0.7047615361102265,0.6880837448132818,0.10134369942183388,0.17860654865665654,0.21525253442851536,0.70435777364282,0.178574800491333,0.7094088154004332,0.6958997683009398,0.6831936052358357,0.16857336388907207,0.24165798335783173,0.18773456228178467,0.6961673963124029,0.1838579922914505,0.7065157954796029,0.17949452997162518,279.2206035373265,373.2693106821062,231.72981353946378,312.58913967952424,208.46411062442556,265.36572855740167,211.52477985707054,230.70723128466082,232.7348268895716,295.48285255092327,0.7871368536451672,0.7856828799120638,5473.0,0.6754978987758086,0.1116389548693586,0.6219782656908406,0.23385935091689988,0.66027445376077,9018.0,2.370543956756592,806.0,753.0,715.0,1346.0,0.19022742705368206,0.6883180128651074,0.6894957423210144,0.6896515488624573,0.691555917263031,0.6892926096916199,0.6901109218597412,0.6913138628005981,0.6917110085487366,0.6880198121070862,0.69084632396698,0.6764503717422485,1503.0,0.6900660432258388,0.6948752403259277,0.6968937516212463,0.7006652355194092,0.6970499753952026,0.6964898109436035,0.6985219717025757,0.6948422193527222,0.6850558519363403,0.6841389536857605,0.675182580947876,1503.0,0.6851197067898518,0.6860069036483765,0.6878783106803894,0.6766741275787354,0.6879408359527588,0.6831251382827759,0.6823977828025818,0.6780208945274353,0.6882609128952026,0.6857760548591614,0.6906527280807495,1503.0,0.6743502207059044,0.6625617742538452,0.6744850873947144,0.6775373220443726,0.6807121634483337,0.6830858588218689,0.6800798773765564,0.6832162141799927,0.6822469830513,0.6768468022346497,0.6565783619880676,1503.0,0.6844634958966757,15.0434,99.911,0.199,nllpch_sample_event_ranking,,,,,,,,,nllpch_sample_event_ranking,L_PCH + L_rank + L_mul (paper)
sim_regime_semicompeting__ours_nllpch_sample_event_ranking__s1,08_true_order_and_tuning,sim_regime_semicompeting,1.0,truth,ours,0.7135446347012191,0.7055120897775791,0.6975243619898214,0.11967393426723448,0.19119721221244093,0.21756133148417975,0.7055270288228731,0.19683338701725006,0.7311601282155518,0.722237068514763,0.7127786627131143,0.10529895852180927,0.17878836094094866,0.20703058387278994,0.7220586198144764,0.18499580025672913,0.7269105185796658,0.722284635620945,0.7022083029900488,0.1002777958633254,0.17485800291385495,0.2137250891544874,0.7171344857302199,0.17683221399784088,0.7310927976044679,0.7133977773619748,0.7065834274675188,0.1594235263690031,0.22475796783718444,0.1812127261323307,0.7170246674779871,0.1743435561656952,0.7154362004613891,0.17281712413079908,220.76818746620455,341.46518458963385,216.25203306082432,297.8667257703506,180.38245361590882,259.45283899131465,192.54090466890082,212.00143568466194,202.48589470295963,277.6965462589902,0.7885511840387842,0.7899296765119549,5363.0,0.6828267760581764,0.10572440798060778,0.6300564971751412,0.22815588422951816,0.6483238194202672,8850.0,2.34848952293396,808.0,737.0,697.0,1315.0,0.1821470652273072,0.694622707920928,0.6942712068557739,0.6883085370063782,0.6956759691238403,0.6967064738273621,0.6972423195838928,0.6988964676856995,0.6998572945594788,0.6940072178840637,0.6968332529067993,0.6838834881782532,1475.0,0.6954209652401151,0.6958398818969727,0.6979190707206726,0.6975510120391846,0.6941192150115967,0.695558488368988,0.6978984475135803,0.6953798532485962,0.6933842301368713,0.6985982060432434,0.6913838982582092,1475.0,0.6971637226670244,0.6743348836898804,0.7015569806098938,0.6938494443893433,0.6992824077606201,0.6991650462150574,0.7011527419090271,0.7012155652046204,0.7021307349205017,0.7035685181617737,0.681644856929779,1475.0,0.694551059955705,0.6821886897087097,0.6694139242172241,0.6916123032569885,0.6956661343574524,0.6929759979248047,0.686353862285614,0.6955277323722839,0.6984685659408569,0.6981381177902222,0.693926990032196,1475.0,0.6954396139459431,11.7013,126.054,0.256,nllpch_sample_event_ranking,,,,,,,,,nllpch_sample_event_ranking,L_PCH + L_rank + L_mul (paper)
sim_regime_semicompeting__ours_nllpch_sample_event_ranking__s2,08_true_order_and_tuning,sim_regime_semicompeting,2.0,truth,ours,0.7281743313259906,0.713429057701655,0.7012971444311535,0.10754822996448876,0.18803214501929463,0.22210366020669026,0.7143001778195996,0.19735437631607056,0.7277072561217706,0.7150084376721063,0.7082833116603647,0.10126852426651826,0.17968875578796156,0.21417693218135833,0.7169996684847472,0.19376201927661896,0.7234793249740715,0.7170300161623419,0.6961735849650352,0.08995107332157899,0.17554030616721591,0.21435796521666584,0.7122276420338162,0.17456606030464172,0.7249247570872681,0.7042722749955116,0.6950247818398962,0.16010036630134292,0.2236705520314911,0.1706097214502791,0.7080739379742255,0.17263492941856384,0.7129003565780971,0.1705873526595738,238.30928943521369,354.6887068916011,180.25654998510407,294.8129860298533,195.63675885854104,257.5981526924031,187.46745987923788,214.42502388007708,200.41751453952418,280.38121737348365,0.766109785202864,0.7625687568756876,5447.0,0.6770699467596842,0.08903983844317975,0.6014588859416445,0.233398909039415,0.6590466308687531,9048.0,2.3644630908966064,802.0,739.0,725.0,1331.0,0.18287623765023178,0.6840467687364649,0.6933693885803223,0.6837924718856812,0.68924880027771,0.6916019320487976,0.6933441758155823,0.689655601978302,0.6917539238929749,0.6661220192909241,0.6858059167861938,0.6707857847213745,1508.0,0.6916871366679328,0.6899560689926147,0.6961430907249451,0.6968072652816772,0.6985620260238647,0.6990101933479309,0.6952242851257324,0.6978793740272522,0.6940159797668457,0.6994850039482117,0.6628686189651489,1508.0,0.7024028333515347,0.6939539313316345,0.7108344435691833,0.6982901096343994,0.698069155216217,0.698345422744751,0.6938454508781433,0.6954527497291565,0.7069350481033325,0.7137649655342102,0.7022241353988647,1508.0,0.6870811402259532,0.6826598644256592,0.6610386967658997,0.6851966977119446,0.6835631132125854,0.6806680560112,0.6882156729698181,0.6905629634857178,0.6893771886825562,0.688583254814148,0.6864477396011353,1508.0,0.6913044697454713,12.8793,117.087,0.233,nllpch_sample_event_ranking,,,,,,,,,nllpch_sample_event_ranking,L_PCH + L_rank + L_mul (paper)
sim_regime_semicompeting__ours_nllpch_sample_event_ranking__s3,08_true_order_and_tuning,sim_regime_semicompeting,3.0,truth,ours,0.7033887723709344,0.7205358959684722,0.7109140524386557,0.11247833648031261,0.18096039021315805,0.2213025936819795,0.7116129069260207,0.1982688307762146,0.7213012697045553,0.7099035559713647,0.7005825594320503,0.10308588388185144,0.17188652509986377,0.21431467974761775,0.7105957950359901,0.19167150557041168,0.7038493834970503,0.7023906353299094,0.6871462973641276,0.10517240972344706,0.17379236033040296,0.2155603209920091,0.6977954387303624,0.1784846931695938,0.7424121566639358,0.7293821375305194,0.7134324020552028,0.16977281577121292,0.22392097790610704,0.1776561973663914,0.728408898749886,0.17593711614608765,0.7121032598605648,0.17249195759952946,228.0249530224328,345.2607319736263,211.04496012719468,310.5160472763957,184.73021833863132,260.85322521606827,199.35700641290077,219.7131285959741,205.7892844752899,284.08578326551606,0.7840866641763168,0.7829226847918436,5354.0,0.6714605902129249,0.11262607396339186,0.6091800356506238,0.23309579355627563,0.6584817026575338,8976.0,2.3456923961639404,809.0,715.0,713.0,1331.0,0.18466269574023683,0.6973250837201115,0.6852403283119202,0.6992992758750916,0.7027080655097961,0.7035902738571167,0.7013100981712341,0.7028734087944031,0.7021271586418152,0.6981077790260315,0.7007726430892944,0.6771844625473022,1496.0,0.6913729638829844,0.6805601716041565,0.6903156638145447,0.6935380101203918,0.6960023641586304,0.6978902816772461,0.6965328454971313,0.6961695551872253,0.6933613419532776,0.6954357624053955,0.6724837422370911,1496.0,0.6783015728890449,0.665979266166687,0.6705155968666077,0.6611390113830566,0.6788662672042847,0.6753615736961365,0.6799893379211426,0.6794036030769348,0.6818094849586487,0.6836129426956177,0.6772563457489014,1496.0,0.7022738447849486,0.6982474327087402,0.687494695186615,0.6950410008430481,0.6989442110061646,0.7035159468650818,0.7019475102424622,0.7060680389404297,0.7064521908760071,0.7058355808258057,0.6970610618591309,1496.0,0.6923183663192722,12.0653,123.992,0.249,nllpch_sample_event_ranking,,,,,,,,,nllpch_sample_event_ranking,L_PCH + L_rank + L_mul (paper)
sim_regime_semicompeting__ours_nllpch_sample_event_ranking__s4,08_true_order_and_tuning,sim_regime_semicompeting,4.0,truth,ours,0.730602383733269,0.7239686637197321,0.7041522475857034,0.10766693871608958,0.18104063074549762,0.2152790098764505,0.7195744316795682,0.1990991085767746,0.7446597018481833,0.7228639062022492,0.7146788192675652,0.10087970051673134,0.17162154039961244,0.2122580121430557,0.7274008091059992,0.19527071714401245,0.7208699321416735,0.7126781999784744,0.7020632998099142,0.1012879006038184,0.17629899458421586,0.21483971745484812,0.7118704773100206,0.1823287159204483,0.7286300473348118,0.706393686432986,0.6985824937582138,0.15877793500744358,0.22188109305364082,0.1757065040133739,0.7112020758420039,0.1719674915075302,0.717511948484398,0.1697948314262315,203.4416225784363,334.68847703685753,192.29481008678397,299.64233065970063,186.27012416192554,264.3180378411931,187.2449672448873,209.7955330125264,192.31288101800828,277.1110946375694,0.7812146359864203,0.7775417728688756,5302.0,0.6812523576009053,0.09996227838551497,0.6273648648648649,0.22969611664212522,0.6515141724715702,8880.0,2.3377058506011963,798.0,711.0,701.0,1306.0,0.18490345344218648,0.6981868578896502,0.6919646263122559,0.6984558701515198,0.6996024250984192,0.7015977501869202,0.6986137628555298,0.6992921829223633,0.6987707614898682,0.6912477612495422,0.7025709748268127,0.6971241235733032,1480.0,0.6985357990209178,0.6950570940971375,0.7077857851982117,0.7013589143753052,0.7041996717453003,0.6947576999664307,0.7014783024787903,0.7025667428970337,0.7000365257263184,0.7029897570610046,0.6835980415344238,1480.0,0.6873918293754835,0.6430578231811523,0.6790260672569275,0.6815077662467957,0.6899833679199219,0.6934551000595093,0.6912655234336853,0.6906830668449402,0.6905248165130615,0.692417323589325,0.6770195960998535,1480.0,0.6904219109182576,0.6801522970199585,0.6822437047958374,0.6792814135551453,0.6807757616043091,0.6887410283088684,0.6878572106361389,0.6904269456863403,0.6910116672515869,0.6935540437698364,0.6925349831581116,1480.0,0.6936340993010772,11.668,126.843,0.257,nllpch_sample_event_ranking,,,,,,,,,nllpch_sample_event_ranking,L_PCH + L_rank + L_mul (paper)
tune_L_mul__sim_base__00,08_true_order_and_tuning,sim_base,,,tune,0.71919808655477,0.7057198765095878,0.6901175325929768,0.11637245979386855,0.1809719246450986,0.20280425769026372,0.7050118318857782,0.18472149968147278,0.7268232458956567,0.7123753193940824,0.7020307701073925,0.12392552602296164,0.18666990068256162,0.2004967938536075,0.7137431117990438,0.1738627403974533,0.7094300601987549,0.7005847165897167,0.6934001098091297,0.12062954077482341,0.18895653903853182,0.19796871875240626,0.7011382955325338,0.16787345707416534,0.7306571840027403,0.7186898894417625,0.7004504617204165,0.11390416095922035,0.1829502865381986,0.1956267320630471,0.7165991783883064,0.15622439980506897,0.7091231044014156,0.1676064034012158,218.6091377402502,290.2639333060736,188.06342436311232,241.99657606197763,183.72023118203356,214.84119633812108,159.8466523378904,179.7547970127694,187.5598614058216,231.71412567973545,0.6734453286177424,0.6810775973188965,6786.0,0.5789861479516651,0.09445918066607728,0.6623419827012641,0.21522341015738894,0.6197437753907921,9018.0,1.9286621809005737,894.0,906.0,904.0,899.0,0.17065334558288422,0.6849981091805813,0.6852821111679077,0.6856262683868408,0.6856741309165955,0.6841601729393005,0.6839221119880676,0.6852887868881226,0.6855643391609192,0.6852242350578308,0.6867032051086426,0.683140754699707,1503.0,0.6971375229970609,0.6941452622413635,0.6960973739624023,0.6975952386856079,0.6982367038726807,0.6984116435050964,0.699180006980896,0.6992217898368835,0.6976447105407715,0.6988758444786072,0.6914904713630676,1503.0,0.6800194921979004,0.6793169379234314,0.6824241280555725,0.6811591386795044,0.6815941333770752,0.6805588603019714,0.6795656085014343,0.6799684166908264,0.6817461252212524,0.6823323369026184,0.6756237745285034,1503.0,0.688925494764822,0.6819817423820496,0.6846610307693481,0.6894346475601196,0.6886234283447266,0.6920140385627747,0.6922691464424133,0.691841185092926,0.691573977470398,0.6906545162200928,0.6815162301063538,1503.0,0.6877701547850911,11.3506,132.416,0.264,,L_mul,0.1,0.01,,,,,,,tune
tune_L_mul__sim_base__01,08_true_order_and_tuning,sim_base,,,tune,0.7287240079355439,0.7094744014249607,0.6919607879897108,0.11565389552497729,0.18264839212182019,0.20416929592974337,0.7100530657834051,0.1849038451910019,0.7155439141000376,0.7063341842110701,0.689737352684554,0.12474020097757811,0.18724705500670832,0.2062797880594258,0.703871816998554,0.17758628726005554,0.6924357329076725,0.6912494291526214,0.6830243291629733,0.12172360268525718,0.18935959461888754,0.2048579336251439,0.6889031637410891,0.17161643505096436,0.7353444041285155,0.710080023865527,0.694561166098379,0.11493569589522167,0.1880394179496577,0.19823952414588977,0.7133285313641405,0.15875110030174255,0.7040391444717972,0.1698245330450259,217.79639391840252,292.3637120189341,192.59318421179154,247.42151614234697,192.00917082166035,221.00325224072967,165.46409907166856,182.4345938963082,191.96571200588076,235.80576857457976,0.6604774535809018,0.6675689610724413,6786.0,0.5789861479516651,0.08149130562923668,0.6561321800842759,0.22169371904563137,0.634740640907281,9018.0,1.9915452003479004,894.0,906.0,904.0,899.0,0.17320447136156103,0.6864039589559117,0.6881935000419617,0.6900121569633484,0.687197208404541,0.6850757002830505,0.6865807175636292,0.6867479681968689,0.6873785853385925,0.6849895119667053,0.6877427697181702,0.6840078234672546,1503.0,0.6888042426095695,0.6991571187973022,0.689373254776001,0.6896543502807617,0.6914511322975159,0.6925675868988037,0.6913992762565613,0.6876667737960815,0.6841369867324829,0.6869608759880066,0.6886940002441406,1503.0,0.6681136642401716,0.6703815460205078,0.6751053333282471,0.6656304001808167,0.6683903932571411,0.6653030514717102,0.6689384579658508,0.6697261929512024,0.6714654564857483,0.6750255823135376,0.6585391759872437,1503.0,0.6820496068751499,0.6579018831253052,0.6692338585853577,0.6827557682991028,0.6859265565872192,0.6879804134368896,0.6834425926208496,0.6848384141921997,0.6875494718551636,0.6866649985313416,0.6700519919395447,1503.0,0.6813428681702006,13.7624,109.211,0.218,,L_mul,0.1,0.05,,,,,,,tune
tune_L_mul__sim_base__02,08_true_order_and_tuning,sim_base,,,tune,0.727620364315033,0.7074058462176898,0.686955263218702,0.12116320455582565,0.19217599188016932,0.21268541819059306,0.7073271579171415,0.19248494505882263,0.724926197166039,0.7109005364820988,0.6903690914131102,0.12853799664185533,0.19524194235577472,0.21271445386570112,0.7087319416870826,0.1827346682548523,0.6959298468378404,0.6850114453149289,0.6734765818908861,0.12164621878042838,0.19282449766825796,0.21042197880995875,0.6848059580145517,0.1756698489189148,0.7150748545074267,0.6939156981106703,0.6807326333518728,0.11980268600609112,0.1931458538068319,0.2023920912627373,0.6965743953233233,0.1629193276166916,0.6993598632355248,0.1752293611520187,252.46018710958492,309.51138474843924,241.28993451411637,271.4959704138516,210.32347029706355,233.1507405705196,175.78587892103383,190.89060692510472,219.96486771044965,251.2621756644788,0.6728558797524314,0.6794534673885022,6786.0,0.5789861479516651,0.0938697318007663,0.6530272787757818,0.22949055786495293,0.6515247079153608,9018.0,2.177551746368408,894.0,906.0,904.0,899.0,0.17843718270096817,0.6804828712130824,0.6875821948051453,0.6853166818618774,0.6813135147094727,0.6809195876121521,0.6792095899581909,0.6793676018714905,0.6799777746200562,0.677035927772522,0.6818013787269592,0.6804293394088745,1503.0,0.6903193002085783,0.7016183733940125,0.698749303817749,0.6993313431739807,0.6961905360221863,0.6956639289855957,0.6915237307548523,0.6892134547233582,0.6832754611968994,0.6857324838638306,0.6883705258369446,1503.0,0.6613102481164065,0.6743779182434082,0.6701703667640686,0.6659087538719177,0.6645644903182983,0.6620814800262451,0.6634202003479004,0.6612322330474854,0.6610006093978882,0.6663725972175598,0.6517372727394104,1503.0,0.6686314153543831,0.6618399620056152,0.6731058955192566,0.6747106909751892,0.6738850474357605,0.6782082915306091,0.6714271306991577,0.6761177778244019,0.6752161979675293,0.6732620596885681,0.6478878259658813,1503.0,0.6751859587231125,13.6029,110.491,0.221,,L_mul,0.1,0.2,,,,,,,tune
tune_L_mul__sim_base__03,08_true_order_and_tuning,sim_base,,,tune,0.729404148312781,0.7133605379267882,0.7001691714427282,0.11445323963151478,0.17771207473862743,0.1995962456514478,0.7143112858940991,0.18077176809310913,0.7221669473087389,0.7194795341781983,0.7090314023232912,0.12313921884835191,0.1832606289683789,0.19956592799775316,0.7168926279367428,0.17158575356006622,0.699125939336122,0.702392032277547,0.6963937010868148,0.12119161178096738,0.19014687459494137,0.2041151215732423,0.6993038909001612,0.1703168749809265,0.7275870025489363,0.7191979329812949,0.7032952725588938,0.11600442128234639,0.18202997566761506,0.19018313258087055,0.716693402696375,0.15487627685070038,0.7118003018568446,0.16678320610967143,232.02378122741604,285.8301070739379,209.61887911061532,244.68725101020524,207.8786686582336,225.51359126505156,162.628882810371,180.37068426430443,203.037552951659,234.1004084033748,0.677571470674919,0.6865687032740397,6786.0,0.5789861479516651,0.09858532272325382,0.6593479707252162,0.21197733588026488,0.6113474804047068,9018.0,1.897938847541809,894.0,906.0,904.0,899.0,0.16937743027260527,0.697228246217464,0.6999526023864746,0.6982848644256592,0.6982880234718323,0.6979497671127319,0.6982123851776123,0.6979885101318359,0.6991478800773621,0.6976505517959595,0.6987547874450684,0.6908820867538452,1503.0,0.7050608175566245,0.7034993767738342,0.7038310766220093,0.7042199373245239,0.7040589451789856,0.7047020792961121,0.7052790522575378,0.7057494521141052,0.7054511308670044,0.706596851348877,0.7041038274765015,1503.0,0.683151553802903,0.6691896915435791,0.6794125437736511,0.6781683564186096,0.6823106408119202,0.68278568983078,0.6839383840560913,0.685192346572876,0.685438871383667,0.6850517988204956,0.6806632876396179,1503.0,0.689772521760188,0.6849477291107178,0.6784965395927429,0.6864165663719177,0.6872572898864746,0.6906998157501221,0.6938406825065613,0.6931342482566833,0.6920508146286011,0.691185474395752,0.6847488880157471,1503.0,0.6938032848342949,12.0879,124.339,0.248,,L_mul,0.5,0.01,,,,,,,tune
tune_L_mul__sim_base__04,08_true_order_and_tuning,sim_base,,,tune,0.7247946379272865,0.7126719176937905,0.6954996550831287,0.11360156985929626,0.17948294227901135,0.20284005212832762,0.710988736901402,0.1831018030643463,0.727393864620106,0.7204354486438446,0.7092934473539584,0.12386416058726356,0.18567990852274455,0.19918230604468717,0.7190409202059697,0.17236731946468353,0.6937920520905907,0.7027675227406743,0.6926401447705105,0.12231018639266451,0.18756456616796344,0.20183630723176213,0.6963999065339253,0.16922292113304138,0.7343909515732543,0.7137924190875409,0.6955292034029105,0.11328159030656165,0.18382694156605794,0.1937774180947011,0.7145708580212352,0.1564427614212036,0.710250105415633,0.16727066243175343,239.8435295722659,289.96159210170845,216.01203735728896,249.43889988060536,202.3121592298386,224.26927116661955,169.98121348869628,185.43770513343014,207.03723491202246,237.27686707059087,0.6763925729442971,0.685975766950245,6786.0,0.5789861479516651,0.09740642499263197,0.667332002661344,0.2116895815012175,0.6113457914782088,9018.0,1.9516072273254395,894.0,906.0,904.0,899.0,0.17026848920245916,0.6922888157613335,0.6869361400604248,0.6920365691184998,0.6937951445579529,0.6952895522117615,0.6934823989868164,0.6923717856407166,0.6929107308387756,0.6929188966751099,0.6937059760093689,0.6879334449768066,1503.0,0.7020018021409419,0.7035407423973083,0.7038776874542236,0.7044215202331543,0.7029826641082764,0.7028464674949646,0.7032365798950195,0.7027816772460938,0.7028954029083252,0.7014309763908386,0.698066234588623,1503.0,0.6797552957288368,0.6674472093582153,0.6773490905761719,0.676980197429657,0.6796610951423645,0.6815192103385925,0.68086838722229,0.6813798546791077,0.6813217997550964,0.683274507522583,0.6745589971542358,1503.0,0.6852300540843672,0.6775957942008972,0.670491099357605,0.6834437847137451,0.6881421208381653,0.6877289414405823,0.689350962638855,0.6885730624198914,0.6865827441215515,0.6862807273864746,0.6794255971908569,1503.0,0.6898189919288699,13.6409,110.184,0.22,,L_mul,0.5,0.05,,,,,,,tune
tune_L_mul__sim_base__05,08_true_order_and_tuning,sim_base,,,tune,0.7376946901178073,0.7208133107097662,0.7050103869253667,0.11284900844419818,0.17591506762538422,0.19892181427241454,0.7211727959176467,0.18098026514053345,0.7254840255034515,0.7133655524265206,0.7060881599709782,0.12408653037776049,0.1857970936371842,0.19823309622759797,0.7149792459669834,0.17249971628189087,0.7109764212856007,0.7092555631622541,0.6957285476539075,0.1200525488936957,0.18652360636387913,0.19920366003658457,0.705320177367254,0.1659938097000122,0.732910413464951,0.7189574202259249,0.7008626928674085,0.11480792174074769,0.1821007571173158,0.19712351277437276,0.7175768421860949,0.15778984129428864,0.7147622653594947,0.16630121812592794,246.00705114627806,291.2186724931133,197.76778107073378,241.19328518671247,189.66223465325066,215.49314294345817,188.91227721865351,195.79998051269146,205.587336022229,235.92627028399386,0.6759504862953138,0.6835009022944057,6786.0,0.5789861479516651,0.0969643383436487,0.6595697493901087,0.21274323908971546,0.6135991875902291,9018.0,2.1165006160736084,894.0,906.0,904.0,899.0,0.1693012964971986,0.6992337223751492,0.700235903263092,0.7010009288787842,0.7006798982620239,0.7012183666229248,0.6998769640922546,0.700012743473053,0.6993997097015381,0.6994320154190063,0.6991711258888245,0.6953948140144348,1503.0,0.6989147858091282,0.6951084733009338,0.6992039084434509,0.696987509727478,0.6968786120414734,0.697826623916626,0.6989169120788574,0.6983693838119507,0.7005636692047119,0.7000362277030945,0.6994541883468628,1503.0,0.6891519915667945,0.6832042932510376,0.6870883703231812,0.6879690885543823,0.6906405091285706,0.6916041970252991,0.690471887588501,0.6905016303062439,0.6892520189285278,0.6903500556945801,0.6857102513313293,1503.0,0.6900920830413598,0.6888089776039124,0.6855145692825317,0.6911070346832275,0.6908153891563416,0.69289231300354,0.6958185434341431,0.6941023468971252,0.6932105422019958,0.6904321908950806,0.6814169883728027,1503.0,0.6943481456981079,13.7751,109.11,0.218,,L_mul,0.5,0.2,,,,,,,tune
tune_L_mul__sim_base__06,08_true_order_and_tuning,sim_base,,,tune,0.7303010286006524,0.712388222590891,0.6975810916082834,0.11417747668151008,0.18035896143463256,0.20195967557849304,0.7134234475999423,0.18264436721801758,0.7277800668199239,0.7204369815110108,0.7098751663322475,0.12161865961939312,0.18305032510656777,0.19822170893320468,0.7193640715543941,0.1718621701002121,0.7161369677717527,0.714068491000458,0.7020032273384402,0.11936434972485006,0.18235986545528746,0.19911490498526746,0.7107362287035505,0.16512134671211243,0.7300195417250297,0.7166011659463126,0.6994679590374311,0.11218310865806985,0.18130188743383394,0.19366356178485636,0.7153628889029244,0.15515728294849396,0.7147216591902028,0.16561454044966387,198.16059545249294,273.99101395904734,184.9876771245131,236.3620173069643,191.32017238079084,216.33414250750184,164.0338793349915,181.67168680509025,184.6255810731971,227.08971514465094,0.6704980842911877,0.6792214488270173,6786.0,0.5789861479516651,0.09151193633952259,0.6562430694167221,0.21439448956399954,0.6176799925793235,9018.0,1.9053231477737427,894.0,906.0,904.0,899.0,0.16867812522957135,0.6946882626734574,0.6929495930671692,0.695591390132904,0.6957920789718628,0.6972049474716187,0.6960885524749756,0.6948741674423218,0.6953752040863037,0.6951546669006348,0.6941988468170166,0.6912842392921448,1503.0,0.7017372723807838,0.6981253027915955,0.700982928276062,0.7008209228515625,0.7009626030921936,0.7016977667808533,0.7017495036125183,0.7029208540916443,0.7027168273925781,0.703031599521637,0.7001211643218994,1503.0,0.6891361807107714,0.6909489631652832,0.6885659694671631,0.6905690431594849,0.6922787427902222,0.6908606290817261,0.6899778246879578,0.6893810033798218,0.6900518536567688,0.6906072497367859,0.6844227910041809,1503.0,0.6877976543585923,0.6545305252075195,0.6701797246932983,0.6894744634628296,0.6892001032829285,0.6912442445755005,0.6929903626441956,0.6919399499893188,0.6902523040771484,0.6882611513137817,0.6810832023620605,1503.0,0.6933398425309013,14.308,105.046,0.21,,L_mul,1.0,0.01,,,,,,,tune
tune_L_mul__sim_base__07,08_true_order_and_tuning,sim_base,,,tune,0.7225816407812,0.7075160226915318,0.6925057182528693,0.12028099081021619,0.18739434018436052,0.2057811108302366,0.7075344605752004,0.18856292963027954,0.7306144614390151,0.7140795598981601,0.7063002922774652,0.12240636143606638,0.18760449150904893,0.19926720747825338,0.7169981045382134,0.17405954003334045,0.7107610226999543,0.7051078110834287,0.695946012809533,0.12141685290729438,0.18949059681918284,0.19598039749707513,0.7039382821976387,0.16647009551525116,0.7294114393739924,0.7154086866173592,0.6991079349191183,0.11465482658716232,0.18394836917549176,0.19428033059125022,0.7146426869701566,0.1564924269914627,0.7107783835703023,0.16854215631880323,190.16344257654478,276.2148004805257,177.92283594539947,235.0449559047984,176.23813444216276,210.43524454642176,169.9584691326351,185.22917235481893,178.5707205241855,226.7310433216412,0.6671087533156499,0.6739881412735241,6786.0,0.5789861479516651,0.08812260536398475,0.6551341760922599,0.21605927842068798,0.6214895412263229,9018.0,1.9603264331817627,894.0,906.0,904.0,899.0,0.17137076341126517,0.6879827550552085,0.6880767941474915,0.6883466243743896,0.688090443611145,0.6874220967292786,0.6877560615539551,0.6881457567214966,0.6886603236198425,0.6881049871444702,0.6886999011039734,0.6868272423744202,1503.0,0.6972935825064267,0.6955382823944092,0.6981049180030823,0.6964782476425171,0.6966982483863831,0.6967544555664062,0.698844313621521,0.6986097097396851,0.6990072131156921,0.6982752680778503,0.6938636302947998,1503.0,0.6846437924294716,0.6823034286499023,0.685329020023346,0.6855118870735168,0.6868614554405212,0.6852247714996338,0.6853134632110596,0.6857760548591614,0.6856667399406433,0.6850521564483643,0.6812564134597778,1503.0,0.6868832294401089,0.6874176859855652,0.6864787936210632,0.6869351267814636,0.6855466961860657,0.6880313158035278,0.6899210214614868,0.6889156103134155,0.6891517043113708,0.6868305206298828,0.6825089454650879,1503.0,0.6892008398578039,12.454,120.684,0.241,,L_mul,1.0,0.05,,,,,,,tune
tune_L_mul__sim_base__08,08_true_order_and_tuning,sim_base,,,tune,0.7313625346486116,0.7130715347239631,0.697741171098461,0.11280264100317337,0.17850632545659303,0.20102404952901737,0.7140584134903452,0.18102525174617767,0.73632252254274,0.7180953267678225,0.7045421865304972,0.12169090327536182,0.1863011122326181,0.20149392333178423,0.7196533452803533,0.17477740347385406,0.7139590306212311,0.7110303377743423,0.6987565672049201,0.11962909713247019,0.18480498829300776,0.19811911317971645,0.7079153118668312,0.16676320135593414,0.7300538441943468,0.7124485991329372,0.6970134865705918,0.11433649252749421,0.18234508656274037,0.19724314989680927,0.7131719766326253,0.15781286358833313,0.7136997618175388,0.1665247402017322,220.5401817829894,282.54676291870663,185.61914883839154,239.05635905034885,194.64816928700537,219.60327779496228,182.8723907620739,192.26275651863742,195.91997266761504,233.3672890706638,0.6744768641320366,0.6832946635730859,6786.0,0.5789861479516651,0.09549071618037142,0.6585717453980927,0.21423843153413386,0.6176715329850232,9018.0,2.117689371109009,894.0,906.0,904.0,899.0,0.17008398584514864,0.6968971513365754,0.69681715965271,0.6991490721702576,0.6993910074234009,0.6986456513404846,0.6976768374443054,0.696391224861145,0.697441816329956,0.6973499655723572,0.6970912218093872,0.692847728729248,1503.0,0.6951138151232195,0.694800615310669,0.6966435313224792,0.6961008310317993,0.6953274011611938,0.6945704221725464,0.6960283517837524,0.6960874199867249,0.6971402764320374,0.6963254809379578,0.6905810832977295,1503.0,0.6841173071032489,0.6786745190620422,0.6830728650093079,0.6851200461387634,0.685669481754303,0.684596598148346,0.6848195791244507,0.6843358874320984,0.6859648823738098,0.6865006685256958,0.6795098185539246,1503.0,0.6876732136319283,0.6876964569091797,0.6903391480445862,0.6927728652954102,0.6920983791351318,0.691963791847229,0.6920632719993591,0.6912227869033813,0.6903504133224487,0.6886086463928223,0.6769843697547913,1503.0,0.6909503717987431,10.9807,136.876,0.273,,L_mul,1.0,0.2,,,,,,,tune
tune_L_rank__metabric__00,08_true_order_and_tuning,metabric,,,tune,0.6841830404352227,0.6672981297245337,0.6236621095279627,0.11608852307833718,0.19250608411815154,0.2246863971539873,0.6583810932292398,0.18994687497615814,,,,,,,,,,,,,,,,,,,,,,,,,0.6583810932292398,0.17776033478349204,62.22615061916075,82.48243843685697,,,,,,,62.22615061916075,82.48243843685697,,,,,,,,,,0.34402310848236084,329.0,,,,0.18994687497615814,0.6085867608859863,,,,,0.6083055734634399,,,,,0.5944133400917053,578.0,,,,,,,,,,,,,,,,,,,,,,,,,,,,,,,,,,,,,0.6085867608859863,0.5384,1073.598,3.715,,L_rank,,,0.1,0.01,0.5947383046150208,0.6324294209480286,,,tune
tune_L_rank__metabric__01,08_true_order_and_tuning,metabric,,,tune,0.6774084423042709,0.6585448467038046,0.6315471305252538,0.11586621547942118,0.19378842389237658,0.22913172682136457,0.6558334731777765,0.1918339878320694,,,,,,,,,,,,,,,,,,,,,,,,,0.6558334731777765,0.1795954553977208,60.701594502717846,83.45825736108269,,,,,,,60.701594502717846,83.45825736108269,,,,,,,,,,0.3965439200401306,329.0,,,,0.1918339878320694,0.6076076925892533,,,,,0.616161584854126,,,,,0.5865172147750854,578.0,,,,,,,,,,,,,,,,,,,,,,,,,,,,,,,,,,,,,0.6076076925892533,0.5787,998.707,3.456,,L_rank,,,0.1,0.05,0.6061743497848511,0.6306957602500916,,,tune
tune_L_rank__metabric__02,08_true_order_and_tuning,metabric,,,tune,0.6880846222099011,0.667347078843419,0.6173525911555282,0.11655217589227974,0.19912785341074857,0.23379174324225516,0.6575947640696161,0.19556009769439697,,,,,,,,,,,,,,,,,,,,,,,,,0.6575947640696161,0.18315725751509448,70.22246266244255,85.07059334089207,,,,,,,70.22246266244255,85.07059334089207,,,,,,,,,,0.5525386929512024,329.0,,,,0.19556009769439697,0.6230951009070336,,,,,0.6189209222793579,,,,,0.6239627599716187,578.0,,,,,,,,,,,,,,,,,,,,,,,,,,,,,,,,,,,,,0.6230951009070336,0.5632,1026.345,3.551,,L_rank,,,0.1,0.2,0.6022548079490662,0.6315978765487671,,,tune
tune_L_rank__metabric__03,08_true_order_and_tuning,metabric,,,tune,0.6807439794526048,0.6613663916324737,0.6248535700360072,0.11876834491370683,0.1942864517375336,0.2268961598870955,0.6556546470403619,0.19225169718265533,,,,,,,,,,,,,,,,,,,,,,,,,0.6556546470403619,0.1799836521794453,61.569746107925425,81.48706963543114,,,,,,,61.569746107925425,81.48706963543114,,,,,,,,,,0.34045013785362244,329.0,,,,0.19225169718265533,0.6150350896721213,,,,,0.6158379912376404,,,,,0.6029938459396362,578.0,,,,,,,,,,,,,,,,,,,,,,,,,,,,,,,,,,,,,0.6150350896721213,0.5777,1000.522,3.462,,L_rank,,,0.5,0.01,0.6020230054855347,0.6349910497665405,,,tune
tune_L_rank__metabric__04,08_true_order_and_tuning,metabric,,,tune,0.6830936327615854,0.6521820171708675,0.6363901219258193,0.11448184731849874,0.19205600731695624,0.21882784486626905,0.6572219239527574,0.18729344010353088,,,,,,,,,,,,,,,,,,,,,,,,,0.6572219239527574,0.175121899833908,64.7532434512156,80.8059142958303,,,,,,,64.7532434512156,80.8059142958303,,,,,,,,,,0.3800295889377594,329.0,,,,0.18729344010353088,0.6150969802532731,,,,,0.6107756495475769,,,,,0.6144895553588867,578.0,,,,,,,,,,,,,,,,,,,,,,,,,,,,,,,,,,,,,0.6150969802532731,0.6161,938.171,3.246,,L_rank,,,0.5,0.05,0.6047866344451904,0.6222363710403442,,,tune
tune_L_rank__metabric__05,08_true_order_and_tuning,metabric,,,tune,0.668709553467013,0.6456354966585881,0.6287743478874552,0.11673947976129331,0.1950092337757646,0.22013981682404954,0.6477064660043521,0.18950285017490387,,,,,,,,,,,,,,,,,,,,,,,,,0.6477064660043521,0.1772961767870358,67.58845901313222,81.15717988016031,,,,,,,67.58845901313222,81.15717988016031,,,,,,,,,,0.5504769682884216,329.0,,,,0.18950285017490387,0.6195760564344125,,,,,0.617235541343689,,,,,0.6186637282371521,578.0,,,,,,,,,,,,,,,,,,,,,,,,,,,,,,,,,,,,,0.6195760564344125,0.6683,864.881,2.993,,L_rank,,,0.5,0.2,0.6106767654418945,0.625316321849823,,,tune
tune_L_rank__metabric__06,08_true_order_and_tuning,metabric,,,tune,0.6838355158765768,0.6627965002808768,0.6346526346750664,0.11856939496627171,0.1919371932318818,0.21874814940722367,0.6604282169441733,0.18824554979801178,,,,,,,,,,,,,,,,,,,,,,,,,0.6604282169441733,0.17641824586845908,66.05299786915975,80.21016862408842,,,,,,,66.05299786915975,80.21016862408842,,,,,,,,,,0.33942511677742004,329.0,,,,0.18824554979801178,0.6188245877095921,,,,,0.6109728813171387,,,,,0.6177812218666077,578.0,,,,,,,,,,,,,,,,,,,,,,,,,,,,,,,,,,,,,0.6188245877095921,0.6028,958.8,3.318,,L_rank,,,1.0,0.01,0.5965778827667236,0.632867157459259,,,tune
tune_L_rank__metabric__07,08_true_order_and_tuning,metabric,,,tune,0.6842856382908781,0.6663301668077388,0.6376536859061811,0.11971188695256871,0.19325548819095004,0.21304471266000843,0.6627564970015993,0.18731434643268585,,,,,,,,,,,,,,,,,,,,,,,,,0.6627564970015993,0.17533736260117572,67.03323074780432,80.03029032446365,,,,,,,67.03323074780432,80.03029032446365,,,,,,,,,,0.38016989827156067,329.0,,,,0.18731434643268585,0.622077550716307,,,,,0.6155850291252136,,,,,0.6256939768791199,578.0,,,,,,,,,,,,,,,,,,,,,,,,,,,,,,,,,,,,,0.622077550716307,0.5601,1031.909,3.571,,L_rank,,,1.0,0.05,0.6040025353431702,0.6275445818901062,,,tune
tune_L_rank__metabric__08,08_true_order_and_tuning,metabric,,,tune,0.679293280534201,0.6521323865653165,0.626907888338049,0.11679715386061536,0.19437533586829325,0.22592410488653505,0.6527778518125221,0.19101303815841675,,,,,,,,,,,,,,,,,,,,,,,,,0.6527778518125221,0.1790321982051479,71.05476030448062,81.88489841291329,,,,,,,71.05476030448062,81.88489841291329,,,,,,,,,,0.5515981316566467,329.0,,,,0.19101303815841675,0.612278301782806,,,,,0.6025996804237366,,,,,0.614424467086792,578.0,,,,,,,,,,,,,,,,,,,,,,,,,,,,,,,,,,,,,0.612278301782806,0.5496,1051.66,3.639,,L_rank,,,1.0,0.2,0.5913723707199097,0.6228235363960266,,,tune
tuned__metabric__ours_nllpch__s0,08_true_order_and_tuning,metabric,0.0,tuned,ours,0.6883532688635844,0.670086933556672,0.643087688909229,0.11843505465508955,0.1920421525750721,0.21773790342805857,0.667175963776495,0.1880812793970108,,,,,,,,,,,,,,,,,,,,,,,,,0.667175963776495,0.17607170355274007,65.761514227506,79.51944378768987,,,,,,,65.761514227506,79.51944378768987,,,,,,,,,,0.655360996723175,329.0,,,,0.1880812793970108,0.6201341131813506,,,,,0.6072835922241211,,,,,0.6249778270721436,578.0,,,,,,,,,,,,,,,,,,,,,,,,,,,,,,,,,,,,,0.6201341131813506,0.5151,1122.086,3.883,nllpch,,,,,,0.597558856010437,0.6297473311424255,,nllpch,L_PCH
tuned__metabric__ours_nllpch__s1,08_true_order_and_tuning,metabric,1.0,tuned,ours,0.6685095418959205,0.6927774156371141,0.6676274860435917,0.12030395656332205,0.19299556591399147,0.24209462459333128,0.6763048145255421,0.1917034238576889,,,,,,,,,,,,,,,,,,,,,,,,,0.6763048145255421,0.18513138235688162,77.54596956067566,82.0798818260453,,,,,,,77.54596956067566,82.0798818260453,,,,,,,,,,0.6894799470901489,337.0,,,,0.1917034238576889,0.6184855094977788,,,,,0.6003764271736145,,,,,0.6269863247871399,561.0,,,,,,,,,,,,,,,,,,,,,,,,,,,,,,,,,,,,,0.6184855094977788,0.6011,933.235,3.327,nllpch,,,,,,0.5635775923728943,0.6366584897041321,,nllpch,L_PCH
tuned__metabric__ours_nllpch__s2,08_true_order_and_tuning,metabric,2.0,tuned,ours,0.707451036134818,0.6556201857684719,0.6463852531360728,0.11310652304662316,0.20767016601349433,0.21844537849105342,0.6698188250131208,0.18950587511062622,,,,,,,,,,,,,,,,,,,,,,,,,0.6698188250131208,0.17974068918372363,62.02894140595505,82.11795255861092,,,,,,,62.02894140595505,82.11795255861092,,,,,,,,,,0.6729181408882141,340.0,,,,0.18950587511062622,0.6368234702700821,,,,,0.6477647423744202,,,,,0.6164031624794006,605.0,,,,,,,,,,,,,,,,,,,,,,,,,,,,,,,,,,,,,0.6368234702700821,0.7731,782.542,2.587,nllpch,,,,,,0.6368592977523804,0.6565054655075073,,nllpch,L_PCH
tuned__metabric__ours_nllpch__s3,08_true_order_and_tuning,metabric,3.0,tuned,ours,0.6894868005248237,0.671390595195824,0.6339146734530572,0.13378735217142107,0.1982123600896223,0.22354762484003968,0.6649306897245683,0.19381770491600037,,,,,,,,,,,,,,,,,,,,,,,,,0.6649306897245683,0.18518244570036102,74.61595639230778,82.21027375636652,,,,,,,74.61595639230778,82.21027375636652,,,,,,,,,,0.6643602848052979,345.0,,,,0.19381770491600037,0.6156991468339412,,,,,0.6119444966316223,,,,,0.6152474880218506,578.0,,,,,,,,,,,,,,,,,,,,,,,,,,,,,,,,,,,,,0.6156991468339412,0.6052,955.057,3.305,nllpch,,,,,,0.6028729677200317,0.6235109567642212,,nllpch,L_PCH
tuned__metabric__ours_nllpch__s4,08_true_order_and_tuning,metabric,4.0,tuned,ours,0.7142989055399173,0.6656440361424338,0.642730428443507,0.11237402052450926,0.19332080942767552,0.23047218593640467,0.6742244567086194,0.18335282802581787,,,,,,,,,,,,,,,,,,,,,,,,,0.6742244567086194,0.1787223386295298,60.12023290748858,80.55829722873305,,,,,,,60.12023290748858,80.55829722873305,,,,,,,,,,0.6678242087364197,326.0,,,,0.18335282802581787,0.6335822752147329,,,,,0.6493394374847412,,,,,0.6186622977256775,562.0,,,,,,,,,,,,,,,,,,,,,,,,,,,,,,,,,,,,,0.6335822752147329,0.6524,861.469,3.066,nllpch,,,,,,0.6148829460144043,0.6486641764640808,,nllpch,L_PCH
tuned__metabric__ours_nllpch_sample_ranking__s0,08_true_order_and_tuning,metabric,0.0,tuned,ours,0.6809113088093696,0.6507320896144102,0.6243923259560745,0.11787414633396076,0.19488007949362768,0.22741777238290037,0.6520119081266181,0.19224537909030914,,,,,,,,,,,,,,,,,,,,,,,,,0.6520119081266181,0.18005733273682958,68.37471438382472,82.25858799860696,,,,,,,68.37471438382472,82.25858799860696,,,,,,,,,,0.3418813645839691,329.0,,,,0.19224537909030914,0.61807075044611,,,,,0.6133784055709839,,,,,0.6152831315994263,578.0,,,,,,,,,,,,,,,,,,,,,,,,,,,,,,,,,,,,,0.61807075044611,0.542,1066.37,3.69,nllpch_sample_ranking,,,,,,0.598227322101593,0.631527841091156,ranking_loss_sigma=0.5 ranking_loss_coeff=0.01,nllpch_sample_ranking,L_PCH + L_rank
tuned__metabric__ours_nllpch_sample_ranking__s1,08_true_order_and_tuning,metabric,1.0,tuned,ours,0.7133270040517662,0.6961003957294218,0.6551043484361703,0.11582753251266,0.18726094542358765,0.23235328431377747,0.6881772494057862,0.1849375069141388,,,,,,,,,,,,,,,,,,,,,,,,,0.6881772494057862,0.17848058741667505,74.09572404702072,81.2257428002696,,,,,,,74.09572404702072,81.2257428002696,,,,,,,,,,0.3499661087989807,337.0,,,,0.1849375069141388,0.6245302058401563,,,,,0.6222720146179199,,,,,0.6334651112556458,561.0,,,,,,,,,,,,,,,,,,,,,,,,,,,,,,,,,,,,,0.6245302058401563,0.582,963.981,3.437,nllpch_sample_ranking,,,,,,0.6012046337127686,0.6217389106750488,ranking_loss_sigma=0.5 ranking_loss_coeff=0.01,nllpch_sample_ranking,L_PCH + L_rank
tuned__metabric__ours_nllpch_sample_ranking__s2,08_true_order_and_tuning,metabric,2.0,tuned,ours,0.7171467017579568,0.6770263387887154,0.6445258762677735,0.10311189714737767,0.18471260771766843,0.215861463510231,0.6795663056048152,0.1754845529794693,,,,,,,,,,,,,,,,,,,,,,,,,0.6795663056048152,0.167895322791759,69.58681510326909,80.25869378151124,,,,,,,69.58681510326909,80.25869378151124,,,,,,,,,,0.3331538438796997,340.0,,,,0.1754845529794693,0.638854087954597,,,,,0.6489904522895813,,,,,0.6197323799133301,605.0,,,,,,,,,,,,,,,,,,,,,,,,,,,,,,,,,,,,,0.638854087954597,0.6296,960.918,3.177,nllpch_sample_ranking,,,,,,0.6461256146430969,0.6551975011825562,ranking_loss_sigma=0.5 ranking_loss_coeff=0.01,nllpch_sample_ranking,L_PCH + L_rank
tuned__metabric__ours_nllpch_sample_ranking__s3,08_true_order_and_tuning,metabric,3.0,tuned,ours,0.6991591052548458,0.6714868647861547,0.639468806440932,0.12968281565664933,0.19393976472809146,0.21695217193820046,0.6700382588273109,0.18893933296203613,,,,,,,,,,,,,,,,,,,,,,,,,0.6700382588273109,0.1801915841076471,65.9644963318956,79.35968996348541,,,,,,,65.9644963318956,79.35968996348541,,,,,,,,,,0.33903104066848755,345.0,,,,0.18893933296203613,0.6194439377627232,,,,,0.6198716163635254,,,,,0.6157533526420593,578.0,,,,,,,,,,,,,,,,,,,,,,,,,,,,,,,,,,,,,0.6194439377627232,1.3701,421.878,1.46,nllpch_sample_ranking,,,,,,0.6070859432220459,0.6285303831100464,ranking_loss_sigma=0.5 ranking_loss_coeff=0.01,nllpch_sample_ranking,L_PCH + L_rank
tuned__metabric__ours_nllpch_sample_ranking__s4,08_true_order_and_tuning,metabric,4.0,tuned,ours,0.694301324719233,0.6646614314631981,0.6485438769328088,0.11772560989600489,0.19569433126387584,0.2311140285091964,0.66916887770508,0.18592368066310883,,,,,,,,,,,,,,,,,,,,,,,,,0.66916887770508,0.18151132322302568,61.831270374974245,79.110102072273,,,,,,,61.831270374974245,79.110102072273,,,,,,,,,,0.3444257974624634,326.0,,,,0.18592368066310883,0.6450134019056957,,,,,0.6424995064735413,,,,,0.6419642567634583,562.0,,,,,,,,,,,,,,,,,,,,,,,,,,,,,,,,,,,,,0.6450134019056957,0.5393,1042.17,3.709,nllpch_sample_ranking,,,,,,0.6351920962333679,0.6536381840705872,ranking_loss_sigma=0.5 ranking_loss_coeff=0.01,nllpch_sample_ranking,L_PCH + L_rank
tuned__sim_base__ours_nllpch__s0,08_true_order_and_tuning,sim_base,0.0,tuned,ours,0.7164919279238867,0.7020636719265745,0.6914261069426868,0.11447233484782035,0.18286288665674175,0.2054407925767341,0.7033272355977159,0.18760116398334503,0.7289368294292027,0.7115482927855624,0.7020472607270811,0.12369125986099899,0.1886840502222563,0.20727128077223775,0.7141774609806154,0.17760369181632996,0.7146947375850428,0.7138549183583601,0.6984376301191605,0.1197748084252963,0.1841727369796173,0.19837804572841133,0.7089957620208546,0.16627439856529236,0.7278858104923872,0.7106349198472024,0.6953555307019753,0.11716230340848478,0.18782549720492603,0.19955729402295885,0.711292087013855,0.16189758479595184,0.7094481364032602,0.16910777422554032,262.43849687916867,300.83185186965744,230.02889264921538,258.8036817777319,182.63039413024583,213.4268997988603,198.9368046213311,203.65843061125022,218.50864706999025,244.18021601437496,0.6694665487768936,0.6779840164990977,6786.0,0.5789861479516651,0.09048040082522846,0.6555777334220448,0.2162157672081374,0.6219338128048874,9018.0,3.813889741897583,894.0,906.0,904.0,899.0,0.17332288937587856,0.6875730732068555,0.68686842918396,0.6861670613288879,0.6877383589744568,0.6876091957092285,0.6881150007247925,0.6877766251564026,0.6879478096961975,0.687218964099884,0.6886833310127258,0.6865785121917725,1503.0,0.693199698037985,0.6900858283042908,0.6940556764602661,0.6936361193656921,0.6929685473442078,0.6927408576011658,0.693603515625,0.6938109397888184,0.696527898311615,0.6949771642684937,0.6884759664535522,1503.0,0.6854347721690003,0.6793724894523621,0.6833853125572205,0.6853842735290527,0.6862205266952515,0.6859307289123535,0.6865941286087036,0.6863189339637756,0.685857355594635,0.6857850551605225,0.683699369430542,1503.0,0.6840612056246071,0.6763289570808411,0.6778382658958435,0.6855047345161438,0.6858589053153992,0.6872267127037048,0.6885983943939209,0.6859464645385742,0.6866178512573242,0.6836483478546143,0.6781869530677795,1503.0,0.6875671872596119,12.5783,119.491,0.239,nllpch,,,,,,,,,nllpch,L_PCH
tuned__sim_base__ours_nllpch__s1,08_true_order_and_tuning,sim_base,1.0,tuned,ours,0.7077285382902697,0.6918290073947995,0.6800560743922839,0.12799950942030588,0.19575012465676198,0.21534651104701444,0.6932045400257844,0.18967777490615845,0.7280141529812897,0.7172925836561338,0.7086929578122222,0.11930854240423541,0.18524574241733893,0.20556828960287235,0.7179998981498819,0.1787325143814087,0.7260844921603058,0.7223274754114622,0.7071902881080379,0.11613791406912555,0.17911808868406878,0.19455534345820172,0.7185340852266021,0.165121927857399,0.7221898977695218,0.7038797659183075,0.700210293157304,0.11501837481770522,0.19428415559716175,0.19264787315318357,0.7087599856150444,0.1607896089553833,0.7096246272543282,0.1700817057773313,246.63940987030912,298.1031754759472,252.7811037873371,264.9397441830547,183.88599253170923,211.36835695068595,178.1903288831519,187.3403975212893,215.37420876812683,240.43791853274428,0.6765547357325704,0.6825032938076416,6641.0,0.5893690709230538,0.08718566480951662,0.6522033898305085,0.2164027337099594,0.6215250060630995,8850.0,3.790780544281006,902.0,897.0,861.0,879.0,0.17375429910214213,0.6818747381408969,0.6801766753196716,0.6804165244102478,0.6811604499816895,0.6814669370651245,0.6817916035652161,0.6821099519729614,0.6827632784843445,0.6818573474884033,0.6835747361183167,0.6810232400894165,1475.0,0.7063718120650033,0.7055183053016663,0.705230712890625,0.7049675583839417,0.7061824798583984,0.706632137298584,0.7063255906105042,0.7056376934051514,0.7058647274971008,0.7068424820899963,0.7076895236968994,1475.0,0.6956302518349261,0.6840844750404358,0.6934605836868286,0.6959346532821655,0.6971660256385803,0.6969619393348694,0.6985725164413452,0.6978291273117065,0.6997275948524475,0.698661744594574,0.6867378354072571,1475.0,0.6808857880505113,0.653526246547699,0.6680405735969543,0.6779229640960693,0.6765910387039185,0.6775529384613037,0.680550754070282,0.6803483366966248,0.6815494894981384,0.6833321452140808,0.6832066178321838,1475.0,0.6911906475228344,13.7638,107.165,0.218,nllpch,,,,,,,,,nllpch,L_PCH
tuned__sim_base__ours_nllpch__s2,08_true_order_and_tuning,sim_base,2.0,tuned,ours,0.7164551371804063,0.7168604613501495,0.6987962995862387,0.11284539249693258,0.18289339240272254,0.19861594513678696,0.7107039660389315,0.18469811975955963,0.7365343279462387,0.7290430358926907,0.7256000522005028,0.11393327277816506,0.1789271397740128,0.1808242119378539,0.730392472013144,0.16353175044059753,0.7275750429797121,0.7191621029627547,0.7092286704904448,0.1123522881139055,0.1861639677888486,0.18842646760628542,0.7186552721443039,0.16235272586345673,0.7307452512719614,0.6971717436510487,0.6921977857279847,0.10934773902069532,0.19369401458091828,0.1924487602558619,0.706704926883665,0.15925095975399017,0.7166141592700112,0.1625393826577491,217.9178470088718,282.82023007834215,186.83584421041684,231.0008057144376,168.7972445921121,198.24336485737996,161.5657115994971,180.70070359011152,183.77916185272443,223.19127606006782,0.6798523985239853,0.6878552971576227,6775.0,0.5778597785977859,0.10199261992619935,0.66368258178603,0.21394745928444484,0.6166634714350544,9048.0,3.7687230110168457,922.0,907.0,899.0,894.0,0.1675705197789207,0.6855710298096459,0.6760309934616089,0.6854907274246216,0.6852042078971863,0.688049852848053,0.6870905160903931,0.6875137090682983,0.6867691874504089,0.6873950362205505,0.6865419745445251,0.6805017590522766,1508.0,0.7149529583585191,0.7146286368370056,0.7134730815887451,0.7148520350456238,0.7148852348327637,0.7163405418395996,0.7151092290878296,0.7144708633422852,0.714773952960968,0.7163527607917786,0.713746964931488,1508.0,0.7004762331884551,0.6988289952278137,0.7036096453666687,0.6972145438194275,0.6986601948738098,0.7026135921478271,0.7039361000061035,0.7037783265113831,0.7026046514511108,0.7010243535041809,0.6942793726921082,1508.0,0.6853717196936346,0.6813367605209351,0.6802799701690674,0.6833197474479675,0.6856094598770142,0.6847251653671265,0.686268150806427,0.6867721080780029,0.6856051683425903,0.6880861520767212,0.6826013922691345,1508.0,0.6965929852625637,11.6387,129.568,0.258,nllpch,,,,,,,,,nllpch,L_PCH
tuned__sim_base__ours_nllpch__s3,08_true_order_and_tuning,sim_base,3.0,tuned,ours,0.7245028565898055,0.7294392036643444,0.7201548546482649,0.1177552822231656,0.17905458893204423,0.1922923413914271,0.7246989716341382,0.1794203370809555,0.7237817678314886,0.7206106367178798,0.7030013168402038,0.11878886486916866,0.1765162600231801,0.2069851730992028,0.7157979071298574,0.17608442902565002,0.7121276828288358,0.6948655275686878,0.6882444699862071,0.12763054851873282,0.19320672877804412,0.20508624629268016,0.6984125601279102,0.1731746643781662,0.7432221955529927,0.7293557476864335,0.7188497009970061,0.11977801898658744,0.1818192992089053,0.18372812956306256,0.730475881412144,0.15377512574195862,0.7173463300760125,0.1668867901571834,236.11487186157171,278.01700310160516,216.47248917309176,248.73112630856008,207.888173874052,219.99718567521097,175.5331510962408,182.73204743638647,209.00217150123905,232.36934063044066,0.674888558692422,0.6806146572104019,6730.0,0.5731054977711738,0.10178306092124823,0.6612076648841355,0.21486129809314927,0.6187833056779756,8976.0,3.8020529747009277,918.0,887.0,917.0,915.0,0.17058019391661788,0.7064846908857896,0.7057328224182129,0.7077857255935669,0.7073763608932495,0.7058999538421631,0.7061940431594849,0.7071869373321533,0.7083200216293335,0.7074617743492126,0.7071020007133484,0.702940046787262,1496.0,0.6991626037792725,0.6956127285957336,0.6999812722206116,0.698305070400238,0.6982394456863403,0.6988659501075745,0.6995841860771179,0.7004658579826355,0.7018724083900452,0.7001497745513916,0.6958143711090088,1496.0,0.685699926773621,0.6696156859397888,0.67791748046875,0.6811347007751465,0.684257447719574,0.6842658519744873,0.6853204369544983,0.6866936683654785,0.6861298680305481,0.6877144575119019,0.6873027086257935,1496.0,0.7084267408199579,0.6997822523117065,0.6947051286697388,0.7023147344589233,0.7056627869606018,0.7098681330680847,0.7102245688438416,0.7113444209098816,0.7106786966323853,0.7117338180541992,0.703884482383728,1496.0,0.6999434905646603,15.6668,95.488,0.191,nllpch,,,,,,,,,nllpch,L_PCH
tuned__sim_base__ours_nllpch__s4,08_true_order_and_tuning,sim_base,4.0,tuned,ours,0.7289921790919182,0.723237503407199,0.700304387212443,0.11295543743607717,0.17707130083696868,0.20712253885740192,0.7175113565705201,0.18320436775684357,0.7388712198107318,0.7270490465305894,0.7151006487860594,0.11482972861562663,0.17352687440096354,0.19059688321975313,0.7270069717091268,0.17473721504211426,0.7392262634626594,0.7184265750428,0.7044762452529983,0.11464727394520954,0.18059456807399768,0.18915048018688793,0.7207096945861525,0.16528907418251038,0.7639304181870645,0.7131819171639069,0.7040054667348978,0.10452249250934727,0.18801200644108432,0.19303254466969247,0.7270392673619565,0.15601198375225067,0.723066822556939,0.1621718440994175,206.3016862615345,274.40214440076033,178.98060992946907,239.76047804212328,167.0468473970367,206.42150226031148,153.13223069273036,173.8855928781603,176.36534357019266,223.61742939533886,0.6750265997872017,0.68199203187251,6579.0,0.5797233622131023,0.09530323757409942,0.6694819819819819,0.21241856268058995,0.6130251367551431,8880.0,3.7302286624908447,895.0,847.0,879.0,885.0,0.1698032036823201,0.6934308206036475,0.6854033470153809,0.6921346187591553,0.6933854222297668,0.6928703188896179,0.693048357963562,0.6925421357154846,0.6937239170074463,0.6949998736381531,0.6935150027275085,0.6950681805610657,1480.0,0.7053768389372456,0.697380006313324,0.704236626625061,0.7052903175354004,0.7059859037399292,0.7055691480636597,0.7067387700080872,0.706851601600647,0.7057668566703796,0.7064694762229919,0.7028863430023193,1480.0,0.6928113042758968,0.6496341824531555,0.682610273361206,0.6910824775695801,0.6925219297409058,0.6955225467681885,0.6931422352790833,0.6927928924560547,0.693411648273468,0.6936829686164856,0.694459080696106,1480.0,0.6921277807460181,0.6932070255279541,0.6848128437995911,0.6937111020088196,0.6935955882072449,0.6961279511451721,0.6939055919647217,0.6937074661254883,0.6931617856025696,0.6900597214698792,0.68978351354599,1480.0,0.6959366861407018,10.8233,136.743,0.277,nllpch,,,,,,,,,nllpch,L_PCH
tuned__sim_base__ours_nllpch_event_ranking__s0,08_true_order_and_tuning,sim_base,0.0,tuned,ours,0.7334412367256298,0.7145998565310078,0.6975165769073783,0.11292369159119628,0.17804686536733766,0.2002173384082355,0.715185890054672,0.1816464513540268,0.725798286432714,0.7183154178308347,0.710259349900423,0.12306913267044933,0.1836975739771315,0.19772661909205422,0.7181243513879906,0.17176282405853271,0.708395951722687,0.7080374911799996,0.6978471437743796,0.12139214676866227,0.1862013051136056,0.19640522005441838,0.704760195559022,0.165812686085701,0.7276549367839136,0.7141692969502698,0.6978390698344562,0.11345000212316161,0.18311970366416527,0.19345282652707474,0.7132211011895465,0.15596677362918854,0.7128228845478077,0.16580853544645768,214.72306822660482,279.686192408858,203.32672759036762,242.96499380629376,179.05556151181474,211.75238991106394,169.31786336445387,184.9509317989357,191.60580517331027,229.83862698128783,0.6722664308871206,0.6796597061098221,6786.0,0.5789861479516651,0.09328028293545543,0.6584608560656465,0.21266528541881005,0.6131499423996531,9018.0,2.110647439956665,894.0,906.0,904.0,899.0,0.1687809724733957,0.693646804819591,0.6922536492347717,0.69403076171875,0.694390594959259,0.6943211555480957,0.6943729519844055,0.6938676834106445,0.6938497424125671,0.6936718225479126,0.6940602660179138,0.6918883919715881,1503.0,0.7000269077247276,0.6973296999931335,0.7006171345710754,0.7005178332328796,0.7002231478691101,0.7014315128326416,0.7019097805023193,0.7006025314331055,0.7011313438415527,0.7006126642227173,0.6960504055023193,1503.0,0.684822160948081,0.673112154006958,0.6833775639533997,0.6824296116828918,0.6843620538711548,0.6850414276123047,0.6858765482902527,0.6856675148010254,0.6861460208892822,0.6868869066238403,0.6821808815002441,1503.0,0.6862710376348857,0.6758291125297546,0.6717620491981506,0.6854895353317261,0.6877278089523315,0.6893429756164551,0.691002607345581,0.6893298029899597,0.6902094483375549,0.685051679611206,0.6804904341697693,1503.0,0.6911917277818214,14.3132,105.008,0.21,nllpch_event_ranking,,,,,,,,event_ranking_loss_sigma=0.5 event_ranking_loss_coeff=0.2,nllpch_event_ranking,L_PCH + L_mul
tuned__sim_base__ours_nllpch_event_ranking__s1,08_true_order_and_tuning,sim_base,1.0,tuned,ours,0.6994640716061926,0.686627751783244,0.6774202036956266,0.12914257563802803,0.19561985755028174,0.21281521687545407,0.6878373423616878,0.1863146722316742,0.7308526008547166,0.7247155214902989,0.7112368054028626,0.11782597202574868,0.17689776174765218,0.18949132417047443,0.7222683092492926,0.16706617176532745,0.7220785219233403,0.7142221207856533,0.6973729742674888,0.11861320179099688,0.18288328536762816,0.2037690127036575,0.7112245389921608,0.17064207792282104,0.7393041344139915,0.7117848537984143,0.7068882456050742,0.11410506171039503,0.19242352254622247,0.18971280631085874,0.7193257446058267,0.15872956812381744,0.710163983802242,0.16860829986978315,230.59318111161895,289.2857182397376,180.8788282997085,229.37323744172372,218.83005822444912,231.0528472095251,186.63177089425378,192.4770629145737,204.2334596325076,235.54721645139003,0.6715856045776238,0.6774967061923584,6641.0,0.5893690709230538,0.08221653365457005,0.6516384180790961,0.21496154311943746,0.6181970690500681,8850.0,2.1083662509918213,902.0,897.0,861.0,879.0,0.17077149191829707,0.6819173256893615,0.6841009855270386,0.6827206611633301,0.6820448637008667,0.6813026070594788,0.6818154454231262,0.6817688345909119,0.6834708452224731,0.6831685304641724,0.6827773451805115,0.6784788966178894,1475.0,0.7086949111163813,0.7037362456321716,0.7091801166534424,0.7085431218147278,0.7087526917457581,0.7083563208580017,0.7088029980659485,0.7089709043502808,0.7092167139053345,0.7093123197555542,0.7080495357513428,1475.0,0.688052001510308,0.6727600693702698,0.6887317895889282,0.69056636095047,0.6902055144309998,0.6894708275794983,0.6903470754623413,0.6894841194152832,0.6904610991477966,0.6902452111244202,0.6811211109161377,1475.0,0.6880034946393319,0.6748911142349243,0.6849741339683533,0.6867793798446655,0.6853474974632263,0.6855654120445251,0.6889287829399109,0.6912856698036194,0.6892789006233215,0.6901750564575195,0.6849884986877441,1475.0,0.6916669332388455,11.3215,130.283,0.265,nllpch_event_ranking,,,,,,,,event_ranking_loss_sigma=0.5 event_ranking_loss_coeff=0.2,nllpch_event_ranking,L_PCH + L_mul
tuned__sim_base__ours_nllpch_event_ranking__s2,08_true_order_and_tuning,sim_base,2.0,tuned,ours,0.7150696679434898,0.7133904432843394,0.6944046451588566,0.11235625364001563,0.18582397513834564,0.2067306697570341,0.7076215854622285,0.1878712922334671,0.7305759494368957,0.7206331709621597,0.71733636250813,0.11463758866662527,0.18271191948478915,0.1891130964837041,0.7228484943023953,0.16941243410110474,0.7198807408853658,0.7085562618258203,0.7004344446100864,0.10865671956098347,0.18927239668729032,0.19304932467563934,0.7096238157737575,0.16484788060188293,0.7393900385499715,0.6997125742565908,0.6945459804186664,0.107315838142345,0.19453930787733278,0.19469734711559247,0.7112161977417429,0.15949983894824982,0.7128275233200311,0.16490870310247477,254.17730325209675,297.3267596859348,217.90570291471755,245.8455491734986,190.79708923937025,210.68121000074984,183.42688121406715,193.0042651153588,211.57674415506293,236.71444599388553,0.690479704797048,0.6980620155038759,6775.0,0.5778597785977859,0.11261992619926209,0.6622458001768347,0.21361847265192077,0.616023855489102,9048.0,2.1178603172302246,922.0,907.0,899.0,894.0,0.1705316150882901,0.685137361551632,0.6852271556854248,0.687338650226593,0.686998724937439,0.6862426996231079,0.684796154499054,0.685857355594635,0.6849572062492371,0.6858102679252625,0.6848668456077576,0.6824022531509399,1508.0,0.7077195914374803,0.7011064887046814,0.707632303237915,0.7068250179290771,0.7058570981025696,0.7060204148292542,0.7085207104682922,0.7066972851753235,0.7081204056739807,0.7099959850311279,0.7082826495170593,1508.0,0.6934802480360125,0.6950268745422363,0.6960201263427734,0.6949911117553711,0.6934991478919983,0.694051206111908,0.6958258748054504,0.6952526569366455,0.6948248744010925,0.6931583285331726,0.6893630623817444,1508.0,0.6873462290457546,0.6806871891021729,0.6827658414840698,0.687022864818573,0.6893143653869629,0.6884709000587463,0.6886948347091675,0.6916329860687256,0.6897749900817871,0.6903294920921326,0.6793062686920166,1508.0,0.6934208575177199,12.6572,119.141,0.237,nllpch_event_ranking,,,,,,,,event_ranking_loss_sigma=0.5 event_ranking_loss_coeff=0.2,nllpch_event_ranking,L_PCH + L_mul
tuned__sim_base__ours_nllpch_event_ranking__s3,08_true_order_and_tuning,sim_base,3.0,tuned,ours,0.7380026175377092,0.7315969846269105,0.7208725105136681,0.1171286704120977,0.17890201477363096,0.19243115033700123,0.7301573708927626,0.17926231026649475,0.7178463970097956,0.7101196301852395,0.7016118129149701,0.12115966134214043,0.18263124800787434,0.20445407898753726,0.7098592800366684,0.1755084991455078,0.7084598383316835,0.6921600555235051,0.6858080032775913,0.1283299136717447,0.1924140495771342,0.20260152355211797,0.6954759657109267,0.17247511446475983,0.7337681904652561,0.7177225558750947,0.7050543114999882,0.12241245984562803,0.18469377311547241,0.18740888491744206,0.7188483526134464,0.1567886620759964,0.713585242313451,0.1678806190449851,235.45171579188684,279.7845789455887,186.90447803835627,236.73076526286837,198.67485035531217,216.98814059011642,160.91062585112576,175.93309778713416,195.48541750917025,227.3591456464269,0.6679049034175334,0.6732072498029944,6730.0,0.5731054977711738,0.09479940564635958,0.6558600713012478,0.21637665946392198,0.6225749995223891,8976.0,2.1297483444213867,918.0,887.0,917.0,915.0,0.17098161818268603,0.7076494404007173,0.709191620349884,0.7083836197853088,0.7079055905342102,0.706555187702179,0.7079736590385437,0.7075913548469543,0.7077444195747375,0.708544909954071,0.709007978439331,0.7052817940711975,1496.0,0.6955080483470777,0.6890981793403625,0.6952872276306152,0.6949697136878967,0.6947562098503113,0.6950804591178894,0.6960763335227966,0.6964651942253113,0.6978084444999695,0.6963872909545898,0.6931862831115723,1496.0,0.6821012241997931,0.6690743565559387,0.6795265674591064,0.6804912090301514,0.6826731562614441,0.6826951503753662,0.6844432950019836,0.6836391687393188,0.684127688407898,0.6839861273765564,0.6776447296142578,1496.0,0.6965873702675565,0.6835641860961914,0.6933019161224365,0.6958544850349426,0.6916740536689758,0.6955195665359497,0.6960418224334717,0.698153555393219,0.6968870162963867,0.6981703639030457,0.696818470954895,1496.0,0.6954615208037862,12.3008,121.618,0.244,nllpch_event_ranking,,,,,,,,event_ranking_loss_sigma=0.5 event_ranking_loss_coeff=0.2,nllpch_event_ranking,L_PCH + L_mul
tuned__sim_base__ours_nllpch_event_ranking__s4,08_true_order_and_tuning,sim_base,4.0,tuned,ours,0.7338319256367888,0.7183177031020966,0.6899676386887416,0.11251364498949198,0.1811467954005464,0.2129636455248522,0.7140390891425423,0.18912877142429352,0.7367855267234978,0.7214269340813291,0.7069413658236534,0.1159848253918733,0.17598590580788995,0.19519626988057107,0.7217179422094935,0.17363280057907104,0.7370718819524332,0.7165258456811515,0.7028593833886723,0.11211238585452472,0.18001811750017385,0.1916565144074676,0.7188190370074189,0.16563427448272705,0.7581178968442761,0.7179575330348149,0.7037365800006156,0.10562761621141918,0.18498642016824055,0.19253886684600158,0.7266040032932355,0.15539628267288208,0.7202950179131725,0.16339425066525434,246.86027514953926,295.9678416241756,214.97079679166535,252.51014799405286,182.1217911175657,215.34821458840378,157.38010651434558,175.66964042848173,200.333242393279,234.87396115877846,0.6763945888432893,0.6829216467463479,6579.0,0.5797233622131023,0.09667122663018701,0.6627252252252253,0.21503693236661398,0.6191047957253607,8880.0,2.090186595916748,895.0,847.0,879.0,885.0,0.17097988304364906,0.6839222706955342,0.6828469038009644,0.685050904750824,0.6859549880027771,0.6837964057922363,0.6836078763008118,0.6842865943908691,0.6835623979568481,0.6853013038635254,0.68257075548172,0.6831796765327454,1480.0,0.704211292532354,0.7036476731300354,0.704835057258606,0.7046563625335693,0.7051060795783997,0.7046763896942139,0.7042697668075562,0.7038707733154297,0.7017003893852234,0.7052462697029114,0.7046547532081604,1480.0,0.6905825073115074,0.6648656129837036,0.6855646967887878,0.6898314952850342,0.6907911896705627,0.6909245252609253,0.6915589570999146,0.6918365359306335,0.6928542852401733,0.6912478804588318,0.6888818740844727,1480.0,0.6933213481308496,0.6896608471870422,0.6892958879470825,0.6918018460273743,0.6939009428024292,0.6932494640350342,0.6942315101623535,0.6943766474723816,0.6953140497207642,0.6942685842514038,0.6903721690177917,1480.0,0.6930093546675613,12.1193,122.119,0.248,nllpch_event_ranking,,,,,,,,event_ranking_loss_sigma=0.5 event_ranking_loss_coeff=0.2,nllpch_event_ranking,L_PCH + L_mul
