tag,source,dataset,seed,model,ctd_0th_event_0.25,ctd_0th_event_0.5,ctd_0th_event_0.75,brier_0th_event_0.25,brier_0th_event_0.5,brier_0th_event_0.75,ctd_0th_event,brier_0th_event,ctd_1th_event_0.25,ctd_1th_event_0.5,ctd_1th_event_0.75,brier_1th_event_0.25,brier_1th_event_0.5,brier_1th_event_0.75,ctd_1th_event,brier_1th_event,ctd_2th_event_0.25,ctd_2th_event_0.5,ctd_2th_event_0.75,brier_2th_event_0.25,brier_2th_event_0.5,brier_2th_event_0.75,ctd_2th_event,brier_2th_event,ctd_3th_event_0.25,ctd_3th_event_0.5,ctd_3th_event_0.75,brier_3th_event_0.25,brier_3th_event_0.5,brier_3th_event_0.75,ctd_3th_event,brier_3th_event,ctd_4th_event_0.25,ctd_4th_event_0.5,ctd_4th_event_0.75,brier_4th_event_0.25,brier_4th_event_0.5,brier_4th_event_0.75,ctd_4th_event,brier_4th_event,ctd_weighted_avg,brier_survtrace_weighted_avg,mae_uncensored_0th_event,mae_margin_0th_event,mae_uncensored_1th_event,mae_margin_1th_event,mae_uncensored_2th_event,mae_margin_2th_event,mae_uncensored_3th_event,mae_margin_3th_event,mae_uncensored_4th_event,mae_margin_4th_event,mae_uncensored,mae_margin,within_ctd,within_ctd_subject,within_ctd_pairs,within_ctd_km,within_ctd_gain,loss,brier_0th_event_n,brier_1th_event_n,brier_2th_event_n,brier_3th_event_n,brier_4th_event_n,brier_weighted_avg,ipcw_0th_event,ipcw_0th_event_0.10,ipcw_0th_event_0.20,ipcw_0th_event_0.30,ipcw_0th_event_0.40,ipcw_0th_event_0.50,ipcw_0th_event_0.60,ipcw_0th_event_0.70,ipcw_0th_event_0.80,ipcw_0th_event_0.90,ipcw_0th_event_1.00,ipcw_0th_event_n,ipcw_1th_event,ipcw_1th_event_0.10,ipcw_1th_event_0.20,ipcw_1th_event_0.30,ipcw_1th_event_0.40,ipcw_1th_event_0.50,ipcw_1th_event_0.60,ipcw_1th_event_0.70,ipcw_1th_event_0.80,ipcw_1th_event_0.90,ipcw_1th_event_1.00,ipcw_1th_event_n,ipcw_2th_event,ipcw_2th_event_0.10,ipcw_2th_event_0.20,ipcw_2th_event_0.30,ipcw_2th_event_0.40,ipcw_2th_event_0.50,ipcw_2th_event_0.60,ipcw_2th_event_0.70,ipcw_2th_event_0.80,ipcw_2th_event_0.90,ipcw_2th_event_1.00,ipcw_2th_event_n,ipcw_3th_event,ipcw_3th_event_0.10,ipcw_3th_event_0.20,ipcw_3th_event_0.30,ipcw_3th_event_0.40,ipcw_3th_event_0.50,ipcw_3th_event_0.60,ipcw_3th_event_0.70,ipcw_3th_event_0.80,ipcw_3th_event_0.90,ipcw_3th_event_1.00,ipcw_3th_event_n,ipcw_4th_event,ipcw_4th_event_0.10,ipcw_4th_event_0.20,ipcw_4th_event_0.30,ipcw_4th_event_0.40,ipcw_4th_event_0.50,ipcw_4th_event_0.60,ipcw_4th_event_0.70,ipcw_4th_event_0.80,ipcw_4th_event_0.90,ipcw_4th_event_1.00,ipcw_4th_event_n,ipcw_weighted_avg,runtime,samples_per_second,steps_per_second,recipe,lambda_v,ipcw_0th_event_0.25,ipcw_0th_event_0.75,ipcw_1th_event_0.25,ipcw_1th_event_0.75,variant,label
ebmt__coxph__s0,01_multievent_lmul,ebmt,0,coxph,0.5724115008658085,0.5611616366250922,0.5547126326337869,0.1401601914918674,0.2063529589340792,0.24070866137240307,0.5627619233748958,0.19574060393278322,0.5092909932913781,0.4974237551222904,0.5002508415110852,0.12336681539820503,0.1978615205678582,0.23815689714989827,0.5023218633082512,0.18646174437198715,0.5348731809554702,0.5511553872934354,0.5395997915406416,0.07135796918644297,0.12645086764166474,0.1765411370342086,0.5418761199298491,0.12478332462077209,0.4304839957311277,0.49101414084957035,0.5210837494776139,0.04378006108055872,0.081887776705256,0.115827214598181,0.48086062868610396,0.08049835079466523,0.560352561970993,0.5592889985145183,0.5476251439121537,0.0961286769471681,0.1645736427478006,0.21117853815554616,0.5557555681325551,0.15729361928350497,0.528715220686331,0.14895552860074254,2523.922353037214,4279.272468304697,3110.6108414392825,5061.157389202793,4207.1502363880245,9222.01457997293,4827.566395258891,13316.200550820426,3828.5593481272185,5786.881876181498,3699.5618348501257,7533.105372896469,0.8468113083497699,0.8377371273712738,3042.0,0.8435239973701513,0.0032873109796186517,,,,,,,,,,,,,,,,,,,,,,,,,,,,,,,,,,,,,,,,,,,,,,,,,,,,,,,,,,,,,,,,,,,,,,,,,,,,,,,Cox PH (cause-specific)
ebmt__coxph__s1,01_multievent_lmul,ebmt,1,coxph,0.5590699415692603,0.5831995404214319,0.5786554090284449,0.11225622190840089,0.1959053956946864,0.2354521543927575,0.5736416303397123,0.1812045906652816,0.5045455409617086,0.543414317797993,0.5482130665933178,0.12059745781954992,0.1946400195199725,0.2328779696753574,0.5320576417843398,0.18270514900495996,0.5422066245113534,0.6001647633863323,0.577757665996782,0.06750058621493023,0.12078179207303824,0.1655727481220921,0.5733763512981559,0.11795170880335352,0.4276944260204954,0.4546801402475448,0.4607819312838379,0.033209265235410464,0.07895041182185902,0.11420354952894696,0.4477188325172927,0.07545440886207215,0.5678115167600244,0.555618723783754,0.5348676100373068,0.08573465169580288,0.14976902844080264,0.20555059173543544,0.5527659501936951,0.14701809062401364,0.5359120812266391,0.14086678959193616,2618.2690478382524,4220.456838346194,3175.2301663646062,5015.306009648407,4281.245636304165,8973.700771812502,4691.6126605871705,13010.812831425601,3750.847250857877,5869.022898559831,3703.440952390414,7417.859869958507,0.8466921119592875,0.8375150926171334,3144.0,0.8422391857506362,0.004452926208651342,,,,,,,,,,,,,,,,,,,,,,,,,,,,,,,,,,,,,,,,,,,,,,,,,,,,,,,,,,,,,,,,,,,,,,,,,,,,,,,Cox PH (cause-specific)
ebmt__coxph__s2,01_multievent_lmul,ebmt,2,coxph,0.5774381476550338,0.5941199054386551,0.586887318572483,0.1341281000757598,0.2033365040280141,0.23519226614315342,0.5861484572220573,0.1908856234156424,0.5469120558680781,0.5051068385500304,0.510293274561161,0.09986259434721555,0.1865332644752921,0.23480017770585782,0.5207707229930898,0.1737320121761218,0.5798922919361166,0.5610691930472725,0.565323242067273,0.07935669126731262,0.14049104722477615,0.17440541235162738,0.568761575683554,0.13141771694790538,0.5398159540896738,0.5040574587041957,0.5044803026051351,0.05764156975831745,0.09788875722256903,0.13220865778216565,0.5161179051330015,0.09591299492101739,0.5339514252061703,0.5723339783805725,0.5649071188161747,0.08880220566955074,0.14737572067558952,0.20687387557286355,0.5570641741343059,0.14768393397266794,0.5497725670332017,0.14792645628667098,2677.5230526321643,4140.956817545667,3179.7063994634304,4998.585144715293,4375.872296706708,8709.311681531992,4850.173552938845,12485.3977542476,3759.3933588418536,5712.974286497255,3768.5337321166007,7209.445136907561,0.8435236163430889,0.830272495801506,3451.0,0.8380179658070125,0.005505650536076434,,,,,,,,,,,,,,,,,,,,,,,,,,,,,,,,,,,,,,,,,,,,,,,,,,,,,,,,,,,,,,,,,,,,,,,,,,,,,,,Cox PH (cause-specific)
ebmt__coxph__s3,01_multievent_lmul,ebmt,3,coxph,0.5903880479840945,0.5809797828195126,0.5816960902203452,0.11588896430989755,0.18619615118768176,0.23258575763632688,0.5843546403413175,0.17822362437796876,0.47205469520588145,0.5000275568087954,0.5270340932537715,0.11076539012051984,0.19178493435748628,0.23005966333028616,0.4997054484228161,0.1775366626027641,0.5098903515186325,0.5424862931161776,0.5665772990017238,0.06520986798269422,0.12743383307561837,0.16524325866281975,0.5396513145455114,0.11929565324037744,0.4241451526726201,0.46832898259148065,0.48973784453570973,0.03286804689828358,0.08314706641618488,0.1256178204793414,0.4607373265999368,0.08054431126460328,0.6213480279893073,0.615927589030527,0.5789492745259914,0.0984372436739338,0.15339814045785732,0.20337541632815026,0.6054082971819419,0.15173693348664713,0.5379714054183047,0.14146743699447212,2512.7232549405007,4257.113871643119,3010.5475483240184,5059.348482375091,4168.665378876104,9186.722542918595,4831.493595032982,12395.690250410535,3799.8909043796293,5698.074522073219,3664.6641363106473,7319.389933884112,0.841358839050132,0.8353059913753555,3032.0,0.8334432717678101,0.0079155672823219,,,,,,,,,,,,,,,,,,,,,,,,,,,,,,,,,,,,,,,,,,,,,,,,,,,,,,,,,,,,,,,,,,,,,,,,,,,,,,,Cox PH (cause-specific)
ebmt__coxph__s4,01_multievent_lmul,ebmt,4,coxph,0.5631990073395684,0.571477832863929,0.5577878176645353,0.11427621257262217,0.19325478567094007,0.235403375006409,0.5641548859560109,0.18097812441665706,0.4892679037286717,0.48966576958651903,0.4906755571581463,0.10387664888593473,0.1962433619936279,0.23486380216347744,0.48986974349111234,0.17832793768101338,0.513586931647421,0.5409259020326705,0.5542213865401618,0.06513517560242427,0.12666735922176722,0.17163872161376983,0.5362447400734177,0.12114708547932045,0.4716252906500535,0.4667663125641681,0.4617712935215022,0.04999503977066059,0.10817689384779791,0.141186501669838,0.4667209655785746,0.09978614509609884,0.5046596385585157,0.5275768275316828,0.5231306011625532,0.10186096009123848,0.17454350436141616,0.22302382213020286,0.5184556890842505,0.1664760955276192,0.5150892048366732,0.1493430776401418,2654.7549473030367,4141.862823371218,3067.569283079602,5001.51917924661,4284.117308480669,8863.682772941054,4926.43081994424,12030.246223446382,3907.365392305917,5648.87339477196,3768.047550222693,7137.236878755446,0.8367867389225374,0.8250201396348014,3137.0,0.826904686005738,0.009882052916799444,,,,,,,,,,,,,,,,,,,,,,,,,,,,,,,,,,,,,,,,,,,,,,,,,,,,,,,,,,,,,,,,,,,,,,,,,,,,,,,Cox PH (cause-specific)
ebmt__deephit_paper__s0,01_multievent_lmul,ebmt,0,deephit_paper,0.5213416481040183,0.5608592194988286,0.5629915242144011,0.14120732930815205,0.20871064366415207,0.2423707546795219,0.5483974639390826,0.2508220970630646,0.47568150158242944,0.47706156095740143,0.49672911850612383,0.12993371352180558,0.22670711688043424,0.2843647219971324,0.4831573936819849,0.3181819021701813,0.5208074703692545,0.5602151679981846,0.5313547836796733,0.07268767240315951,0.1277367885895926,0.1849174038696664,0.5374591406823708,0.20382846891880035,0.5250529937206705,0.47217766582183934,0.45386076052624225,0.044523992767760465,0.08352859150615838,0.12031001680892978,0.48369714002291736,0.05482949689030647,0.48400002188665237,0.523595900959587,0.5346351791141761,0.09599199886311027,0.22321935299917858,0.35517390846893643,0.5140770339868052,0.19632075726985931,0.5133576344626322,0.16942560042184607,3529.8196504945477,4686.771920479624,4739.014832351035,5638.835292276,5259.801031304857,9403.079124910462,5461.991595371925,13352.372896221943,1806.721498776679,5349.14816052665,4159.469721659809,7686.041478882935,0.8570019723865878,0.8511830310610798,3042.0,0.8435239973701513,0.01347797501643655,5.089437484741211,354.0,345.0,189.0,99.0,259.0,0.23544346353107912,0.5484208519222172,0.5042579174041748,0.527325451374054,0.5120583176612854,0.5359931588172913,0.5519711971282959,0.5553523898124695,0.5543186664581299,0.5540099143981934,0.5525984764099121,0.553122341632843,686.0,0.5080997456503178,0.5093998312950134,0.5028591156005859,0.5108204483985901,0.5048108100891113,0.5060874223709106,0.5113413333892822,0.5082247257232666,0.5089976787567139,0.508304238319397,0.5086122155189514,686.0,0.5370893127810372,0.5086567997932434,0.535545825958252,0.5349053144454956,0.5355361700057983,0.5447879433631897,0.5440943241119385,0.5354915857315063,0.5359387993812561,0.5343233346939087,0.5352041125297546,686.0,0.4946502809013639,0.5036064386367798,0.5012485384941101,0.5089080333709717,0.5089080333709717,0.5099532604217529,0.5083099603652954,0.5105288624763489,0.5066694021224976,0.49205803871154785,0.49126872420310974,686.0,0.5481187670000036,0.5040555000305176,0.5174887180328369,0.4989650845527649,0.49558526277542114,0.48700228333473206,0.5370134711265564,0.5516650080680847,0.5668390393257141,0.5526397824287415,0.5561522245407104,686.0,0.5272757916509879,5.2809,129.902,0.379,,,,,,,,DeepHit
ebmt__deephit_paper__s1,01_multievent_lmul,ebmt,1,deephit_paper,0.5666170346337709,0.5672119865069999,0.5685933820619741,0.11177493010922043,0.19847776974424094,0.23930903521887253,0.567474134400915,0.24435967206954956,0.4913325045479769,0.5024837449000672,0.5306211795052854,0.1260517289439057,0.22414771569554906,0.2680582241344888,0.5081458096511099,0.3000500500202179,0.5241501685445035,0.5200985397311972,0.5465256819376159,0.06786421153177172,0.12225127058992392,0.17139533844570018,0.5302581300711056,0.203242227435112,0.5006846977752463,0.5051988976925454,0.4845592839344237,0.03500045226307844,0.07930092994351254,0.11269202865281715,0.4968142931340718,0.046897660940885544,0.5872433393411026,0.560969141185827,0.5362814191719091,0.0898046737176926,0.1875578385500466,0.2861274967416633,0.5614979665662796,0.16435599327087402,0.5328380667646964,0.15465424295216562,3379.995046002715,4561.516628002247,4475.794056882095,5506.20961533473,5074.525282721474,9151.643051634914,4922.342985494561,13017.166606865008,2413.288602063434,5627.6709428609665,4053.1891946328556,7572.841368939573,0.8260178117048346,0.821100951202992,3144.0,0.8422391857506362,-0.016221374045801595,4.9085373878479,366.0,353.0,202.0,107.0,247.0,0.22119389618436494,0.5718148546690469,0.5457455515861511,0.549959659576416,0.5617680549621582,0.5533715486526489,0.5792252421379089,0.5680734515190125,0.5767136812210083,0.5733421444892883,0.5770177841186523,0.5756669044494629,686.0,0.5339447179473638,0.49346989393234253,0.5113393068313599,0.524334728717804,0.5218182802200317,0.5375649333000183,0.5455974340438843,0.5400928258895874,0.5401946306228638,0.5408020615577698,0.5399388074874878,686.0,0.5537245763611683,0.537659227848053,0.5578674674034119,0.5542193055152893,0.5538145303726196,0.5492255091667175,0.5484808087348938,0.558925986289978,0.553545355796814,0.5541008114814758,0.5542843341827393,686.0,0.5195158615344908,0.464076429605484,0.46420004963874817,0.4531414210796356,0.45390596985816956,0.4402393698692322,0.47151240706443787,0.48871222138404846,0.481905072927475,0.5294625759124756,0.5265035629272461,686.0,0.5652845844009219,0.5067805647850037,0.5011320114135742,0.5156061053276062,0.5052668452262878,0.5154694318771362,0.5437993407249451,0.5430097579956055,0.5714125633239746,0.5781601071357727,0.5773112177848816,686.0,0.5488569189825984,4.9841,137.638,0.401,,,,,,,,DeepHit
ebmt__deephit_paper__s2,01_multievent_lmul,ebmt,2,deephit_paper,0.5513847660207292,0.5707388930823892,0.546946012984527,0.13487670806921778,0.21037672048445796,0.24690336997732373,0.5563565573625485,0.25214821100234985,0.5322777068196274,0.538987067676428,0.5236554953239515,0.10112814202533438,0.20496966268764172,0.26819463741659116,0.5316400899400023,0.3195071518421173,0.5399738301511321,0.5747155292533942,0.5623917305561835,0.08134791074163285,0.14781485598039087,0.1869562279571598,0.5590270299869032,0.2243899703025818,0.5443481230418883,0.48391844154470304,0.46517089929821415,0.05730297408114649,0.09765313325742038,0.13300273455146241,0.4978124879616019,0.06248639151453972,0.5101595954619714,0.5616776810549305,0.5446388870488209,0.09408876048280292,0.19601146377764414,0.29146102612877367,0.5388253878552409,0.17086999118328094,0.5367323106212594,0.16347255517460005,3474.9096607476326,4536.349204160711,4695.753552547113,5576.966521404803,5209.244131387154,8931.511319067995,5104.375219631851,12524.711860814421,2342.0278982223344,5405.008156893497,4165.262092507217,7394.909412468286,0.8429440741813967,0.8370273308413241,3451.0,0.8380179658070125,0.0049261083743842304,5.050629138946533,406.0,382.0,232.0,127.0,283.0,0.23270934126437545,0.56778647455103,0.5560212135314941,0.5254240036010742,0.5487157702445984,0.5579445362091064,0.5585352182388306,0.5559496283531189,0.5748303532600403,0.5775883793830872,0.5779900550842285,0.5781790614128113,736.0,0.5138449970413658,0.5137054324150085,0.520641028881073,0.5214460492134094,0.5211638808250427,0.5187310576438904,0.5111750364303589,0.5105428695678711,0.5102897882461548,0.510384738445282,0.5104446411132812,736.0,0.5651244730500046,0.5351526141166687,0.5332071781158447,0.5563094615936279,0.5597721934318542,0.5690629482269287,0.5661234259605408,0.5740483403205872,0.5636938214302063,0.5649691820144653,0.5641874074935913,736.0,0.4938604126670467,0.4978521168231964,0.4922122359275818,0.4473445415496826,0.4447091817855835,0.44832950830459595,0.5449549555778503,0.48017624020576477,0.4910314381122589,0.49528926610946655,0.4946584403514862,736.0,0.5550589881348333,0.5092051029205322,0.4841774106025696,0.49237778782844543,0.48738202452659607,0.5100051164627075,0.5719568729400635,0.5373890399932861,0.5619097948074341,0.566011905670166,0.5661886930465698,736.0,0.539135069088856,6.0717,121.218,0.329,,,,,,,,DeepHit
ebmt__deephit_paper__s3,01_multievent_lmul,ebmt,3,deephit_paper,0.5902494812023966,0.5799083597383308,0.5805520249614887,0.12095898964311483,0.1902806442137243,0.2381608268766208,0.5835699553007387,0.23962350189685822,0.46890996520547856,0.4636889441486017,0.5204873105067651,0.1123258984269856,0.20765909951631825,0.25280173296970554,0.48436207328694847,0.2720910906791687,0.5484162299517329,0.567143336775653,0.5820407989516565,0.06503332163016695,0.12807731805497002,0.1680763983324858,0.5658667885596808,0.187714084982872,0.4699445017239391,0.5025438060636429,0.5180566400133318,0.03770842429173637,0.08426623985014965,0.12884314575661238,0.49684831593363793,0.05168083310127258,0.5911257439711903,0.6163550408777179,0.5845989387516695,0.10845303504945075,0.22395137144892294,0.2706608278114161,0.5973599078668592,0.17992056906223297,0.545601408189573,0.155817151591492,1504.3624946540508,4005.346989637306,2157.65335884521,4800.687315357303,2450.3904724019862,8975.143020871523,5100.284343748315,12432.261288774533,1493.4198837206673,5175.099287734988,2541.2221106740462,7077.707580475131,0.8449868073878628,0.8433227819065969,3032.0,0.8334432717678101,0.011543535620052725,5.874409198760986,350.0,338.0,189.0,117.0,264.0,0.21053947860135183,0.5502021969255949,0.5214183330535889,0.541636049747467,0.5736194849014282,0.5750660300254822,0.5819041132926941,0.5781988501548767,0.5676600337028503,0.5743820071220398,0.5748178362846375,0.42863351106643677,685.0,0.5202944704012782,0.5053818821907043,0.4967242181301117,0.5003554821014404,0.5156890749931335,0.5408774614334106,0.5465551018714905,0.5293036699295044,0.5294522643089294,0.5296428203582764,0.4855536222457886,685.0,0.5413813271201574,0.5648853182792664,0.555532693862915,0.546326756477356,0.5602013468742371,0.5693747401237488,0.5692909955978394,0.5669474601745605,0.5689388513565063,0.5702043771743774,0.42481833696365356,685.0,0.4856192637924795,0.5063093900680542,0.5106680989265442,0.511958122253418,0.5119391679763794,0.5085713863372803,0.5111712217330933,0.5321731567382812,0.4859693944454193,0.488069087266922,0.481284499168396,685.0,0.5674170361778421,0.508949875831604,0.513471782207489,0.4942217171192169,0.44976574182510376,0.5036084055900574,0.471279114484787,0.5465568900108337,0.5943101644515991,0.5965726971626282,0.5754966139793396,685.0,0.5329828588834704,4.7504,144.198,0.421,,,,,,,,DeepHit
ebmt__deephit_paper__s4,01_multievent_lmul,ebmt,4,deephit_paper,0.56845476395189,0.576403077435677,0.5511994070154895,0.12500956646807965,0.20419447149765413,0.25784161112231485,0.5653524161343522,0.3819698095321655,0.42259016763737645,0.48374564767056566,0.4935736898151864,0.10456198877465828,0.2140186969950324,0.24169750491212963,0.4666365017077095,0.41390252113342285,0.508452743235315,0.5333435672525749,0.5520880744112848,0.06492088574826708,0.12664702602627936,0.17211241709259104,0.5312947949663915,0.5411055684089661,0.49763319091099584,0.48810375909402465,0.4907277306084323,0.8873226243424435,0.8169695638422604,0.7800837812029404,0.49215489353781755,0.6299579739570618,0.5020583251554014,0.5167408540417314,0.5160095463386436,0.3079836758197205,0.7629578909676755,0.6652240738992254,0.5116029085119255,0.5668113231658936,0.5134083029716392,0.38210305191408483,25.228988507056872,3198.8117074170714,34.23773232119673,3939.023754908209,41.63847446037291,8064.222400951801,292.4285975992387,11335.916844780975,353.3423183039198,4793.186487391239,149.375222238357,6266.232239089859,0.8320051004144087,0.8255012531328321,3137.0,0.826904686005738,0.005100414408670706,7.466078758239746,366.0,341.0,201.0,124.0,276.0,0.4772619596406225,0.5470830482040043,0.5640212297439575,0.566206693649292,0.5690464377403259,0.5637015700340271,0.5728299021720886,0.5681509375572205,0.5688636302947998,0.572202205657959,0.5,0.5,675.0,0.5119703553260595,0.47914642095565796,0.49617278575897217,0.507635772228241,0.5119385719299316,0.5143886208534241,0.5153995752334595,0.5143345594406128,0.522695779800415,0.5134506821632385,0.5129109621047974,675.0,0.526875392076011,0.5787640810012817,0.5733208656311035,0.5605694055557251,0.5549825429916382,0.5663037300109863,0.5638052225112915,0.564058780670166,0.5637264847755432,0.4312310516834259,0.5,675.0,0.5080162646723728,0.50192791223526,0.49854037165641785,0.5114257335662842,0.506872296333313,0.49783486127853394,0.49810096621513367,0.4981355667114258,0.5060715079307556,0.5044499039649963,0.5120789408683777,675.0,0.5204219088812543,0.4670144021511078,0.44895246624946594,0.437138170003891,0.43441951274871826,0.4478367865085602,0.4716145396232605,0.4710722863674164,0.5408151745796204,0.5408436059951782,0.5413930416107178,675.0,0.5228733938319404,5.8598,115.191,0.341,,,,,,,,DeepHit
ebmt__dsm_paper__s0,01_multievent_lmul,ebmt,0,dsm_paper,0.48776542707990356,0.46798792474706025,0.4785157689381564,0.14149475354495325,0.21809009071572505,0.2791824794480809,0.4780897069217067,0.27185747027397156,0.4944465650564467,0.4947650381490525,0.5125532558443364,0.12585889245363072,0.19830850204558398,0.2520915484732812,0.5005882863499452,0.26043063402175903,0.4840674658165431,0.4300549678794884,0.44944057287169725,0.16200203193268412,0.18942701046137966,0.2163960380917524,0.4545210021892429,0.25978997349739075,0.49441090464205467,0.48877332637084425,0.5203932677073081,0.35030520403242477,0.3593636410294748,0.3612889036741046,0.5011924995734023,0.3498639166355133,0.4556773257421776,0.44722613122586485,0.5273234178553993,0.26857773859196976,0.3092078923197617,0.32588027774255873,0.47674229160781395,0.29052257537841797,0.4822267573284222,0.2504983336371577,2280.7506885046505,4256.654766433468,2166.187998912145,4742.874530179621,1715.0051840960662,8889.520711887544,1606.5682262529629,13168.333577606141,1437.640795632426,5265.344710602498,1841.23057867965,7264.545659341854,0.16469428007889547,0.17507594031984278,3042.0,0.8435239973701513,-0.6788297172912559,6.066380500793457,354.0,345.0,189.0,99.0,259.0,0.2769408450846113,0.4810778712119158,0.47189852595329285,0.47197553515434265,0.47142502665519714,0.4715827703475952,0.471810519695282,0.47125014662742615,0.4716354310512543,0.4711652100086212,0.4733298420906067,0.5335188508033752,686.0,0.5093958092109055,0.512609601020813,0.5122708082199097,0.5145249366760254,0.5139726400375366,0.5127448439598083,0.51156085729599,0.5128588080406189,0.5108518600463867,0.510026216506958,0.49025580286979675,686.0,0.45967444405991614,0.44686976075172424,0.4471863806247711,0.4456899166107178,0.44559556245803833,0.4448850154876709,0.4430955946445465,0.4412122070789337,0.4385949373245239,0.43442586064338684,0.5498728156089783,686.0,0.5008534681229364,0.4943259358406067,0.49479058384895325,0.4950621724128723,0.49516886472702026,0.4943345785140991,0.49479901790618896,0.4928317070007324,0.4960419237613678,0.49952107667922974,0.5040411353111267,686.0,0.4897833221470962,0.43877318501472473,0.43833112716674805,0.4382343590259552,0.4387950599193573,0.43858614563941956,0.4382151961326599,0.4366466701030731,0.4392459988594055,0.47319623827934265,0.5627415776252747,686.0,0.488156982950554,5.9123,116.03,0.338,,,,,,,,DSM
ebmt__dsm_paper__s1,01_multievent_lmul,ebmt,1,dsm_paper,0.527470762900791,0.5052300215343294,0.5009358255054587,0.11882990173466403,0.20165779587338978,0.26337432757863233,0.5112122033135263,0.26350072026252747,0.5860272667322433,0.5118673020785444,0.49277628842970855,0.12286914691192562,0.19778148001469226,0.2509006997492765,0.5302236190801654,0.2638426721096039,0.49431929787106665,0.41118123112739835,0.44720576613545404,0.14947395288396004,0.1793050836370448,0.20764439613974298,0.450902098377973,0.24772332608699799,0.515663199352029,0.4663868883242313,0.48306089103450217,0.3201005854562792,0.3453886519854995,0.3639035824982818,0.48837032623692084,0.3174445629119873,0.547336073446662,0.5135735150893774,0.5087181772194653,0.23633459808223214,0.2872145086479801,0.31637597561435515,0.5232092552518349,0.26566246151924133,0.5007835004520841,0.23741031245386374,2342.0088367514923,4198.653391140813,2279.5386508586053,4711.442850187708,1809.1072455236526,8555.862170625087,1522.2969694305805,12799.599645068593,1470.5860063908553,5462.851386111291,1884.707541791037,7145.681888626697,0.17080152671755724,0.17829534411167064,3144.0,0.8422391857506362,-0.671437659033079,6.171207427978516,366.0,353.0,202.0,107.0,247.0,0.2660415960526934,0.49434999465942375,0.5001476407051086,0.5005919337272644,0.4999253749847412,0.4992396831512451,0.49862849712371826,0.49649468064308167,0.4958460032939911,0.4949967861175537,0.49033328890800476,0.4868277907371521,686.0,0.48871073798486386,0.48507851362228394,0.4846176505088806,0.4850393533706665,0.4840961992740631,0.4842888414859772,0.4841679632663727,0.4847026765346527,0.485509991645813,0.4854997396469116,0.5151894092559814,686.0,0.4601805329048139,0.43582630157470703,0.43715113401412964,0.43644529581069946,0.4363155663013458,0.43632766604423523,0.43635931611061096,0.4361574649810791,0.43599140644073486,0.4367440342903137,0.5643848776817322,686.0,0.5023442620184363,0.4441710412502289,0.4442480802536011,0.4485812485218048,0.44428569078445435,0.4485177993774414,0.44503986835479736,0.44670984148979187,0.4462602734565735,0.4480084180831909,0.552642285823822,686.0,0.49328879831281636,0.47360339760780334,0.4725281894207001,0.4725929796695709,0.47264742851257324,0.47269392013549805,0.474604994058609,0.47277629375457764,0.4757344126701355,0.4729534685611725,0.5273298621177673,686.0,0.4877748651760709,5.4582,125.684,0.366,,,,,,,,DSM
ebmt__dsm_paper__s2,01_multievent_lmul,ebmt,2,dsm_paper,0.4924596335894469,0.46549290187280185,0.46816897408777686,0.13956226231821137,0.21558488463388245,0.2772383997820594,0.47537383651667514,0.2653287351131439,0.5410600769338448,0.5378129552918727,0.5081976688200786,0.14443125245373956,0.19796853339756432,0.2341942027770672,0.5290235670152653,0.24904471635818481,0.47996418332766094,0.4823968122755821,0.4988825658453383,0.2857810526779895,0.2876584311491533,0.29204992016530623,0.48708118714952714,0.3088482618331909,0.5605092396642558,0.5331123920756535,0.5536640656248558,0.3861910804604748,0.38354642184679416,0.3788701156269321,0.5490952324549218,0.37940865755081177,0.5020436861190638,0.4712982046072587,0.5058480535102953,0.3007939850419335,0.33432910747577604,0.3394257491622385,0.4930633147455392,0.3167455792427063,0.5067274275763858,0.27984169326460817,1879.3905960978984,3894.85781606346,1926.673102787246,4540.7086164037655,1753.5813130750225,8122.393656225926,1680.372059523449,12058.117204508488,1430.2979122092995,5195.624514926543,1734.062996738583,6762.340361625637,0.2231237322515213,0.21485792838181916,3451.0,0.8380179658070125,-0.6148942335554912,6.571409702301025,406.0,382.0,232.0,127.0,283.0,0.2883463239753163,0.4740986144697867,0.46450406312942505,0.4656251072883606,0.4657699167728424,0.4651317596435547,0.4645915627479553,0.4664846658706665,0.4656241238117218,0.465910941362381,0.46225616335868835,0.5234730243682861,736.0,0.5040681332865389,0.5030019283294678,0.5030301213264465,0.5038964748382568,0.5040583610534668,0.5055181980133057,0.5044388771057129,0.5048941969871521,0.5058481097221375,0.5064204335212708,0.4986070990562439,736.0,0.4863156619658723,0.4878130257129669,0.486644983291626,0.48658740520477295,0.4867976903915405,0.4890509843826294,0.48716241121292114,0.4807222783565521,0.456573486328125,0.4988787770271301,0.5047058463096619,736.0,0.5010158690943647,0.4837267994880676,0.48267754912376404,0.4856554865837097,0.4832283854484558,0.48127511143684387,0.4799390137195587,0.4850006699562073,0.48348453640937805,0.498026043176651,0.5106114149093628,736.0,0.4941801599860959,0.46754610538482666,0.4656209349632263,0.46605271100997925,0.46469926834106445,0.46584928035736084,0.46600329875946045,0.4638078212738037,0.4671071171760559,0.49772292375564575,0.5222164988517761,736.0,0.49193568776053165,6.5351,112.622,0.306,,,,,,,,DSM
ebmt__dsm_paper__s3,01_multievent_lmul,ebmt,3,dsm_paper,0.4982125091032777,0.494396304770881,0.49704461475894074,0.1431697348391122,0.19233164389682905,0.24239826937534506,0.4965511428776998,0.24837760627269745,0.5446172509077605,0.5205352841893289,0.5350777030122456,0.17177145601231844,0.21521650728283967,0.2353921051684381,0.5334100793697784,0.2502334713935852,0.4388680485032393,0.4615658244338687,0.48113312710036776,0.3472098608132937,0.33705227583243963,0.3252418634854055,0.46052233334582526,0.3320286273956299,0.45451808028719004,0.5686292984930278,0.5040181654626076,0.37221390587650816,0.3719328725134087,0.36696146233132965,0.5090551814142752,0.37558603286743164,0.6007710917147063,0.5664936801262199,0.5373271159964559,0.3796347399668825,0.367960732071558,0.3502594859506663,0.568197295945794,0.3694620430469513,0.5135472065906745,0.29458312769442496,1992.9346339099409,4183.53710036255,1931.0218380946023,4729.538188029829,1965.6293807086809,8907.39337815631,1716.4277292418174,11972.272147244263,1642.8967905367417,5213.801037973802,1849.782074498357,7001.308370353351,0.1804089709762533,0.17333776799094716,3032.0,0.8334432717678101,-0.6530343007915568,6.5547261238098145,350.0,338.0,189.0,117.0,264.0,0.29868523951839,0.49059743203617734,0.5100444555282593,0.5090487599372864,0.5088451504707336,0.5089814066886902,0.5060160160064697,0.505607008934021,0.5036227107048035,0.46442773938179016,0.4483361542224884,0.5058750510215759,685.0,0.5254950518181668,0.5353505611419678,0.5351812243461609,0.5349167585372925,0.5350603461265564,0.5345531105995178,0.5353599190711975,0.5361040234565735,0.536111056804657,0.5373314023017883,0.4560992121696472,685.0,0.5324848178200997,0.4418891668319702,0.4440024793148041,0.4458630084991455,0.45016610622406006,0.4538920819759369,0.4675338566303253,0.541196882724762,0.5739757418632507,0.5717121958732605,0.5736497640609741,685.0,0.5260555028087563,0.4536800682544708,0.45773571729660034,0.45692652463912964,0.4567270874977112,0.45456036925315857,0.4543987214565277,0.4494514763355255,0.4968096613883972,0.525807797908783,0.5360382199287415,685.0,0.5255703557724842,0.5566098093986511,0.5608986616134644,0.5632647275924683,0.5628933906555176,0.5558865070343018,0.5568128824234009,0.5451492071151733,0.5363118648529053,0.5181208848953247,0.5070893168449402,685.0,0.5200406320511369,5.4407,125.903,0.368,,,,,,,,DSM
ebmt__dsm_paper__s4,01_multievent_lmul,ebmt,4,dsm_paper,0.43328681371263755,0.42854339537530184,0.4348489570427924,0.129274921919732,0.19968473740933507,0.2562464836255921,0.43222638871024394,0.26092103123664856,0.6212980524398676,0.5552540580355437,0.5367948929239768,0.13363033698380855,0.19790665962227436,0.23117563572653047,0.5711156677997961,0.24967363476753235,0.5150285047869806,0.5311064036060626,0.5651239062376605,0.31338195834477833,0.30911346036492,0.30456172271763565,0.5370862715435679,0.3161224126815796,0.40879305573124486,0.4875660445608346,0.5078205016021814,0.3743495355796639,0.36033517004981447,0.35476991418485687,0.4680598672980869,0.3782021105289459,0.511475306082137,0.5017391178028754,0.4852318396686762,0.3350223149542617,0.3405402673404993,0.333880321624141,0.49948208785122955,0.3375824987888336,0.5015940566405848,0.27825822936318956,1955.1015774218602,3964.9885782582683,1884.7949844577447,4595.80411795465,1906.8450264372336,8430.845985133385,1801.8867420066267,11434.8506619376,1499.1103099448958,4971.265055308895,1809.547728053672,6679.550879718559,0.20561045584953777,0.20111290130087123,3137.0,0.826904686005738,-0.6212942301562002,6.553085803985596,366.0,341.0,201.0,124.0,276.0,0.29376624098520393,0.44163615124835814,0.4191443920135498,0.41927412152290344,0.4188191592693329,0.4183785617351532,0.41852688789367676,0.4183790981769562,0.4174179434776306,0.41787099838256836,0.4174863398075104,0.5647224187850952,675.0,0.5201142925879406,0.5108639001846313,0.5151352882385254,0.5160143971443176,0.5183008909225464,0.5191136598587036,0.5197164416313171,0.5223720669746399,0.5232040286064148,0.5249095559120178,0.5200977325439453,675.0,0.5694947399825693,0.5522369146347046,0.5584830045700073,0.567523717880249,0.569527804851532,0.575199544429779,0.580655038356781,0.5810332298278809,0.5835635662078857,0.5769094824790955,0.5306310653686523,675.0,0.48502759536107376,0.514554500579834,0.5140124559402466,0.5147679448127747,0.5147646069526672,0.5123996138572693,0.5123682022094727,0.4800577163696289,0.48132452368736267,0.48629552125930786,0.48515406250953674,675.0,0.5033933070814534,0.4966346323490143,0.49943527579307556,0.49922648072242737,0.49883490800857544,0.49883943796157837,0.4991738200187683,0.4972382187843323,0.49435344338417053,0.5085307359695435,0.5073128342628479,675.0,0.503933217252279,6.4984,103.871,0.308,,,,,,,,DSM
ebmt__mensa_paper__s0,01_multievent_lmul,ebmt,0,mensa_paper,0.4645594300999707,0.575152816261288,0.5599801581755519,0.20183993576921458,0.25909496822948525,0.27809692751995535,0.5332308015122702,0.287570595741272,0.5338632536220013,0.5263415884036994,0.5226845078216865,0.16149413747579716,0.21947115591151856,0.2749097951982525,0.5276297832824625,0.28796711564064026,0.4762774061969305,0.4572959210472476,0.5423097445644631,0.17770724451695571,0.2209412287172256,0.25995811052292017,0.49196102393621377,0.29886558651924133,0.4882102999722821,0.4903712875711233,0.49072030146390017,0.2699617724997172,0.2980968780095085,0.31569364535099725,0.4897672963357685,0.2703303396701813,0.4613503435918194,0.4709664134878406,0.46331783115406966,0.21117350297636786,0.2604610891264968,0.2867238265680095,0.46521152941124316,0.23939643800258636,0.5015600868955916,0.2463749478928281,1094.7772184049848,3813.3707967602504,1239.6778033904668,4406.977400765957,1663.5839808582946,8872.823629276558,1662.4744786084902,13170.396653871472,1712.1220692655065,5329.092368179513,1474.5271101055484,7118.5321697707495,0.6617357001972387,0.640448643497424,3042.0,0.8435239973701513,-0.18178829717291256,13.556479454040527,354.0,345.0,189.0,99.0,259.0,0.2780101305863448,0.5424950452074346,0.4673920273780823,0.4783744513988495,0.4788592457771301,0.5476862788200378,0.550645649433136,0.5499783158302307,0.5499674081802368,0.5497071146965027,0.5497875213623047,0.5498284697532654,686.0,0.5028855808092964,0.499490886926651,0.4957602620124817,0.4956068992614746,0.5267715454101562,0.5120499134063721,0.49816229939460754,0.5006510019302368,0.5010591745376587,0.5005022883415222,0.4984242618083954,686.0,0.523625679321016,0.47427496314048767,0.47251322865486145,0.4729202687740326,0.4715224504470825,0.4695166051387787,0.5269783139228821,0.5309327840805054,0.542668879032135,0.5545158386230469,0.5273519158363342,686.0,0.5058050697758085,0.4720417559146881,0.47517600655555725,0.47517600655555725,0.47517600655555725,0.47713789343833923,0.47517600655555725,0.47713789343833923,0.4939490258693695,0.48577457666397095,0.5270776748657227,686.0,0.4823947866652309,0.48227012157440186,0.48227012157440186,0.48227012157440186,0.48227012157440186,0.48227012157440186,0.48227012157440186,0.48227012157440186,0.48227012157440186,0.48248040676116943,0.48248040676116943,686.0,0.5114412323557573,6.243,109.883,0.32,,,,,,,,MENSA
ebmt__mensa_paper__s1,01_multievent_lmul,ebmt,1,mensa_paper,0.5188314073216466,0.5815265559599436,0.5708256916181637,0.21647449961087883,0.28842207051858065,0.2964649976750322,0.5570612182999181,0.27263501286506653,0.5540017172087408,0.49998507400978104,0.47134633089034866,0.14413670235457196,0.20493569919978066,0.24339075928696194,0.5084443740362902,0.25376543402671814,0.482220637120958,0.4826423470071265,0.4902948406690323,0.20724611316394753,0.22571867609763693,0.24313006041679683,0.48505260826570556,0.274433434009552,0.4544213529111181,0.5004342437791911,0.5140196010249563,0.3141103317806262,0.33939322120374177,0.35796040439957705,0.4896250659050885,0.3116040527820587,0.5195591872719174,0.4964657692608521,0.47463459942224523,0.2663904999731693,0.3047147201016546,0.32292747896772706,0.49688651865167155,0.28726810216903687,0.5074139570317348,0.2650277489833789,1021.9064768655624,3657.2081814623143,1691.3956347902335,4487.976930178401,1829.958894530145,8562.318461548783,1556.635274023876,12801.512717332433,1546.3523775641495,5475.396614898937,1529.2497315547932,6996.882581084174,0.3924936386768448,0.40616441381747503,3144.0,0.8422391857506362,-0.4497455470737914,14.537023544311523,366.0,353.0,202.0,107.0,247.0,0.2738008011556139,0.5669933081590213,0.4221760332584381,0.47329530119895935,0.5413693785667419,0.5700594186782837,0.5715906620025635,0.5679519176483154,0.5737477540969849,0.578525185585022,0.5750616788864136,0.5644637942314148,686.0,0.4744443024795999,0.4676688015460968,0.467073529958725,0.4665842354297638,0.467009574174881,0.46644553542137146,0.46666038036346436,0.46700045466423035,0.46439337730407715,0.4669877588748932,0.5281888246536255,686.0,0.4998849630355835,0.4998849630355835,0.4998849630355835,0.4998849630355835,0.4998849630355835,0.4998849630355835,0.4998849630355835,0.4998849630355835,0.4998849630355835,0.4998849630355835,0.4998849630355835,686.0,0.5013120194760764,0.5197698473930359,0.5196061730384827,0.5189374089241028,0.5185803174972534,0.5181502103805542,0.5172779560089111,0.5171552300453186,0.5162603855133057,0.5254590511322021,0.48204630613327026,686.0,0.4965246899505339,0.508192241191864,0.5081571936607361,0.5090561509132385,0.5103139877319336,0.5091428160667419,0.5090804100036621,0.5090184807777405,0.5056831240653992,0.4839877188205719,0.4933300018310547,686.0,0.507831856620163,4.6417,147.791,0.431,,,,,,,,MENSA
ebmt__mensa_paper__s2,01_multievent_lmul,ebmt,2,mensa_paper,0.4596344680301725,0.45730259334514306,0.5082438835272245,0.15361493982246902,0.22242577893560958,0.2545065112220816,0.4750603149675134,0.24691712856292725,0.5748287526826661,0.4999310069402175,0.5130045638800789,0.11663825395936744,0.185733639005064,0.23770540430265216,0.5292547745009875,0.2534412145614624,0.4758629524338412,0.5086708857188303,0.5272818784984344,0.13704520562734523,0.1904739186186552,0.2199281362439839,0.5039385722170353,0.2509390711784363,0.5016756194447384,0.47167480831719333,0.5090600206388731,0.2076444625138499,0.24848043084281762,0.2784013477257404,0.49413681613360155,0.20567761361598969,0.4795569555303205,0.5154793521397214,0.5267737232376228,0.1635953327202785,0.22247891397236777,0.26288960188452387,0.5072700103025549,0.1996740698814392,0.5019320976243385,0.20677079182645378,1218.331865137456,3591.5802289322205,2028.347520647233,4579.1228390520055,1782.4375841473711,8116.851607507405,1775.6702647322747,12071.627347400472,1814.3767614477515,5286.0561691002185,1723.8327992224172,6729.047638398464,0.6201101130107215,0.6072715206674251,3451.0,0.8380179658070125,-0.217907852796291,14.149332046508789,406.0,382.0,232.0,127.0,283.0,0.2363004065581135,0.5231071322540229,0.42633357644081116,0.4299758970737457,0.4360126852989197,0.4458219110965729,0.48440369963645935,0.5189297795295715,0.5397171378135681,0.5467312335968018,0.5604388117790222,0.5702165365219116,736.0,0.5048400015154512,0.5049586892127991,0.5014580488204956,0.5052636861801147,0.5019266605377197,0.5013473629951477,0.5033167004585266,0.5035368800163269,0.5065649747848511,0.5075883269309998,0.508840024471283,736.0,0.5380348742379577,0.47059834003448486,0.48275572061538696,0.488711416721344,0.5246917009353638,0.5417863130569458,0.5442074537277222,0.5416068434715271,0.5433825254440308,0.5448694825172424,0.5381876826286316,736.0,0.49868059024881956,0.4753870964050293,0.4753870964050293,0.47534117102622986,0.47542452812194824,0.47534117102622986,0.47570356726646423,0.47524186968803406,0.47528666257858276,0.475253164768219,0.5246674418449402,736.0,0.5012716451897123,0.4911825954914093,0.4903280436992645,0.48988136649131775,0.4898064136505127,0.49074721336364746,0.48748093843460083,0.4690496325492859,0.5017108917236328,0.5063198804855347,0.5101913809776306,736.0,0.5131868486891927,5.1739,142.252,0.387,,,,,,,,MENSA
ebmt__mensa_paper__s3,01_multievent_lmul,ebmt,3,mensa_paper,0.5076959695795291,0.5154465943049834,0.5083422578491446,0.27051764521937405,0.269612141083913,0.26703191052159736,0.5104949405778857,0.26455122232437134,0.5095201844908751,0.46846627524855683,0.4846585890633808,0.27170550865891074,0.284332042457887,0.2743515921970682,0.48754834960093757,0.2663555443286896,0.5701149726034356,0.5553488573202677,0.5697044990670261,0.3117594285614048,0.3085565381895514,0.3034898301805378,0.5650561096635766,0.3193945586681366,0.5323699746857864,0.43199113886543833,0.4751791669356482,0.3665874804195019,0.37198064163945416,0.37093463910917096,0.47984676016229094,0.3692600131034851,0.4282013113374078,0.49591642776533623,0.545173381731723,0.34101648400599843,0.3437000260461748,0.33661900373865156,0.48976370694482235,0.33980968594551086,0.5065419733899026,0.3128129941352798,1769.4813371199116,4114.462433065364,1951.5724674909604,4736.987824247667,1939.4431133790936,8919.248208443709,1623.67515517947,11962.040131221092,1658.2382769529115,5217.6975649732085,1788.4820700244695,6990.087232390208,0.1741424802110818,0.18389684068874818,3032.0,0.8334432717678101,-0.6593007915567283,15.834202766418457,350.0,338.0,189.0,117.0,264.0,0.2988075135195767,0.4784917602940928,0.5198142528533936,0.5130026936531067,0.5099644064903259,0.5096672773361206,0.5059240460395813,0.49337390065193176,0.4619942009449005,0.4471590220928192,0.4816983640193939,0.4586769938468933,685.0,0.49121049636012903,0.4887546896934509,0.48821425437927246,0.48818880319595337,0.4883507192134857,0.4884212017059326,0.4903166890144348,0.4934673607349396,0.4926875829696655,0.4870075583457947,0.5008866786956787,685.0,0.5140241535523764,0.5532379150390625,0.5566512942314148,0.5561469197273254,0.551964282989502,0.5531929135322571,0.5532775521278381,0.5520653128623962,0.5494521856307983,0.45056575536727905,0.4438333809375763,685.0,0.4813174910291478,0.5192616581916809,0.5192616581916809,0.5192616581916809,0.5164908766746521,0.5192616581916809,0.5234020352363586,0.5189704895019531,0.5161017775535583,0.47481098771095276,0.4767698049545288,685.0,0.511155103555643,0.4797574281692505,0.4797574281692505,0.4797574281692505,0.47981902956962585,0.48484185338020325,0.47981902956962585,0.4852249026298523,0.4869225323200226,0.5280742049217224,0.5294196009635925,685.0,0.4952398009582778,4.7993,142.728,0.417,,,,,,,,MENSA
ebmt__mensa_paper__s4,01_multievent_lmul,ebmt,4,mensa_paper,0.45681603768429,0.5433942068575505,0.5475883136687736,0.17793140695977516,0.2535686571933251,0.31235152580748565,0.5159328527368714,0.2831478416919708,0.5477152881870575,0.5292988054079991,0.5287167710434307,0.1592998147472082,0.22652325683888797,0.2827807664910236,0.5352436215461625,0.3090730607509613,0.4904862728699881,0.48397174571167,0.517233145378002,0.20938862609096595,0.22727899880279245,0.2430019011910358,0.49723038798655333,0.2748478949069977,0.4217592630824394,0.5055854291763829,0.49092453988669404,0.3198069059449644,0.3292110448164078,0.33908604351963084,0.4727564107151721,0.3215441405773163,0.5,0.5,0.5,0.26998549539359845,0.29651503591352335,0.3054650501421768,0.5,0.2855105996131897,0.5042326545969519,0.2634796353235201,879.6281996562263,3478.9505204740262,1046.0775153570949,4280.1917102744255,1848.9213688787831,8421.995165479928,1642.5228201131665,11407.928072373632,1608.658619045434,5000.861729364404,1405.1617046101412,6517.985439593283,0.4740197641058336,0.4835414428929466,3137.0,0.826904686005738,-0.3528849218999044,14.895975112915039,366.0,341.0,201.0,124.0,276.0,0.2927697626731447,0.5578010671738479,0.41855308413505554,0.45547544956207275,0.4675901532173157,0.5259498953819275,0.556573748588562,0.5646001696586609,0.5682889819145203,0.5714332461357117,0.5731133222579956,0.5785027742385864,675.0,0.5138964314599244,0.48072922229766846,0.48187020421028137,0.488105446100235,0.5157949328422546,0.5189158916473389,0.5141439437866211,0.5215732455253601,0.5245533585548401,0.5255211591720581,0.5203132033348083,675.0,0.5140502211089447,0.52350914478302,0.5083147287368774,0.5075796246528625,0.5068416595458984,0.507388710975647,0.5146742463111877,0.5192486047744751,0.5161159038543701,0.5135771036148071,0.5140031576156616,675.0,0.48516523580925136,0.5323010683059692,0.5348601341247559,0.5310516357421875,0.5289278626441956,0.5332834720611572,0.5335668325424194,0.5281076431274414,0.5171459317207336,0.5032578110694885,0.4595735967159271,675.0,0.5,0.5,0.5,0.5,0.5,0.5,0.5,0.5,0.5,0.5,0.5,675.0,0.5141825911103937,4.835,139.607,0.414,,,,,,,,MENSA
ebmt__ours_nllpch__s0,01_multievent_lmul,ebmt,0,ours,0.5544846936637093,0.5609745646763225,0.5461337145948715,0.1423585990861468,0.207830657570073,0.24438143924112005,0.5538643243116345,0.2451677918434143,0.62908101299419,0.5384756586540302,0.5034624611826363,0.12128018058900097,0.1973634377461849,0.2393309818761777,0.5570063776102855,0.2509809732437134,0.5661132890424523,0.5450538282687335,0.513059148862884,0.071569278847775,0.12665341562184293,0.18005048842009588,0.5414087553913566,0.19197070598602295,0.4846213161305528,0.5240966326208951,0.5219021605325472,0.04404927113564853,0.08213870525063842,0.11651087011440348,0.510206703094665,0.05391041561961174,0.499750270789854,0.5218123571467892,0.5389385383548603,0.09785489711988633,0.16796639248636436,0.21574453288761036,0.5201670554305012,0.1394362598657608,0.5365306431676886,0.15033887653286457,2772.609426795182,4352.796915752877,3361.1767380562724,5153.127858161364,4521.5035772556985,9273.760708979056,4561.833515573029,13299.412324036459,3478.133025751035,5715.0251061883155,3739.051256686244,7558.824582623614,0.8445101906640368,0.8344463801780875,3042.0,0.8435239973701513,0.0009861932938854956,2.637908935546875,354.0,345.0,189.0,99.0,259.0,0.20153404491539464,0.5416236370422761,0.5260698795318604,0.524921178817749,0.540286123752594,0.5477637052536011,0.5481048822402954,0.5424442887306213,0.5437620282173157,0.5429165959358215,0.5388326048851013,0.5379661321640015,686.0,0.5018910917129306,0.5147606730461121,0.5150236487388611,0.5152031779289246,0.5039106011390686,0.49979326128959656,0.4966728985309601,0.4997428357601166,0.4982524514198303,0.496847003698349,0.49793165922164917,686.0,0.5270438119425118,0.5345128178596497,0.5073916912078857,0.5403640866279602,0.522853434085846,0.524797260761261,0.5218022465705872,0.53257817029953,0.5288571119308472,0.5254431366920471,0.5277990698814392,686.0,0.5103174964586894,0.5061832070350647,0.4889269471168518,0.5099146366119385,0.48132187128067017,0.50283282995224,0.5044873356819153,0.5171297192573547,0.5010116100311279,0.5111163854598999,0.5123851895332336,686.0,0.5348480839074765,0.47000953555107117,0.4659241735935211,0.46346515417099,0.4919912815093994,0.502493679523468,0.5378699898719788,0.5429646968841553,0.5353265404701233,0.5571481585502625,0.5364075899124146,686.0,0.523144824212777,6.4719,105.996,0.309,nllpch,,,,,,nllpch,L_PCH
ebmt__ours_nllpch__s1,01_multievent_lmul,ebmt,1,ours,0.5527079039886663,0.5808152295593418,0.5730267539514493,0.11131402653883166,0.19605595017840893,0.23631309982831317,0.5688499624998191,0.23328198492527008,0.6250151861964756,0.5399042889369495,0.5364411749399057,0.11786406196603981,0.19626315739749398,0.23668475414815557,0.5671202166911103,0.24664297699928284,0.54295911410515,0.5523772642852194,0.5442961339813142,0.06761374385598645,0.12136393022800637,0.1673828696906237,0.5465441707905612,0.1899944543838501,0.47622356917514314,0.44140229612634657,0.43082321065447804,0.03390381228052905,0.08013259819411273,0.11474644654338581,0.4494830253186559,0.046948857605457306,0.5843193550787935,0.5541939712641651,0.5161006290143906,0.0856069443538622,0.14943647225895296,0.20700363195402552,0.5515379851191163,0.12604105472564697,0.5367070720838526,0.1414456999611152,2540.371255181999,4176.302618816629,3243.224672505251,5036.46595218076,4146.28377878784,8934.338192038418,4321.359101888287,12987.933960632083,3323.1441595571723,5807.788396135451,3514.87659358411,7388.565823960668,0.8479643765903307,0.8379457843743559,3144.0,0.8422391857506362,0.005725190839694583,2.6431667804718018,366.0,353.0,202.0,107.0,247.0,0.19371037288623696,0.5746353949033298,0.5603916049003601,0.5593013763427734,0.5521040558815002,0.5741336941719055,0.569022536277771,0.582645058631897,0.5793808698654175,0.5782902836799622,0.5745706558227539,0.5738219618797302,686.0,0.535158913036405,0.505669116973877,0.5056078433990479,0.5210748314857483,0.5315023064613342,0.5380246043205261,0.5425708889961243,0.5439284443855286,0.5413786768913269,0.5412781238555908,0.5408064126968384,686.0,0.5652969859712135,0.5253556370735168,0.5175086855888367,0.5290282368659973,0.5436075925827026,0.5708836913108826,0.5688414573669434,0.5684263706207275,0.5691676139831543,0.5684196352958679,0.5688557624816895,686.0,0.49199559441426904,0.46148350834846497,0.4770045578479767,0.4770527184009552,0.4778848886489868,0.4798707067966461,0.5094319581985474,0.4862107038497925,0.44732290506362915,0.46223244071006775,0.5188327431678772,686.0,0.542377003595321,0.43522152304649353,0.43714913725852966,0.4459478557109833,0.4622707962989807,0.4641862213611603,0.48259881138801575,0.5658523440361023,0.5749231576919556,0.561721920967102,0.5432118773460388,686.0,0.5418927783841077,5.1352,133.588,0.389,nllpch,,,,,,nllpch,L_PCH
ebmt__ours_nllpch__s2,01_multievent_lmul,ebmt,2,ours,0.5703407378622117,0.5751910237397022,0.5672753820974945,0.13448661146621352,0.20483345173675468,0.2380346304196251,0.5709357145664695,0.23123867809772491,0.5476276570684675,0.5453644448857111,0.5148180071971556,0.09851154951410701,0.18378446888208613,0.2342939911517437,0.5359367030504448,0.25238949060440063,0.5661470340821564,0.567682638280633,0.5578059082152064,0.07964687101903045,0.14134011464999024,0.17659667187066438,0.5638785268593319,0.20253509283065796,0.5607386819980149,0.515178721992885,0.5196138612966478,0.057442813019553604,0.0981139649046892,0.13348846886479487,0.5318437550958492,0.06273766607046127,0.5466089557652729,0.5675990418514817,0.5518645709743495,0.08976293415613613,0.14826002594081505,0.21265729912919246,0.5553575228637013,0.12931080162525177,0.5515904444871594,0.1487502577816931,2629.2468712832388,4113.622110827366,3350.0640832825634,5066.887414120244,4433.3727275812935,8716.94174801988,4368.42358386845,12416.621700108946,3539.532204001953,5668.335659592357,3664.1278940035,7196.481726533758,0.8383077368878586,0.8241338913267242,3451.0,0.8380179658070125,0.0002897710808461573,2.749516248703003,406.0,382.0,232.0,127.0,283.0,0.19709543406025512,0.5693228336287859,0.5497345924377441,0.5595996975898743,0.5565888285636902,0.5633111596107483,0.5675603747367859,0.5669259428977966,0.5666545629501343,0.5742728114128113,0.5748758316040039,0.5746761560440063,736.0,0.5115684803794412,0.5058926939964294,0.5188676714897156,0.5189023613929749,0.5185620188713074,0.5132871270179749,0.5152506232261658,0.5069991946220398,0.5080454349517822,0.5080209374427795,0.5080921053886414,736.0,0.5632284928426564,0.5533740520477295,0.5053311586380005,0.5174237489700317,0.5363485813140869,0.5553028583526611,0.5678997039794922,0.5680531859397888,0.5710781812667847,0.5697615146636963,0.5690556764602661,736.0,0.5104176046243354,0.49045228958129883,0.4874713122844696,0.48377811908721924,0.4826258718967438,0.489315003156662,0.49043041467666626,0.5223814845085144,0.4862220883369446,0.49117279052734375,0.5312892198562622,736.0,0.5604850822817558,0.5246365070343018,0.5094150900840759,0.49660050868988037,0.5104416012763977,0.49605926871299744,0.5092647671699524,0.5555447340011597,0.563390851020813,0.5793563723564148,0.5734800100326538,736.0,0.543004498751395,5.3415,137.79,0.374,nllpch,,,,,,nllpch,L_PCH
ebmt__ours_nllpch__s3,01_multievent_lmul,ebmt,3,ours,0.5587296762805571,0.5890703629668252,0.5829093092215302,0.11555347767637464,0.1842008581773129,0.23112974859159677,0.5769031161563042,0.23307399451732635,0.6487353236456795,0.5653973176853179,0.5446795726181464,0.10861304101094099,0.18904216036224972,0.23012833410920888,0.586270737983048,0.24398885667324066,0.5350902500518375,0.5361273746804243,0.5589899663801319,0.06569258450848915,0.12810107310076338,0.1663577520311715,0.5434025303707979,0.18621046841144562,0.5918230350475093,0.4959309548441089,0.5202507304189415,0.0331055199510147,0.08426889593572011,0.12767933731069497,0.5360015734368533,0.049433138221502304,0.5703438326278865,0.6208348443828029,0.5956898372648292,0.09997234854986893,0.15598397560792787,0.205522953475005,0.5956228380918395,0.13476449251174927,0.5676401592077686,0.14169013735988928,2436.1652148694225,4206.350745039373,3084.0602555505625,5084.798982318968,4147.211933672175,9182.73842292741,4454.616427759533,12329.523041108187,3602.4275514658657,5670.4147030129825,3544.8962766635113,7294.765178881385,0.8390501319261213,0.8333715631403492,3032.0,0.8334432717678101,0.005606860158311244,2.583437919616699,350.0,338.0,189.0,117.0,264.0,0.19125549551780632,0.5821126773987196,0.46645641326904297,0.5087445378303528,0.5627190470695496,0.5791031718254089,0.5892854332923889,0.5881022214889526,0.5888407230377197,0.5856143832206726,0.5870153903961182,0.5854886770248413,685.0,0.5390116081358856,0.5296961069107056,0.5320302248001099,0.5558733940124512,0.5432776808738708,0.5350234508514404,0.5411728620529175,0.5378149151802063,0.537411630153656,0.5376474261283875,0.5374465584754944,685.0,0.5486531859980179,0.48381221294403076,0.5065988898277283,0.5454114079475403,0.5426638126373291,0.5497638583183289,0.5467208027839661,0.5513665676116943,0.5551866888999939,0.5474613904953003,0.5479710698127747,685.0,0.512164419999829,0.5192355513572693,0.5072512626647949,0.5068911910057068,0.508636474609375,0.5075042843818665,0.49972859025001526,0.49848562479019165,0.47011786699295044,0.48663216829299927,0.5360235571861267,685.0,0.5497199558382307,0.48538434505462646,0.4668271541595459,0.4823823869228363,0.46763572096824646,0.4944072961807251,0.5005767345428467,0.5588350296020508,0.560502290725708,0.5832920670509338,0.5466904640197754,685.0,0.5463323694741364,5.3194,128.774,0.376,nllpch,,,,,,nllpch,L_PCH
ebmt__ours_nllpch__s4,01_multievent_lmul,ebmt,4,ours,0.5342112778349086,0.5767236981484722,0.5532929516672923,0.11351036739030917,0.19528847977945377,0.24132226657680955,0.5547426425502243,0.24554380774497986,0.5747876890515276,0.48468324546811425,0.5004298671822376,0.10459514963433386,0.19492008094213367,0.23265439192051715,0.5199669339006264,0.24618254601955414,0.5074975956913202,0.541715485631484,0.5393132542544652,0.06511961097342213,0.12766497600594154,0.17383624764576527,0.5295087785257565,0.19865897297859192,0.4688598871301842,0.5367012751065044,0.5387375146058433,0.049949157020563,0.1069357725419696,0.14068245470500376,0.5147662256141773,0.06390875577926636,0.5356999184617683,0.5547902763119782,0.5562030929454646,0.10154849520385754,0.17550678223666294,0.22609749884345248,0.5488977625730703,0.14466972649097443,0.533576468632771,0.14997544876134636,3205.1006736929144,4431.631694210646,3229.609024981127,5054.45549859697,4703.942336483145,8979.243200328006,4745.210803031826,11988.470696955823,3801.5915077656077,5626.4176731022235,3937.0908691909235,7216.043752638734,0.8284985655084476,0.8133354218880535,3137.0,0.826904686005738,0.0015938795027096164,2.723433494567871,366.0,341.0,201.0,124.0,276.0,0.20000096760257305,0.556649766554409,0.550105631351471,0.5472440123558044,0.5430963635444641,0.5506017208099365,0.550320565700531,0.5535038113594055,0.5574225187301636,0.5604507327079773,0.5604515075683594,0.5633786916732788,675.0,0.5205177733322481,0.5226281881332397,0.5195591449737549,0.5226010680198669,0.5231465697288513,0.52208411693573,0.5213704109191895,0.5191429853439331,0.5197933912277222,0.5198459029197693,0.5181452035903931,675.0,0.5436953909486253,0.5338640809059143,0.5495713949203491,0.5448365807533264,0.5496731400489807,0.544833242893219,0.5454339385032654,0.5413468480110168,0.5430893301963806,0.5433006286621094,0.5428569316864014,675.0,0.5038397765627094,0.5020641684532166,0.5016975402832031,0.5071783065795898,0.5041003227233887,0.5049440860748291,0.5049002766609192,0.5190714001655579,0.5035220980644226,0.5067918300628662,0.5004070401191711,675.0,0.5742113128589217,0.5695741176605225,0.5790213942527771,0.5807982683181763,0.5790051817893982,0.5528252124786377,0.5536214113235474,0.5767001509666443,0.5649444460868835,0.5827009081840515,0.5756153464317322,675.0,0.5397828040513827,5.3871,125.3,0.371,nllpch,,,,,,nllpch,L_PCH
ebmt__ours_nllpch_event_ranking__s1,01_multievent_lmul,ebmt,1,ours,0.5454014591742022,0.5554912979251354,0.5578482572240355,0.11186788010621639,0.197812568732302,0.23903541432609854,0.5529136714411244,0.23939542472362518,0.6163798700915247,0.5412226951588833,0.5250300297608144,0.1191620139718405,0.19987633682661762,0.2382486843612379,0.5608775316704074,0.25011906027793884,0.5284616134914313,0.5265553831822352,0.5331597183144083,0.06762212154648743,0.12096552700290496,0.1666354239154466,0.5293922383293582,0.19018329679965973,0.43764329591351225,0.45555399835056326,0.4455442823876478,0.06376688416686126,0.10747521104903054,0.13948760348505024,0.44624719221724113,0.07057274878025055,0.5786858571908361,0.5376533339183901,0.5102347330480406,0.08666861377756059,0.15223500727762568,0.21157996017523303,0.5421913080524222,0.12787090241909027,0.5263243883421107,0.1481626167147009,3116.812785746035,4440.946483972961,3423.1676557267524,5108.055461732407,4298.919781085229,8987.296135750068,3683.3695425667497,12929.199098385141,3810.878141448469,5920.600930498106,3666.629581314647,7477.219622067736,0.8813613231552163,0.8670818976941426,3144.0,0.8422391857506362,0.03912213740458015,1.3822988271713257,366.0,353.0,202.0,107.0,247.0,0.1987946483901903,0.5633724119113042,0.5324369072914124,0.5482352375984192,0.5434116721153259,0.5649040937423706,0.5652585625648499,0.5691575407981873,0.566697359085083,0.5651938319206238,0.5633230805397034,0.5613870620727539,686.0,0.5248110808872289,0.4940887689590454,0.49666690826416016,0.5165770053863525,0.5177467465400696,0.5202142000198364,0.5262259840965271,0.5356383323669434,0.5335201025009155,0.5333119034767151,0.5333157777786255,686.0,0.5574689885438313,0.5118486285209656,0.4920417070388794,0.4935204088687897,0.5321319699287415,0.5454326868057251,0.5624074935913086,0.570682942867279,0.5624967813491821,0.5627156496047974,0.5638388395309448,686.0,0.49938534847119964,0.49497368931770325,0.5014312267303467,0.48673224449157715,0.48597416281700134,0.4993250370025635,0.4917512536048889,0.4850894808769226,0.4790133237838745,0.495673269033432,0.5071585178375244,686.0,0.5221196681966443,0.43713104724884033,0.4259028732776642,0.433694452047348,0.43924322724342346,0.45696741342544556,0.4747242033481598,0.5156844258308411,0.5432889461517334,0.5513519048690796,0.5236671566963196,686.0,0.5334314996020416,4.5209,151.738,0.442,nllpch_event_ranking,,,,,,nllpch_event_ranking,L_PCH + L_mul
ebmt__ours_nllpch_event_ranking__s2,01_multievent_lmul,ebmt,2,ours,0.5813314098888821,0.58600542772994,0.581041582025671,0.1376548884132667,0.2061119045818986,0.2396390612531057,0.5827928065481643,0.23829276859760284,0.57724645098505,0.5302156901879876,0.5166031710155625,0.0985042896773322,0.18447521830694114,0.2363796352876125,0.5413551040628667,0.2588569223880768,0.5726358806057316,0.5689390687216433,0.564152704477563,0.08116435860522407,0.1477747184225066,0.17990983264228028,0.5685758846016459,0.2105027735233307,0.4891397881734512,0.4998836729322025,0.4971861279079932,0.06993538769503006,0.10802117320851105,0.1395404657313796,0.49540319633788227,0.07354388386011124,0.5088708751409627,0.5450888902385042,0.5401257405870097,0.08924862748493567,0.1496486737723264,0.2209557043196563,0.5313618353221589,0.13075898587703705,0.5438977653745437,0.15259759596013378,2881.741389034579,4280.109778202102,3603.248531747645,5168.9717439487895,4766.345880329146,8828.002377622099,4120.795140761372,12384.59695012759,4019.0294472702826,5830.545749120182,3878.2320778286057,7298.445319804152,0.8852506519849319,0.8738758871011432,3451.0,0.8380179658070125,0.047232686177919425,1.4616721868515015,406.0,382.0,232.0,127.0,283.0,0.20336483784176254,0.5745149739257774,0.5520875453948975,0.5441176891326904,0.5674455165863037,0.570063054561615,0.5738571882247925,0.5766268372535706,0.576953649520874,0.5762878656387329,0.5784739255905151,0.5772693157196045,736.0,0.5079229385588822,0.5081186294555664,0.49739816784858704,0.5050789713859558,0.511042594909668,0.5104429721832275,0.5100414156913757,0.5078928470611572,0.5062081813812256,0.5081493854522705,0.510049045085907,736.0,0.557186436337474,0.48038679361343384,0.5572395324707031,0.561379611492157,0.563650369644165,0.5619074106216431,0.5604867935180664,0.5559889674186707,0.5555133819580078,0.5558819770812988,0.5561792254447937,736.0,0.502698804349152,0.5117031931877136,0.5159826278686523,0.5154358148574829,0.5165053606033325,0.5158851146697998,0.5125333070755005,0.4846872389316559,0.5180150270462036,0.48578161001205444,0.5100618004798889,736.0,0.5236321320635011,0.536379337310791,0.49116942286491394,0.475698322057724,0.4974265992641449,0.4778364896774292,0.47603192925453186,0.4683133661746979,0.5414394736289978,0.5769591331481934,0.5106949210166931,736.0,0.5331910570469574,5.1087,144.067,0.391,nllpch_event_ranking,,,,,,nllpch_event_ranking,L_PCH + L_mul
ebmt__ours_nllpch_event_ranking__s3,01_multievent_lmul,ebmt,3,ours,0.5423841220493625,0.5719145332284913,0.5631217622203453,0.11666749767309245,0.18530533223987147,0.23262830952216312,0.5591401391660663,0.23373885452747345,0.6454448233563791,0.5407921382225618,0.5054452867445713,0.10810360137607082,0.1914653464449769,0.23336326700070656,0.5638940827745041,0.24732951819896698,0.5028070420196594,0.5270113532196787,0.5398857649685934,0.06597332706568222,0.12832517288914044,0.16758466963003957,0.5232347200693105,0.18736597895622253,0.4985316046697446,0.5088904043164822,0.47068662188171234,0.0696970389050154,0.1155070803640796,0.1523734480984425,0.49270287695597975,0.07782292366027832,0.5254528085826456,0.5887119561928509,0.5684314871458606,0.10179205769903638,0.15928351662118276,0.20984820934450896,0.5608654173071189,0.13736693561077118,0.5399674472545959,0.14919452499160063,2854.637131013393,4381.922661507667,3307.731317003697,5164.715364619625,4183.957448062064,9199.917597835913,3559.283040473705,12208.816936225385,3787.619915434086,5735.870466916838,3538.645770397389,7338.248605421085,0.8829155672823219,0.8727100345597456,3032.0,0.8334432717678101,0.04947229551451182,1.362716555595398,350.0,338.0,189.0,117.0,264.0,0.1956981711670022,0.5687434962555246,0.47931814193725586,0.5127770304679871,0.5419989228248596,0.5643500685691833,0.5716678500175476,0.5716627836227417,0.5745470523834229,0.5767163038253784,0.5723246932029724,0.5732558369636536,685.0,0.5188009019555716,0.5249446034431458,0.5106791257858276,0.5367826223373413,0.5216725468635559,0.5096393823623657,0.5154345035552979,0.517234742641449,0.5191264748573303,0.5191777348518372,0.5191637873649597,685.0,0.5385190575168682,0.49810323119163513,0.505634605884552,0.5352063179016113,0.5351737141609192,0.5379209518432617,0.5354198813438416,0.5373067855834961,0.5408836603164673,0.5388115644454956,0.5436449646949768,685.0,0.49886286796795,0.519234299659729,0.5103393197059631,0.4905679225921631,0.5186051726341248,0.5051156878471375,0.4956868290901184,0.4954366683959961,0.4874249994754791,0.4746904969215393,0.5157895088195801,685.0,0.5314957072594969,0.4703976809978485,0.4781383275985718,0.4729224145412445,0.4795805513858795,0.47290149331092834,0.47007641196250916,0.48816078901290894,0.532147228717804,0.5884820818901062,0.5273674726486206,685.0,0.5312844061910823,5.5294,123.883,0.362,nllpch_event_ranking,,,,,,nllpch_event_ranking,L_PCH + L_mul
ebmt__ours_nllpch_event_ranking__s4,01_multievent_lmul,ebmt,4,ours,0.5643618543000455,0.5804764313210669,0.5476153838827185,0.11334502929612646,0.1918566263696235,0.2370089146977904,0.5641512231679436,0.23818911612033844,0.6364953400543211,0.5194575610825624,0.500022492453435,0.10174497908968566,0.1950364991516634,0.23350963685745563,0.5519917978634394,0.25288254022598267,0.489248651290166,0.5286418358386306,0.5207741898074401,0.06494885503103198,0.12708251358495076,0.1737746457609803,0.5128882256454123,0.1962297260761261,0.5090837260838372,0.5286717476104705,0.4974930922843194,0.06777617322396516,0.11577555422213971,0.1450216888602451,0.5117495219928757,0.0748107060790062,0.4775007618438445,0.5326830345427406,0.5435494297195097,0.1024231871519108,0.17798536775356094,0.23097654558965605,0.5179110753686983,0.1468191146850586,0.5317383688076738,0.15188441444271905,3026.284476997374,4351.2956471761245,3543.83134802045,5171.226357117774,4380.937212412512,8924.007821784386,4006.1199867103373,11839.34625816508,3798.2154021585766,5630.238971444697,3751.07768525985,7183.223011137612,0.869939432578897,0.8549498746867168,3137.0,0.826904686005738,0.04303474657315909,1.409929871559143,366.0,341.0,201.0,124.0,276.0,0.20080347160953993,0.5594439615307928,0.5093884468078613,0.5702358484268188,0.5647886395454407,0.5589616298675537,0.5530362725257874,0.5555508136749268,0.5572314262390137,0.5622116327285767,0.5623880624771118,0.5616594552993774,675.0,0.5170312693785245,0.5071800351142883,0.515531063079834,0.5148612856864929,0.520237147808075,0.5148134827613831,0.5189195275306702,0.5156482458114624,0.5189947485923767,0.5179583430290222,0.5183178186416626,675.0,0.5214333356540894,0.539253294467926,0.5550268888473511,0.5375531315803528,0.5311781764030457,0.5266329646110535,0.523641049861908,0.5185139775276184,0.5200048089027405,0.5186337828636169,0.5171316862106323,675.0,0.5108688485388663,0.5213592052459717,0.5053450465202332,0.5103970170021057,0.5111017823219299,0.5198779106140137,0.52605140209198,0.5210806131362915,0.5290131568908691,0.49188709259033203,0.5179650187492371,675.0,0.5439622568476732,0.5435250997543335,0.5225366950035095,0.521477460861206,0.5214722156524658,0.5252289175987244,0.5052401423454285,0.5105766654014587,0.5142044425010681,0.5755847692489624,0.5542365908622742,675.0,0.5305479343899892,5.634,119.808,0.355,nllpch_event_ranking,,,,,,nllpch_event_ranking,L_PCH + L_mul
ebmt__ours_nllpch_mmv_rank__s1,01_multievent_lmul,ebmt,1,ours,0.5631967690758497,0.5815350852906702,0.5782626685315847,0.14321506786880664,0.20437034527338863,0.24000482319516236,0.5743315076327016,0.24486777186393738,0.6116035654376943,0.5389567105217414,0.5310443583889497,0.13343640895858253,0.1973949602251566,0.2355061800022121,0.5605348781161285,0.2479207068681717,0.5411732591993873,0.5917902771271712,0.5514416534566893,0.06857599824335187,0.12225019965361347,0.16803853460111737,0.5614683965944159,0.19701464474201202,0.504963097264818,0.4914568279034526,0.5198512971755679,0.1314853178078378,0.15792104464085813,0.17787624139913127,0.5054237407812795,0.12078212201595306,0.6133556609212447,0.5664565443911869,0.5474285658115771,0.09139595246305952,0.17117140280838503,0.25137883155538576,0.575746923708003,0.14410383999347687,0.5555010893665057,0.16626808724640324,2036.8480410216773,4063.3008982723672,2109.878385785585,4645.455222548552,3015.5337035717653,8760.001926172064,3150.093811690473,12888.934017055486,4829.494561407007,6130.736173271492,3028.3697006953016,7297.685647463992,0.8877226463104325,0.8747275966663721,3144.0,0.8422391857506362,0.04548346055979635,4.062141418457031,366.0,353.0,202.0,107.0,247.0,0.20819757474403755,0.567811490205618,0.5678988099098206,0.5732529759407043,0.5759631395339966,0.5802368521690369,0.5775319337844849,0.5703416466712952,0.5610973238945007,0.5606219172477722,0.5551635026931763,0.575655996799469,686.0,0.521559976818438,0.49709686636924744,0.5106998682022095,0.5201036930084229,0.5217782855033875,0.5222852826118469,0.5245895981788635,0.527393102645874,0.5254789590835571,0.5261453986167908,0.5178686380386353,686.0,0.5417727239395616,0.43850791454315186,0.47315868735313416,0.5049072504043579,0.5660042762756348,0.5766475796699524,0.5810510516166687,0.5303453803062439,0.5060957670211792,0.5085217952728271,0.5838718414306641,686.0,0.48541668769789903,0.4534813165664673,0.48374804854393005,0.5373318791389465,0.4331013858318329,0.5096189379692078,0.49885326623916626,0.517678439617157,0.45450693368911743,0.4666048586368561,0.4993720054626465,686.0,0.5249035702742768,0.43361273407936096,0.4655139446258545,0.47200992703437805,0.4870615601539612,0.4912009835243225,0.5198255181312561,0.5316047072410583,0.5363048315048218,0.5586617588996887,0.5100095272064209,686.0,0.5282928897871587,4.8546,141.309,0.412,nllpch_mmv_rank,1.0,,,,,nllpch_mmv_rank@1,L_PCH + L_rank + L_mul + MMV [λv=1]
ebmt__ours_nllpch_mmv_rank__s2,01_multievent_lmul,ebmt,2,ours,0.5476084653112822,0.5668455525014295,0.5507925358048564,0.16385920146807498,0.2174400413520865,0.24371290432633763,0.5550821845391893,0.2427753210067749,0.5744994309765773,0.5379855894334777,0.5197468140095092,0.1163919121213033,0.19064510489222233,0.23479042064099986,0.5440772781398547,0.24769745767116547,0.6291340325336405,0.5823571628559365,0.5770072645631901,0.08183807487503532,0.14254721406024154,0.1808966400946672,0.596166153317589,0.20626893639564514,0.5578197350961666,0.4990594447217282,0.4911656106812085,0.14965016087101693,0.1819910012038691,0.20542211215174278,0.5160149301663678,0.1383846402168274,0.539669718628999,0.5555351741639989,0.5591217759986014,0.0940184746884525,0.16597934869755054,0.2557203632631709,0.5514422229305331,0.14513055980205536,0.5525565538187068,0.1749935316471181,1865.817046440675,3874.0286123656438,2026.3529960902729,4576.282853585217,2863.118835835416,8370.27064218012,2945.14527664898,12222.093629914945,4779.39791950396,6023.683943218952,2895.966414903861,7013.271936252975,0.8887279049550855,0.8740858117991225,3451.0,0.8380179658070125,0.05070993914807298,4.0058393478393555,406.0,382.0,232.0,127.0,283.0,0.20957230778632463,0.5442527468682796,0.5584791302680969,0.5205171704292297,0.5172799229621887,0.5487142205238342,0.5594320893287659,0.5365955829620361,0.5342490077018738,0.5388725399971008,0.5421751737594604,0.5672104954719543,736.0,0.510989170627198,0.50771164894104,0.5125871896743774,0.5129311680793762,0.5150007009506226,0.5168938636779785,0.5135706067085266,0.5078358054161072,0.5078453421592712,0.5079810619354248,0.5099368095397949,736.0,0.5442004778024935,0.47922319173812866,0.4825616478919983,0.5215167999267578,0.5729218125343323,0.5718379020690918,0.5634785294532776,0.5421768426895142,0.5285677909851074,0.514922559261322,0.5675454139709473,736.0,0.5014113442444089,0.5145808458328247,0.45997074246406555,0.45615485310554504,0.4599358141422272,0.4688633978366852,0.530397891998291,0.5307068228721619,0.5258362889289856,0.4826374053955078,0.5046099424362183,736.0,0.5403145736555641,0.433988481760025,0.4479160010814667,0.4352401793003082,0.43708640336990356,0.4352981746196747,0.48857712745666504,0.5652996301651001,0.566133975982666,0.5750901699066162,0.5430043935775757,736.0,0.5282336626395888,5.5143,133.472,0.363,nllpch_mmv_rank,1.0,,,,,nllpch_mmv_rank@1,L_PCH + L_rank + L_mul + MMV [λv=1]
ebmt__ours_nllpch_mmv_rank__s3,01_multievent_lmul,ebmt,3,ours,0.5611033793749279,0.5681630179498034,0.539244945564769,0.16682819419373487,0.21746713307583918,0.24609195438292722,0.5561704476298334,0.2435476928949356,0.5979175902240763,0.5298237204495566,0.5334950362840666,0.12024514535131008,0.1935566242178534,0.23206720422674404,0.5537454489858998,0.24736623466014862,0.4932784642986528,0.5278090006544802,0.5273686999793397,0.06944189267083174,0.1307041503588643,0.1724577115633495,0.5161520549774908,0.1935952752828598,0.4516872559224367,0.4656800588034737,0.503022080340752,0.16125562421595202,0.1872424174899933,0.2060280313154744,0.4734631316888875,0.14924515783786774,0.6212375048328945,0.6142857967881057,0.577005786878297,0.10752568918755342,0.18055727819527426,0.2539576842954259,0.6041763628330991,0.15632972121238708,0.5407414892230421,0.1763617823160752,1710.1860853472178,4069.279029271885,2009.1093275338058,4751.174366426187,2810.7982753339265,9014.595707871547,2771.2336750564928,12100.06965512679,4646.018796712838,5978.29270811364,2789.4692319968563,7182.682293362011,0.9043535620052771,0.8995855888919473,3032.0,0.8334432717678101,0.07091029023746698,4.009345054626465,350.0,338.0,189.0,117.0,264.0,0.2099950053449276,0.5522958296534698,0.49031004309654236,0.5582150816917419,0.5437822937965393,0.5632554292678833,0.5589654445648193,0.543031632900238,0.5438279509544373,0.5461198687553406,0.5385860800743103,0.5820111632347107,685.0,0.5301868493875891,0.5440147519111633,0.5500211715698242,0.5486855506896973,0.5381381511688232,0.5331786870956421,0.5340481996536255,0.5257967114448547,0.524623453617096,0.5245632529258728,0.5084134936332703,685.0,0.5316772405344706,0.563283383846283,0.5316457748413086,0.5474360585212708,0.5542661547660828,0.5468001961708069,0.5217439532279968,0.5172079205513,0.5221322178840637,0.5069672465324402,0.5676023364067078,685.0,0.5001448482550956,0.4918411374092102,0.5150531530380249,0.5221349000930786,0.5168873071670532,0.5006155371665955,0.5051661729812622,0.49145904183387756,0.49524015188217163,0.4892818331718445,0.5081369280815125,685.0,0.5556807410668221,0.5089462399482727,0.5103031396865845,0.5204475522041321,0.515251874923706,0.5141370892524719,0.5331816673278809,0.5820397138595581,0.5949239730834961,0.5875365138053894,0.525242805480957,685.0,0.5339971017794893,4.7695,143.621,0.419,nllpch_mmv_rank,1.0,,,,,nllpch_mmv_rank@1,L_PCH + L_rank + L_mul + MMV [λv=1]
ebmt__ours_nllpch_sample_event_ranking__s0,01_multievent_lmul,ebmt,0,ours,0.5659047089554098,0.575163642400115,0.5604498876455918,0.14009528327802453,0.20562950802288293,0.23991754738719384,0.5671727463337056,0.23993375897407532,0.6297070411929854,0.528025162982193,0.48929413959568197,0.12203867876411091,0.19887993624712852,0.23975592074782776,0.5490087812569534,0.248938649892807,0.5708067359678266,0.5029953810270166,0.48837964450815324,0.07116339316512306,0.12651345297975067,0.17609788417472616,0.5207272538343322,0.19111335277557373,0.5422753245413101,0.50553634216937,0.5110195806958611,0.06539183783186242,0.10592160853623567,0.1382705858233782,0.5196104158021805,0.07272320240736008,0.48452178070971896,0.5326587451301685,0.529376095121663,0.09766472515938694,0.16722810542368546,0.21684992695273994,0.5155188736538502,0.13867369294166565,0.5344076141762044,0.15409455963293714,2841.812478787431,4427.259188721181,3283.32243877309,5128.237636442595,4066.030758698088,9223.364731373607,3689.962348212498,13261.725761434587,3727.2407850882723,5798.747142211229,3521.6737619118767,7567.86689203664,0.8803418803418803,0.868064861967301,3042.0,0.8435239973701513,0.036817882971729055,1.5351320505142212,354.0,345.0,189.0,99.0,259.0,0.20068771434562163,0.5499410539284108,0.5220369100570679,0.5182623267173767,0.5501447916030884,0.5525713562965393,0.548284113407135,0.5549055933952332,0.5523037314414978,0.5516921281814575,0.5521582961082458,0.5487496852874756,686.0,0.495400911097588,0.4994852542877197,0.5031245350837708,0.5061699748039246,0.4961426854133606,0.4957564175128937,0.4971056878566742,0.49430301785469055,0.49125081300735474,0.4910081923007965,0.49053990840911865,686.0,0.5096271964321506,0.5375992655754089,0.48398372530937195,0.5256714224815369,0.4855143427848816,0.4942094385623932,0.4960213005542755,0.5223638415336609,0.524416983127594,0.5070276260375977,0.5114466547966003,686.0,0.5089135624113537,0.4866524934768677,0.47228115797042847,0.48351678252220154,0.47369667887687683,0.4839421510696411,0.47822871804237366,0.5165765881538391,0.5081471800804138,0.5044726133346558,0.5132578015327454,686.0,0.5265035189352238,0.49098828434944153,0.4720691442489624,0.476228803396225,0.4820718467235565,0.4803068935871124,0.49312329292297363,0.5293741822242737,0.5193629264831543,0.5560832023620605,0.5296555757522583,686.0,0.5180772485609454,5.1261,133.824,0.39,nllpch_sample_event_ranking,,,,,,nllpch_sample_event_ranking,L_PCH + L_rank + L_mul (paper)
ebmt__ours_nllpch_sample_event_ranking__s1,01_multievent_lmul,ebmt,1,ours,0.5562108584656494,0.5671788867085112,0.5588317722687027,0.1120755967939017,0.1975638482567014,0.23931518593825213,0.5607405058142878,0.23856310546398163,0.608364444137828,0.5145110903390809,0.5489352984831556,0.11910618705631569,0.19857796465434735,0.23718943753567776,0.5572702776533549,0.2520526051521301,0.5007588455527788,0.5321127109238252,0.5445267052160173,0.06782305691997767,0.12111744284032044,0.16725321469242396,0.5257994205642071,0.19140252470970154,0.4673851445841996,0.4667175406408115,0.4845106849290036,0.0679244533052344,0.11054512332290592,0.14130879068547264,0.4728711233846716,0.07272007316350937,0.5812731039875253,0.5582977622240751,0.5403388419134927,0.08631673858312959,0.15079901026192818,0.20666483184175263,0.5599699027083643,0.12646131217479706,0.5353302460249771,0.14823872551255607,2877.3482835878112,4379.695498052352,3479.9824977552244,5141.545249773787,4253.386042850266,8998.506241585024,3570.355714793517,12919.493685175552,3631.743192033681,5872.288322492215,3562.5631462040997,7462.305799415786,0.8823155216284987,0.8691617339576523,3144.0,0.8422391857506362,0.04007633587786252,1.5502936840057373,366.0,353.0,202.0,107.0,247.0,0.1991913475651367,0.5579395295237447,0.47591206431388855,0.5470430254936218,0.543839693069458,0.5597769618034363,0.5535588264465332,0.5637220740318298,0.561388373374939,0.5651804804801941,0.5589210987091064,0.5531389117240906,686.0,0.534720578957091,0.48627012968063354,0.47521618008613586,0.48822498321533203,0.5261713266372681,0.5434308648109436,0.5413792133331299,0.5473403930664062,0.5529149174690247,0.5524658560752869,0.5535281300544739,686.0,0.5490261091614649,0.47504913806915283,0.46701133251190186,0.486601859331131,0.49104249477386475,0.5280610918998718,0.5469651818275452,0.5606814622879028,0.5773521661758423,0.5584227442741394,0.5500930547714233,686.0,0.46258340986763563,0.4833349287509918,0.45994314551353455,0.46220991015434265,0.4366122782230377,0.4602670967578888,0.4113065004348755,0.43622127175331116,0.4272671043872833,0.44460347294807434,0.48354464769363403,686.0,0.541012050572937,0.48080745339393616,0.5021723508834839,0.49879202246665955,0.5023690462112427,0.5055094361305237,0.49766823649406433,0.5178276300430298,0.5486776232719421,0.5764234066009521,0.5353052020072937,686.0,0.5290563356165746,6.2838,109.169,0.318,nllpch_sample_event_ranking,,,,,,nllpch_sample_event_ranking,L_PCH + L_rank + L_mul (paper)
ebmt__ours_nllpch_sample_event_ranking__s2,01_multievent_lmul,ebmt,2,ours,0.5486273430985971,0.5795627383828251,0.5811544604289369,0.13491528582102605,0.2060972278502041,0.24244167150049487,0.5697815139701197,0.24058203399181366,0.5725319807012141,0.5335496737917921,0.5128540464564523,0.09922614830327268,0.1857728273064298,0.23683992635710088,0.5396452336498195,0.25747907161712646,0.4956484672749972,0.5668711393897067,0.5549321882340378,0.08084841895424626,0.14516348533812234,0.17790351286646464,0.5391505982995805,0.20413817465305328,0.43992215875308854,0.4606548690694503,0.44934743722861964,0.07127479452217678,0.11056356737743099,0.14245332792499066,0.44997482168371955,0.07319359481334686,0.5187936679866076,0.569771049003318,0.5485544583116669,0.09011053610546313,0.15105161091669198,0.21970385770878115,0.5457063917671975,0.13116534054279327,0.5288517118740873,0.1529577465901931,3032.3615857795103,4345.467456394739,3630.352937390011,5175.745546308436,4430.749246249322,8747.323573624473,3981.6521127383535,12366.668293710383,3999.8895264529924,5825.088734175744,3815.0010817220377,7292.058720842755,0.878875688206317,0.8635455604312259,3451.0,0.8380179658070125,0.04085772239930452,1.5902700424194336,406.0,382.0,232.0,127.0,283.0,0.20266345845652628,0.5748521748011729,0.4664328396320343,0.5177050232887268,0.5432722568511963,0.5636464953422546,0.5762612223625183,0.5803442001342773,0.5815854072570801,0.5818147659301758,0.5828102231025696,0.5813841223716736,736.0,0.5123119880996361,0.5150756239891052,0.5163461565971375,0.5158416032791138,0.5134605169296265,0.513556718826294,0.5132248401641846,0.512067437171936,0.5101343989372253,0.5098913311958313,0.5100154280662537,736.0,0.5433657827592713,0.5461739301681519,0.48092755675315857,0.46899181604385376,0.5093291401863098,0.5568091869354248,0.5467737317085266,0.5484851002693176,0.5471335053443909,0.5506482124328613,0.5499020218849182,736.0,0.49898601056479697,0.46847620606422424,0.4743800163269043,0.45983171463012695,0.4719253480434418,0.47310417890548706,0.514080822467804,0.5049596428871155,0.4883422553539276,0.4969627857208252,0.5036537051200867,736.0,0.5257007754293954,0.4895801842212677,0.4939591884613037,0.5020298361778259,0.5030729174613953,0.4928073287010193,0.49881964921951294,0.5381508469581604,0.5323033928871155,0.5693720579147339,0.5042905211448669,736.0,0.5310433463308545,5.101,144.284,0.392,nllpch_sample_event_ranking,,,,,,nllpch_sample_event_ranking,L_PCH + L_rank + L_mul (paper)
ebmt__ours_nllpch_sample_event_ranking__s3,01_multievent_lmul,ebmt,3,ours,0.5440287221237331,0.5864268802476073,0.5772526742527432,0.11583880834730824,0.18625123537822116,0.23529113880486577,0.5692360922080278,0.237328439950943,0.6482534440957493,0.5098895772000351,0.4853459483898384,0.10907806318025759,0.19333136656657346,0.23345171370050158,0.5478296565618742,0.24602438509464264,0.49211029653575816,0.5539499676918213,0.5678001438665398,0.06549315195089228,0.12833223071841038,0.16765775929322904,0.5379534693647064,0.18758754432201385,0.5307157491364283,0.5111180179755834,0.5172306317818046,0.0655441029378637,0.11288381013269905,0.14920128539157296,0.5196881329646055,0.07485149055719376,0.6266367770832095,0.6231996221825469,0.5901690202834918,0.10132828693410062,0.15922395367206227,0.2089787616291277,0.6133351398497494,0.1370663344860077,0.5576084981897926,0.14879237790917904,2762.334430981006,4404.976765638614,3169.7253456389235,5128.4719802169575,4048.3451533226103,9199.222696783509,3507.685035800017,12198.25941757847,3774.675265484868,5741.057038854381,3452.5530462454853,7334.397579814386,0.8730211081794196,0.8605453099672753,3032.0,0.8334432717678101,0.0395778364116095,1.5248606204986572,350.0,338.0,189.0,117.0,264.0,0.19604004667820157,0.5701131506316198,0.43575775623321533,0.500555157661438,0.5304633378982544,0.5598437786102295,0.5745350122451782,0.5722355842590332,0.5811539888381958,0.5778599977493286,0.5768032073974609,0.5782041549682617,685.0,0.5080712344688012,0.517621636390686,0.5013346672058105,0.49207359552383423,0.4938696026802063,0.49632176756858826,0.5099911093711853,0.5201383829116821,0.5139319896697998,0.512861430644989,0.5135737061500549,685.0,0.5508578278124332,0.46060261130332947,0.4619346857070923,0.50527423620224,0.5463292598724365,0.5604634284973145,0.5520545840263367,0.5494062304496765,0.5567452907562256,0.5533273220062256,0.5550910830497742,685.0,0.5094452740417587,0.5467800498008728,0.5266435742378235,0.5231831669807434,0.5309069156646729,0.5111175775527954,0.5513010621070862,0.5030084252357483,0.46315881609916687,0.49627724289894104,0.5261290669441223,685.0,0.539799679390893,0.48552486300468445,0.46649473905563354,0.4741364121437073,0.4801105260848999,0.46870195865631104,0.4928761124610901,0.5417041778564453,0.5902236104011536,0.5874555110931396,0.509993314743042,685.0,0.5356574332691012,4.7432,144.417,0.422,nllpch_sample_event_ranking,,,,,,nllpch_sample_event_ranking,L_PCH + L_rank + L_mul (paper)
ebmt__ours_nllpch_sample_event_ranking__s4,01_multievent_lmul,ebmt,4,ours,0.5500233056783792,0.5774773103486466,0.5467693731795398,0.11766438420996518,0.1934114148013613,0.23713800556961112,0.5580899964021885,0.24116820096969604,0.6381188849206965,0.49099872114147347,0.5030057576496568,0.10256710381168475,0.19564250724331017,0.23375824740690657,0.5440411212372757,0.252364844083786,0.49018719174983516,0.5277042779755862,0.5243319615562365,0.06486341481525242,0.12793910693903165,0.1766855282089053,0.514074477093886,0.2009667158126831,0.4804023358104253,0.5009452687792617,0.47832180964023946,0.0732128322173619,0.11599249023578262,0.14343486732814867,0.4865564714099755,0.07681649923324585,0.5142573418053668,0.5755099738609656,0.5626269998790314,0.10395485692002861,0.18415069509182236,0.2411193120234486,0.550798105181788,0.151182159781456,0.5307120342650228,0.15410231778817476,3070.6159227948046,4388.989336934997,3501.635564632255,5167.34069694201,4736.975478670491,9004.862752833324,3982.838491425687,11838.01209352963,4173.216155190183,5750.604223851644,3893.056322542684,7229.961820818321,0.8814153649984061,0.8683352727055734,3137.0,0.826904686005738,0.05451067899266815,1.6005809307098389,366.0,341.0,201.0,124.0,276.0,0.20334082971745676,0.5615244072943062,0.5727185010910034,0.5530887842178345,0.5571785569190979,0.5604476928710938,0.5520027875900269,0.5586559176445007,0.5564007759094238,0.5657784342765808,0.5668864846229553,0.5675180554389954,675.0,0.5231546188450801,0.5307982563972473,0.5257892608642578,0.5250165462493896,0.5232017636299133,0.5247452855110168,0.5203434228897095,0.5211718678474426,0.5223778486251831,0.5226156711578369,0.5229371190071106,675.0,0.5225618357970335,0.5634039640426636,0.5209972262382507,0.5353414416313171,0.5130575895309448,0.5234873294830322,0.5321245789527893,0.5255079865455627,0.5231613516807556,0.5213499665260315,0.5150884985923767,675.0,0.5074991078937755,0.46757709980010986,0.48145440220832825,0.4929923117160797,0.5118459463119507,0.5094655752182007,0.5107068419456482,0.531116783618927,0.5062327980995178,0.5023407340049744,0.5090245604515076,675.0,0.568831642949657,0.5461627840995789,0.5756263136863708,0.5743910074234009,0.5742149949073792,0.5679633617401123,0.5713704228401184,0.5247593522071838,0.5647058486938477,0.5884695649147034,0.5664586424827576,675.0,0.5367143225559704,4.9456,136.486,0.404,nllpch_sample_event_ranking,,,,,,nllpch_sample_event_ranking,L_PCH + L_rank + L_mul (paper)
ebmt__ours_nllpch_sample_ranking__s0,01_multievent_lmul,ebmt,0,ours,0.5651770061828099,0.569677346050816,0.554924039672914,0.14145298674652376,0.2073659377339489,0.23995585240058956,0.5632594639688466,0.24053262174129486,0.623332424141206,0.5293872380930627,0.48381631799563063,0.12236365910589289,0.19779779334849443,0.23851154254374196,0.5455119934099665,0.24755199253559113,0.5894774533759495,0.5673925156977219,0.5544593971202375,0.07120859299210426,0.1256579852516049,0.17475872859651453,0.5704431220646363,0.18914754688739777,0.4742561849184891,0.5069257061212481,0.5134448916153755,0.04434416768824911,0.08222755310072542,0.1164751245081396,0.49820892755170426,0.05399986356496811,0.5294460779938147,0.536937390341854,0.5402568962793551,0.0959905497165872,0.16422203480715533,0.2102093592830541,0.5355467882050079,0.13617166876792908,0.5425940590400323,0.1488361245215551,2644.9690301597625,4364.95933777565,3186.933645830276,5095.240048251286,4197.222248106659,9238.60988305158,4579.66908410053,13305.430811107577,3392.7769916486322,5710.964935595346,3600.3141999691716,7543.041003156288,0.8468113083497699,0.8366836415616904,3042.0,0.8435239973701513,0.0032873109796186517,1.4720971584320068,354.0,345.0,189.0,99.0,259.0,0.1981679940503539,0.5497272920062524,0.5168030858039856,0.5193274617195129,0.5479167103767395,0.562714695930481,0.5389236807823181,0.544646680355072,0.5590903759002686,0.5519377589225769,0.5517978668212891,0.5513630509376526,686.0,0.5003649356286171,0.5137864947319031,0.5136600136756897,0.5102687478065491,0.49390172958374023,0.4990091621875763,0.49572980403900146,0.4986380636692047,0.4984118938446045,0.4981188178062439,0.49835583567619324,686.0,0.5428743036059681,0.5085130929946899,0.4999777674674988,0.5451054573059082,0.5405541658401489,0.5521886348724365,0.5359445214271545,0.5424977540969849,0.543817937374115,0.5480433702468872,0.5435594916343689,686.0,0.5166913094974699,0.5071897506713867,0.5036730170249939,0.5043981075286865,0.5051013827323914,0.5083834528923035,0.5121951699256897,0.5199589729309082,0.517795741558075,0.5173590183258057,0.5160850286483765,686.0,0.5330749301916724,0.46687474846839905,0.46941158175468445,0.47027066349983215,0.4645850360393524,0.4608913064002991,0.46190202236175537,0.5037702322006226,0.513138473033905,0.5708261132240295,0.5561041235923767,686.0,0.5285465541859959,5.1028,134.436,0.392,nllpch_sample_ranking,,,,,,nllpch_sample_ranking,L_PCH + L_rank
ebmt__ours_nllpch_sample_ranking__s1,01_multievent_lmul,ebmt,1,ours,0.5529166326849146,0.576426480636428,0.5668170147535542,0.11104846253132375,0.19733131156543846,0.23868341652137318,0.5653867093582989,0.2362164855003357,0.6177781969506382,0.5165573128283399,0.5411804850795378,0.11940474030620996,0.1982427526621616,0.23492702246116884,0.5585053316195053,0.24678248167037964,0.5410573580562205,0.5447291443870828,0.5420460374336246,0.06761869958205222,0.12153005018823,0.16685370239151473,0.5426108466256426,0.19042977690696716,0.4701476282854157,0.46590484502759905,0.43358999762059897,0.03332776175542016,0.07924530038828954,0.11406734541797316,0.45654749031120456,0.04647345468401909,0.5742843996623055,0.572368091574506,0.5275164333134238,0.08578621880218684,0.1495698589807679,0.2039718732998053,0.5580563081834118,0.1255180835723877,0.5362213372196127,0.14144056779026104,2580.501132732337,4255.755018181415,3256.4771983510373,5054.649359016607,4229.355349618137,8983.651821884789,4377.6609230464865,12985.81483414344,3333.0284446810897,5816.2425814323515,3555.4046096858174,7419.2227229317195,0.8444656488549618,0.8334400859911064,3144.0,0.8422391857506362,0.0022264631043256156,1.4877119064331055,366.0,353.0,202.0,107.0,247.0,0.19451913015807376,0.5691263283216037,0.5432374477386475,0.5424968600273132,0.5584880113601685,0.5652737617492676,0.5464964509010315,0.5811929106712341,0.579034686088562,0.5749644041061401,0.571408212184906,0.567712128162384,686.0,0.5341970035188134,0.4939514398574829,0.4916967451572418,0.5100820660591125,0.5423251986503601,0.5424655079841614,0.5447365641593933,0.543133020401001,0.540673017501831,0.5401138663291931,0.5402765274047852,686.0,0.5684455187639333,0.5619650483131409,0.5063077211380005,0.5512435436248779,0.5798066258430481,0.5795456767082214,0.5781867504119873,0.5635116100311279,0.5649205446243286,0.5694954991340637,0.5687099099159241,686.0,0.47800937702016133,0.4270974099636078,0.46110308170318604,0.46396198868751526,0.49444591999053955,0.4900358021259308,0.46972760558128357,0.4252896308898926,0.4543215036392212,0.4740273058414459,0.4894574284553528,686.0,0.5341199508609151,0.4496004283428192,0.4442937970161438,0.43232032656669617,0.45058387517929077,0.45408308506011963,0.4909720718860626,0.563350260257721,0.5571519136428833,0.5687305331230164,0.5248404145240784,686.0,0.5367796356970854,6.5389,104.91,0.306,nllpch_sample_ranking,,,,,,nllpch_sample_ranking,L_PCH + L_rank
ebmt__ours_nllpch_sample_ranking__s2,01_multievent_lmul,ebmt,2,ours,0.5444936439231189,0.5626127545546402,0.5857651339818783,0.13520193939073588,0.20656629051480246,0.24088217924778704,0.5642905108198791,0.23693948984146118,0.5935812766771488,0.5507557716382745,0.522403609197634,0.09887124547983608,0.1839529962938474,0.23340196251317238,0.5555802191710191,0.24927739799022675,0.6020749835426092,0.5909363852625488,0.5739181525296227,0.07957881553366106,0.1412370452047377,0.1764914679699856,0.5889765071115937,0.20274664461612701,0.5150788684909037,0.485592382068987,0.46680072679617624,0.05756230482935643,0.09788032727499775,0.13331712719362396,0.48915732578535565,0.06269128620624542,0.5191708493072357,0.5750620952372947,0.5536522535539168,0.08886689624873678,0.14758605331718913,0.21037674487216726,0.5492950660328157,0.12789428234100342,0.5494599257841326,0.1487848930589758,2831.092752092988,4259.668687404183,3306.412650729349,5055.075656750195,4379.346061144821,8732.080185972472,4580.046829625281,12450.701565530579,3527.412384224149,5695.136987606229,3724.8621355633177,7238.532616652732,0.839177050130397,0.8240018419199308,3451.0,0.8380179658070125,0.0011590843233845183,1.5241032838821411,406.0,382.0,232.0,127.0,283.0,0.19763251448219474,0.5747834202615262,0.5623379945755005,0.5528377294540405,0.5113146305084229,0.548374354839325,0.569313645362854,0.5845531821250916,0.5743569731712341,0.5875732898712158,0.58680260181427,0.5865552425384521,736.0,0.511711165566758,0.5116540789604187,0.5127484202384949,0.5171663761138916,0.5209372639656067,0.5195173025131226,0.5179778933525085,0.5073077082633972,0.5061189532279968,0.5057833790779114,0.5065274834632874,736.0,0.5616254496425854,0.5319932699203491,0.4906924068927765,0.5113434195518494,0.5734795331954956,0.5706839561462402,0.5700888633728027,0.5630089640617371,0.5623610019683838,0.5624783635139465,0.5627025365829468,736.0,0.4927358503884343,0.513362467288971,0.5009930729866028,0.5022250413894653,0.48747000098228455,0.5048532485961914,0.5034051537513733,0.5245453715324402,0.4696895182132721,0.44501587748527527,0.5296739339828491,736.0,0.5443072854858875,0.5406187772750854,0.5101044774055481,0.4678376317024231,0.46739089488983154,0.46796050667762756,0.4704436957836151,0.5177652835845947,0.5591569542884827,0.5843777060508728,0.5488206148147583,736.0,0.5370326342690382,5.8489,125.835,0.342,nllpch_sample_ranking,,,,,,nllpch_sample_ranking,L_PCH + L_rank
ebmt__ours_nllpch_sample_ranking__s3,01_multievent_lmul,ebmt,3,ours,0.5554611761610515,0.5811015997005234,0.5816330054157156,0.11607104912386451,0.18717832451651575,0.23592827863727636,0.5727319270924301,0.23752205073833466,0.6493552317638703,0.5297272376726527,0.524901452504696,0.11049945498599124,0.19181796234230267,0.23206935916718172,0.5679946406470731,0.24591489136219025,0.5288379033051822,0.5535324070090244,0.5729157995877396,0.06519120659015942,0.12790840359377778,0.16725606674549082,0.551762036633982,0.18600860238075256,0.4932906731500882,0.4646356101708128,0.5020950320976234,0.03330372730921374,0.0849855975230971,0.12929718512258964,0.4866737718061748,0.04978592321276665,0.5905112025390287,0.6301866313022165,0.5825215244664715,0.10003638457311353,0.15692107736309152,0.20705252460486795,0.6010731194359056,0.13543520867824554,0.5560470991231131,0.1430344401465689,2572.59871975255,4335.954384498611,3087.6133041649,5103.477331823477,4287.310856332918,9228.258663723444,4599.166347266568,12355.667467681507,3551.8175859578178,5682.2144679201065,3619.7013626949506,7341.11446312943,0.8370712401055409,0.830928678472031,3032.0,0.8334432717678101,0.0036279683377308247,1.4636503458023071,350.0,338.0,189.0,117.0,264.0,0.19315375595846596,0.5731854242710274,0.4755920171737671,0.4850842356681824,0.5481364130973816,0.5721705555915833,0.5768529176712036,0.5810296535491943,0.5790703892707825,0.5820578336715698,0.5796120762825012,0.5739386677742004,685.0,0.5304904662103714,0.523944616317749,0.5111836791038513,0.5098785161972046,0.5213102698326111,0.5257181525230408,0.5436168313026428,0.544763445854187,0.5332155823707581,0.533943235874176,0.5335081815719604,685.0,0.5566464527295186,0.4718552827835083,0.49090248346328735,0.536503791809082,0.5449961423873901,0.5592672228813171,0.5524548888206482,0.5563648343086243,0.5649545788764954,0.5593750476837158,0.5602333545684814,685.0,0.5087101390516316,0.5225724577903748,0.5118650794029236,0.43974125385284424,0.4721578359603882,0.4764102101325989,0.522485613822937,0.500080943107605,0.47973543405532837,0.4940032958984375,0.5233516693115234,685.0,0.5300949267931232,0.4924038350582123,0.45126625895500183,0.45117607712745667,0.4439100921154022,0.4720871150493622,0.473050594329834,0.5169647336006165,0.5694162249565125,0.5568728446960449,0.5257387161254883,685.0,0.5398254818111344,4.7961,142.824,0.417,nllpch_sample_ranking,,,,,,nllpch_sample_ranking,L_PCH + L_rank
ebmt__ours_nllpch_sample_ranking__s4,01_multievent_lmul,ebmt,4,ours,0.550214632539041,0.5838975753116014,0.5638153214531761,0.11376110606871725,0.19333329695531234,0.23559982404984406,0.5659758431012728,0.23757891356945038,0.6306445139566766,0.5057571626436748,0.49467804404152754,0.10352226119634567,0.1946602721228255,0.23351490490360766,0.5436932402139597,0.24590297043323517,0.49274419181055235,0.5451781455935926,0.5468766025092586,0.06480540507459699,0.1266424139534042,0.1742703995065052,0.5282663133044678,0.20008715987205505,0.5163639068503557,0.5108282429829654,0.4868462899231941,0.04986042058167381,0.10685571025584158,0.1410999851620855,0.5046794799188384,0.06394844502210617,0.4964634883899336,0.5158589283182189,0.5114461636209653,0.10190080255783913,0.17468158003826786,0.22414034243540315,0.507922860109706,0.14421850442886353,0.5301075473296489,0.1492432483241513,2969.3033715342726,4341.595175321126,2914.149647609859,4956.888727266368,4746.659983209769,8995.433233322063,4907.2631274324285,12018.635208039237,3558.556419775841,5569.476203468999,3819.1865099124343,7176.405709483559,0.8237169270003187,0.8100384890798424,3137.0,0.826904686005738,-0.003187759005419233,1.5276565551757812,366.0,341.0,201.0,124.0,276.0,0.1978273920669286,0.574206755312263,0.5227392911911011,0.5031471252441406,0.5466477870941162,0.5741418600082397,0.5769161581993103,0.578166663646698,0.579914927482605,0.5786744952201843,0.5776615142822266,0.5782553553581238,675.0,0.5145720559354071,0.5241073966026306,0.5158066749572754,0.5131750702857971,0.5121389031410217,0.5148162245750427,0.514110267162323,0.5147261619567871,0.5139374136924744,0.514575719833374,0.5143197774887085,675.0,0.5569621877135518,0.5340515375137329,0.5305394530296326,0.5242486000061035,0.5499811768531799,0.5624895095825195,0.5598053932189941,0.5557403564453125,0.5589393973350525,0.558637797832489,0.5584213137626648,675.0,0.5181383972074471,0.49936994910240173,0.4881494343280792,0.4881204068660736,0.49796903133392334,0.4969826936721802,0.49183389544487,0.4991762638092041,0.4991932213306427,0.5267565250396729,0.519379198551178,675.0,0.5127973651810056,0.4784389138221741,0.4798181653022766,0.49056917428970337,0.48823827505111694,0.4899805188179016,0.49315890669822693,0.49526646733283997,0.4944372773170471,0.5087689757347107,0.5392298698425293,675.0,0.5353353522699349,5.7592,117.204,0.347,nllpch_sample_ranking,,,,,,nllpch_sample_ranking,L_PCH + L_rank
hsa_synthetic__coxph__s0,01_multievent_lmul,hsa_synthetic,0,coxph,0.4581021934166371,0.48289739101442025,0.4856071784465831,0.2128024752363981,0.3497248200812934,0.44540180269844476,0.47553558762588016,0.3359763660053788,0.4461906970463739,0.4787109690737033,0.4915089327148772,0.22404694233025688,0.3769329146665077,0.44985782714004613,0.47213686627831813,0.3502792280456036,,,,,,,,,,,,,,,,,,,,,,,,,0.47383622695209915,0.3431277970254912,204.9470595117439,814.3837716168355,197.34593090264383,813.8877312586029,,,,,,,201.14649520719388,814.1357514377191,0.48488830486202367,0.48488830486202367,761.0,0.5013140604467805,-0.01642575558475684,,,,,,,,,,,,,,,,,,,,,,,,,,,,,,,,,,,,,,,,,,,,,,,,,,,,,,,,,,,,,,,,,,,,,,,,,,,,,,,Cox PH (cause-specific)
hsa_synthetic__coxph__s1,01_multievent_lmul,hsa_synthetic,1,coxph,0.4880366024433821,0.49301775542156634,0.4955030197001703,0.2320031432339002,0.3710285037078426,0.45575528915918306,0.4921857925217063,0.35292897870030865,0.49429511069084436,0.5045457970213728,0.5022100257917833,0.2104557144274637,0.36181318240039495,0.4576745364509652,0.5003503111680002,0.34331447775960794,,,,,,,,,,,,,,,,,,,,,,,,,0.49626805184485323,0.3481217282299583,199.40011145730344,817.1424609726594,198.81905525650893,859.709289464048,,,,,,,199.10958335690617,838.4258752183537,0.4917808219178082,0.4917808219178082,730.0,0.5465753424657535,-0.05479452054794526,,,,,,,,,,,,,,,,,,,,,,,,,,,,,,,,,,,,,,,,,,,,,,,,,,,,,,,,,,,,,,,,,,,,,,,,,,,,,,,Cox PH (cause-specific)
hsa_synthetic__coxph__s2,01_multievent_lmul,hsa_synthetic,2,coxph,0.5000088478349348,0.5016483847733034,0.49346577647505835,0.22349451226760284,0.3666581450281471,0.46125890676212594,0.49837433636109885,0.3504705213526253,0.4868731853747355,0.49513978494623656,0.49535852041451145,0.2130206425855827,0.36695331711141915,0.4621193815396636,0.4924571635784945,0.3473644470788885,,,,,,,,,,,,,,,,,,,,,,,,,0.49541574996979665,0.3489174842157569,200.5398973701279,811.0234408859739,198.60801840367125,817.0771755001113,,,,,,,199.57395788689956,814.0503081930426,0.500651890482399,0.500651890482399,767.0,0.5273794002607562,-0.02672750977835725,,,,,,,,,,,,,,,,,,,,,,,,,,,,,,,,,,,,,,,,,,,,,,,,,,,,,,,,,,,,,,,,,,,,,,,,,,,,,,,Cox PH (cause-specific)
hsa_synthetic__coxph__s3,01_multievent_lmul,hsa_synthetic,3,coxph,0.48722994705024997,0.5021849676847873,0.5021947723496698,0.22327116791213225,0.3689698292431571,0.46583915891193434,0.4972032290282357,0.35269338535574124,0.5047170131465532,0.5141752001073201,0.5115393740954279,0.20595060312537222,0.361825424605003,0.4564939418470289,0.5101438624497671,0.341423323192468,,,,,,,,,,,,,,,,,,,,,,,,,0.5036735457390014,0.3470583542741046,199.32478565162293,823.3346327815613,200.18972777867342,846.039406582007,,,,,,,199.75725671514817,834.6870196817841,0.4811320754716981,0.4811320754716981,742.0,0.5283018867924528,-0.047169811320754707,,,,,,,,,,,,,,,,,,,,,,,,,,,,,,,,,,,,,,,,,,,,,,,,,,,,,,,,,,,,,,,,,,,,,,,,,,,,,,,Cox PH (cause-specific)
hsa_synthetic__coxph__s4,01_multievent_lmul,hsa_synthetic,4,coxph,0.4758505624548488,0.46528784170705567,0.4786566205245021,0.25036797086221163,0.39557058422787034,0.46056129478471813,0.47326500822880213,0.3688332832916001,0.49809513200401023,0.5151263564197801,0.5157290177408974,0.19958686905244802,0.3601505006396869,0.46536782905427954,0.5096501687215627,0.34170173291547146,,,,,,,,,,,,,,,,,,,,,,,,,0.4914575884751824,0.3552675081035358,193.0518950241482,827.0098959397657,200.78662952302312,874.1698479993088,,,,,,,196.91926227358567,850.5898719695372,0.5167597765363129,0.5167597765363129,716.0,0.5418994413407822,-0.025139664804469275,,,,,,,,,,,,,,,,,,,,,,,,,,,,,,,,,,,,,,,,,,,,,,,,,,,,,,,,,,,,,,,,,,,,,,,,,,,,,,,Cox PH (cause-specific)
hsa_synthetic__deephit_paper__s0,01_multievent_lmul,hsa_synthetic,0,deephit_paper,0.881650136660503,0.8491922980745187,0.8272025344200729,0.18035848809599292,0.31155164528921075,0.41737518787907674,0.8526816563850316,0.10061612725257874,0.9014107659701878,0.846885608764316,0.8287864555426773,0.20152813497543837,0.35395088398592844,0.4410523491666112,0.8590276100923937,0.11201947182416916,,,,,,,,,,,,,,,,,,,,,,,,,0.8558546332387127,0.3176361148987097,206.7873912311973,808.4412699748023,192.61503055201194,802.9922675941414,,,,,,,199.7012108916046,805.7167687844718,0.7503285151116952,0.7503285151116952,761.0,0.5013140604467805,0.24901445466491468,1.6449147462844849,454.0,464.0,,,,0.10637990925826278,0.8049922947006019,,,,,0.8054006695747375,,,,,0.804953396320343,1503.0,0.7970364743219585,,,,,0.7960448861122131,,,,,0.7978005409240723,1503.0,,,,,,,,,,,,,,,,,,,,,,,,,,,,,,,,,,,,,0.8010143845112802,1.9335,777.36,1.552,,,0.8044120073318481,0.8049793243408203,0.7938803434371948,0.7977988719940186,,DeepHit
hsa_synthetic__deephit_paper__s1,01_multievent_lmul,hsa_synthetic,1,deephit_paper,0.9025363368583708,0.8744595089776475,0.8500293129600506,0.20552149723192772,0.3325197218018366,0.41144441149188266,0.875675052932023,0.10429375618696213,0.908645288686172,0.845410610686749,0.8195797528389297,0.18038691357382264,0.31097093318778635,0.39232245194918275,0.8578785507372837,0.10016199201345444,,,,,,,,,,,,,,,,,,,,,,,,,0.8667768018346533,0.3055276548727398,200.90476864914194,811.4025526391513,205.18153356809967,859.3249899971185,,,,,,,203.0431511086208,835.3637713181349,0.7890410958904109,0.7890410958904109,730.0,0.5465753424657535,0.24246575342465748,1.5796188116073608,440.0,419.0,,,,0.10227837878451775,0.8229178673468253,,,,,0.8238106369972229,,,,,0.8227943181991577,1475.0,0.8000227834668621,,,,,0.8013319969177246,,,,,0.8001452684402466,1475.0,,,,,,,,,,,,,,,,,,,,,,,,,,,,,,,,,,,,,0.8114703254068436,1.7272,853.971,1.737,,,0.8221095204353333,0.8227779865264893,0.7963719367980957,0.8001585006713867,,DeepHit
hsa_synthetic__deephit_paper__s2,01_multievent_lmul,hsa_synthetic,2,deephit_paper,0.9072451971002695,0.8609835732666575,0.8235661944308744,0.20767343328037507,0.34894756094798196,0.4589793842088905,0.8639316549326005,0.10801782459020615,0.8942842379804143,0.845247311827957,0.8216974173021205,0.19630506768460992,0.36441746631946226,0.49028753893410326,0.8537429890368307,0.11246713995933533,,,,,,,,,,,,,,,,,,,,,,,,,0.8588373219847156,0.3444350752292372,194.27358150384362,798.2216662559978,188.0785923288816,800.298454722864,,,,,,,191.1760869163626,799.2600604894309,0.788787483702738,0.788787483702738,767.0,0.5273794002607562,0.26140808344198174,1.647003412246704,456.0,463.0,,,,0.1102594274366771,0.8018830291723722,,,,,0.8036342263221741,,,,,0.8007136583328247,1508.0,0.7904532429633333,,,,,0.7909978032112122,,,,,0.7903258204460144,1508.0,,,,,,,,,,,,,,,,,,,,,,,,,,,,,,,,,,,,,0.7961681360678527,1.8964,795.177,1.582,,,0.8064553737640381,0.800749659538269,0.7900058627128601,0.7904053330421448,,DeepHit
hsa_synthetic__deephit_paper__s3,01_multievent_lmul,hsa_synthetic,3,deephit_paper,0.8879261040422614,0.847901971720088,0.8242505014546097,0.2048481024022849,0.3449601217445125,0.4469640957933499,0.8533595257389863,0.10569964349269867,0.912487528760206,0.8649589466116766,0.8320948110185779,0.19002462060237119,0.35389895089370704,0.4715272759519201,0.8698470954634868,0.1058802679181099,,,,,,,,,,,,,,,,,,,,,,,,,0.8616033106012366,0.33537052789802424,196.88194241642506,814.4410643908554,192.04487091941795,832.161568692195,,,,,,,194.4634066679215,823.3013165415252,0.7735849056603774,0.7735849056603774,742.0,0.5283018867924528,0.24528301886792458,1.582663655281067,441.0,436.0,,,,0.10578944081251543,0.8049011092419844,,,,,0.8028402328491211,,,,,0.8051985502243042,1496.0,0.803741348279513,,,,,0.8049695491790771,,,,,0.8032101392745972,1496.0,,,,,,,,,,,,,,,,,,,,,,,,,,,,,,,,,,,,,0.8043212287607489,1.7905,835.526,1.676,,,0.8068293929100037,0.8051843047142029,0.8053411841392517,0.8031203150749207,,DeepHit
hsa_synthetic__deephit_paper__s4,01_multievent_lmul,hsa_synthetic,4,deephit_paper,0.8935578565940807,0.879475982532751,0.8516278254774838,0.21953126267907686,0.3434824901227491,0.4261948948784933,0.8748872215347719,0.10392294824123383,0.9418068397014593,0.878315490495958,0.8393837113898428,0.17427816763002849,0.33740322249095894,0.4635187240261419,0.8865020138624201,0.09679161757230759,,,,,,,,,,,,,,,,,,,,,,,,,0.880694617698596,0.3274014603045748,193.06176429684288,818.8655622241948,194.60573803619144,860.6512773021021,,,,,,,193.83375116651717,839.7584197631485,0.8142458100558659,0.8142458100558659,716.0,0.5418994413407822,0.2723463687150838,1.5593847036361694,430.0,410.0,,,,0.1004421797004484,0.8235700941973658,,,,,0.8234121203422546,,,,,0.823844313621521,1480.0,0.8077207963770257,,,,,0.8076797127723694,,,,,0.8076022267341614,1480.0,,,,,,,,,,,,,,,,,,,,,,,,,,,,,,,,,,,,,0.8156454452871958,1.6852,878.244,1.78,,,0.8220006227493286,0.8239068388938904,0.808768630027771,0.8075859546661377,,DeepHit
hsa_synthetic__dsm_paper__s0,01_multievent_lmul,hsa_synthetic,0,dsm_paper,0.8939838248753246,0.8469283987663583,0.8194022329831634,0.17996257868937882,0.30973584583413805,0.3887197617810611,0.8534381522082821,0.09373640269041061,0.9029548003029361,0.8513995796908613,0.8305687389728219,0.15726460184794472,0.2845418531086339,0.32367025135241384,0.8616410396555398,0.09138638526201248,,,,,,,,,,,,,,,,,,,,,,,,,0.857539595931911,0.2739824821022617,209.59111060246227,804.7620746887518,219.45969837987676,818.5102210148552,,,,,,,214.52540449116952,811.6361478518036,0.7844940867279895,0.7844940867279895,761.0,0.5013140604467805,0.283180026281209,1.3761521577835083,454.0,464.0,,,,0.09254859431701548,0.7974030515440789,,,,,0.7974284887313843,,,,,0.7974708080291748,1503.0,0.8000490985791504,,,,,0.8009302616119385,,,,,0.7990965247154236,1503.0,,,,,,,,,,,,,,,,,,,,,,,,,,,,,,,,,,,,,0.7987260750616145,2.4772,606.73,1.211,,,0.7970839738845825,0.7973999977111816,0.8008988499641418,0.800434947013855,,DSM
hsa_synthetic__dsm_paper__s1,01_multievent_lmul,hsa_synthetic,1,dsm_paper,0.9016188613646241,0.8762883507112162,0.8518136812424972,0.16651961341588828,0.24772690601159653,0.27690195986532035,0.8765736311061124,0.08297187089920044,0.9130534542218267,0.8553632870381997,0.8301898324145265,0.15539854159898026,0.28355763868730877,0.34456956048834736,0.866202191224851,0.0853056088089943,,,,,,,,,,,,,,,,,,,,,,,,,0.8713879111654816,0.2457790366779069,230.4065349147147,827.906973669248,215.59402916207924,859.718306116609,,,,,,,223.00028203839696,843.8126398929285,0.8041095890410959,0.8041095890410959,730.0,0.5465753424657535,0.2575342465753424,1.3012911081314087,440.0,419.0,,,,0.08411021337208009,0.821718887538667,,,,,0.8216982483863831,,,,,0.8217725157737732,1475.0,0.8124263958642947,,,,,0.8123520016670227,,,,,0.8124633431434631,1475.0,,,,,,,,,,,,,,,,,,,,,,,,,,,,,,,,,,,,,0.8170726417014808,1.7002,867.57,1.765,,,0.8214083909988403,0.8217707276344299,0.8121086359024048,0.8125293850898743,,DSM
hsa_synthetic__dsm_paper__s2,01_multievent_lmul,hsa_synthetic,2,dsm_paper,0.8962207947715194,0.8505697160462881,0.8140064050371818,0.16290533201329926,0.25041635808887,0.2890159907955297,0.853598971951663,0.10167030990123749,0.8966586290044781,0.8471270410195142,0.8196999591176523,0.1460488141621036,0.24187065153719262,0.2727641542699975,0.8544952097138815,0.09197046607732773,,,,,,,,,,,,,,,,,,,,,,,,,0.8540470908327722,0.22717021681116545,237.8745487459905,835.7359402882383,240.73669446799357,841.7664774438836,,,,,,,239.30562160699202,838.751208866061,0.7809647979139505,0.7809647979139505,767.0,0.5273794002607562,0.2535853976531942,1.4206801652908325,456.0,463.0,,,,0.09678344625545923,0.7925427477403806,,,,,0.7924696207046509,,,,,0.7925604581832886,1508.0,0.7892281000751956,,,,,0.7890275120735168,,,,,0.7894185185432434,1508.0,,,,,,,,,,,,,,,,,,,,,,,,,,,,,,,,,,,,,0.790885423907788,1.8314,823.402,1.638,,,0.7925347685813904,0.7925690412521362,0.7886618971824646,0.7892915606498718,,DSM
hsa_synthetic__dsm_paper__s3,01_multievent_lmul,hsa_synthetic,3,dsm_paper,0.8867330434729133,0.8559660116137922,0.8272804724518614,0.16797302821247168,0.24322506639031302,0.2584605721128555,0.8566598425128555,0.08848367631435394,0.907132531101745,0.8599093970466326,0.8286805703846063,0.16605511140329665,0.30330709893998464,0.3721366901173801,0.8652408328443281,0.0906962975859642,,,,,,,,,,,,,,,,,,,,,,,,,0.8609503376785919,0.2518595945293836,249.18033042290594,849.2714764912434,210.556599700384,843.093873772233,,,,,,,229.86846506164497,846.1826751317383,0.7816711590296496,0.7816711590296496,742.0,0.5283018867924528,0.25336927223719674,1.325883150100708,441.0,436.0,,,,0.08958367959191617,0.8121557520477476,,,,,0.8128193616867065,,,,,0.8115370869636536,1496.0,0.7993361037763672,,,,,0.7994883060455322,,,,,0.7991759181022644,1496.0,,,,,,,,,,,,,,,,,,,,,,,,,,,,,,,,,,,,,0.8057459279120576,1.7721,844.195,1.693,,,0.812982976436615,0.8122662305831909,0.7994820475578308,0.7994057536125183,,DSM
hsa_synthetic__dsm_paper__s4,01_multievent_lmul,hsa_synthetic,4,dsm_paper,0.8969176786267158,0.8784842522833789,0.8483102622510368,0.178394454284542,0.2312305162298355,0.25320451320735626,0.8745707310537106,0.08233277499675751,0.9438862277672571,0.8778348263054403,0.8434467748512585,0.12476788109530615,0.25590290051957554,0.319090372736826,0.8883892763079854,0.0756705105304718,,,,,,,,,,,,,,,,,,,,,,,,,0.881480003680848,0.22709843967890692,246.5762197780334,849.5698658298453,225.34573620552496,877.7557739651764,,,,,,,235.96097799177917,863.6628198975109,0.8170391061452514,0.8170391061452514,716.0,0.5418994413407822,0.2751396648044693,1.2699435949325562,430.0,410.0,,,,0.07908095543583234,0.8218933602119987,,,,,0.8219638466835022,,,,,0.8218433856964111,1480.0,0.8132319786941664,,,,,0.8128505945205688,,,,,0.8135356903076172,1480.0,,,,,,,,,,,,,,,,,,,,,,,,,,,,,,,,,,,,,0.8175626694530826,2.1539,687.129,1.393,,,0.8219794631004333,0.8218783140182495,0.8123998641967773,0.8133289813995361,,DSM
hsa_synthetic__mensa_paper__s0,01_multievent_lmul,hsa_synthetic,0,mensa_paper,0.8848067141087183,0.8480720180045012,0.8200496218480748,0.15808236672323617,0.24561312539503202,0.27651071870698424,0.850976117987098,0.09041137248277664,0.8975301321529005,0.850774711814666,0.8306897997341147,0.1427932506939248,0.23998189071559606,0.24981917469306986,0.8596648812338937,0.09066282957792282,,,,,,,,,,,,,,,,,,,,,,,,,0.8553204996104959,0.21880008782130717,256.61950375372794,837.2938759568814,252.1446089561572,841.917780656849,,,,,,,254.38205635494256,839.6058283068652,0.7792378449408672,0.7792378449408672,761.0,0.5013140604467805,0.2779237844940867,4.583517551422119,454.0,464.0,,,,0.09053847062237122,0.800051238087233,,,,,0.7997416853904724,,,,,0.8004660606384277,1503.0,0.8022569168445677,,,,,0.8019649982452393,,,,,0.8028368949890137,1503.0,,,,,,,,,,,,,,,,,,,,,,,,,,,,,,,,,,,,,0.8011540774659003,1.909,787.318,1.571,,,0.7994092106819153,0.7998910546302795,0.7996300458908081,0.8025960326194763,,MENSA
hsa_synthetic__mensa_paper__s1,01_multievent_lmul,hsa_synthetic,1,mensa_paper,0.9005565213192331,0.8788533928511942,0.8553126250453653,0.1587740287475093,0.2001616799768004,0.1816733838230112,0.8782408464052643,0.09229952096939087,0.9167246078540439,0.8520839985792142,0.8245572003080346,0.14641917756756317,0.25314036266631834,0.319348076199706,0.8644552689137642,0.08209618180990219,,,,,,,,,,,,,,,,,,,,,,,,,0.8713480576595143,0.20991945149681807,279.51605925727347,863.4489082628608,227.15450322008277,866.7561462418419,,,,,,,253.33528123867814,865.1025272523514,0.7712328767123288,0.7712328767123288,730.0,0.5465753424657535,0.2246575342465753,4.3920464515686035,440.0,419.0,,,,0.0873225720662177,0.822530897613869,,,,,0.8243958353996277,,,,,0.820311427116394,1475.0,0.8074233241072094,,,,,0.8099313974380493,,,,,0.8061109185218811,1475.0,,,,,,,,,,,,,,,,,,,,,,,,,,,,,,,,,,,,,0.8149771108605391,1.8044,817.429,1.663,,,0.8245516419410706,0.8235660791397095,0.8088465929031372,0.8070381879806519,,MENSA
hsa_synthetic__mensa_paper__s2,01_multievent_lmul,hsa_synthetic,2,mensa_paper,0.9039950924008895,0.8605425232503165,0.8268794441730446,0.1537652180480086,0.24023985514902865,0.29235582965153484,0.8638056866080835,0.08626209199428558,0.8857985581418237,0.8436766228594186,0.8216840861017792,0.14662802373186742,0.22794311604905088,0.23271092925528616,0.8503864223676739,0.09571149200201035,,,,,,,,,,,,,,,,,,,,,,,,,0.8570960544878787,0.21560716198079607,236.90596209663843,824.4938776016091,264.4095193095785,854.8621079004886,,,,,,,250.65774070310846,839.6779927510488,0.7692307692307693,0.7692307692307693,767.0,0.5273794002607562,0.24185136897001303,4.578419208526611,456.0,463.0,,,,0.09102277991983136,0.8030024704538947,,,,,0.8038107752799988,,,,,0.8022390604019165,1508.0,0.7900879653447981,,,,,0.7887905836105347,,,,,0.7916105389595032,1508.0,,,,,,,,,,,,,,,,,,,,,,,,,,,,,,,,,,,,,0.7965452178993464,1.8512,814.606,1.621,,,0.8035159707069397,0.8033214211463928,0.7870716452598572,0.7898840308189392,,MENSA
hsa_synthetic__mensa_paper__s3,01_multievent_lmul,hsa_synthetic,3,mensa_paper,0.882993967049389,0.8494406351497654,0.8245143660875807,0.16609645326142372,0.2285535209356301,0.21934069141202558,0.8523163227622451,0.09544641524553299,0.8992255953956522,0.8590666588699053,0.8280968989489169,0.14109460339005145,0.21343597215991078,0.22236843173147805,0.8621297177381582,0.09405455738306046,,,,,,,,,,,,,,,,,,,,,,,,,0.8572230202502016,0.19848161214841997,266.03019513605824,862.3986553302012,271.77853318334274,888.4653680499116,,,,,,,268.9043641597005,875.4320116900565,0.8140161725067385,0.8140161725067385,742.0,0.5283018867924528,0.2857142857142857,4.475366115570068,441.0,436.0,,,,0.09475445398209169,0.8071775733612538,,,,,0.8073825240135193,,,,,0.8069183230400085,1496.0,0.7976864968138695,,,,,0.7993859648704529,,,,,0.7964505553245544,1496.0,,,,,,,,,,,,,,,,,,,,,,,,,,,,,,,,,,,,,0.8024320350875617,1.8082,827.35,1.659,,,0.8077719807624817,0.8071869015693665,0.7971130609512329,0.7984129190444946,,MENSA
hsa_synthetic__mensa_paper__s4,01_multievent_lmul,hsa_synthetic,4,mensa_paper,0.9044170766108225,0.8801797910968217,0.8532702529057882,0.18893150525290434,0.2569892301249319,0.30123678178408997,0.8792890402044774,0.0821230337023735,0.9495451338606067,0.8795499235306969,0.8431200593492221,0.1231121208649911,0.2538586351008006,0.3556526235809692,0.8907383722468419,0.0745406374335289,,,,,,,,,,,,,,,,,,,,,,,,,0.8850137062256597,0.24663014945144784,221.5752753772621,831.4756026804423,219.9427346472737,871.7364407086318,,,,,,,220.7590050122679,851.606021694537,0.8184357541899442,0.8184357541899442,716.0,0.5418994413407822,0.276536312849162,4.259474754333496,430.0,410.0,,,,0.07842210219019935,0.8206753242459761,,,,,0.8213964700698853,,,,,0.8196548223495483,1480.0,0.812438812801892,,,,,0.8115435242652893,,,,,0.8130515217781067,1480.0,,,,,,,,,,,,,,,,,,,,,,,,,,,,,,,,,,,,,0.8165570685239342,2.2243,665.365,1.349,,,0.8197375535964966,0.8218820095062256,0.8092231154441833,0.8131835460662842,,MENSA
hsa_synthetic__ours_nllpch__s0,01_multievent_lmul,hsa_synthetic,0,ours,0.8893890435009992,0.8492123030757689,0.8185300092419562,0.15812188319180703,0.26442170670324183,0.32403949566926676,0.8523771186062414,0.08788894861936569,0.9064831829416496,0.8536161508138826,0.8344740694574908,0.13836900988229642,0.22387818735035198,0.22785273199947562,0.8648578010710078,0.09124778211116791,,,,,,,,,,,,,,,,,,,,,,,,,0.8586174598386247,0.22278050246607328,232.5869592384309,820.1729647523072,259.30371760708834,849.3843060133687,,,,,,,245.94533842275962,834.7786353828379,0.7700394218134035,0.7700394218134035,761.0,0.5013140604467805,0.26872536136662295,0.518636167049408,454.0,464.0,,,,0.08958665966533108,0.7976751184312192,,,,,0.7992149591445923,,,,,0.7972946763038635,1503.0,0.8043850716283669,,,,,0.8022567629814148,,,,,0.8053033947944641,1503.0,,,,,,,,,,,,,,,,,,,,,,,,,,,,,,,,,,,,,0.8010300950297932,1.9845,757.365,1.512,nllpch,,0.7989826798439026,0.7967800498008728,0.8023924827575684,0.8053186535835266,nllpch,L_PCH
hsa_synthetic__ours_nllpch__s1,01_multievent_lmul,hsa_synthetic,1,ours,0.9036409290646579,0.8787168126852993,0.8577321074622422,0.1762204033383786,0.24946737188481033,0.28117231743161136,0.8800299497373998,0.08057915419340134,0.9108563243964846,0.8516104033094264,0.8251023725995917,0.14867004305637588,0.26693237642040096,0.33848205220901023,0.8625230334351676,0.0839424803853035,,,,,,,,,,,,,,,,,,,,,,,,,0.8712764915862836,0.24349076072343123,227.81584354489254,824.074804616014,219.57004032691037,861.1444588298908,,,,,,,223.69294193590144,842.6096317229524,0.8041095890410959,0.8041095890410959,730.0,0.5465753424657535,0.2575342465753424,0.480816125869751,440.0,419.0,,,,0.08221970561878784,0.8244350270535102,,,,,0.8246394991874695,,,,,0.823571503162384,1475.0,0.8073787626346942,,,,,0.8069486021995544,,,,,0.8080334067344666,1475.0,,,,,,,,,,,,,,,,,,,,,,,,,,,,,,,,,,,,,0.8159068948441023,1.6799,878.053,1.786,nllpch,,0.8247219324111938,0.8253623247146606,0.8065863847732544,0.8070467114448547,nllpch,L_PCH
hsa_synthetic__ours_nllpch__s2,01_multievent_lmul,hsa_synthetic,2,ours,0.9103124465443306,0.8622305707948736,0.8275894262606525,0.1605853511317774,0.2415951135093956,0.2990002589381234,0.8667108145332856,0.08556382358074188,0.8840731263225236,0.8492361608920749,0.8255879059350504,0.17369306696399306,0.21632242333381324,0.18437180153529062,0.852965731049883,0.13484430313110352,,,,,,,,,,,,,,,,,,,,,,,,,0.8598382727915843,0.21259466923539888,231.8933557518182,822.4063690746282,301.4573731287112,891.6203436489767,,,,,,,266.67536444026473,857.0133563618024,0.7288135593220338,0.7288135593220338,767.0,0.5273794002607562,0.2014341590612776,0.5775284767150879,456.0,463.0,,,,0.11039174744561396,0.8023726545411867,,,,,0.8001943826675415,,,,,0.8018808960914612,1508.0,0.7947769053867526,,,,,0.7938126921653748,,,,,0.7964464426040649,1508.0,,,,,,,,,,,,,,,,,,,,,,,,,,,,,,,,,,,,,0.7985747799639697,2.0117,749.6,1.491,nllpch,,0.805177628993988,0.8034731149673462,0.7887025475502014,0.7951599955558777,nllpch,L_PCH
hsa_synthetic__ours_nllpch__s3,01_multievent_lmul,hsa_synthetic,3,ours,0.892353957701698,0.8545520160099734,0.8265470182178404,0.1655980251326912,0.24478020237554607,0.27504511708444973,0.8578176639765039,0.08550917357206345,0.904675612023972,0.8620523598388822,0.8307210477614065,0.13805171373720795,0.22807698986772806,0.2712941980567843,0.8658163398747535,0.08101411908864975,,,,,,,,,,,,,,,,,,,,,,,,,0.8618170019256287,0.22047437437573456,249.10733962645216,844.9470796526763,246.42574821685457,867.2532821326758,,,,,,,247.76654392165335,856.100180892676,0.8207547169811321,0.8207547169811321,742.0,0.5283018867924528,0.2924528301886793,0.4915829300880432,441.0,436.0,,,,0.08327446005465368,0.8117614954195707,,,,,0.8118749856948853,,,,,0.811987042427063,1496.0,0.8036653923721206,,,,,0.8029964566230774,,,,,0.8048726320266724,1496.0,,,,,,,,,,,,,,,,,,,,,,,,,,,,,,,,,,,,,0.8077134438958457,1.7981,832.012,1.668,nllpch,,0.8122235536575317,0.8112311363220215,0.8045728206634521,0.8021687865257263,nllpch,L_PCH
hsa_synthetic__ours_nllpch__s4,01_multievent_lmul,hsa_synthetic,4,ours,0.9032359787631726,0.8860565926068109,0.8548239004731032,0.16978916486771703,0.19383051592505962,0.20925199726823535,0.8813721572810289,0.082548588514328,0.9437971111358657,0.8789308863156362,0.8425869972143205,0.11133401652212653,0.20160997317884594,0.23489516019205547,0.8884383315552741,0.07708487659692764,,,,,,,,,,,,,,,,,,,,,,,,,0.8849052444181515,0.18678513799233998,258.4249937641731,859.8534064667932,257.41204586291667,901.5712080654483,,,,,,,257.9185198135449,880.7123072661208,0.8268156424581006,0.8268156424581006,716.0,0.5418994413407822,0.2849162011173184,0.482500821352005,430.0,410.0,,,,0.07988177674512069,0.8247986837044075,,,,,0.8248227834701538,,,,,0.8255823254585266,1480.0,0.8087756669062383,,,,,0.8090882301330566,,,,,0.8086135983467102,1480.0,,,,,,,,,,,,,,,,,,,,,,,,,,,,,,,,,,,,,0.8167871753053229,1.7482,846.59,1.716,nllpch,,0.8235059380531311,0.8242287039756775,0.8089351058006287,0.8087399005889893,nllpch,L_PCH
hsa_synthetic__ours_nllpch_event_ranking__s0,01_multievent_lmul,hsa_synthetic,0,ours,0.8817808824719675,0.8399133116612486,0.807032925316407,0.1687352560029903,0.2623840151031831,0.3222384859734858,0.842909039816541,0.08945593982934952,0.8785026976569426,0.8314753099469018,0.8074416498339898,0.16584715612741435,0.2668586981586328,0.2958742105015385,0.8391398858126115,0.09612254053354263,,,,,,,,,,,,,,,,,,,,,,,,,0.8410244628145762,0.24698963697787413,229.79745315686807,822.3691872308768,228.08090517436227,829.4303356125532,,,,,,,228.93917916561517,825.8997614217151,0.78580814717477,0.78580814717477,761.0,0.5013140604467805,0.2844940867279895,0.3281140625476837,454.0,464.0,,,,0.09282555064279789,0.7910982500069377,,,,,0.7957387566566467,,,,,0.7899631857872009,1503.0,0.779491748253299,,,,,0.7802589535713196,,,,,0.7792428135871887,1503.0,,,,,,,,,,,,,,,,,,,,,,,,,,,,,,,,,,,,,0.7852949991301182,2.4494,613.617,1.225,nllpch_event_ranking,,0.7962300181388855,0.7879867553710938,0.7812495827674866,0.7786762714385986,nllpch_event_ranking,L_PCH + L_mul
hsa_synthetic__ours_nllpch_event_ranking__s1,01_multievent_lmul,hsa_synthetic,1,ours,0.9052947993625959,0.8700689563276591,0.8366709783084095,0.16429739476455513,0.22107614311033721,0.24039794276943738,0.8706782446662215,0.08835267275571823,0.8984036044053844,0.8026506983736308,0.7723062254764146,0.1718723886129759,0.2790386536331808,0.3245910979784418,0.8244535094184767,0.09415408968925476,,,,,,,,,,,,,,,,,,,,,,,,,0.8475658770423491,0.23354560347815473,247.59699757827363,844.6791792003316,221.5249314557953,869.0942791421041,,,,,,,234.56096451703445,856.8867291712179,0.7575342465753425,0.7575342465753425,730.0,0.5465753424657535,0.21095890410958906,0.3277358114719391,440.0,419.0,,,,0.09118246751142464,0.8139917281023257,,,,,0.8178901672363281,,,,,0.813230574131012,1475.0,0.7609313051515434,,,,,0.762753427028656,,,,,0.7593706250190735,1475.0,,,,,,,,,,,,,,,,,,,,,,,,,,,,,,,,,,,,,0.7874615166269345,1.753,841.401,1.711,nllpch_event_ranking,,0.8208286762237549,0.8099913001060486,0.785848081111908,0.7537577748298645,nllpch_event_ranking,L_PCH + L_mul
hsa_synthetic__ours_nllpch_event_ranking__s2,01_multievent_lmul,hsa_synthetic,2,ours,0.9045141653837306,0.8513502793845608,0.8196363241600174,0.1890819483612183,0.29437947073330295,0.385451299971945,0.8585002563094363,0.09384528547525406,0.8791890162885685,0.8158375149342891,0.7979656588279209,0.17042712397926457,0.29231564671563176,0.3519003034987118,0.830997396683593,0.09605512768030167,,,,,,,,,,,,,,,,,,,,,,,,,0.8447488264965146,0.2805926322100124,209.36557655164532,806.0599600157142,216.4070150150962,821.1379347733599,,,,,,,212.88629578337077,813.598947394537,0.7900912646675359,0.7900912646675359,767.0,0.5273794002607562,0.2627118644067796,0.3166690468788147,456.0,463.0,,,,0.0949586227341627,0.7996818858379844,,,,,0.8001172542572021,,,,,0.8000675439834595,1508.0,0.7723299245074418,,,,,0.7670772075653076,,,,,0.7743979096412659,1508.0,,,,,,,,,,,,,,,,,,,,,,,,,,,,,,,,,,,,,0.7860059051727131,1.8606,810.497,1.612,nllpch_event_ranking,,0.8060440421104431,0.7967184782028198,0.7858757972717285,0.7685717940330505,nllpch_event_ranking,L_PCH + L_mul
hsa_synthetic__ours_nllpch_event_ranking__s3,01_multievent_lmul,hsa_synthetic,3,ours,0.8624290467200059,0.8235983071421541,0.7955898828038525,0.19347912626672653,0.30319255156798536,0.36393325118234104,0.8272057455553375,0.09533598273992538,0.8835746136460815,0.8332272744471465,0.798393717227798,0.14717186738159713,0.2361699602456891,0.27090701040097753,0.8383985351070087,0.09480177611112595,,,,,,,,,,,,,,,,,,,,,,,,,0.8328021403311732,0.2524756278408861,213.25292548994855,824.3138432755942,246.1830538128924,874.6267889866735,,,,,,,229.71798965142048,849.4703161311338,0.7479784366576819,0.7479784366576819,742.0,0.5283018867924528,0.2196765498652291,0.33711472153663635,441.0,436.0,,,,0.09507040224943901,0.7750366231617767,,,,,0.7824658751487732,,,,,0.7689796090126038,1496.0,0.7784331017404266,,,,,0.7801055908203125,,,,,0.7779152393341064,1496.0,,,,,,,,,,,,,,,,,,,,,,,,,,,,,,,,,,,,,0.7767348624511017,1.6914,884.497,1.774,nllpch_event_ranking,,0.7936721444129944,0.7719283103942871,0.7880213260650635,0.7749205827713013,nllpch_event_ranking,L_PCH + L_mul
hsa_synthetic__ours_nllpch_event_ranking__s4,01_multievent_lmul,hsa_synthetic,4,ours,0.890358572132971,0.87206679783099,0.8402149407160797,0.18880665064247135,0.2492368229433359,0.2717395018062211,0.8675467702266803,0.08651508390903473,0.939207604619212,0.8313669798266696,0.8052751042787448,0.1402668579067543,0.2658503399921695,0.31939384063167714,0.8586165629082089,0.0852632150053978,,,,,,,,,,,,,,,,,,,,,,,,,0.8630816665674446,0.2392156689871049,228.60810072003602,842.1311255348568,225.95087520397607,881.8309122500327,,,,,,,227.27948796200604,861.9810188924448,0.8240223463687151,0.8240223463687151,716.0,0.5418994413407822,0.2821229050279329,0.32068732380867004,430.0,410.0,,,,0.08590405265845004,0.8126783551247307,,,,,0.8152629733085632,,,,,0.8112462759017944,1480.0,0.7812941458594764,,,,,0.780616044998169,,,,,0.7788735628128052,1480.0,,,,,,,,,,,,,,,,,,,,,,,,,,,,,,,,,,,,,0.7969862504921036,1.6729,884.705,1.793,nllpch_event_ranking,,0.8191214203834534,0.8103579878807068,0.8025318384170532,0.7784841656684875,nllpch_event_ranking,L_PCH + L_mul
hsa_synthetic__ours_nllpch_mmv_rank__s0,01_multievent_lmul,hsa_synthetic,0,ours,0.884688420279298,0.8459148120363424,0.8145304340555919,0.20109160825881256,0.3428802965715815,0.4534985639338758,0.8483778887904108,0.10578642785549164,0.8767297000581215,0.8439073827673254,0.83009346339145,0.17915430813317876,0.30959707875096426,0.36679202158386315,0.8502435154056323,0.10440885275602341,,,,,,,,,,,,,,,,,,,,,,,,,0.8493107020980215,0.3088356462053793,199.6153821145982,803.0193900654382,210.1575129823538,819.0600004504728,,,,,,,204.88644754847599,811.0396952579555,0.7463863337713534,0.7463863337713534,761.0,0.5013140604467805,0.24507227332457293,4.249001502990723,454.0,464.0,,,,0.10509013717340748,0.7925157305984636,,,,,0.791627049446106,,,,,0.7932658195495605,1503.0,0.7946953256000845,,,,,0.7889237403869629,,,,,0.7992678880691528,1503.0,,,,,,,,,,,,,,,,,,,,,,,,,,,,,,,,,,,,,0.793605528099274,2.0536,731.893,1.461,nllpch_mmv_rank,1.0,0.7872511148452759,0.793808102607727,0.7749341726303101,0.7994527816772461,nllpch_mmv_rank@1,L_PCH + L_rank + L_mul + MMV [λv=1]
hsa_synthetic__ours_nllpch_mmv_rank__s1,01_multievent_lmul,hsa_synthetic,1,ours,0.9043471437539234,0.8741497051867151,0.8457928923051153,0.21765330929821144,0.3628537088436598,0.46712843067836474,0.8747632470819179,0.1088101714849472,0.893738179997775,0.8525217154194726,0.827877128433302,0.18764476004786482,0.3473531286688069,0.4658014698102459,0.8580456746168498,0.10286419838666916,,,,,,,,,,,,,,,,,,,,,,,,,0.8664044608493838,0.3414058012245256,192.22070104307682,803.5661717128759,193.5844020155145,848.1404993527563,,,,,,,192.90255152929566,825.8533355328161,0.7876712328767124,0.7876712328767124,730.0,0.5465753424657535,0.2410958904109589,4.426225662231445,440.0,419.0,,,,0.10590986563142159,0.8195588165678904,,,,,0.8214753866195679,,,,,0.8204572796821594,1475.0,0.8087825560844071,,,,,0.8111388683319092,,,,,0.8106992840766907,1475.0,,,,,,,,,,,,,,,,,,,,,,,,,,,,,,,,,,,,,0.8141706863261488,1.7628,836.735,1.702,nllpch_mmv_rank,1.0,0.8193068504333496,0.8171600699424744,0.7959964871406555,0.8087616562843323,nllpch_mmv_rank@1,L_PCH + L_rank + L_mul + MMV [λv=1]
hsa_synthetic__ours_nllpch_mmv_rank__s2,01_multievent_lmul,hsa_synthetic,2,ours,0.9076698931771395,0.8608947286590493,0.8249492482223307,0.19377705124323158,0.328483335759741,0.4318296078817783,0.8645046233528398,0.10372010618448257,0.8876039564982038,0.8356352050975707,0.8170115003821611,0.19019137649215845,0.3470469088191525,0.4491005215099065,0.8467502206593118,0.10866197943687439,,,,,,,,,,,,,,,,,,,,,,,,,0.8556274220060758,0.323404800284328,202.49870067165082,804.732480005405,197.79772287050332,809.4865168632047,,,,,,,200.14821177107706,807.1094984343049,0.7940026075619296,0.7940026075619296,767.0,0.5273794002607562,0.2666232073011734,4.628026008605957,456.0,463.0,,,,0.10620986387311958,0.8040074863345767,,,,,0.8024001717567444,,,,,0.8047842979431152,1508.0,0.7879574905343731,,,,,0.7875591516494751,,,,,0.7886433005332947,1508.0,,,,,,,,,,,,,,,,,,,,,,,,,,,,,,,,,,,,,0.7959824884344749,1.816,830.387,1.652,nllpch_mmv_rank,1.0,0.8046831488609314,0.8037799000740051,0.7878443598747253,0.7873247265815735,nllpch_mmv_rank@1,L_PCH + L_rank + L_mul + MMV [λv=1]
hsa_synthetic__ours_nllpch_mmv_rank__s3,01_multievent_lmul,hsa_synthetic,3,ours,0.8435491706999083,0.8359863521538007,0.8100040474151329,0.19513687860679932,0.3160632073715754,0.4001528246760404,0.8298465234229472,0.10332362353801727,0.8866220077508331,0.8541546992112659,0.8201532730680713,0.18217747917254992,0.31755743297241074,0.40086866696167517,0.8536433266767234,0.10063377767801285,,,,,,,,,,,,,,,,,,,,,,,,,0.8417449250498352,0.30199274829350853,210.64675476057738,827.1854399528366,207.55022071427155,846.7467245361628,,,,,,,209.09848773742448,836.9660822444997,0.7978436657681941,0.7978436657681941,742.0,0.5283018867924528,0.2695417789757413,4.448472499847412,441.0,436.0,,,,0.10198636835562054,0.793144605844049,,,,,0.7936472296714783,,,,,0.7949135303497314,1496.0,0.7945884236879821,,,,,0.793791651725769,,,,,0.7972468137741089,1496.0,,,,,,,,,,,,,,,,,,,,,,,,,,,,,,,,,,,,,0.7938665147660156,1.8822,794.797,1.594,nllpch_mmv_rank,1.0,0.7830163240432739,0.7939167022705078,0.7829583883285522,0.7952171564102173,nllpch_mmv_rank@1,L_PCH + L_rank + L_mul + MMV [λv=1]
hsa_synthetic__ours_nllpch_mmv_rank__s4,01_multievent_lmul,hsa_synthetic,4,ours,0.8966482048459413,0.8783434905705648,0.8503381811810058,0.23501097557618486,0.3849970492496198,0.4764955122859131,0.8751099588658372,0.11098084598779678,0.9348111841372396,0.8722489257883621,0.8255363784200727,0.1824924612167688,0.35590018883241714,0.4764918129525079,0.8775321627818915,0.09995454549789429,,,,,,,,,,,,,,,,,,,,,,,,,0.8763210608238643,0.3518980000189019,186.01853016535446,813.0551828332798,193.95029156498674,861.2791461070706,,,,,,,189.98441086517062,837.1671644701752,0.8156424581005587,0.8156424581005587,716.0,0.5418994413407822,0.2737430167597765,3.8611435890197754,430.0,410.0,,,,0.10559896122486818,0.8189784005812144,,,,,0.8181816339492798,,,,,0.8203408122062683,1480.0,0.8041101655272835,,,,,0.8104833364486694,,,,,0.806317150592804,1480.0,,,,,,,,,,,,,,,,,,,,,,,,,,,,,,,,,,,,,0.811544283054249,1.6546,894.46,1.813,nllpch_mmv_rank,1.0,0.8158717155456543,0.8188933730125427,0.809457540512085,0.795430064201355,nllpch_mmv_rank@1,L_PCH + L_rank + L_mul + MMV [λv=1]
hsa_synthetic__ours_nllpch_sample_event_ranking__s0,01_multievent_lmul,hsa_synthetic,0,ours,0.8787924067813494,0.8422739018087855,0.8192350191053154,0.17427123592239696,0.28005281960434897,0.3475383584545666,0.8467671092318168,0.09686552733182907,0.8869156299718786,0.845079398634617,0.8276632807017937,0.1956261396132854,0.3313453037591996,0.3921422550106476,0.8532194364360964,0.10745920240879059,,,,,,,,,,,,,,,,,,,,,,,,,0.8499932728339565,0.2868293520607409,223.83087637766533,823.1507333739169,202.69879213940243,812.2198126891293,,,,,,,213.26483425853388,817.6852730315231,0.7424441524310118,0.7424441524310118,761.0,0.5013140604467805,0.2411300919842313,0.4389573633670807,454.0,464.0,,,,0.10222006462563098,0.7992840368749874,,,,,0.7998461127281189,,,,,0.7985311150550842,1503.0,0.7975855121624871,,,,,0.7953290343284607,,,,,0.7988743185997009,1503.0,,,,,,,,,,,,,,,,,,,,,,,,,,,,,,,,,,,,,0.7984347745187371,2.0038,750.093,1.497,nllpch_sample_event_ranking,,0.7985397577285767,0.800213098526001,0.7887930870056152,0.8005027770996094,nllpch_sample_event_ranking,L_PCH + L_rank + L_mul (paper)
hsa_synthetic__ours_nllpch_sample_event_ranking__s1,01_multievent_lmul,hsa_synthetic,1,ours,0.9101779419576029,0.8801958759452346,0.8574250193093308,0.19853794078611464,0.30767310661344427,0.3777851966425123,0.8825996124040562,0.09824299812316895,0.9121634775837134,0.8545057925724475,0.8294588614944566,0.18083087696128045,0.3231876060376277,0.41178432879137083,0.8653760438835391,0.09790817648172379,,,,,,,,,,,,,,,,,,,,,,,,,0.8739878281437976,0.2999665093053917,208.1463068041952,816.5526698996033,201.33620536256373,854.7842421434317,,,,,,,204.74125608337948,835.6684560215175,0.7972602739726027,0.7972602739726027,730.0,0.5465753424657535,0.25068493150684923,0.38922643661499023,440.0,419.0,,,,0.09807968000004261,0.8278510179489282,,,,,0.8261621594429016,,,,,0.82781982421875,1475.0,0.8111446047789298,,,,,0.8109709620475769,,,,,0.8120048642158508,1475.0,,,,,,,,,,,,,,,,,,,,,,,,,,,,,,,,,,,,,0.8194978113639291,1.7363,849.485,1.728,nllpch_sample_event_ranking,,0.8280137181282043,0.8289594054222107,0.8071184158325195,0.8114086985588074,nllpch_sample_event_ranking,L_PCH + L_rank + L_mul (paper)
hsa_synthetic__ours_nllpch_sample_event_ranking__s2,01_multievent_lmul,hsa_synthetic,2,ours,0.9096989966555183,0.8630016150680454,0.8287683873419096,0.17551877124700035,0.2886402214874825,0.3751017128756261,0.8671563330218245,0.09615249931812286,0.8900706166035136,0.8483695738749503,0.8256079027355623,0.1636119272676913,0.2849951597517367,0.3463852634314864,0.8546826977380088,0.09662523865699768,,,,,,,,,,,,,,,,,,,,,,,,,0.8609195153799166,0.27237550934350385,213.60626634338763,813.4331097713012,218.34250507961357,825.8237080077447,,,,,,,215.9743857115006,819.6284088895229,0.803129074315515,0.803129074315515,767.0,0.5273794002607562,0.2757496740547587,0.42215147614479065,456.0,463.0,,,,0.09639066940941671,0.8066201505161946,,,,,0.8067107200622559,,,,,0.8068564534187317,1508.0,0.7956426334151453,,,,,0.7928851246833801,,,,,0.7983269691467285,1508.0,,,,,,,,,,,,,,,,,,,,,,,,,,,,,,,,,,,,,0.80113139196567,1.8271,825.36,1.642,nllpch_sample_event_ranking,,0.8066970109939575,0.8062214255332947,0.7944262623786926,0.7942408919334412,nllpch_sample_event_ranking,L_PCH + L_rank + L_mul (paper)
hsa_synthetic__ours_nllpch_sample_event_ranking__s3,01_multievent_lmul,hsa_synthetic,3,ours,0.8827418253826711,0.8391227321938257,0.8165984270984505,0.19770254609069876,0.32266631653093475,0.40001347932883824,0.8461543282249825,0.10013072937726974,0.9154195426872722,0.8552313402288808,0.8169549434123425,0.16096083590898158,0.2843391128308869,0.35041373280540267,0.8625352754428318,0.0938647985458374,,,,,,,,,,,,,,,,,,,,,,,,,0.8543448018339072,0.28601600391595716,206.94775620138876,821.765253376295,218.1553977549501,854.459004863575,,,,,,,212.5515769781694,838.112129119935,0.8194070080862533,0.8194070080862533,742.0,0.5283018867924528,0.2911051212938005,0.4092281460762024,441.0,436.0,,,,0.0970156257940263,0.7983775208150117,,,,,0.7970743775367737,,,,,0.7981343865394592,1496.0,0.7953943824456408,,,,,0.7955061793327332,,,,,0.7981777191162109,1496.0,,,,,,,,,,,,,,,,,,,,,,,,,,,,,,,,,,,,,0.7968859516303262,2.0992,712.65,1.429,nllpch_sample_event_ranking,,0.7998292446136475,0.7990502715110779,0.798820436000824,0.7903876304626465,nllpch_sample_event_ranking,L_PCH + L_rank + L_mul (paper)
hsa_synthetic__ours_nllpch_sample_event_ranking__s4,01_multievent_lmul,hsa_synthetic,4,ours,0.8981561113213389,0.882780683654046,0.8523380643653993,0.22681953596861562,0.34572212040600037,0.4056918616602846,0.8777582864469281,0.10476104170084,0.940195313950466,0.8773942174641323,0.8430439076156646,0.17375123839461834,0.3294848695832461,0.44057827279787715,0.8868778130100875,0.09452146291732788,,,,,,,,,,,,,,,,,,,,,,,,,0.8823180497285078,0.32034131646844033,197.16891932246,823.4796006638055,199.4887636695314,864.8072412887301,,,,,,,198.3288414959957,844.1434209762679,0.8212290502793296,0.8212290502793296,716.0,0.5418994413407822,0.2793296089385474,0.38966867327690125,430.0,410.0,,,,0.0997631520565067,0.8235066493027433,,,,,0.8245818018913269,,,,,0.8243611454963684,1480.0,0.8114500753029901,,,,,0.8117157220840454,,,,,0.8117348551750183,1480.0,,,,,,,,,,,,,,,,,,,,,,,,,,,,,,,,,,,,,0.8174783623028666,1.8751,789.29,1.6,nllpch_sample_event_ranking,,0.8217863440513611,0.8222737312316895,0.8087820410728455,0.8117119073867798,nllpch_sample_event_ranking,L_PCH + L_rank + L_mul (paper)
hsa_synthetic__ours_nllpch_sample_ranking__s0,01_multievent_lmul,hsa_synthetic,0,ours,0.8867554492986421,0.8425573059931649,0.8159924256632629,0.18693229163355513,0.31559317291762207,0.41542491944500115,0.8484350603183567,0.0990312471985817,0.9026553868011483,0.8502586517776092,0.8269032881447886,0.18282782972131725,0.2987791928272462,0.3372071471309321,0.8599391089078487,0.10538290441036224,,,,,,,,,,,,,,,,,,,,,,,,,0.8541870846131028,0.28946075894594564,206.15358040568566,806.8584309344401,215.56873226385008,824.7314025218939,,,,,,,210.86115633476788,815.794916728167,0.7516425755584757,0.7516425755584757,761.0,0.5013140604467805,0.2503285151116952,0.36956992745399475,454.0,464.0,,,,0.1022416708873248,0.7936004079804027,,,,,0.7922918796539307,,,,,0.793791651725769,1503.0,0.797084342190975,,,,,0.7980575561523438,,,,,0.7970338463783264,1503.0,,,,,,,,,,,,,,,,,,,,,,,,,,,,,,,,,,,,,0.7953423750856887,2.0866,720.319,1.438,nllpch_sample_ranking,,0.793063759803772,0.7943511605262756,0.7958226203918457,0.7969201803207397,nllpch_sample_ranking,L_PCH + L_rank
hsa_synthetic__ours_nllpch_sample_ranking__s1,01_multievent_lmul,hsa_synthetic,1,ours,0.9009428267902844,0.8726539858089877,0.8506923441992909,0.2179557178101245,0.3448146646742383,0.4320356144658929,0.8747630522661876,0.10472410172224045,0.9256521860051173,0.855991159554964,0.8332848464105417,0.1656686095667263,0.2958519918272733,0.36920735231666835,0.8716427306568743,0.09361059963703156,,,,,,,,,,,,,,,,,,,,,,,,,0.8732028914615309,0.3042556584434873,196.72940018164255,806.8528602858161,210.914387834817,862.5201310440914,,,,,,,203.82189400822978,834.6864956649538,0.7438356164383562,0.7438356164383562,730.0,0.5465753424657535,0.1972602739726027,0.3491264879703522,440.0,419.0,,,,0.09930319674703378,0.8245742789607791,,,,,0.8213703632354736,,,,,0.8262056708335876,1475.0,0.8146153362691118,,,,,0.8146990537643433,,,,,0.8139726519584656,1475.0,,,,,,,,,,,,,,,,,,,,,,,,,,,,,,,,,,,,,0.8195948076149453,1.7054,864.878,1.759,nllpch_sample_ranking,,0.8257672190666199,0.8240805864334106,0.8163394927978516,0.8148631453514099,nllpch_sample_ranking,L_PCH + L_rank
hsa_synthetic__ours_nllpch_sample_ranking__s2,01_multievent_lmul,hsa_synthetic,2,ours,0.9126364778538691,0.86777701272699,0.8286619985887206,0.2083522411706152,0.34792566264232694,0.45045289407932404,0.8696918297231933,0.10679124295711517,0.9013951085084395,0.8609573874950219,0.8340532181517624,0.19685725933558734,0.3542703123348024,0.4715729155652565,0.8654685713850746,0.1096004843711853,,,,,,,,,,,,,,,,,,,,,,,,,0.867580200554134,0.33823854752131877,197.11984128926477,800.6033201986568,191.72722336120205,803.1252802486526,,,,,,,194.4235323252334,801.8643002236547,0.7966101694915254,0.7966101694915254,767.0,0.5273794002607562,0.26923076923076916,0.36818501353263855,456.0,463.0,,,,0.108206562624922,0.806622877389376,,,,,0.8111481070518494,,,,,0.8033239841461182,1508.0,0.8046778085561642,,,,,0.8035098910331726,,,,,0.8059236407279968,1508.0,,,,,,,,,,,,,,,,,,,,,,,,,,,,,,,,,,,,,0.8056503429727702,1.8179,829.534,1.65,nllpch_sample_ranking,,0.8075042963027954,0.8077922463417053,0.8034641742706299,0.8041666150093079,nllpch_sample_ranking,L_PCH + L_rank
hsa_synthetic__ours_nllpch_sample_ranking__s3,01_multievent_lmul,hsa_synthetic,3,ours,0.8819546513987713,0.8538466585741937,0.8240268873588715,0.18577726104244116,0.29319016623190014,0.3698285816583709,0.8532760657772789,0.09677497297525406,0.9080623595925044,0.8705106993350967,0.8352955133224191,0.16859521333722607,0.2994076760246099,0.37005624230213824,0.8712895240833402,0.09421870857477188,,,,,,,,,,,,,,,,,,,,,,,,,0.8622827949303096,0.2811425234327811,215.95490534066033,829.0893258077992,212.71770265398544,848.58346227654,,,,,,,214.3363039973229,838.8363940421696,0.8274932614555256,0.8274932614555256,742.0,0.5283018867924528,0.2991913746630728,0.3561457693576813,441.0,436.0,,,,0.09550412773168482,0.80685468742135,,,,,0.8067173361778259,,,,,0.8075621128082275,1496.0,0.8112593456810596,,,,,0.8151636719703674,,,,,0.8101500868797302,1496.0,,,,,,,,,,,,,,,,,,,,,,,,,,,,,,,,,,,,,0.8090570165512049,1.7388,860.387,1.725,nllpch_sample_ranking,,0.8035516142845154,0.8071281909942627,0.8154571652412415,0.808773934841156,nllpch_sample_ranking,L_PCH + L_rank
hsa_synthetic__ours_nllpch_sample_ranking__s4,01_multievent_lmul,hsa_synthetic,4,ours,0.9015962021397365,0.8803909336660428,0.8514152210735354,0.21826557042073624,0.31989440965976795,0.3654115600545444,0.8778007856264383,0.10056348890066147,0.9406483234933719,0.8797392760905979,0.8426189318122639,0.15758976190388813,0.28099046873449557,0.35157327481953776,0.8876688437987447,0.09100396186113358,,,,,,,,,,,,,,,,,,,,,,,,,0.8827348147125915,0.2822875075988283,204.66338813747578,829.4724845964097,217.9082263061198,881.7137973141208,,,,,,,211.28580722179777,855.5931409552652,0.8044692737430168,0.8044692737430168,716.0,0.5418994413407822,0.26256983240223464,0.3480514585971832,430.0,410.0,,,,0.09589752927422523,0.8230666917199769,,,,,0.8225201368331909,,,,,0.8236218094825745,1480.0,0.8092175823914922,,,,,0.8107588887214661,,,,,0.8081945180892944,1480.0,,,,,,,,,,,,,,,,,,,,,,,,,,,,,,,,,,,,,0.8161421370557347,1.7793,831.791,1.686,nllpch_sample_ranking,,0.8229541778564453,0.8227518796920776,0.8070921897888184,0.8102239966392517,nllpch_sample_ranking,L_PCH + L_rank
sim_base__coxph__s0,01_multievent_lmul,sim_base,0,coxph,0.7007518597196284,0.680179643327545,0.6587866238769579,0.11817009643633124,0.1865663367658121,0.21636537828708577,0.6799060423080437,0.17370060382974303,0.6843379287525533,0.6720909944739472,0.6523162683915731,0.12850306837832517,0.1977220916260799,0.2274393979973947,0.6695817305393579,0.1845548526672666,0.6829955633141989,0.6868267478936758,0.6731466771077009,0.12255709695757995,0.19334207328026512,0.2114838899343872,0.6809896627718586,0.1757943533907441,0.6911518630281188,0.6672680096665577,0.6568198014389424,0.12049452944869925,0.20020912371938168,0.20954304348798444,0.6717465580445396,0.17674889888535514,,,,,,,,,0.6755559984159499,0.17769967719327723,237.67570558156032,313.0779782144777,225.73175308205927,277.1647924764795,193.2980305494531,223.94075779733785,182.53981140150066,200.82397447555442,,,209.81132515364334,253.75187574096236,0.6435307987032125,0.6468935292601187,6786.0,0.5789861479516651,0.06454465075154736,,,,,,,,,,,,,,,,,,,,,,,,,,,,,,,,,,,,,,,,,,,,,,,,,,,,,,,,,,,,,,,,,,,,,,,,,,,,,,,Cox PH (cause-specific)
sim_base__coxph__s1,01_multievent_lmul,sim_base,1,coxph,0.6745227517801984,0.6517407832914339,0.6392451965414261,0.13471318560317905,0.2036100515109653,0.2278675784028521,0.6551695772043528,0.18873027183899882,0.684381360235272,0.6781631924354274,0.6622162447343367,0.12330431554541081,0.19160854629834906,0.21121153991048935,0.6749202658016786,0.17537480058474975,0.7048509889753647,0.6933591599444309,0.6763561587842818,0.11806301422310467,0.1872223971456143,0.20784329402446242,0.6915221025680257,0.17104290179772716,0.6960510536104204,0.6684601321945441,0.6637355611550436,0.11955138836292183,0.20233100758564265,0.20412204597978584,0.6760822489866695,0.17533481397611675,,,,,,,,,0.6744235486401816,0.17762069704939812,257.17731957385894,320.95105718609335,224.75760482476457,270.571827007842,189.07562518003573,221.97689283263134,186.7688601756239,200.69712494154527,,,214.4448524385708,253.54922549202803,0.6542689354012949,0.6581554677206851,6641.0,0.5893690709230538,0.06489986447824114,,,,,,,,,,,,,,,,,,,,,,,,,,,,,,,,,,,,,,,,,,,,,,,,,,,,,,,,,,,,,,,,,,,,,,,,,,,,,,,Cox PH (cause-specific)
sim_base__coxph__s2,01_multievent_lmul,sim_base,2,coxph,0.6777852669742412,0.6687358252377635,0.6467215760309938,0.11635417706150203,0.1951051962060201,0.21924819693630898,0.6644142227476663,0.17690252340127702,0.6793758561633659,0.6688330182884056,0.662753003061277,0.11966633430425837,0.19360925451436042,0.2114020953233918,0.6703206258376828,0.1748925613806702,0.7134554416006962,0.6949010441137518,0.6817148814041707,0.10999827023003383,0.19082822988486423,0.2011596859234617,0.6966904557062062,0.16732872867945325,0.7153626965399633,0.6761609244067704,0.6652286475869509,0.11296423443764612,0.19755083791030084,0.2032146857137846,0.6855840895112282,0.17124325268724383,,,,,,,,,0.6792523484506959,0.17259176653716107,257.31629345811126,322.0570865147914,232.5057311970328,276.06929075032696,191.00360435732267,216.32590547782854,176.49404187965672,196.31338115187222,,,214.32991772303086,252.6914159737048,0.6518081180811808,0.6553488372093023,6775.0,0.5778597785977859,0.07394833948339485,,,,,,,,,,,,,,,,,,,,,,,,,,,,,,,,,,,,,,,,,,,,,,,,,,,,,,,,,,,,,,,,,,,,,,,,,,,,,,,Cox PH (cause-specific)
sim_base__coxph__s3,01_multievent_lmul,sim_base,3,coxph,0.6842810829199801,0.6715692775411121,0.6538950658288991,0.12261982835230807,0.1954222688448416,0.2213579418771474,0.6699151420966638,0.17980001302476567,0.6884965553492435,0.67748824386352,0.6571797604916356,0.12281626536858538,0.189883615441552,0.22095634644654663,0.674388186568133,0.17788540908556136,0.6982053758200762,0.6741477085020309,0.664466534674142,0.1303797842895523,0.19639028847113346,0.2113677826556647,0.6789398729987496,0.1793792851387835,0.721668309641857,0.6982177283847588,0.6848567962319301,0.12723217748419727,0.19471025921609794,0.19810155768467225,0.7015809447528486,0.1733479981283225,,,,,,,,,0.6812060366040987,0.17760317634435827,243.04166724847957,307.71089134000215,215.8137953253936,268.55322414020037,197.87484461504786,222.41455626455544,174.31544483774263,188.8878118329241,,,207.7614380066659,246.8916208944205,0.637592867756315,0.6420278434462832,6730.0,0.5731054977711738,0.06448736998514115,,,,,,,,,,,,,,,,,,,,,,,,,,,,,,,,,,,,,,,,,,,,,,,,,,,,,,,,,,,,,,,,,,,,,,,,,,,,,,,Cox PH (cause-specific)
sim_base__coxph__s4,01_multievent_lmul,sim_base,4,coxph,0.6891602996957823,0.6796358487467206,0.6492009519770201,0.1189555524275218,0.1894669372657406,0.2240028451344015,0.672665700139841,0.17747511160922133,0.6881528016398186,0.6684223324511245,0.6577655246456781,0.12101707500441297,0.1873501466635765,0.21199609791132965,0.6714468862455404,0.17345443985977305,0.7249728937830069,0.6986372002286606,0.6813768577929437,0.11413752145261025,0.18506381354957552,0.19913081154681364,0.7016623172682036,0.16611071551633314,0.7373645952197644,0.6856167311189636,0.6752601722081515,0.11323332994849648,0.19394862699600832,0.20320159161765994,0.6994138328489599,0.17012784952072157,,,,,,,,,0.6862971841256362,0.17179202912651229,249.01932364187226,316.82917563897604,226.0211819119491,280.8651416071578,194.60961405287176,225.95782224466595,167.48438592187964,188.6672632790164,,,209.28362638214318,253.07985069245404,0.648578811369509,0.6517131474103586,6579.0,0.5797233622131023,0.06885544915640673,,,,,,,,,,,,,,,,,,,,,,,,,,,,,,,,,,,,,,,,,,,,,,,,,,,,,,,,,,,,,,,,,,,,,,,,,,,,,,,Cox PH (cause-specific)
sim_base__deephit_paper__s0,01_multievent_lmul,sim_base,0,deephit_paper,0.7294418281959322,0.7197614024413246,0.7038775997571678,0.13633526735226037,0.24709623235332864,0.33414727664439076,0.7176936101314748,0.3024236857891083,0.7262893677547179,0.7132755974449252,0.705258499088735,0.14114284749676095,0.24082711708240578,0.3128225712760438,0.7149411547627927,0.26358991861343384,0.7212009616348141,0.7159583618978366,0.705961615607595,0.13080697869787777,0.23095055606450818,0.29027635426642817,0.7143736463800819,0.2341747134923935,0.7338177164727263,0.714666076429527,0.6998977647759903,0.12847549470527234,0.22434621053594578,0.2834420324892758,0.7161271858927479,0.21826687455177307,,,,,,,,,0.7157838992917744,0.2250557449137082,648.8935058988544,546.8348449015423,570.012708284988,489.80635802037796,517.8095672584167,452.9595578246311,476.1497188024786,422.5964072995127,,,553.2163750611844,478.049292011516,0.6784556439728854,0.6876256767208043,6786.0,0.5789861479516651,0.09946949602122024,8.422680854797363,894.0,906.0,904.0,899.0,,0.25453652583358355,0.698249408053309,0.6909700632095337,0.6966647505760193,0.6999097466468811,0.7011615633964539,0.7004139423370361,0.6999215483665466,0.699104905128479,0.7013189792633057,0.6950334906578064,0.6950250267982483,1503.0,0.6959291186867465,0.6998163461685181,0.6970174908638,0.6967220902442932,0.694556713104248,0.6961329579353333,0.6960105895996094,0.6987210512161255,0.6981467604637146,0.6936676502227783,0.693640947341919,1503.0,0.6920343029836041,0.6909040808677673,0.6886866092681885,0.6929550170898438,0.6921103000640869,0.6933360695838928,0.6923184990882874,0.6944597363471985,0.694787323474884,0.689846932888031,0.6898403763771057,1503.0,0.6875682239166386,0.6465991735458374,0.6678211092948914,0.6735389232635498,0.681617021560669,0.6910622119903564,0.6880308985710144,0.6894145011901855,0.6901868581771851,0.6885983943939209,0.6885533332824707,1503.0,,,,,,,,,,,,,0.6934452634100746,17.711,84.863,0.169,,,,,,,,DeepHit
sim_base__deephit_paper__s1,01_multievent_lmul,sim_base,1,deephit_paper,0.7019246095506628,0.6910676864050912,0.684460139748075,0.1585548995924826,0.27141543225619996,0.35742299642006103,0.6924841452346097,0.32241132855415344,0.7290554764864956,0.7209557867923774,0.7086346063761378,0.1358053636527933,0.2467962981571373,0.3389012447054075,0.7195486232183369,0.2842054069042206,0.7231409099899384,0.7150307074686477,0.7009223593517764,0.13493840793613604,0.23840110967774142,0.3035775651102895,0.7130313256034541,0.24497905373573303,0.7263562808959567,0.6976382627645638,0.6940703552344493,0.13157501664325777,0.24693976718202357,0.28541697061118637,0.70602163296499,0.22798436880111694,,,,,,,,,0.7077714317553476,0.23747875599539303,671.610380824034,568.050189522513,610.0837261610596,525.7268439392953,550.8381190511936,474.8769500980374,493.410248532261,438.52911925779074,,,581.4856186421371,501.79577570440915,0.6730914018973047,0.6801844532279315,6641.0,0.5893690709230538,0.08372233097425086,8.661317825317383,902.0,897.0,861.0,879.0,,0.2704358558326025,0.6837793324357305,0.6810402274131775,0.682456374168396,0.680625855922699,0.6813300848007202,0.6827089190483093,0.6827405691146851,0.6855791211128235,0.6875545382499695,0.6842465996742249,0.6842510104179382,1475.0,0.7064165408375053,0.7048329710960388,0.705110490322113,0.7058330178260803,0.7067309021949768,0.7061488032341003,0.7060922384262085,0.7087836861610413,0.708882212638855,0.7048941254615784,0.7049040794372559,1475.0,0.6908027498688278,0.6827372312545776,0.6830844283103943,0.6898407936096191,0.6890745759010315,0.6894680261611938,0.6908227205276489,0.6939512491226196,0.6939194202423096,0.6899806261062622,0.6899943947792053,1475.0,0.6774896209407943,0.6665708422660828,0.6730263829231262,0.6767397522926331,0.6733387112617493,0.6777933835983276,0.681779146194458,0.6834083199501038,0.6829267144203186,0.6731125712394714,0.6731289625167847,1475.0,,,,,,,,,,,,,0.6896220610207144,12.9284,114.09,0.232,,,,,,,,DeepHit
sim_base__deephit_paper__s2,01_multievent_lmul,sim_base,2,deephit_paper,0.7178977426838107,0.7118545065821972,0.7000170319777996,0.13150002595385485,0.26098763868604913,0.3375776795122863,0.7099230937479358,0.3027164936065674,0.7220379450952236,0.7193411278488016,0.7178957053180892,0.1325893191128464,0.24479713068824738,0.31794745037718164,0.7197582594207047,0.27228400111198425,0.724188691288633,0.7120032373828563,0.6996251573957275,0.12022623848038669,0.24053427246139392,0.29436148249392646,0.7119390286890722,0.23918560147285461,0.732806433310253,0.6985162013847381,0.6921599605728616,0.12432741879659116,0.23642061510632573,0.28200101073292494,0.7078275317559508,0.22288654744625092,,,,,,,,,0.7123619784034159,0.2269391902001679,637.7032664724802,545.4386980595671,588.541954580906,505.65778230703364,522.2001326940789,455.623823103255,480.6194317520878,427.99116990499635,,,557.2661963748882,483.67786834371304,0.6892988929889299,0.695297157622739,6775.0,0.5778597785977859,0.11143911439114396,8.356730461120605,922.0,907.0,899.0,894.0,,0.25962303292514344,0.6867477990700568,0.6861180067062378,0.6892377734184265,0.6866711974143982,0.6884673237800598,0.6862068772315979,0.6902363300323486,0.6891641616821289,0.6892692446708679,0.6826463937759399,0.6826441884040833,1508.0,0.7095016927765696,0.700659453868866,0.7096372246742249,0.7107034921646118,0.7106069922447205,0.7138644456863403,0.7117177844047546,0.7112588286399841,0.7104244828224182,0.7063843011856079,0.7063279151916504,1508.0,0.6946651532749668,0.7000642418861389,0.6982693672180176,0.696368932723999,0.6978057026863098,0.6962380409240723,0.6970791220664978,0.6922833919525146,0.6964520812034607,0.692651093006134,0.6926627159118652,1508.0,0.6792897777783676,0.649141788482666,0.6610152125358582,0.6773444414138794,0.673797607421875,0.6790791153907776,0.6831808090209961,0.6778238415718079,0.6855297088623047,0.6785879135131836,0.6785043478012085,1508.0,,,,,,,,,,,,,0.6925511057249902,14.1905,106.268,0.211,,,,,,,,DeepHit
sim_base__deephit_paper__s3,01_multievent_lmul,sim_base,3,deephit_paper,0.7173643584299129,0.7254203402728631,0.7160058890164471,0.1416916659114352,0.262295462411806,0.35154337338810204,0.7195968625730744,0.31849563121795654,0.7194930802816389,0.7213301192629437,0.7015260316837024,0.13228702193619882,0.23020503185402033,0.3010488082401721,0.7141164104094283,0.2614886164665222,0.7120299250731967,0.6950571828586616,0.6886038661523581,0.1424702547777752,0.2329949033908325,0.29697045557105745,0.6985636580280721,0.24109502136707306,0.7354711908614857,0.7183174145117288,0.7083495003426056,0.14391139706524683,0.24189049298950654,0.2837258908971595,0.7207127019052734,0.22638879716396332,,,,,,,,,0.713247408228962,0.23008622986944272,665.8791998608472,564.7626443809177,577.5093755154168,494.273477490739,525.5017811105511,463.96792623542603,474.3394438481742,424.61252313876025,,,560.8074500837473,486.90414281146076,0.6686478454680534,0.67478329393223,6730.0,0.5731054977711738,0.09554234769687964,8.662702560424805,918.0,887.0,917.0,915.0,,0.2619052175591206,0.7015044637649929,0.6937429308891296,0.6999450325965881,0.7018253207206726,0.6983121037483215,0.7013646960258484,0.70353102684021,0.705300509929657,0.7037650942802429,0.7003836631774902,0.7001951932907104,1496.0,0.697764949960675,0.6939480304718018,0.6947475075721741,0.6965668797492981,0.6974685788154602,0.6978117227554321,0.6988593935966492,0.6982851028442383,0.6992403268814087,0.697460412979126,0.697357714176178,1496.0,0.6851294956253771,0.67912358045578,0.6835811138153076,0.6851126551628113,0.6816617846488953,0.6834180355072021,0.6849015951156616,0.6855412721633911,0.6852000951766968,0.6863171458244324,0.6863171458244324,1496.0,0.6899335944892133,0.6619778871536255,0.6701145768165588,0.677001416683197,0.6882026791572571,0.693354606628418,0.6918280124664307,0.6953945755958557,0.6967675685882568,0.6870851516723633,0.6870260834693909,1496.0,,,,,,,,,,,,,0.6935831259600647,15.5529,96.188,0.193,,,,,,,,DeepHit
sim_base__deephit_paper__s4,01_multievent_lmul,sim_base,4,deephit_paper,0.7143352788492165,0.7022469899458219,0.6802537331534556,0.13844259997651984,0.26083065054604326,0.34412282563355906,0.6989453339828313,0.3164721131324768,0.7426121014546228,0.724387086088507,0.7058968575832958,0.13572546164060714,0.23620257769271463,0.31456148966207703,0.7242986817088086,0.26741859316825867,0.7214968081930129,0.7080840060473752,0.6944645548105381,0.13021389613330667,0.24377080338094537,0.30138967559996277,0.7080151230169754,0.24703504145145416,0.7517127624252388,0.7083697999867207,0.6946481119579366,0.12525277406229338,0.23235727295038264,0.2843288537036645,0.7182435581232988,0.22325865924358368,,,,,,,,,0.7123756742079785,0.22893324008183968,675.5352417303993,568.8481948137786,600.263857400417,505.35292482292226,537.9460110395343,470.1740359931407,484.05603546687024,431.9942412349538,,,574.4502864093051,494.09234921619884,0.6806505547955617,0.6869057104913678,6579.0,0.5797233622131023,0.10092719258245941,8.348546981811523,895.0,847.0,879.0,885.0,,0.26368334413390804,0.6772153919920724,0.6773768067359924,0.6798945069313049,0.6827929019927979,0.6789140105247498,0.6812630891799927,0.6750872731208801,0.6748437881469727,0.6724159717559814,0.6773918867111206,0.677381694316864,1480.0,0.7000351596814248,0.6974244117736816,0.699865460395813,0.7014486789703369,0.702223539352417,0.7022772431373596,0.6999872326850891,0.7004581689834595,0.7012959718704224,0.6981333494186401,0.6981070041656494,1480.0,0.6813033383651969,0.6650840044021606,0.6736384034156799,0.6748195886611938,0.6776387691497803,0.6802849769592285,0.6817337274551392,0.6827008724212646,0.6849880218505859,0.6818488836288452,0.6818394660949707,1480.0,0.6876856027362503,0.6736698746681213,0.6694871187210083,0.6716194748878479,0.6805185079574585,0.6872506141662598,0.6862916946411133,0.6889216303825378,0.6866439580917358,0.6912214159965515,0.6912053823471069,1480.0,,,,,,,,,,,,,0.6865598731937361,12.4839,118.552,0.24,,,,,,,,DeepHit
sim_base__dsm_paper__s0,01_multievent_lmul,sim_base,0,dsm_paper,0.734417895766335,0.7098387966349334,0.6942798593889462,0.11476117554756127,0.18213060069924042,0.2055268270568792,0.7128455172634048,0.18698780238628387,0.722696405845432,0.713667248761731,0.7025399127296706,0.12486680988032114,0.1876919282083096,0.20692719746059401,0.7129678557789446,0.17839081585407257,0.7037031761061361,0.7029807894664631,0.6921538603111133,0.12243093056243001,0.19266084013042176,0.2010448517600272,0.6996126086279042,0.17003720998764038,0.7220173909670741,0.7059890099681952,0.69527610619413,0.11603345060336002,0.1892503981550661,0.19627656237932875,0.7077608357097999,0.15850085020065308,,,,,,,,,0.7082967043450134,0.1699667977036283,181.76637515775707,278.1120146542995,176.4330975845921,241.92422078120737,165.55652085818733,207.691595003273,150.06426046507224,177.11357054488101,,,168.4550635164022,226.2103502459152,0.6643088712054229,0.6726733694251096,6786.0,0.5789861479516651,0.08532272325375778,9.652276039123535,894.0,906.0,904.0,899.0,,0.17346518919132434,0.6925332858361649,0.6927709579467773,0.6929032206535339,0.6929336190223694,0.6929362416267395,0.6929419636726379,0.6929258704185486,0.6927551627159119,0.6926456093788147,0.6923474669456482,0.6912953853607178,1503.0,0.6969589048433377,0.6932908296585083,0.6951122283935547,0.6963586211204529,0.6967950463294983,0.6970595717430115,0.6973232626914978,0.6976768970489502,0.6981253027915955,0.6978365182876587,0.6954889297485352,1503.0,0.6799445704231203,0.6790651679039001,0.6805403232574463,0.6812154650688171,0.6817724108695984,0.6821060180664062,0.6823281645774841,0.6820113062858582,0.681429386138916,0.6799789667129517,0.6742947101593018,1503.0,0.6890156891330917,0.6812330484390259,0.6848019361495972,0.6866723895072937,0.6876716613769531,0.6884586215019226,0.68916255235672,0.689810037612915,0.6899768114089966,0.6899542212486267,0.688357949256897,1503.0,,,,,,,,,,,,,0.6896131125589285,13.5631,110.815,0.221,,,,,,,,DSM
sim_base__dsm_paper__s1,01_multievent_lmul,sim_base,1,dsm_paper,0.7074258103751593,0.6950673942248108,0.6852477888480406,0.12758343254862872,0.191842509245118,0.20916068016730152,0.6959136644826702,0.1850576102733612,0.7272738995313849,0.7176539758635885,0.706428274405127,0.11819381993428739,0.18086025883652992,0.1898846303099,0.7171187166000333,0.17036296427249908,0.7204303421048024,0.7149443435030576,0.7002492107282856,0.11775336037464808,0.18144698809097998,0.19820143481132427,0.7118746321120485,0.1680743545293808,0.7192941535541059,0.7034545870656366,0.7048230075122144,0.1172861185944101,0.1916220947062871,0.19125323981983264,0.7091905827106523,0.16080445051193237,,,,,,,,,0.708524398976351,0.16792404728660398,208.51218649409932,285.9066554727131,179.57461983088828,233.98830624146677,180.18477282363176,214.33952556909,165.2153468245813,182.4646178853822,,,183.37173149330016,229.17477629216302,0.6703809667218792,0.6763636363636364,6641.0,0.5893690709230538,0.0810118957988254,9.594489097595215,902.0,897.0,861.0,879.0,,0.17117735932997707,0.6883946686953336,0.6871501803398132,0.6877819299697876,0.688055694103241,0.6883417367935181,0.6884846687316895,0.6885896325111389,0.6886652112007141,0.6887218952178955,0.6888097524642944,0.6880266070365906,1475.0,0.7044576861286478,0.7029569149017334,0.7042290568351746,0.7048302292823792,0.7051085829734802,0.7052038908004761,0.7050935626029968,0.7051303386688232,0.7052553296089172,0.7047232985496521,0.7020568251609802,1475.0,0.6925490280929731,0.6922293305397034,0.6929991245269775,0.6933274865150452,0.6933884024620056,0.6933539509773254,0.693152904510498,0.6930540800094604,0.6930588483810425,0.6928589344024658,0.6904065012931824,1475.0,0.6849144503124269,0.6577965021133423,0.6653962731361389,0.670403778553009,0.6741362810134888,0.6776373982429504,0.6811620593070984,0.6846824288368225,0.6883046627044678,0.6908153891563416,0.6890928745269775,1475.0,,,,,,,,,,,,,0.6925789583073453,13.0936,112.65,0.229,,,,,,,,DSM
sim_base__dsm_paper__s2,01_multievent_lmul,sim_base,2,dsm_paper,0.7173642223082421,0.7199082853341355,0.6967769280473806,0.11129263649481026,0.18374317173492166,0.20388706450314376,0.7113498118965861,0.18904629349708557,0.719220682689929,0.7143414810861053,0.7137221743193942,0.1161672811556683,0.1832659687731173,0.19070536703119978,0.7157614460318095,0.16942355036735535,0.7128337728029674,0.7089124785783291,0.701595297571108,0.11241427112204805,0.1877681672495371,0.19182989606234194,0.7077805163174681,0.16513191163539886,0.7270901933431655,0.6926644122408262,0.6889103680982431,0.10939961485806741,0.19615959651340997,0.19673648904362728,0.7028883245607448,0.16252639889717102,,,,,,,,,0.709445024701652,0.16528079371182441,217.45925279020926,289.85487156380117,183.1497550681822,236.18466829415772,181.74507498117686,207.5505465952371,162.73726605518635,183.75507935490677,,,186.27283722368867,229.33629145202568,0.6659778597785978,0.6707751937984496,6775.0,0.5778597785977859,0.08811808118081188,9.634634971618652,922.0,907.0,899.0,894.0,,0.1716510303594143,0.6842759939141531,0.6834684014320374,0.6842066049575806,0.684554934501648,0.6847521066665649,0.6846386194229126,0.684552013874054,0.6846489906311035,0.6846950054168701,0.6847068667411804,0.6825826168060303,1508.0,0.7073362790814443,0.7044199705123901,0.7056642174720764,0.7064903378486633,0.7068613767623901,0.7073142528533936,0.7073955535888672,0.7076992988586426,0.7079015374183655,0.7083513736724854,0.7067896723747253,1508.0,0.6931479732088933,0.6920628547668457,0.6931853890419006,0.6937136054039001,0.6942258477210999,0.6946429014205933,0.694810688495636,0.6949999928474426,0.6951131820678711,0.6948456764221191,0.6869246363639832,1508.0,0.680407721995736,0.6665259599685669,0.6717318296432495,0.6749473214149475,0.6769610047340393,0.6788316965103149,0.6803305149078369,0.6819279193878174,0.6832405924797058,0.6845576763153076,0.6772738695144653,1508.0,,,,,,,,,,,,,0.6912919920500566,15.0052,100.499,0.2,,,,,,,,DSM
sim_base__dsm_paper__s3,01_multievent_lmul,sim_base,3,dsm_paper,0.7365513870833644,0.7320935062864624,0.7184230630994297,0.11583017841176348,0.17927673351599943,0.19796809155331407,0.7290226521564188,0.18115463852882385,0.7250495049900669,0.72080078610092,0.7013358153997696,0.11840072590434873,0.1757800195475019,0.20380437058449555,0.7157287021635855,0.1758410483598709,0.7114217753584507,0.6946445609811466,0.6868933646364888,0.12810979479725626,0.19165499951651674,0.2045163341196356,0.6976532336586954,0.174146831035614,0.7430669330305506,0.7260262789452091,0.7131857330092075,0.1212624699457823,0.182127170384253,0.18684870908828016,0.727426314994989,0.15708628296852112,,,,,,,,,0.7174577257434221,0.1671316331140956,232.16338193312183,285.00874434135744,203.74036878521778,247.6280311499554,202.8237933972836,220.27989512827006,160.72336423345857,177.46703501895524,,,199.86272708727046,232.59592640963453,0.6661218424962853,0.6716837404780667,6730.0,0.5731054977711738,0.09301634472511144,9.69745922088623,918.0,887.0,917.0,915.0,,0.17203672285964275,0.7072157878233608,0.6994535326957703,0.702364981174469,0.7040141224861145,0.7053545117378235,0.7062460780143738,0.7069849967956543,0.7076582312583923,0.7086038589477539,0.7095945477485657,0.7102580070495605,1496.0,0.695653478016487,0.6935386061668396,0.6945556998252869,0.69516521692276,0.6953975558280945,0.695589005947113,0.6958462595939636,0.6961225867271423,0.6963485479354858,0.6965317726135254,0.6945919394493103,1496.0,0.68238330084996,0.6789871454238892,0.6807396411895752,0.6817424297332764,0.6826040148735046,0.6831533908843994,0.6836175918579102,0.6839491128921509,0.6844009757041931,0.6848116517066956,0.6771619319915771,1496.0,0.6977689008041958,0.6713462471961975,0.6820425987243652,0.6878671050071716,0.691799521446228,0.6949067711830139,0.6973126530647278,0.6996483206748962,0.7010319232940674,0.7024100422859192,0.6970086097717285,1496.0,,,,,,,,,,,,,0.6957553668735009,13.2752,112.692,0.226,,,,,,,,DSM
sim_base__dsm_paper__s4,01_multievent_lmul,sim_base,4,dsm_paper,0.717785437269297,0.7077684261346125,0.6920690693962871,0.11415792772804634,0.18376451961309306,0.21119894501189365,0.7058743109333988,0.18894171714782715,0.731853676352892,0.7164233330177824,0.7107469041915998,0.11623325500355004,0.17553980736691613,0.19203097953004894,0.7196746378540914,0.1743357926607132,0.731242161306606,0.7155959776380845,0.6993226119008584,0.11453780433582725,0.18252831662863633,0.19288180920657697,0.7153869169485163,0.16771551966667175,0.7547400424923619,0.7132504880076121,0.7066484010208778,0.1060251672125461,0.18725469495249006,0.19361610099714285,0.7248796438402839,0.15633627772331238,,,,,,,,,0.7164538773940725,0.16414744396556397,202.34241953328782,281.8304149262232,180.98891595876654,244.81155877309408,173.3606833086668,211.3573089515135,146.17080260718228,172.47266917651706,,,175.71570535197586,227.61798795683694,0.6727466180270558,0.6777689243027889,6579.0,0.5797233622131023,0.09302325581395354,9.516473770141602,895.0,847.0,879.0,885.0,,0.17186103844924852,0.6856064242976053,0.6837179660797119,0.6847277283668518,0.6852809190750122,0.6858484745025635,0.6860530972480774,0.6861526966094971,0.6863691806793213,0.6864067316055298,0.6864053010940552,0.6836452484130859,1480.0,0.7003739354226877,0.6946595311164856,0.6965696215629578,0.6977892518043518,0.6987316608428955,0.6991080045700073,0.699522852897644,0.7002494931221008,0.700850784778595,0.701538622379303,0.7033562660217285,1480.0,0.6883648279062092,0.685254693031311,0.686730682849884,0.687680184841156,0.6884163022041321,0.688723087310791,0.6890482306480408,0.6892473101615906,0.6893354058265686,0.6890817880630493,0.6863898038864136,1480.0,0.6923769786184313,0.6645833253860474,0.6738990545272827,0.6801549792289734,0.6846030950546265,0.6887370347976685,0.6922311782836914,0.6949719786643982,0.6966081261634827,0.6975715756416321,0.6900528073310852,1480.0,,,,,,,,,,,,,0.6916805415612334,14.4295,102.567,0.208,,,,,,,,DSM
sim_base__mensa_paper__s0,01_multievent_lmul,sim_base,0,mensa_paper,0.7067923916029604,0.7081837824050784,0.6976307020633162,0.11539191383126587,0.17895436885128602,0.19997160147621268,0.704202292023785,0.18401876091957092,0.7266505669992844,0.7183140527139792,0.707700664373531,0.12291073005501454,0.18423370067274358,0.20225031097517443,0.7175550946955981,0.17355097830295563,0.7098340152139614,0.7032187590056527,0.6961738820795369,0.12050641527098623,0.19023906740061144,0.20046715218283867,0.7030755520997171,0.16844746470451355,0.7329118905544807,0.7145725722745028,0.6968091511952085,0.11503429934259746,0.18542407584928466,0.19836856547664614,0.7147645380080639,0.1580522060394287,,,,,,,,,0.7098993692067911,0.16781268344872183,195.09987908953983,278.72837079134047,179.6511465303376,237.41736445346686,188.89654969809885,214.5481402877054,155.77155754305466,178.4551215810933,,,179.85478321525773,227.2872492784015,0.6685823754789272,0.6761794276875484,6786.0,0.5789861479516651,0.08959622752726204,16.070791244506836,894.0,906.0,904.0,899.0,,0.17100066609128528,0.6852193078321819,0.6746490597724915,0.6822790503501892,0.6847130656242371,0.6863642930984497,0.6875404715538025,0.6883323788642883,0.6885403990745544,0.6878446936607361,0.6868569254875183,0.6779406666755676,1503.0,0.7006893683188032,0.6921952366828918,0.6995309591293335,0.7019833326339722,0.7026070356369019,0.7032685875892639,0.7040412425994873,0.7048950791358948,0.7043759822845459,0.7035531401634216,0.6882191300392151,1503.0,0.6840933944516595,0.6784499883651733,0.6834238171577454,0.6846573948860168,0.6852162480354309,0.6846581697463989,0.6849350929260254,0.6857650876045227,0.6868066787719727,0.686866819858551,0.6776171922683716,1503.0,0.681628639962745,0.6491525769233704,0.6691129207611084,0.676411509513855,0.6803449392318726,0.6852874159812927,0.6887701749801636,0.6888245940208435,0.6887434124946594,0.6869848370552063,0.6655600666999817,1503.0,,,,,,,,,,,,,0.6879076776413474,15.7921,95.174,0.19,,,,,,,,MENSA
sim_base__mensa_paper__s1,01_multievent_lmul,sim_base,1,mensa_paper,0.6608220712029892,0.6426540268565623,0.6325497450732895,0.140960734844842,0.20909060673951732,0.23000728858770994,0.645341947710947,0.21303392946720123,0.70162663499916,0.6940603880019327,0.6724300856944864,0.1401032809275962,0.21507515642979178,0.2248960919533547,0.6893723695651931,0.20707543194293976,0.6973768014501764,0.6942565365841254,0.672427634146314,0.1252253989201731,0.20298596467403518,0.21805782158479037,0.6880203240602053,0.18582771718502045,0.6226428632080816,0.6327494834726682,0.6394680473438156,0.13054343921414047,0.22149983355091896,0.2303258392334172,0.6316201313415218,0.18877042829990387,,,,,,,,,0.6635886931694668,0.1907309547216906,256.50892015155705,338.9875890857858,161.65057808156973,252.0583632859194,212.55206250560818,243.77753242749208,218.47918820763383,226.5868025058544,,,212.2976872365922,265.35257182626293,0.5764192139737991,0.5786297760210803,6641.0,0.5893690709230538,-0.012949856949254657,16.445140838623047,902.0,897.0,861.0,879.0,,0.19887825312352375,0.6258373704506007,0.6135147213935852,0.6227390766143799,0.6271047592163086,0.6284027099609375,0.6285068392753601,0.6283156871795654,0.6278756856918335,0.6277208924293518,0.6276257634162903,0.6192651391029358,1475.0,0.6547391632048456,0.6634625792503357,0.6675119400024414,0.6681210994720459,0.6676868200302124,0.6669114232063293,0.6657577753067017,0.6645091772079468,0.6631865501403809,0.6606305837631226,0.6077051758766174,1475.0,0.6567334786919752,0.5595148205757141,0.5995579361915588,0.6340920925140381,0.6541879773139954,0.6637800335884094,0.6685628294944763,0.6690534353256226,0.6665999293327332,0.6616649031639099,0.6476768851280212,1475.0,0.6148549165360271,0.4268818795681,0.4808303713798523,0.5766216516494751,0.6090312004089355,0.6207322478294373,0.6237347722053528,0.62693852186203,0.6251115798950195,0.6182878017425537,0.6125504970550537,1475.0,,,,,,,,,,,,,0.6380412322208622,13.5506,108.851,0.221,,,,,,,,MENSA
sim_base__mensa_paper__s2,01_multievent_lmul,sim_base,2,mensa_paper,0.7095544834272388,0.7109359799949714,0.6934093794556105,0.11324702527015242,0.18536721311020488,0.20549831266894186,0.7046332809592736,0.18849818408489227,0.7145555985970715,0.7151685574070397,0.7140679396320687,0.11683198845884432,0.18257181865998304,0.1840083855668346,0.71459736521206,0.16847331821918488,0.7218487143522125,0.7086472964362643,0.6999603562841875,0.10794499141699142,0.18835898327792866,0.19682335165772716,0.7101521223575548,0.1671091914176941,0.7272544150340372,0.6920972754719547,0.6840227406167738,0.10804343760335554,0.19284496556608663,0.19754505288335888,0.7011248103742552,0.16235551238059998,,,,,,,,,0.7076268947257859,0.16492379384503414,245.45380201741344,298.99469962982334,189.27719064255803,239.39740383855937,194.8169150368224,213.72914221448463,159.9349152597687,183.01533520751454,,,197.37070573914062,233.78414522259547,0.6766051660516605,0.6828940568475452,6775.0,0.5778597785977859,0.09874538745387462,16.04772186279297,922.0,907.0,899.0,894.0,,0.1717221470192807,0.6793934239502564,0.6715315580368042,0.6759827136993408,0.6785331964492798,0.6796687245368958,0.6799852252006531,0.6802664399147034,0.6803280711174011,0.6803202033042908,0.6802500486373901,0.6790581345558167,1508.0,0.699444953793882,0.6899110078811646,0.6953321099281311,0.6982451677322388,0.7002272009849548,0.7011626362800598,0.7014005780220032,0.7012228965759277,0.7005400657653809,0.7002432346343994,0.6961244940757751,1508.0,0.691666458907235,0.6694092750549316,0.6833367347717285,0.6873513460159302,0.6892229914665222,0.690390944480896,0.6915032863616943,0.692188024520874,0.6930535435676575,0.694973349571228,0.6914371848106384,1508.0,0.6735734371102324,0.6420704126358032,0.6590147018432617,0.6680718660354614,0.6727344393730164,0.6746859550476074,0.6755658984184265,0.6758747696876526,0.6753303408622742,0.6757331490516663,0.6709219813346863,1508.0,,,,,,,,,,,,,0.6860195684404015,12.4722,120.909,0.241,,,,,,,,MENSA
sim_base__mensa_paper__s3,01_multievent_lmul,sim_base,3,mensa_paper,0.7283368095347471,0.7274977926784829,0.7139943967410702,0.11886422786543925,0.18262415183394254,0.19982172222673314,0.7232763329847668,0.18486177921295166,0.7314109965609364,0.7208983197263862,0.7010699208480624,0.11645286671298717,0.17836067172278602,0.20547540880893306,0.7177930790451285,0.1772986650466919,0.7047509951776708,0.6819311707998934,0.6721117272008518,0.1305951919808284,0.19708870639688492,0.2123074198906507,0.6862646310594719,0.17995166778564453,0.7270891995331946,0.7171730203388613,0.7076633968599675,0.12342773812421749,0.18597136565221806,0.19075311072184395,0.7173085389106744,0.15938858687877655,,,,,,,,,0.7111606455000103,0.1701452151614554,244.8943758652942,292.9883907749422,215.0968593395115,251.26909613989372,223.92999626380558,234.43316384213506,172.33472686040736,184.32998136901963,,,214.06398958225466,240.75515803149764,0.6618127786032689,0.6685316522195955,6730.0,0.5731054977711738,0.08870728083209511,16.25837516784668,918.0,887.0,917.0,915.0,,0.17537070815711353,0.6969723550656985,0.6777074337005615,0.686958909034729,0.6917014122009277,0.6938504576683044,0.6955372095108032,0.6970877647399902,0.6987358331680298,0.7002152800559998,0.7019070386886597,0.7011317610740662,1496.0,0.6912716381999205,0.6834251284599304,0.6878760457038879,0.6908718943595886,0.6928257346153259,0.694362998008728,0.6943134665489197,0.693286657333374,0.6926626563072205,0.6921474933624268,0.6853153109550476,1496.0,0.6650486009221681,0.6291196346282959,0.6521610617637634,0.6633708477020264,0.6688757538795471,0.6707919836044312,0.6713816523551941,0.6710606813430786,0.670570433139801,0.6714152097702026,0.6483160257339478,1496.0,0.6816877521441973,0.5828220248222351,0.6207854151725769,0.6447530388832092,0.6620743870735168,0.6757732629776001,0.6854754686355591,0.6896415948867798,0.6932767033576965,0.6959962248802185,0.6762624979019165,1496.0,,,,,,,,,,,,,0.6837450865829962,12.1741,122.883,0.246,,,,,,,,MENSA
sim_base__mensa_paper__s4,01_multievent_lmul,sim_base,4,mensa_paper,0.710572523683847,0.709445706267305,0.6885868284795514,0.11557020545140305,0.183730175542843,0.211307697827136,0.7028683528102345,0.18790791928768158,0.7183459275670998,0.7076703506715953,0.7019787077187043,0.11615957311301416,0.17561685898403748,0.19625474240428234,0.7093316619857998,0.17762258648872375,0.731513026589024,0.7149202414407446,0.7024065951506214,0.1136027252484722,0.18116183575661288,0.1887861937617273,0.7162799543934634,0.16530095040798187,0.7537763638337978,0.7104227024962674,0.699648692571155,0.10748281782274796,0.18768285329540416,0.19764970594274345,0.7212825863004068,0.15887953341007233,,,,,,,,,0.7124406388724761,0.16458378209586866,210.64851836643328,283.72320878909136,189.47468459244672,248.6226406250507,179.39073701225584,213.18846500948274,163.5510613394823,180.44722595432347,,,185.76625032765455,231.4953850944871,0.6593707250341997,0.6649667994687914,6579.0,0.5797233622131023,0.07964736282109741,15.958171844482422,895.0,847.0,879.0,885.0,,0.17242779263974733,0.6838552998531018,0.6767533421516418,0.6829321980476379,0.685203492641449,0.686399519443512,0.6846548914909363,0.6850225329399109,0.684996485710144,0.6841530203819275,0.6843783259391785,0.6806666851043701,1480.0,0.6868323007109034,0.6696825623512268,0.6799633502960205,0.6828431487083435,0.6840704679489136,0.6867141127586365,0.6890684366226196,0.6902991533279419,0.6912872791290283,0.6928601264953613,0.6798685789108276,1480.0,0.6822303537037377,0.6594784259796143,0.6736524701118469,0.676624059677124,0.6798032522201538,0.6852505207061768,0.6882054805755615,0.6891952157020569,0.6875653862953186,0.6871963739395142,0.6689308285713196,1480.0,0.6823409511224425,0.6470691561698914,0.6664738655090332,0.6770654320716858,0.6829004883766174,0.6819339990615845,0.6838085055351257,0.6854204535484314,0.688305139541626,0.6906543970108032,0.6705465912818909,1480.0,,,,,,,,,,,,,0.6838147263475464,14.2551,103.822,0.21,,,,,,,,MENSA
sim_base__oracle__s0,01_multievent_lmul,sim_base,0,oracle,0.7507165692824461,0.7360182479357089,0.7199634732972537,0.10937161704286823,0.16668745143808855,0.18940577423870525,0.7355660968384696,0.15515494757322068,0.7401846724539095,0.7389918926546921,0.731483422782356,0.1197081283860281,0.17348844742707553,0.18382039513777498,0.7368866626303192,0.1590056569836262,0.7296327487943277,0.7289295392262405,0.7166878814060303,0.11652578822491377,0.1766255157073592,0.18880412514962694,0.7250833898088662,0.16065180969396664,0.750223701472113,0.7373983188131605,0.7238439834773357,0.1086893001088255,0.17189280706057405,0.1823627635797538,0.7371553345875363,0.15431495691638444,,,,,,,,,0.7336728709662979,0.1572818427917995,203.20168779739245,263.5968743460619,183.48220669229735,226.43053964917428,170.4445438826232,201.39024506848045,155.35250908165057,170.4089664721378,,,178.1202368634909,215.4566563839636,0.6926024167403477,0.7023201856148492,6786.0,0.5789861479516651,0.11361626878868258,,,,,,,,,,,,,,,,,,,,,,,,,,,,,,,,,,,,,,,,,,,,,,,,,,,,,,,,,,,,,,,,,,,,,,,,,,,,,,,Oracle (true CIF)
sim_base__oracle__s1,01_multievent_lmul,sim_base,1,oracle,0.737063356511255,0.72222604047712,0.7081686205712272,0.12389647791272,0.18163813744838714,0.1975558763797382,0.7224860058532009,0.1676968305802818,0.7317781237305331,0.7353606543322939,0.7274900515804728,0.11680034558224393,0.16860762222115233,0.18027752944828998,0.7315429432144332,0.15522849908389544,0.7429419475865721,0.7440342016959244,0.7314075507089043,0.11407211662996149,0.16780911470632862,0.17944355549862165,0.7394612333304669,0.15377492894497058,0.7422452192647877,0.7183785108009175,0.7180430480594445,0.1107994153017455,0.18490301621451474,0.17945450971957,0.7262222593750499,0.15838564707861008,,,,,,,,,0.7299281104432876,0.15877147642193948,214.2398742458003,270.94523998805556,182.81995695977642,223.2000085541969,171.00055205515105,197.8437204785559,164.64241809516923,176.99153413482927,,,183.17570033897425,217.2451257889094,0.6967324198162927,0.7034782608695653,6641.0,0.5893690709230538,0.10736334889323895,,,,,,,,,,,,,,,,,,,,,,,,,,,,,,,,,,,,,,,,,,,,,,,,,,,,,,,,,,,,,,,,,,,,,,,,,,,,,,,Oracle (true CIF)
sim_base__oracle__s2,01_multievent_lmul,sim_base,2,oracle,0.7314555228056955,0.7366547968755648,0.7215619048485687,0.10942474984974393,0.17351228377414368,0.1868596468844505,0.729890741509943,0.15659889350277936,0.7520485072266467,0.7434722366600984,0.7419140393193182,0.11102998335245237,0.17090423042212996,0.17251313724378226,0.745811594402021,0.15148245033945487,0.7506144285596902,0.747295321120928,0.7370887141336345,0.10542281265528726,0.1707744042325445,0.17108546348282289,0.7449994879380842,0.14909422679021822,0.7480425402754182,0.7242864021724388,0.7205123536362376,0.10321903155363847,0.17885674403733218,0.17905383722650128,0.7309470986946982,0.1537098709391573,,,,,,,,,0.7379122306361866,0.15272136039290243,217.3870433372818,268.90134697440226,184.62668815973262,221.83838363400554,161.95722747248996,187.97897517776826,158.4883734571318,172.47911519116505,,,180.61483310665903,212.7994552443353,0.7068634686346863,0.7145994832041344,6775.0,0.5778597785977859,0.12900369003690038,,,,,,,,,,,,,,,,,,,,,,,,,,,,,,,,,,,,,,,,,,,,,,,,,,,,,,,,,,,,,,,,,,,,,,,,,,,,,,,Oracle (true CIF)
sim_base__oracle__s3,01_multievent_lmul,sim_base,3,oracle,0.76862977300525,0.7554922874868387,0.74149116676314,0.11018635767269527,0.1669779522477469,0.1820543934802932,0.7552044090850764,0.15307290113357844,0.7500570509543075,0.7446722310473545,0.728301378462431,0.11493083869162803,0.16671761042782574,0.1893234196836554,0.7410102201546976,0.15699062293436972,0.7308264199774619,0.7202082811807934,0.7119994298194374,0.12176236700291752,0.17968399385386236,0.18298325271975435,0.7210113769925642,0.16147653785884475,0.7562261313362167,0.7428633788920141,0.7314138092755152,0.11795542802138438,0.17207110278909948,0.17449120983320104,0.7435011065012488,0.1548392468812283,,,,,,,,,0.7401817781833968,0.1565948272020053,200.2844765940866,253.77337816563514,178.742873327794,224.37698131084667,168.98193066761922,193.3920982104959,151.8985103319703,166.28202628892373,,,174.97694773036756,209.45612099397536,0.6903417533432392,0.6988442343052271,6730.0,0.5731054977711738,0.1172362555720654,,,,,,,,,,,,,,,,,,,,,,,,,,,,,,,,,,,,,,,,,,,,,,,,,,,,,,,,,,,,,,,,,,,,,,,,,,,,,,,Oracle (true CIF)
sim_base__oracle__s4,01_multievent_lmul,sim_base,4,oracle,0.7395991633777792,0.7340868261487318,0.7148353831354088,0.10894749708677642,0.17222870455345218,0.19659523995509065,0.7295071242206399,0.15925714719843975,0.7510275360470957,0.7363634548521085,0.728223282233884,0.11169538554148109,0.16677360909637753,0.18089815957661554,0.7385380910443627,0.15312238473815806,0.7611063329332554,0.7397983548758544,0.7264559736580011,0.1095931150494495,0.16887615885284118,0.17657443188033817,0.7424535538223703,0.1516812352608763,0.7681666830512525,0.727885345686411,0.7220837343092772,0.10175231240356078,0.1780500501916339,0.18237124764078053,0.7393785876823135,0.15405787007865837,,,,,,,,,0.7374693391924216,0.15452965931903312,210.6513996733497,266.63055440760746,190.32974537938358,236.44349023673183,170.67695559180694,201.75427061478737,153.1393980682196,168.65356086876062,,,181.19937467818997,218.37046903197182,0.6956984344125247,0.7020451527224435,6579.0,0.5797233622131023,0.11597507219942238,,,,,,,,,,,,,,,,,,,,,,,,,,,,,,,,,,,,,,,,,,,,,,,,,,,,,,,,,,,,,,,,,,,,,,,,,,,,,,,Oracle (true CIF)
sim_base__ours_nllpch__s0,01_multievent_lmul,sim_base,0,ours,0.7171713108560155,0.69544638677076,0.6829450849817736,0.11579337589426623,0.18531352265354203,0.20616687151700722,0.6985209275361831,0.18981769680976868,0.7124221526306613,0.707478365373254,0.7017676542313767,0.12628688186137235,0.19070996778913427,0.2040532484635644,0.7072227240784308,0.17982393503189087,0.7028014530928416,0.7037438897234392,0.6973916209372099,0.12050602609384305,0.18812571676046644,0.19685641054270941,0.7013123212511635,0.16591250896453857,0.7159130067584194,0.7013680425037424,0.686092250272764,0.11680420258102256,0.18703924747053405,0.20246594209104074,0.7011244331783087,0.16227293014526367,,,,,,,,,0.7020451015110216,0.17001011780987524,250.9071176894387,304.02082257475587,239.60387337566777,263.60705916534147,181.03270106924572,211.97205388657585,186.47646879504242,196.79167305694637,,,214.50504023234868,244.0979021709049,0.6721190686707929,0.6780355761794277,6786.0,0.5789861479516651,0.09313292071912771,3.8436050415039062,894.0,906.0,904.0,899.0,,0.1744340212021541,0.6768322987839969,0.6750398874282837,0.6781412959098816,0.6797817945480347,0.6790232062339783,0.6791540384292603,0.6784645915031433,0.6782503724098206,0.6776866912841797,0.6758856773376465,0.6705096364021301,1503.0,0.6913100345186486,0.6888412237167358,0.686939537525177,0.687454104423523,0.6902564167976379,0.6904296278953552,0.690436840057373,0.6918865442276001,0.6926016211509705,0.6927676796913147,0.6926670670509338,1503.0,0.6861128240244548,0.6705725789070129,0.6780250668525696,0.6787222027778625,0.6832228899002075,0.686295211315155,0.6840769648551941,0.6858421564102173,0.6860812306404114,0.6895213723182678,0.6887199282646179,1503.0,0.6717151151598948,0.675847589969635,0.6719090342521667,0.6752086281776428,0.6760011911392212,0.6746224761009216,0.6760671734809875,0.6749104857444763,0.674980878829956,0.6735870838165283,0.6608679294586182,1503.0,,,,,,,,,,,,,0.6814925681217486,14.1742,106.037,0.212,nllpch,,,,,,nllpch,L_PCH
sim_base__ours_nllpch__s1,01_multievent_lmul,sim_base,1,ours,0.6997587405211713,0.6905401792843177,0.6788547513570525,0.12922878023057932,0.1947252112028666,0.21578343044964557,0.6897178903875139,0.18773490190505981,0.7333986133774814,0.7229355091543166,0.7129048785493163,0.11583113500694045,0.17796422682154286,0.18960692417697703,0.7230796670270382,0.16568969190120697,0.7267449289388616,0.7217035983812169,0.7056889870628734,0.11652672881625274,0.18085836650771064,0.19652205444650178,0.7180458381276505,0.1658836007118225,0.7334302450809502,0.712428633786868,0.7072134296604511,0.11396536531542702,0.18968304959519022,0.18891607269922917,0.7176907695094231,0.15733975172042847,,,,,,,,,0.7121335412629064,0.16746761210573863,231.28603065792123,286.9111476223612,203.94022347195883,237.09661095105662,176.47723813443508,208.91380787182646,176.21428319742355,185.13744273146202,,,196.9794438654347,229.51475229417656,0.6724890829694323,0.6782345191040844,6641.0,0.5893690709230538,0.08312001204637853,3.760880470275879,902.0,897.0,861.0,879.0,,0.16928170588552766,0.6854377714268891,0.6861062049865723,0.6861964464187622,0.6871413588523865,0.6857331991195679,0.6857895255088806,0.6863991022109985,0.6872420310974121,0.6859588027000427,0.6855925917625427,0.6810361742973328,1475.0,0.7110807840297544,0.7062031030654907,0.709158718585968,0.7100613117218018,0.7103518843650818,0.7110106945037842,0.7116917967796326,0.7111682295799255,0.7113955020904541,0.712290346622467,0.7109107971191406,1475.0,0.6951134831662126,0.6831974983215332,0.6931214928627014,0.6948220729827881,0.6978856325149536,0.6981689929962158,0.6985332369804382,0.6982434988021851,0.6977514624595642,0.6978030800819397,0.6858082413673401,1475.0,0.6900696506901046,0.6798411011695862,0.6713529825210571,0.6866347789764404,0.6895940899848938,0.691380500793457,0.6923296451568604,0.69178307056427,0.692071259021759,0.6933200359344482,0.6853911280632019,1475.0,,,,,,,,,,,,,0.6954254223282401,13.1004,112.592,0.229,nllpch,,,,,,nllpch,L_PCH
sim_base__ours_nllpch__s2,01_multievent_lmul,sim_base,2,ours,0.7137958721774446,0.7163556327299571,0.7014081501801999,0.11395176800173516,0.18368729033660972,0.20039700465223753,0.7105198850292004,0.18419389426708221,0.7355997856426709,0.7198687660768094,0.718087356805302,0.11429899666188927,0.1841535317384913,0.1900669564303357,0.7245186361749275,0.16835787892341614,0.7259016468865508,0.7160270612450049,0.7033784869720018,0.10795600789230536,0.18595384531602815,0.19286562160703324,0.7151023983678525,0.16449138522148132,0.7288677137294104,0.7053363942822348,0.6966476872832008,0.10841038138543722,0.18912065374436735,0.19042402177511572,0.7102839317649486,0.15743662416934967,,,,,,,,,0.7151062128342323,0.1634405066284655,241.1812501234241,287.3440110267565,221.27305867337793,246.81942042633125,193.25743031207287,211.7359273724087,173.42232234666136,186.1239125781822,,,207.28351536388408,233.00581785091964,0.6853136531365314,0.6924289405684754,6775.0,0.5778597785977859,0.10745387453874544,3.7748544216156006,922.0,907.0,899.0,894.0,,0.1687337007231636,0.6928765519461368,0.6885893940925598,0.6932627558708191,0.6938893795013428,0.6938075423240662,0.6928560137748718,0.6938251852989197,0.6934587359428406,0.6944298148155212,0.6934323906898499,0.6896551251411438,1508.0,0.7103348529172159,0.7001182436943054,0.7078700065612793,0.707527220249176,0.7075072526931763,0.7068231105804443,0.7092151045799255,0.7093347907066345,0.7114049196243286,0.7132864594459534,0.7138861417770386,1508.0,0.6967748771997311,0.6934987306594849,0.7001898288726807,0.6948933601379395,0.6943631768226624,0.6974001526832581,0.6994714140892029,0.6993100643157959,0.697830319404602,0.6981284618377686,0.6922048330307007,1508.0,0.689958448192303,0.68489670753479,0.6871087551116943,0.6893038153648376,0.6913277506828308,0.6918650269508362,0.6920529007911682,0.6921592354774475,0.6907140016555786,0.6901941299438477,0.6862502694129944,1508.0,,,,,,,,,,,,,0.6974861825638468,12.0531,125.113,0.249,nllpch,,,,,,nllpch,L_PCH
sim_base__ours_nllpch__s3,01_multievent_lmul,sim_base,3,ours,0.7424122497139394,0.7394145246351064,0.721382133886921,0.11541213475163188,0.17492381873866378,0.1915400107113231,0.7344029694119888,0.17735129594802856,0.7203843469913858,0.7197682840041918,0.7025163205324725,0.12042356062692748,0.17872459124322013,0.20807690180717575,0.7142229838426832,0.1747351586818695,0.7172300006794867,0.6995008203898508,0.6889033658612796,0.126615088262903,0.19019055224353873,0.19888559604270906,0.7018780623102058,0.17028294503688812,0.7399319685001481,0.726371390081828,0.7155067600443384,0.12312160147681503,0.183212907743601,0.18567402152036636,0.7272700395421049,0.15529347956180573,,,,,,,,,0.7194435137767456,0.16640006543073962,222.20027246872993,270.3483879046874,187.0209880813484,234.94767901572314,182.57139631680346,206.9472909636093,175.23396095688574,182.79616736606943,,,191.75665445594188,223.7598813125223,0.6638930163447251,0.6689256632519044,6730.0,0.5731054977711738,0.09078751857355127,3.7939400672912598,918.0,887.0,917.0,915.0,,0.16938178988974076,0.710400303759777,0.710925281047821,0.7131571769714355,0.7132299542427063,0.7122567296028137,0.7124811410903931,0.7110202312469482,0.7106553912162781,0.7105422019958496,0.7089778780937195,0.7061353325843811,1496.0,0.7010227065755281,0.694762110710144,0.6982820630073547,0.6988343000411987,0.7002642750740051,0.7012259364128113,0.700018048286438,0.7002004384994507,0.7027584314346313,0.702782928943634,0.701438844203949,1496.0,0.6863201817091986,0.6685792803764343,0.6839935779571533,0.6871887445449829,0.6889349818229675,0.6873522996902466,0.6876621246337891,0.6867181062698364,0.6872926950454712,0.6855998635292053,0.6850253343582153,1496.0,0.703918321271999,0.7013672590255737,0.6977837681770325,0.6997314691543579,0.6972665190696716,0.7039483189582825,0.7039104104042053,0.7079379558563232,0.7058468461036682,0.7078128457069397,0.6996702551841736,1496.0,,,,,,,,,,,,,0.7004153783291257,12.9805,115.25,0.231,nllpch,,,,,,nllpch,L_PCH
sim_base__ours_nllpch__s4,01_multievent_lmul,sim_base,4,ours,0.7131735686465943,0.7100514228250627,0.6898212067612445,0.11473456406200307,0.18577919532928022,0.21466873915369022,0.7043487327443004,0.19026759266853333,0.7377631357025642,0.725117871291349,0.7098237597079328,0.11429494227494487,0.171014344217201,0.193571577275744,0.7242349222339487,0.17456094920635223,0.7403353983688781,0.7217759216247983,0.7036796597532518,0.11232934467301,0.17875983271495563,0.1947097725377039,0.7219303265823095,0.16642239689826965,0.7478437186656253,0.7051857293851103,0.6939423113229825,0.10773432860918725,0.18964208296180907,0.19700998567126768,0.7156572531245726,0.1587398201227188,,,,,,,,,0.7165428086712828,0.1645207257900664,271.5043176183531,306.14749931535374,187.55707012648324,244.69600712704934,196.08022494211843,221.64845876366118,171.4052922065975,185.08473232816897,,,206.63672622338805,239.39417438355832,0.6739626082991336,0.681168658698539,6579.0,0.5797233622131023,0.09423924608603129,3.747563123703003,895.0,847.0,879.0,885.0,,0.17253640818548285,0.6842924098836742,0.6793841123580933,0.6827291250228882,0.6830452084541321,0.6846830248832703,0.6844221353530884,0.6852743625640869,0.6850627660751343,0.6847012042999268,0.6832749247550964,0.6854323744773865,1480.0,0.7013860699306016,0.7014712691307068,0.7017141580581665,0.7016883492469788,0.7015130519866943,0.7016183137893677,0.701353132724762,0.701581597328186,0.6999875903129578,0.7020719051361084,0.7014164924621582,1480.0,0.6913932854203757,0.6789856553077698,0.6894693374633789,0.6902421116828918,0.6911116242408752,0.6918028593063354,0.6930782794952393,0.6929599046707153,0.6924089193344116,0.6908659934997559,0.690199077129364,1480.0,0.6870502188354657,0.6842002272605896,0.6845260262489319,0.6871747374534607,0.6895373463630676,0.6904826164245605,0.6901440620422363,0.6896311640739441,0.689336359500885,0.685008704662323,0.6823903918266296,1480.0,,,,,,,,,,,,,0.6910304960175293,12.8029,115.598,0.234,nllpch,,,,,,nllpch,L_PCH
sim_base__ours_nllpch_event_ranking__s0,01_multievent_lmul,sim_base,0,ours,0.729289762255158,0.7050772657635006,0.6869229439896938,0.11764777243965656,0.1867542776703524,0.20614121127545215,0.7070966573361174,0.18748323619365692,0.710499134758406,0.7071465036457434,0.6939856105280819,0.1281821492161245,0.1894123142797549,0.20559193335338766,0.7038770829774105,0.17877106368541718,0.6768554545763512,0.6783689473067851,0.666435373348659,0.12551618380881863,0.19548269918499792,0.2113777552532245,0.6738865917439317,0.17763759195804596,0.7135452559683207,0.6908504778116035,0.6816342403653194,0.12041652841537427,0.195416009227463,0.20178659997855836,0.6953433247150812,0.16383683681488037,,,,,,,,,0.6950509141931352,0.17364378617526371,231.94794046233847,300.9370508919871,203.3174709707595,254.50233789939946,182.92812476094355,219.25839081354763,165.07398932191785,185.85671685034038,,,195.81688137898982,240.13862411381865,0.6603300913645741,0.6639082237690127,6786.0,0.5789861479516651,0.08134394341290896,2.0722200870513916,894.0,906.0,904.0,899.0,,0.17692209166882272,0.686110797436364,0.6859572529792786,0.685850203037262,0.6840572953224182,0.6815746426582336,0.680392861366272,0.683968722820282,0.6860440969467163,0.6854899525642395,0.6925899386405945,0.6895491480827332,1503.0,0.6877369399481118,0.6905741095542908,0.6863926649093628,0.6898834705352783,0.6888785362243652,0.6909526586532593,0.6885570287704468,0.6874248385429382,0.6820623278617859,0.688703715801239,0.6882147789001465,1503.0,0.6562287617382649,0.6508293747901917,0.6617181897163391,0.6523727178573608,0.6536422371864319,0.6548852920532227,0.6543700695037842,0.654840350151062,0.6555011868476868,0.6637866497039795,0.6537749171257019,1503.0,0.6670220841240027,0.6557300686836243,0.6472985744476318,0.6667113900184631,0.6717807650566101,0.6747066974639893,0.6665987968444824,0.671721339225769,0.6740022301673889,0.6697437763214111,0.6548313498497009,1503.0,,,,,,,,,,,,,0.6742746458116858,13.8504,108.517,0.217,nllpch_event_ranking,,,,,,nllpch_event_ranking,L_PCH + L_mul
sim_base__ours_nllpch_event_ranking__s1,01_multievent_lmul,sim_base,1,ours,0.7069616425870765,0.6848361763035912,0.6733209915989631,0.1333085848503406,0.19913293425848605,0.2129786640650907,0.688372936829877,0.19025808572769165,0.7228892557602221,0.7078851996734028,0.6992775564986249,0.11828655794240299,0.18304806860062697,0.19489282374242237,0.71001733731075,0.17103348672389984,0.7165775012134328,0.7040294127783514,0.6818904548149866,0.11702088450020445,0.18458953053627628,0.20862577084307912,0.7008324562689237,0.17573809623718262,0.7034349530315535,0.6866562812256765,0.6966615643168209,0.12032388295374721,0.19716030594685896,0.19068055115742816,0.6955842661913504,0.16108281910419464,,,,,,,,,0.6987017491502253,0.1716707132830803,222.31465916762724,295.20649059345635,190.03204452391876,240.34512701159403,176.2897716210111,217.39045780491458,161.21652003774958,178.7653049663927,,,187.46324883757666,232.92684509408943,0.673693720825177,0.6790513833992095,6641.0,0.5893690709230538,0.08432464990212318,2.0486156940460205,902.0,897.0,861.0,879.0,,0.17460642265343806,0.6765101275422595,0.682751476764679,0.6792944073677063,0.6778666973114014,0.6733704209327698,0.6723372936248779,0.6753602027893066,0.6776949763298035,0.6777663826942444,0.6802030205726624,0.6733799576759338,1475.0,0.6984508458509772,0.7057489156723022,0.7018725275993347,0.7010287046432495,0.7001377940177917,0.6961117386817932,0.6960683465003967,0.6976809501647949,0.696113646030426,0.6984476447105408,0.7005690932273865,1475.0,0.6755491713299575,0.6650238633155823,0.6751183271408081,0.6740203499794006,0.6710774898529053,0.6691164374351501,0.6745049953460693,0.6742335557937622,0.6733729839324951,0.6816122531890869,0.6785228848457336,1475.0,0.6823626196133928,0.6537166833877563,0.6585303544998169,0.6710830926895142,0.6732645630836487,0.6813061237335205,0.6786079406738281,0.6824598908424377,0.687197208404541,0.6853513717651367,0.6849716901779175,1475.0,,,,,,,,,,,,,0.6832181910841467,15.4644,95.381,0.194,nllpch_event_ranking,,,,,,nllpch_event_ranking,L_PCH + L_mul
sim_base__ours_nllpch_event_ranking__s2,01_multievent_lmul,sim_base,2,ours,0.7006258579629538,0.6968793350050931,0.6748580799703531,0.11445261732831719,0.1987525707324921,0.2158076214767163,0.6907877576461333,0.19592121243476868,0.7160862447965304,0.7117504278458514,0.7022730270376388,0.11691785125665531,0.18636590544796527,0.19577217762037544,0.7100365665600069,0.174292653799057,0.706794756449305,0.6865426151662862,0.6811025407827,0.11262888001400201,0.19759374737591656,0.2022122595107648,0.6914799707994304,0.17184531688690186,0.7315331556715285,0.6898537316277139,0.6859228738396901,0.11255702963930451,0.1957937045529294,0.19523007905544987,0.7024365870463108,0.16197098791599274,,,,,,,,,0.6986852205129703,0.17034037033424076,234.68294146531852,300.6771527148968,202.76380271806343,249.27636688884166,185.26233228699078,212.62379925702163,171.9020298060838,188.98492910879563,,,198.65277656911414,237.8905619923889,0.6670110701107012,0.6735658914728683,6775.0,0.5778597785977859,0.08915129151291523,2.0577685832977295,922.0,907.0,899.0,894.0,,0.17614958529509214,0.6689816814182638,0.6623435020446777,0.6654373407363892,0.6643328070640564,0.6621378064155579,0.6626979112625122,0.664233386516571,0.6657320261001587,0.6665677428245544,0.6780616641044617,0.681370735168457,1508.0,0.6972646893292318,0.698959231376648,0.6995955109596252,0.6984124183654785,0.699627697467804,0.7024297714233398,0.6953016519546509,0.6967419385910034,0.6908304691314697,0.6955159306526184,0.7008587121963501,1508.0,0.6771363307239491,0.6781318187713623,0.6872929334640503,0.6734322309494019,0.6673561930656433,0.6681361794471741,0.6752755641937256,0.6753609776496887,0.6760607361793518,0.6882783770561218,0.6766132116317749,1508.0,0.6729138004071189,0.6647509932518005,0.6765161156654358,0.6817375421524048,0.6786823272705078,0.6836750507354736,0.6773989796638489,0.6798977255821228,0.678696870803833,0.6720916628837585,0.655678927898407,1508.0,,,,,,,,,,,,,0.6790741254696409,13.6591,110.403,0.22,nllpch_event_ranking,,,,,,nllpch_event_ranking,L_PCH + L_mul
sim_base__ours_nllpch_event_ranking__s3,01_multievent_lmul,sim_base,3,ours,0.7091844534982819,0.7160232244854662,0.705837029814277,0.12145711014747156,0.19477447436534,0.20765690615276478,0.710348235932675,0.18908962607383728,0.7149719656830953,0.7137373699846702,0.686995073235392,0.12137774295525078,0.18118041266076562,0.20900573523620358,0.7052348029677192,0.1796402782201767,0.7090593670256773,0.6834298423461318,0.6649457457958937,0.12768717035074875,0.19360781323742995,0.21220634991783302,0.6858116517225676,0.17831584811210632,0.7345008566419833,0.7079151704301262,0.6994694019339713,0.12357616466149628,0.19092086229658806,0.19253444121682425,0.7139618096686936,0.16087953746318817,,,,,,,,,0.7038391250729139,0.17299876526655972,247.38625992324458,296.4932116283654,212.53104955367024,255.03140677151265,198.73594973615738,223.1633672919187,174.06283377929924,185.01863875940182,,,208.17902324809288,239.92665611279963,0.6566121842496285,0.6620436038875755,6730.0,0.5731054977711738,0.08350668647845472,2.0608909130096436,918.0,887.0,917.0,915.0,,0.17697157355367008,0.6941453858900347,0.6865195631980896,0.691493034362793,0.6926497220993042,0.6938685774803162,0.6901466250419617,0.6932343244552612,0.6946499347686768,0.6941509246826172,0.6983324885368347,0.6966015696525574,1496.0,0.684763138745926,0.6916532516479492,0.6917675137519836,0.6912228465080261,0.6918837428092957,0.6914176940917969,0.6872358322143555,0.6862589120864868,0.6753116250038147,0.6798862218856812,0.6832178831100464,1496.0,0.6587257916723275,0.6689003705978394,0.6625601053237915,0.6585813760757446,0.6594199538230896,0.6607739925384521,0.6619181036949158,0.6595471501350403,0.6578993797302246,0.6575238704681396,0.656042218208313,1496.0,0.6868888749126805,0.6896803975105286,0.6594499349594116,0.6800411343574524,0.6922205090522766,0.6907155513763428,0.6885070204734802,0.6931116580963135,0.6921684145927429,0.688848078250885,0.6771731376647949,1496.0,,,,,,,,,,,,,0.6811307978052422,13.0268,114.84,0.23,nllpch_event_ranking,,,,,,nllpch_event_ranking,L_PCH + L_mul
sim_base__ours_nllpch_event_ranking__s4,01_multievent_lmul,sim_base,4,ours,0.7224007664201786,0.708906180468152,0.6836246404411466,0.11621101733104787,0.1888663434285893,0.21352262149729034,0.7049771957764923,0.192917138338089,0.7245838420781295,0.7081346773123091,0.6877954591346563,0.11810271659577169,0.17855558367997607,0.20053952109970488,0.7068379928416983,0.18251636624336243,0.708080779438596,0.7015877993769036,0.6847505273733098,0.11866316715637842,0.18661331053404126,0.20334583225450126,0.6981397020629365,0.17695513367652893,0.7405011579829631,0.6967463932704447,0.6878205856849349,0.11754908481600604,0.19864966965242864,0.20492776438015128,0.7083560456461143,0.1665780246257782,,,,,,,,,0.7045777340818103,0.17046221936882394,223.8188845304125,298.96639423718136,183.2977159124541,253.49880462980218,165.81783916576728,215.47688256828312,150.064167442077,178.90474201547474,,,180.74965176267773,236.71170586268536,0.6707706338349293,0.6755378486055776,6579.0,0.5797233622131023,0.09104727162182702,2.0377695560455322,895.0,847.0,879.0,885.0,,0.17975394047809476,0.6734144381445897,0.6712594032287598,0.6692324280738831,0.6682924628257751,0.6702033281326294,0.6702508330345154,0.6723507642745972,0.6731389760971069,0.6699504852294922,0.6785224080085754,0.6806126832962036,1480.0,0.6856592247097649,0.6928498148918152,0.6936126947402954,0.6933127045631409,0.689885675907135,0.6872156262397766,0.6836134195327759,0.6824721693992615,0.677001416683197,0.6859257817268372,0.6882097125053406,1480.0,0.6709245972404001,0.667701780796051,0.6717613935470581,0.6663777232170105,0.6685926914215088,0.6702708601951599,0.6700071692466736,0.6714844107627869,0.671014666557312,0.6732238531112671,0.6711021661758423,1480.0,0.6736839359696721,0.6762806177139282,0.671484649181366,0.665647566318512,0.676439642906189,0.6792700290679932,0.6762288212776184,0.6815151572227478,0.6808472275733948,0.6711775660514832,0.6630511283874512,1480.0,,,,,,,,,,,,,0.6759205490161068,12.8069,115.563,0.234,nllpch_event_ranking,,,,,,nllpch_event_ranking,L_PCH + L_mul
sim_base__ours_nllpch_mmv_rank__s0,01_multievent_lmul,sim_base,0,ours,0.7306514117369663,0.7127629450924163,0.6912043298066313,0.13453028716336896,0.25181675687381555,0.29298568479401677,0.7115395622120047,0.2602112293243408,0.7336130301566887,0.7187438764866946,0.7127692755439363,0.1437109919861649,0.25014011215306337,0.23838779734812504,0.7217087273957731,0.24600930511951447,0.7100346715313838,0.7110781790111177,0.6982928896684324,0.13361597104575554,0.2364230157813082,0.24534786651310883,0.7064685800703113,0.22044207155704498,0.7193264586926019,0.7046245291750345,0.6935821888803305,0.13236104028021403,0.22718792093508808,0.26912134154211975,0.7058443922493223,0.2082369178533554,,,,,,,,,0.7113903154818528,0.2129690655346791,183.15541263934438,312.1120994657295,171.63451665969117,273.73147691941267,157.32648882083467,227.43313125180416,148.96440378414164,198.656155770286,,,165.27020547600296,252.98321585180807,0.6837606837606838,0.691466872905388,6786.0,0.5789861479516651,0.10477453580901863,4.054174900054932,894.0,906.0,904.0,899.0,,0.23369355850457285,0.6928702279296508,0.6976072192192078,0.6971725821495056,0.6966087222099304,0.6935667395591736,0.6922926306724548,0.6913238763809204,0.689538300037384,0.6911003589630127,0.6940786242485046,0.6927447319030762,1503.0,0.7019931338188399,0.6997236609458923,0.7040558457374573,0.7047044038772583,0.7056801319122314,0.7040179967880249,0.7054691314697266,0.7056174278259277,0.7046093940734863,0.6983158588409424,0.6942665576934814,1503.0,0.6869073856766779,0.6728484034538269,0.682549238204956,0.6856814026832581,0.686801552772522,0.6865032315254211,0.6863982081413269,0.6843733787536621,0.6868804693222046,0.6887369751930237,0.6889358162879944,1503.0,0.6820283322744398,0.6736555695533752,0.6674920320510864,0.6764440536499023,0.6734282374382019,0.679233968257904,0.6836876273155212,0.6884577870368958,0.6868224740028381,0.6824522018432617,0.6787192821502686,1503.0,,,,,,,,,,,,,0.690949769924902,14.6818,102.372,0.204,nllpch_mmv_rank,1.0,,,,,nllpch_mmv_rank@1,L_PCH + L_rank + L_mul + MMV [λv=1]
sim_base__ours_nllpch_mmv_rank__s1,01_multievent_lmul,sim_base,1,ours,0.7128983001748255,0.6983900582009632,0.6864938151603208,0.15462280231507003,0.27021941260824583,0.30477211549451066,0.6992607245120365,0.2737952768802643,0.7270361280391147,0.718298263314767,0.7060807717767877,0.13502870344912568,0.24738225863125546,0.23779146153476854,0.7171383877102232,0.24307170510292053,0.723927118784877,0.7164283526192561,0.7034921017813925,0.13412168852585693,0.23397935422160912,0.25993690995608115,0.7146158577285086,0.2297113686800003,0.7358327818549436,0.7067333944625875,0.7047231889985706,0.13520611297963117,0.24731783708028993,0.27119467677434245,0.7157631217720338,0.21753205358982086,,,,,,,,,0.7116945229307005,0.2192977777975656,188.76726549921497,314.8316467005924,164.44651666939862,263.98150073453155,160.514594175655,236.37697004497412,156.78249734293206,201.5515173867283,,,167.62771842180015,254.18540871670658,0.67580183707273,0.6827404479578393,6641.0,0.5893690709230538,0.08643276614967621,4.216980934143066,902.0,897.0,861.0,879.0,,0.24130851165929668,0.6879364339423267,0.689136803150177,0.6900152564048767,0.6896090507507324,0.685336709022522,0.6885106563568115,0.6876795887947083,0.6895979642868042,0.6893102526664734,0.6867977976799011,0.685942530632019,1475.0,0.7050386665286725,0.7014486789703369,0.70599365234375,0.7037628293037415,0.7056070566177368,0.7081533670425415,0.7074743509292603,0.7002305388450623,0.7079123258590698,0.7042924761772156,0.7040272355079651,1475.0,0.6916914838927861,0.6695948839187622,0.688606858253479,0.6930808424949646,0.6903510093688965,0.6913270354270935,0.691057026386261,0.689414918422699,0.6933643817901611,0.6958062648773193,0.690641462802887,1475.0,0.6889171003558578,0.6733012199401855,0.6889124512672424,0.6902917623519897,0.6900719404220581,0.6852759122848511,0.6880309581756592,0.6828870177268982,0.6925440430641174,0.6895919442176819,0.6911104917526245,1475.0,,,,,,,,,,,,,0.6933959211799108,12.4863,118.13,0.24,nllpch_mmv_rank,1.0,,,,,nllpch_mmv_rank@1,L_PCH + L_rank + L_mul + MMV [λv=1]
sim_base__ours_nllpch_mmv_rank__s2,01_multievent_lmul,sim_base,2,ours,0.7226831803791628,0.7193286291118575,0.6961977523350338,0.12699754853244108,0.2574344464125091,0.2915729399411055,0.7127365206086846,0.263908326625824,0.7324825555809514,0.7241070966034054,0.7206640857287393,0.129459688948622,0.23900792506950935,0.23171630630795487,0.7257512459710321,0.2383415251970291,0.7277289122179904,0.7174089701064453,0.701673561568713,0.12009226286814315,0.23759569071484918,0.2509728938108455,0.7156038146310495,0.22136254608631134,0.7351482530477328,0.6955328289645749,0.6949497254969819,0.12458466840845446,0.23220634932753054,0.2626072237605596,0.7085436025030966,0.20987819135189056,,,,,,,,,0.7156587959284657,0.20868732867521034,187.90839862852172,311.2035126872514,166.13027176152312,267.4367793114838,155.10788322182992,224.3267894489475,150.0825299451203,200.67015358541784,,,164.80727088924877,250.90930875827513,0.6848708487084871,0.6923255813953487,6775.0,0.5778597785977859,0.10701107011070121,4.718442440032959,922.0,907.0,899.0,894.0,,0.23360995927744319,0.6893592798190704,0.6902341246604919,0.6903330087661743,0.690539538860321,0.6910256743431091,0.6906768679618835,0.6888416409492493,0.6887653470039368,0.6879942417144775,0.6904315948486328,0.6875069737434387,1508.0,0.7113852404105072,0.7091612219810486,0.7136006951332092,0.7132536172866821,0.7128704786300659,0.7135127782821655,0.7121175527572632,0.7116221189498901,0.711439847946167,0.710011899471283,0.7092075347900391,1508.0,0.6994077648568575,0.6924231052398682,0.7020403146743774,0.6964260935783386,0.6994919776916504,0.7018841505050659,0.7014325857162476,0.6955534219741821,0.6956205368041992,0.7012970447540283,0.7015517354011536,1508.0,0.6849753862373668,0.678117573261261,0.6727432608604431,0.6828966736793518,0.68830406665802,0.6866363883018494,0.6853547692298889,0.6852468848228455,0.6879574060440063,0.685032844543457,0.6825757622718811,1508.0,,,,,,,,,,,,,0.6962819178309504,12.7541,118.236,0.235,nllpch_mmv_rank,1.0,,,,,nllpch_mmv_rank@1,L_PCH + L_rank + L_mul + MMV [λv=1]
sim_base__ours_nllpch_mmv_rank__s3,01_multievent_lmul,sim_base,3,ours,0.7175999079100435,0.7229248111407682,0.70159361220979,0.13731525702243827,0.2612975259221604,0.2983659816228136,0.7140394437535339,0.26765722036361694,0.7124864984954542,0.7044838790977174,0.6896785654624092,0.13853353958049203,0.2461967328696909,0.23948541499974152,0.7022163143518602,0.2446933388710022,0.7099535235090904,0.6910257631237768,0.6831562972895491,0.1461696222658325,0.23861071510801882,0.24616881562298,0.694711861307472,0.22319960594177246,0.7146433295484786,0.6897727420488868,0.7008296170626647,0.15295932217982014,0.2553979906579336,0.24840871920548424,0.7017485628866768,0.21645092964172363,,,,,,,,,0.7031790455748856,0.2174091364214505,182.99428210243667,304.78453028287146,163.84724990371132,268.0427429707032,159.48708340792325,225.0719747743264,156.6103593690587,198.7124353860168,,,165.73474369578247,249.1529208534795,0.6484398216939079,0.6545311268715523,6730.0,0.5731054977711738,0.07533432392273409,3.9550886154174805,918.0,887.0,917.0,915.0,,0.237965069877141,0.6951425277978702,0.6934826374053955,0.6969773173332214,0.6969128847122192,0.6951459646224976,0.6920405030250549,0.6921294927597046,0.6929356455802917,0.6974824070930481,0.6962968111038208,0.6968896985054016,1496.0,0.6849294375966894,0.6745564341545105,0.6842213273048401,0.686866819858551,0.6865081191062927,0.6866633296012878,0.6871762275695801,0.6815714836120605,0.686189591884613,0.6852189302444458,0.6835960149765015,1496.0,0.6781728511641886,0.6586365699768066,0.6770140528678894,0.6797897815704346,0.6837457418441772,0.6826925873756409,0.6823110580444336,0.6752078533172607,0.6798405051231384,0.6752827763557434,0.6761956214904785,1496.0,0.6841988995185926,0.6689178943634033,0.6785249710083008,0.6832756400108337,0.6756685972213745,0.6831626296043396,0.6669768691062927,0.6845360398292542,0.6901567578315735,0.6885788440704346,0.6880686283111572,1496.0,,,,,,,,,,,,,0.6856109290193352,14.4964,103.198,0.207,nllpch_mmv_rank,1.0,,,,,nllpch_mmv_rank@1,L_PCH + L_rank + L_mul + MMV [λv=1]
sim_base__ours_nllpch_mmv_rank__s4,01_multievent_lmul,sim_base,4,ours,0.7300359837914542,0.7183342786544005,0.6917120828813942,0.1300313809791533,0.24378955819395073,0.26955671316442,0.7133607817757496,0.2561388611793518,0.7345190597510529,0.7174129328870771,0.7087478267199442,0.13597561404021602,0.23297429212350212,0.2296607447896173,0.7202266064526914,0.2500491440296173,0.7357716948630898,0.7168209960456005,0.7017357086146997,0.1313080268592769,0.23663088193010598,0.24739396783616488,0.7181094665077966,0.22598323225975037,0.7434743614442768,0.7047252776772701,0.7011863497731281,0.12666246324373973,0.22955607567684008,0.2658218935960207,0.716461996298225,0.20750893652439117,,,,,,,,,0.7170397127586157,0.20661346770275063,177.43369391967565,307.0930060381262,166.92019216469805,279.1263513535231,160.758923750294,232.90624069643124,148.00978643223513,197.11606674400534,,,163.28064906672572,254.06041620802148,0.6728986168110656,0.6786719787516601,6579.0,0.5797233622131023,0.09317525459796328,4.105625152587891,895.0,847.0,879.0,885.0,,0.23483188126897106,0.6875185309017455,0.687297523021698,0.6864088177680969,0.687528133392334,0.6868641376495361,0.6875683069229126,0.6873931288719177,0.6860256195068359,0.6875198483467102,0.687982439994812,0.689064621925354,1480.0,0.7007687923010306,0.6856381893157959,0.700478196144104,0.7031942009925842,0.7014325261116028,0.7019071578979492,0.7024549245834351,0.7019736170768738,0.6991665363311768,0.7003251910209656,0.7004444003105164,1480.0,0.6872650475334815,0.6749545335769653,0.6907896399497986,0.6897440552711487,0.690158486366272,0.6908776760101318,0.685853123664856,0.6861163377761841,0.6893303990364075,0.6866580247879028,0.6848294734954834,1480.0,0.6898508412874337,0.6864993572235107,0.6863452792167664,0.6873100996017456,0.6833366751670837,0.6896184086799622,0.6844491958618164,0.6930081844329834,0.6941447854042053,0.6879161596298218,0.6914030909538269,1480.0,,,,,,,,,,,,,0.6913508030059228,12.6825,116.696,0.237,nllpch_mmv_rank,1.0,,,,,nllpch_mmv_rank@1,L_PCH + L_rank + L_mul + MMV [λv=1]
sim_base__ours_nllpch_sample_event_ranking__s0,01_multievent_lmul,sim_base,0,ours,0.7357115412153319,0.7164589612651093,0.7016567322395024,0.12451671122751533,0.20651297650888387,0.23170626859683408,0.7179424115733145,0.20886412262916565,0.7326424958097012,0.7178264813051553,0.7084916291084432,0.13268535997787667,0.20757966991178264,0.22302163557656002,0.7196535354077666,0.19542664289474487,0.7017715723161043,0.7045205442976908,0.6956150708488631,0.12409211441341653,0.20205439584635246,0.21870942456161202,0.7006357291542195,0.18296369910240173,0.7289418692556362,0.718549844431383,0.6971247311945596,0.12320531696064305,0.20538672110136869,0.21698389838873838,0.7148721482938596,0.1736217737197876,,,,,,,,,0.71327595610729,0.18470454108929865,287.7980987756326,341.39945293904793,223.25988875606967,279.80501615119186,194.2098326909697,231.31947852834003,186.21929436586748,203.18601969069718,,,222.87177864713487,263.9274918273193,0.6694665487768936,0.6762052075277133,6786.0,0.5789861479516651,0.09048040082522846,2.3178906440734863,894.0,906.0,904.0,899.0,,0.1901932341536978,0.6914549336848086,0.6951804161071777,0.6916331648826599,0.6921166777610779,0.6902226805686951,0.6913102269172668,0.6926130652427673,0.6941475868225098,0.6898285150527954,0.6953458189964294,0.6858828663825989,1503.0,0.6980216656694498,0.6950680017471313,0.7014845013618469,0.6993333697319031,0.6956685185432434,0.6951602697372437,0.6969057321548462,0.6995867490768433,0.69708651304245,0.7017976641654968,0.6966062188148499,1503.0,0.6827978724909967,0.6800811290740967,0.6830270290374756,0.6784986853599548,0.6839946508407593,0.6821179389953613,0.6830818057060242,0.6823217868804932,0.6844610571861267,0.6844508051872253,0.6811823844909668,1503.0,0.6819303213999732,0.6731005311012268,0.6789511442184448,0.6809356808662415,0.6809574365615845,0.6814969778060913,0.6873985528945923,0.6880864500999451,0.6859250664710999,0.6826257109642029,0.6729878783226013,1503.0,,,,,,,,,,,,,0.6885511983113071,15.7233,95.591,0.191,nllpch_sample_event_ranking,,,,,,nllpch_sample_event_ranking,L_PCH + L_rank + L_mul (paper)
sim_base__ours_nllpch_sample_event_ranking__s1,01_multievent_lmul,sim_base,1,ours,0.7082229045480004,0.693680062691207,0.6806778445710755,0.14110956232594585,0.2157463327310913,0.2313625689899397,0.694193603936761,0.21037666499614716,0.7261806946565919,0.7132431660212558,0.6985422476164335,0.1224471203596812,0.19772361428083418,0.2166843830446691,0.712655369431427,0.18930412828922272,0.7324019988746985,0.7122488653898582,0.6988111831204739,0.12237508529395628,0.1981817277550998,0.21607731490712803,0.7144873491283436,0.18313655257225037,0.7139749373632966,0.6928543275822254,0.6909452885111044,0.12043398126798766,0.20779429072361558,0.21300531409690482,0.6992581844855422,0.1745605319738388,,,,,,,,,0.7051486267455185,0.1835784413147378,281.81998114198444,339.47105391283475,205.54432320720846,264.07329602928814,207.9245024564306,238.12872447066027,184.31696081702637,199.25951863572934,,,219.90144190566247,260.2331482621281,0.6643577774431562,0.6729117259552042,6641.0,0.5893690709230538,0.07498870652010237,2.322045087814331,902.0,897.0,861.0,879.0,,0.18951252734435417,0.6786195333008761,0.680358350276947,0.6801186800003052,0.681429386138916,0.6785640120506287,0.6758024096488953,0.680875301361084,0.6801315546035767,0.6805702447891235,0.6823209524154663,0.6702381372451782,1475.0,0.6977917365216921,0.7022649049758911,0.6981279253959656,0.6980211138725281,0.6984759569168091,0.6983149647712708,0.6954463124275208,0.6958941221237183,0.6941958069801331,0.6992977261543274,0.7010485529899597,1475.0,0.6859030434760054,0.6521968841552734,0.6921520829200745,0.6927365660667419,0.6851041913032532,0.6790215373039246,0.6878437399864197,0.6822793483734131,0.6891996264457703,0.6942780017852783,0.6801288723945618,1475.0,0.6749202155212242,0.6740034818649292,0.6659509539604187,0.671310305595398,0.6723137497901917,0.670387864112854,0.672743558883667,0.6716408133506775,0.6783872842788696,0.680706799030304,0.6740133762359619,1475.0,,,,,,,,,,,,,0.6843086322049494,14.0542,104.951,0.213,nllpch_sample_event_ranking,,,,,,nllpch_sample_event_ranking,L_PCH + L_rank + L_mul (paper)
sim_base__ours_nllpch_sample_event_ranking__s2,01_multievent_lmul,sim_base,2,ours,0.6973589580729359,0.7187132433955492,0.7037968900062687,0.11987727932156729,0.20847949785681233,0.22336752457418224,0.7066230304915847,0.2047419250011444,0.7292188009563754,0.7218617812194014,0.7175728549097847,0.12064948693369912,0.19848714336589546,0.21574911343990674,0.7228844790285205,0.18985632061958313,0.7249309107319294,0.7082741791328379,0.7015870063775045,0.11405970952646052,0.2025445546836391,0.2147838375050906,0.7115973654140907,0.17998167872428894,0.7252987203794423,0.6960177135180697,0.6992296408028045,0.11864643838063832,0.20695708705828442,0.207115047189873,0.7068486915667722,0.1715235561132431,,,,,,,,,0.7119883916252421,0.17922639331967077,246.9219799659332,320.5304571021663,218.03809438177638,271.3754790978217,190.4735848888743,223.43064822192292,176.86190576311157,196.70332720741837,,,208.07389124992386,253.0099779073323,0.6698154981549815,0.676201550387597,6775.0,0.5778597785977859,0.09195571955719561,2.308750867843628,922.0,907.0,899.0,894.0,,0.18666960960557485,0.6922105846949259,0.6680705547332764,0.6892431378364563,0.6918588280677795,0.6933805346488953,0.6939839124679565,0.694817304611206,0.6961523294448853,0.6944284439086914,0.691925585269928,0.6898086071014404,1508.0,0.7069048358320482,0.6986582279205322,0.7083144187927246,0.7085812091827393,0.706577479839325,0.7080267667770386,0.7087438106536865,0.7087476849555969,0.7026957869529724,0.7068479061126709,0.7073202729225159,1508.0,0.6954799467968829,0.6622183918952942,0.6931740045547485,0.6863572597503662,0.6928591132164001,0.6916111707687378,0.6959390640258789,0.6980628371238708,0.6978751420974731,0.7000026106834412,0.6935471296310425,1508.0,0.6889674387236455,0.6872187256813049,0.673118531703949,0.6813855767250061,0.6838584542274475,0.6880514621734619,0.6884868741035461,0.692970335483551,0.6947540640830994,0.6910183429718018,0.6849467158317566,1508.0,,,,,,,,,,,,,0.6958907015118757,13.059,115.476,0.23,nllpch_sample_event_ranking,,,,,,nllpch_sample_event_ranking,L_PCH + L_rank + L_mul (paper)
sim_base__ours_nllpch_sample_event_ranking__s3,01_multievent_lmul,sim_base,3,ours,0.7322613088978724,0.746813657734377,0.725803366128073,0.12470777161939539,0.20145109514239007,0.21969482997654852,0.7349594442534407,0.19928185641765594,0.718122268625278,0.719299979064437,0.7034749413636878,0.12354520444020142,0.19337167244832226,0.21462646781888003,0.7136323963511343,0.18673735857009888,0.7145490438048561,0.7027315326891306,0.6899951013343583,0.1321632888701605,0.19974570672613864,0.2129164896533932,0.7024252259427817,0.18083246052265167,0.7461694941813917,0.7218517975816653,0.7088950598541742,0.13032053090927534,0.20731646584216948,0.20445812168431507,0.7256387838724104,0.17129722237586975,,,,,,,,,0.7191639626049418,0.18035980376093247,236.98996126945363,305.9043720664987,198.16372484801119,258.64404425355787,201.8561214746219,228.23874562534476,170.7500155962933,188.339388237069,,,201.939955797095,245.28163754561757,0.6423476968796434,0.646414499605989,6730.0,0.5731054977711738,0.06924219910846963,2.32196044921875,918.0,887.0,917.0,915.0,,0.18453041133249334,0.7124567231137061,0.696815013885498,0.7081385850906372,0.7144697308540344,0.7160655856132507,0.7118255496025085,0.7134233713150024,0.7132627964019775,0.717296838760376,0.715570867061615,0.7065105438232422,1496.0,0.7008173318935972,0.6885401606559753,0.6989372968673706,0.6985687613487244,0.7014779448509216,0.7035884261131287,0.7004616260528564,0.6996354460716248,0.6979421377182007,0.7032710313796997,0.7026823163032532,1496.0,0.6865047680595455,0.6637123227119446,0.6875013113021851,0.6860761642456055,0.6913042664527893,0.686698853969574,0.6909770369529724,0.6873906254768372,0.6876956820487976,0.6861394643783569,0.6825304627418518,1496.0,0.7000238818862361,0.6928219199180603,0.6977089643478394,0.7084683179855347,0.7018530368804932,0.7065151333808899,0.7000430822372437,0.7074258327484131,0.7012317180633545,0.7068764567375183,0.6842809319496155,1496.0,,,,,,,,,,,,,0.6999506762382711,12.0319,124.337,0.249,nllpch_sample_event_ranking,,,,,,nllpch_sample_event_ranking,L_PCH + L_rank + L_mul (paper)
sim_base__ours_nllpch_sample_event_ranking__s4,01_multievent_lmul,sim_base,4,ours,0.7256077661739593,0.7140418808212159,0.6848127251397043,0.12192684212402446,0.20141738323758837,0.22750429324212557,0.7081541240449599,0.20768143236637115,0.7324067298496031,0.7209037690380637,0.7063948832581048,0.12417943656588619,0.19453267752398495,0.2200151382386426,0.7199017940485906,0.20055989921092987,0.7283628681614269,0.7181303945432955,0.7016188971893292,0.11952596089883324,0.19918402943124566,0.21489110032072217,0.7160373866313505,0.18468739092350006,0.7656363000106677,0.7125577065233911,0.7032328334942658,0.11998883362109948,0.2094941941403148,0.21754129619981438,0.7271422800094416,0.17660465836524963,,,,,,,,,0.7178088961835857,0.18085009879535682,220.2272482652169,314.19702971550055,197.98537400548642,277.38697333164544,190.079769917145,233.7577730512617,165.81048700062755,195.23102560929902,,,193.52571979711897,255.14320042692668,0.6429548563611491,0.6490305444887118,6579.0,0.5797233622131023,0.06323149414804685,2.296637535095215,895.0,847.0,879.0,885.0,,0.1923515276310788,0.6826207758985048,0.6807706356048584,0.6839668154716492,0.6826278567314148,0.6863223910331726,0.6812475323677063,0.6841108202934265,0.6755579710006714,0.6784397959709167,0.6826267838478088,0.6892812252044678,1480.0,0.696983532822791,0.6666961908340454,0.6966930031776428,0.7030633091926575,0.7012238502502441,0.6983519792556763,0.6984469294548035,0.6977794170379639,0.6894547343254089,0.6993843913078308,0.6980369687080383,1480.0,0.6892557704440663,0.6415473818778992,0.6806634664535522,0.6846286058425903,0.6880549788475037,0.6906217336654663,0.6893782019615173,0.6905339360237122,0.6909339427947998,0.691847026348114,0.6893579363822937,1480.0,0.6879330411428779,0.6866077184677124,0.6866810917854309,0.6858036518096924,0.6927018761634827,0.6921841502189636,0.6877652406692505,0.6937054991722107,0.6925621628761292,0.6803523898124695,0.6853744387626648,1480.0,,,,,,,,,,,,,0.68919828007706,13.3406,110.94,0.225,nllpch_sample_event_ranking,,,,,,nllpch_sample_event_ranking,L_PCH + L_rank + L_mul (paper)
sim_base__ours_nllpch_sample_ranking__s0,01_multievent_lmul,sim_base,0,ours,0.7273784224861906,0.7101023198065208,0.692575269781758,0.12082539860770858,0.1951556002390071,0.21947125529600786,0.7100186706914897,0.20074914395809174,0.727194846549797,0.7151931502065421,0.7093535072322877,0.13173754860484316,0.20309312705675062,0.21794303191868367,0.7172471679962089,0.19109918177127838,0.7125696282271822,0.7110267011670904,0.6982608234564492,0.12438361634359058,0.2031844543231333,0.21905407565017776,0.7072857176169073,0.1817883551120758,0.7217458843504563,0.7175329207055339,0.6936255350535653,0.12004281971699705,0.19992645567934936,0.2108690316917909,0.7109681133698519,0.16901607811450958,,,,,,,,,0.7113799174186145,0.18047386792733666,242.14347894501745,319.35345216799624,214.02765643766307,272.1239582936906,213.00453473424346,236.9909180385544,173.15015942456827,194.89574706635725,,,210.58145738537308,255.84101889164958,0.6340996168582376,0.6362980149523073,6786.0,0.5789861479516651,0.05511346890657243,2.1932566165924072,894.0,906.0,904.0,899.0,,0.18564743842064194,0.6874046852583358,0.6873869895935059,0.6866445541381836,0.6868647336959839,0.6869850158691406,0.6896906495094299,0.6896230578422546,0.6899225115776062,0.6851328015327454,0.689321756362915,0.683257520198822,1503.0,0.6994032861731567,0.6978400945663452,0.70280921459198,0.7021862268447876,0.6953093409538269,0.699822723865509,0.7026150822639465,0.7034407258033752,0.6982261538505554,0.7000249624252319,0.6947810053825378,1503.0,0.6877392278095649,0.6811828017234802,0.6863638162612915,0.6860737204551697,0.6891209483146667,0.687309205532074,0.687695324420929,0.6864976286888123,0.6875369548797607,0.6906760334968567,0.686720073223114,1503.0,0.6804806065136537,0.6747936010360718,0.6792030930519104,0.6782622933387756,0.6778714060783386,0.6824712753295898,0.689577579498291,0.6865578889846802,0.6851855516433716,0.6782170534133911,0.6715310215950012,1503.0,,,,,,,,,,,,,0.6887569514386777,15.0818,99.657,0.199,nllpch_sample_ranking,,,,,,nllpch_sample_ranking,L_PCH + L_rank
sim_base__ours_nllpch_sample_ranking__s1,01_multievent_lmul,sim_base,1,ours,0.7003289277661139,0.6891312774940133,0.6798205200182749,0.139676098853631,0.2079153871532481,0.225014211401134,0.6897602417594674,0.2053912878036499,0.7346024438706077,0.723084220852127,0.7150380111197979,0.1250860051044207,0.19932732634443234,0.2152043736935721,0.7242415586141776,0.18720193207263947,0.7285720551399021,0.7218473100167503,0.7040796032826567,0.12261583852947688,0.19758306282219712,0.2142003449523101,0.718166322813103,0.182427316904068,0.7288347610830728,0.7041780531396437,0.7021229026606461,0.12340896565034484,0.21052395477488586,0.21430255188999162,0.7117119056277875,0.17616690695285797,,,,,,,,,0.7109700072036339,0.18290484343080374,249.23668939228705,323.29368921568266,224.4666067777435,269.3828742526648,188.21784362057087,229.33651418012778,179.91132255980446,198.40152889615328,,,210.45811558760147,255.10365163615714,0.6492998042463485,0.6529380764163373,6641.0,0.5893690709230538,0.05993073332329468,2.180694103240967,902.0,897.0,861.0,879.0,,0.18793549187171926,0.6826377863432224,0.6794044971466064,0.6822277903556824,0.6817073822021484,0.6817242503166199,0.6837477684020996,0.6843937635421753,0.6838008761405945,0.6843216419219971,0.681875467300415,0.6808373928070068,1475.0,0.7098624720831401,0.7073715925216675,0.7095110416412354,0.708130419254303,0.709466814994812,0.708873987197876,0.7079981565475464,0.7090415358543396,0.7110882997512817,0.7121619582176208,0.7101720571517944,1475.0,0.6911635818438228,0.6586482524871826,0.6921843886375427,0.6891818046569824,0.6947831511497498,0.6910676956176758,0.6968479156494141,0.6895554661750793,0.6964226365089417,0.6955773234367371,0.6825249791145325,1475.0,0.6851650820969062,0.6867705583572388,0.678806722164154,0.6819999814033508,0.6851606369018555,0.6827006936073303,0.6842252016067505,0.6844624280929565,0.6862720251083374,0.6866950392723083,0.6857416033744812,1475.0,,,,,,,,,,,,,0.6922072305917729,11.8843,124.114,0.252,nllpch_sample_ranking,,,,,,nllpch_sample_ranking,L_PCH + L_rank
sim_base__ours_nllpch_sample_ranking__s2,01_multievent_lmul,sim_base,2,ours,0.712692395675101,0.717676456168926,0.7007542352140459,0.11848165470799872,0.2020650158690414,0.21827691087360676,0.7103743623526909,0.20047225058078766,0.7388650439906662,0.7262780624535952,0.7253059784236148,0.12257051136963658,0.19916591860518695,0.2121558358369388,0.7301496949559586,0.18792283535003662,0.7204734714489428,0.7112171662580424,0.7090602696966266,0.11355365099174418,0.20167020605257177,0.2125287840722239,0.7135836358012039,0.17884261906147003,0.7403359746576195,0.7004836665776099,0.6974590604918207,0.11597772705511375,0.20441485432390502,0.20810706534624993,0.71275956724235,0.17110903561115265,,,,,,,,,0.7167168150880509,0.1774140112586848,253.695981704261,319.38339633746654,229.0272286848318,273.13280709616396,202.9209020726807,228.8550089534089,183.1554603931599,200.04355246613528,,,217.19989321373333,255.35369121329364,0.643690036900369,0.648062015503876,6775.0,0.5778597785977859,0.06583025830258304,2.1822547912597656,922.0,907.0,899.0,894.0,,0.18471353370254043,0.6905013353860818,0.6755396723747253,0.6921884417533875,0.6913149356842041,0.6894837617874146,0.6898203492164612,0.6870517134666443,0.6929736137390137,0.6914743781089783,0.6935125589370728,0.6905264854431152,1508.0,0.7145779551593903,0.7105081081390381,0.7175897359848022,0.7149896621704102,0.7119757533073425,0.7125877141952515,0.7164730429649353,0.7159038186073303,0.7154223918914795,0.7167445421218872,0.7115746736526489,1508.0,0.6968449017171648,0.7024849653244019,0.7010443210601807,0.6915770769119263,0.6864680051803589,0.6920503377914429,0.6956452131271362,0.7000052332878113,0.7001416683197021,0.7014449238777161,0.6944084167480469,1508.0,0.6882255103221219,0.6722692251205444,0.6798803806304932,0.6838740706443787,0.6935828328132629,0.68895423412323,0.6887252330780029,0.6919716000556946,0.6903195381164551,0.6924797892570496,0.6807098984718323,1508.0,,,,,,,,,,,,,0.6975374256461897,13.0499,115.556,0.23,nllpch_sample_ranking,,,,,,nllpch_sample_ranking,L_PCH + L_rank
sim_base__ours_nllpch_sample_ranking__s3,01_multievent_lmul,sim_base,3,ours,0.7125329413127403,0.7280711006029936,0.7201217054772352,0.1261557280527949,0.20188720098814375,0.22090460712839208,0.7202419157976564,0.19995519518852234,0.724455465545351,0.7198485212206589,0.6940047234546199,0.12312102054489385,0.19198487821972124,0.21610236010571163,0.7127695700735432,0.1877359300851822,0.710780654142316,0.6930159913324021,0.6881757849419268,0.13452287001472485,0.2003874860386783,0.21335462966287005,0.6973241434722149,0.18063895404338837,0.7247563191267768,0.7124087604000203,0.7029981524229604,0.13184647748833725,0.20852663313556086,0.20630262866838492,0.7133877439832524,0.17346185445785522,,,,,,,,,0.7109308433316668,0.18125804333735113,257.894181888049,314.9776410250987,210.52200309462214,263.5043858391056,207.37214437970937,230.02622440328184,175.4324852234559,193.64668145435576,,,212.80520364645906,250.53873318046047,0.638781575037147,0.6422117152613607,6730.0,0.5731054977711738,0.06567607726597324,2.207487106323242,918.0,887.0,917.0,915.0,,0.18543969118926168,0.7031127571068698,0.687651515007019,0.7020530700683594,0.7052144408226013,0.7062149047851562,0.7057151794433594,0.7075730562210083,0.7077690362930298,0.7083576321601868,0.7009745836257935,0.6930921673774719,1496.0,0.6909441979234121,0.6806137561798096,0.6892553567886353,0.6905179619789124,0.6941992044448853,0.6935814023017883,0.6925694942474365,0.6894822120666504,0.6915638446807861,0.6933462023735046,0.6870017647743225,1496.0,0.6838282268328889,0.6570912003517151,0.6811947226524353,0.683667778968811,0.6877408623695374,0.6838074326515198,0.6848847270011902,0.6843204498291016,0.6861268281936646,0.6840454339981079,0.681580126285553,1496.0,0.6884395101241687,0.6868249177932739,0.6786866188049316,0.6846207976341248,0.6823838949203491,0.6945854425430298,0.6918004155158997,0.6989656686782837,0.6930398344993591,0.6960176229476929,0.6708366870880127,1496.0,,,,,,,,,,,,,0.691581172996835,13.2221,113.144,0.227,nllpch_sample_ranking,,,,,,nllpch_sample_ranking,L_PCH + L_rank
sim_base__ours_nllpch_sample_ranking__s4,01_multievent_lmul,sim_base,4,ours,0.7289656644035564,0.7120828459223078,0.6910701004339072,0.12174182557769968,0.19936290291308953,0.22416844868686417,0.7107062035865904,0.2030588835477829,0.7395004848693604,0.723895523930197,0.7068932904576867,0.12216915614852952,0.1912943688208784,0.215961597061849,0.7234297664190814,0.19640910625457764,0.7282781085957765,0.7092991070383864,0.6933461208217532,0.11997874257260441,0.1993668347328612,0.2161824317500179,0.7103077788186387,0.18453708291053772,0.7593184759689854,0.7132287815381706,0.70117270034215,0.11841813232378783,0.2059199007217612,0.21249380719533492,0.724573319283102,0.17251425981521606,,,,,,,,,0.7172542670268531,0.17892151237543982,255.80720576952555,323.5033692615996,200.41198546428353,274.24165262903193,200.12638481805985,236.2997539003508,175.7126410784284,196.91214779204708,,,208.01455428257432,257.7392308957573,0.6276029791761666,0.6324037184594954,6579.0,0.5797233622131023,0.04787961696306431,2.1654558181762695,895.0,847.0,879.0,885.0,,0.18909852526746201,0.6821692003054383,0.676842451095581,0.6799716353416443,0.6820904016494751,0.684266209602356,0.6816189885139465,0.6847233176231384,0.6826512813568115,0.6834767460823059,0.6798661947250366,0.6821107268333435,1480.0,0.6957317209351546,0.6844649910926819,0.6992819905281067,0.6988780498504639,0.6999225616455078,0.6985688209533691,0.6969472765922546,0.696111261844635,0.6901440024375916,0.6975878477096558,0.6934610605239868,1480.0,0.6813565237009276,0.6122908592224121,0.670454204082489,0.678809642791748,0.6818860173225403,0.6851450800895691,0.6826797723770142,0.6842847466468811,0.6815515160560608,0.6828525066375732,0.6811903715133667,1480.0,0.6861608602469388,0.6877605319023132,0.6866580843925476,0.6871559619903564,0.684478223323822,0.6869763731956482,0.6888555884361267,0.6902734637260437,0.6915239095687866,0.68730628490448,0.6771679520606995,1480.0,,,,,,,,,,,,,0.6863545762971148,13.5735,109.036,0.221,nllpch_sample_ranking,,,,,,nllpch_sample_ranking,L_PCH + L_rank
