tag,source,dataset,seed,model,ctd_0th_event_0.25,ctd_0th_event_0.5,ctd_0th_event_0.75,brier_0th_event_0.25,brier_0th_event_0.5,brier_0th_event_0.75,ctd_0th_event,brier_0th_event,ctd_1th_event_0.25,ctd_1th_event_0.5,ctd_1th_event_0.75,brier_1th_event_0.25,brier_1th_event_0.5,brier_1th_event_0.75,ctd_1th_event,brier_1th_event,ctd_2th_event_0.25,ctd_2th_event_0.5,ctd_2th_event_0.75,brier_2th_event_0.25,brier_2th_event_0.5,brier_2th_event_0.75,ctd_2th_event,brier_2th_event,ctd_3th_event_0.25,ctd_3th_event_0.5,ctd_3th_event_0.75,brier_3th_event_0.25,brier_3th_event_0.5,brier_3th_event_0.75,ctd_3th_event,brier_3th_event,ctd_weighted_avg,brier_survtrace_weighted_avg,mae_uncensored_0th_event,mae_margin_0th_event,mae_uncensored_1th_event,mae_margin_1th_event,mae_uncensored_2th_event,mae_margin_2th_event,mae_uncensored_3th_event,mae_margin_3th_event,mae_uncensored,mae_margin,within_ctd,within_ctd_subject,within_ctd_pairs,within_ctd_km,within_ctd_gain,true_order_c,true_order_brier,true_order_logloss,true_order_pairs,repr,recipe,variant_tag,loss,brier_0th_event_n,brier_1th_event_n,brier_2th_event_n,brier_3th_event_n,brier_weighted_avg,ipcw_0th_event,ipcw_0th_event_0.10,ipcw_0th_event_0.20,ipcw_0th_event_0.30,ipcw_0th_event_0.40,ipcw_0th_event_0.50,ipcw_0th_event_0.60,ipcw_0th_event_0.70,ipcw_0th_event_0.80,ipcw_0th_event_0.90,ipcw_0th_event_1.00,ipcw_0th_event_n,ipcw_1th_event,ipcw_1th_event_0.10,ipcw_1th_event_0.20,ipcw_1th_event_0.30,ipcw_1th_event_0.40,ipcw_1th_event_0.50,ipcw_1th_event_0.60,ipcw_1th_event_0.70,ipcw_1th_event_0.80,ipcw_1th_event_0.90,ipcw_1th_event_1.00,ipcw_1th_event_n,ipcw_2th_event,ipcw_2th_event_0.10,ipcw_2th_event_0.20,ipcw_2th_event_0.30,ipcw_2th_event_0.40,ipcw_2th_event_0.50,ipcw_2th_event_0.60,ipcw_2th_event_0.70,ipcw_2th_event_0.80,ipcw_2th_event_0.90,ipcw_2th_event_1.00,ipcw_2th_event_n,ipcw_3th_event,ipcw_3th_event_0.10,ipcw_3th_event_0.20,ipcw_3th_event_0.30,ipcw_3th_event_0.40,ipcw_3th_event_0.50,ipcw_3th_event_0.60,ipcw_3th_event_0.70,ipcw_3th_event_0.80,ipcw_3th_event_0.90,ipcw_3th_event_1.00,ipcw_3th_event_n,ipcw_weighted_avg,runtime,samples_per_second,steps_per_second,variant,label
ehrsim2_level__oracle__s0,13_final_sequential_ehr,ehrsim2_level,0,oracle,0.7742514265179433,0.7552741930567877,0.723983923786607,0.09095251681228045,0.1460489653506087,0.195945728021679,0.7511698477871128,0.1443157367281894,0.8069876325828078,0.754632544009473,0.704571170839693,0.08650549716072514,0.13776972484058528,0.20222911670215543,0.7553971158106579,0.14216811290115527,0.7844034386059783,0.7240736861806094,0.6944342965037291,0.07799138369717219,0.1555183617813005,0.21848389237300292,0.7343038070967722,0.15066454595049186,0.7628408250201453,0.7428504840980765,0.7271525160116379,0.14476528186405005,0.18715069288667063,0.1613275466418135,0.7442812750432864,0.1644145071308447,0.7462880114344573,0.1503907256776703,1595.2055762450075,1468.880084090237,1669.1249828506934,1458.5529316282534,1612.89532787143,1448.8416178124405,788.1015934271436,896.5488589889612,1416.3318700985685,1318.205873129973,0.689327485380117,0.7023654159869495,5472.0,0.5692616959064327,0.12006578947368429,0.6712131292969616,0.2088007914166509,0.6033173252946632,9018,,,,,,,,,,,,,,,,,,,,,,,,,,,,,,,,,,,,,,,,,,,,,,,,,,,,,,,,,,,,,,,Oracle (true CIF)
ehrsim2_level__oracle__s1,13_final_sequential_ehr,ehrsim2_level,1,oracle,0.793744509215395,0.7797549147675743,0.7372770237087339,0.09184939425602542,0.13977398541638944,0.18990382277466075,0.7702588158972343,0.14050906748235856,0.792156116215219,0.7611401740787107,0.7106730035906151,0.08603367613507765,0.1334730871367951,0.20081005276061006,0.7546564312948484,0.14010560534416094,0.7549357754411903,0.7149415386564578,0.674289311634658,0.08018643290518665,0.1495972176313112,0.217776670708867,0.7147222085774354,0.14918677374845493,0.7597213619369181,0.7446784329091901,0.7362220097556862,0.15396768345238052,0.18983829966084248,0.1445745643931212,0.7468739348672648,0.16279351583544807,0.7466278476591958,0.14814874060260563,1615.0874211983357,1486.15900493895,1710.2808578148308,1497.5558304451313,1657.7025725316296,1477.754917018615,756.210864590038,881.9067907851747,1434.8204290337085,1335.8441357969677,0.6870112530993706,0.7009988584474885,5243.0,0.5777226778561892,0.10928857524318136,0.6694915254237288,0.2082959309225817,0.6020068417418948,8850,,,,,,,,,,,,,,,,,,,,,,,,,,,,,,,,,,,,,,,,,,,,,,,,,,,,,,,,,,,,,,,Oracle (true CIF)
ehrsim2_level__oracle__s2,13_final_sequential_ehr,ehrsim2_level,2,oracle,0.7882520315274197,0.7558388947399832,0.7274254958532401,0.09690760467575278,0.15282291616207308,0.19787871054702622,0.757172140706881,0.14920307712828404,0.8010940380331346,0.7427210662135796,0.6946577919785797,0.07883280439545283,0.1495559447112518,0.2095880424161242,0.7461576320750979,0.14599226384094297,0.7863650815640167,0.7391372773109892,0.6833278858508631,0.07651997910553383,0.142171965753491,0.21428008402797102,0.7362767482419564,0.1443240096289986,0.7410337012204172,0.7338385851148678,0.7292932265799043,0.15738155775003365,0.19104648169615426,0.14684124895446482,0.7347218376383964,0.1650897628002176,0.7435820896655829,0.1511522783496108,1655.1517875819695,1513.4824555935875,1713.134636736646,1499.6275717920976,1629.889446346449,1442.9546510753726,751.9399871877708,877.6332879647815,1437.528964463209,1333.42449160646,0.6888599590849916,0.700247320692498,5377.0,0.5813650734610377,0.10749488562395393,0.6667771883289124,0.20887323223823048,0.602695900453243,9048,,,,,,,,,,,,,,,,,,,,,,,,,,,,,,,,,,,,,,,,,,,,,,,,,,,,,,,,,,,,,,,Oracle (true CIF)
ehrsim2_level__oracle__s3,13_final_sequential_ehr,ehrsim2_level,3,oracle,0.7625660102687679,0.7321497954442417,0.7069312626581209,0.08937092680125117,0.14872913281329875,0.19853503332796066,0.7338823561237101,0.14554503098083685,0.8233923761832014,0.7439229660799572,0.6904870180802409,0.07262252599662512,0.13855500471622129,0.2062550698074931,0.7526007867811332,0.1391442001734465,0.7739531911573838,0.724560169245235,0.6916881543955967,0.08268347878978413,0.15744536105892284,0.21830462969925152,0.7300671715994053,0.15281115651598617,0.7596167501792568,0.7443072302910638,0.731601768826246,0.1494639709342908,0.18330472694083383,0.15418959532371915,0.7451752497655222,0.16231943106628124,0.7404313910674427,0.1499549546841377,1661.567976036643,1521.0166485094865,1688.9735816264097,1474.817790731923,1589.0640523628042,1442.7239808289687,788.2951352430457,894.982657338032,1431.9751863172255,1333.3852693521026,0.6846024948799107,0.6966163310961969,5371.0,0.5676782722025694,0.11692422267734126,0.6618761140819964,0.21078746209494822,0.6069076254894055,8976,,,,,,,,,,,,,,,,,,,,,,,,,,,,,,,,,,,,,,,,,,,,,,,,,,,,,,,,,,,,,,,Oracle (true CIF)
ehrsim2_level__oracle__s4,13_final_sequential_ehr,ehrsim2_level,4,oracle,0.7931286793996901,0.7636585354648093,0.7393271352135061,0.09484252708629129,0.14337817530703326,0.1909992215145053,0.7653714500260018,0.14307330796927661,0.7724379228382071,0.735631955027963,0.685743687349706,0.08647280245522317,0.14425721449569814,0.1995341227140771,0.7312711884052921,0.1434213798883328,0.7568968177460614,0.7076293821004714,0.6643856463451648,0.08070660513727748,0.1656053237581441,0.23213969999200315,0.7096372820638992,0.15948387629580826,0.7541705781367749,0.7377046491755452,0.7299523549222168,0.14405768344966774,0.19406398120578508,0.14879844055846259,0.7406091940781789,0.1623067017379718,0.736722278643343,0.15207131647284738,1613.1066737659457,1480.4727161758865,1697.6010336837708,1458.4684773040597,1674.5300452502338,1489.8369004004937,751.7265398559113,883.1791122429406,1434.2410731389652,1327.989301530845,0.6878196628149271,0.6982650739476678,5279.0,0.5735934836143209,0.11422617920060618,0.6665540540540541,0.20906376805183827,0.603951563094791,8880,,,,,,,,,,,,,,,,,,,,,,,,,,,,,,,,,,,,,,,,,,,,,,,,,,,,,,,,,,,,,,,Oracle (true CIF)
ehrsim2_level_bag__coxph__s0,13_final_sequential_ehr,ehrsim2_level,0,coxph,0.7534310602187176,0.7398725622473937,0.7172638857555851,0.0935863076738862,0.1490859180595963,0.19025540281927525,0.7368558360738988,0.14430920951758594,0.7892331390606904,0.7490735766447378,0.6881888654997184,0.09119073320912773,0.1375683146827781,0.19414826383149114,0.7421651937350489,0.140969103907799,0.7901185891540891,0.7191265188401955,0.6884943202842125,0.08834057598604107,0.16239584470184654,0.2112393127523392,0.7325798094261656,0.15399191114674227,0.7582868217033951,0.7397740551862031,0.7236429313148576,0.14649534960017618,0.18870764895189468,0.16220519303756217,0.740567936068152,0.16580273052987768,0.7380421938258163,0.15126823877550122,988.2932269050066,1165.0912634171978,905.6335659802714,1054.7246664473146,922.5942240659517,978.8788696462141,796.134066990823,904.3690866588476,903.1637709855132,1025.7659715423936,0.7086988304093568,0.7206905927134313,5472.0,0.5692616959064327,0.13943713450292405,0.6581281880683079,0.2095020778372842,0.6048401878522663,9018,bag,,,,,,,,,,,,,,,,,,,,,,,,,,,,,,,,,,,,,,,,,,,,,,,,,,,,,,,,,,,,,,Cox PH (cause-specific) [bag]
ehrsim2_level_bag__coxph__s1,13_final_sequential_ehr,ehrsim2_level,1,coxph,0.7771604694534505,0.757987358872002,0.725835252609415,0.09230675646879857,0.1403439325322775,0.17941525551015453,0.7536610269782891,0.13735531483707686,0.7610611537476041,0.7399031207792963,0.6864361775155525,0.08840813059638754,0.13321257064407374,0.1847593193172151,0.729133484014151,0.1354600068525588,0.7338993664543074,0.7067401484821614,0.6747427929865615,0.09086883276252011,0.15694670136604555,0.20330544554618235,0.7051274359743435,0.15037365989158266,0.7517907525245626,0.736133926422059,0.7292756057137845,0.158718266175211,0.19620132305725232,0.14674126511842275,0.7390667615534686,0.16722028478362871,0.731747177130063,0.14760231659121176,973.425682061731,1168.539768938538,938.1648166069265,1074.5092733269041,915.1331175909642,965.0881488946444,775.2419191344048,899.4370161373525,900.4913838485065,1026.8935518243597,0.7098989128361625,0.7166095890410958,5243.0,0.5777226778561892,0.13217623497997322,0.6619209039548023,0.21024867179403597,0.6069995124107301,8850,bag,,,,,,,,,,,,,,,,,,,,,,,,,,,,,,,,,,,,,,,,,,,,,,,,,,,,,,,,,,,,,,Cox PH (cause-specific) [bag]
ehrsim2_level_bag__coxph__s2,13_final_sequential_ehr,ehrsim2_level,2,coxph,0.771279969425681,0.7419849923917325,0.7217109314980428,0.09998110557554621,0.15230985099716113,0.18858497197897267,0.7449919644384856,0.14695864285056,0.7910877909393156,0.7349394372197088,0.7009278667049557,0.08362919282934828,0.15130025422333446,0.19477179488523083,0.74231836495466,0.14323374731263785,0.7709657289719095,0.716431188598713,0.6767367752490021,0.08533946230445605,0.1509341582753226,0.21095694327425668,0.7213778976065415,0.1490768546180118,0.7375496304752335,0.728048883354994,0.7242672825550857,0.1587497670132393,0.19531756855649557,0.15013420438699326,0.729955265461771,0.16806717998557605,0.7346608731153645,0.15183410619169643,998.275318472589,1189.496922821819,952.5124040750735,1065.339923791373,900.0775782594092,973.9079361373681,767.5098066342855,891.2441024023599,904.5937768603392,1029.99722128823,0.7169425330109727,0.7255289914811761,5377.0,0.5813650734610377,0.13557745954993494,0.668656056587091,0.20882297783116685,0.6062426142075069,9048,bag,,,,,,,,,,,,,,,,,,,,,,,,,,,,,,,,,,,,,,,,,,,,,,,,,,,,,,,,,,,,,,Cox PH (cause-specific) [bag]
ehrsim2_level_bag__coxph__s3,13_final_sequential_ehr,ehrsim2_level,3,coxph,0.7493024732011864,0.7226812335674666,0.7004343219446646,0.09176618855375883,0.14909164408013256,0.19346595826567428,0.7241393429044392,0.14477459696652187,0.8060635197874957,0.7301887471640408,0.6857243346733792,0.07730281886623878,0.1417891171851685,0.18911068240231535,0.7406588672083053,0.1360675394845742,0.7456803554909446,0.6943236566268359,0.6653135586073284,0.09483666032763037,0.17104291538170627,0.21790590848346603,0.7017725235750364,0.16126182806426756,0.7538267015614439,0.7390322361339628,0.7268865655024176,0.15269019364703573,0.1869084422960041,0.1555027179196503,0.7399151677326081,0.1650337846208967,0.7266214753550972,0.15178443728406507,1015.3871176958519,1206.5172479833861,939.7177151175257,1067.6455370332171,895.7164682272627,987.1892318399211,795.3024906726033,902.489268343202,911.5309479283109,1040.9603212999316,0.6974492645689816,0.7066554809843401,5371.0,0.5676782722025694,0.1297709923664122,0.6563057040998217,0.21242859101204797,0.6134347481318247,8976,bag,,,,,,,,,,,,,,,,,,,,,,,,,,,,,,,,,,,,,,,,,,,,,,,,,,,,,,,,,,,,,,Cox PH (cause-specific) [bag]
ehrsim2_level_bag__coxph__s4,13_final_sequential_ehr,ehrsim2_level,4,coxph,0.7782053560911045,0.7511435819881681,0.7242083996293561,0.09585833893540378,0.14522447209365313,0.18469979701944222,0.7511857792362097,0.1419275360161664,0.7526675249353233,0.7236816256118449,0.6793662126946125,0.09161555218833096,0.14546234329664753,0.19025690745065477,0.7185717877472602,0.14244493431187774,0.7267750765289767,0.6688251723311678,0.6453441774848847,0.08962000685915315,0.17989932795839517,0.21199605584437994,0.6803148087816764,0.16050513022064275,0.7432323959954651,0.7293229012007197,0.7230586556848408,0.1473996383382519,0.19874499844848462,0.15122487995007095,0.7318713176270085,0.16578983891226914,0.7204859233480387,0.152666859865239,968.9175044621724,1181.9857213646678,967.986274219632,1071.4190435816918,943.5806336243845,1000.4778319633065,769.0108296286431,899.8043795758866,912.373810483708,1038.4217441213882,0.7067626444402348,0.7137656427758816,5279.0,0.5735934836143209,0.1331691608259139,0.6583333333333333,0.21018553530057185,0.6068327276109414,8880,bag,,,,,,,,,,,,,,,,,,,,,,,,,,,,,,,,,,,,,,,,,,,,,,,,,,,,,,,,,,,,,,Cox PH (cause-specific) [bag]
ehrsim2_level_bag__ours_nllpch_large__s0,13_final_sequential_ehr,ehrsim2_level,0,ours,0.7446645059829158,0.7061578205880022,0.6766985292764952,0.09891787147674035,0.1597315792385486,0.2023887161666714,0.7091736186158043,0.1878753900527954,0.7504801374904949,0.7364464032803905,0.6809105462871625,0.10195871711729261,0.14913367383963985,0.19630205999169043,0.7226123623526827,0.1812228262424469,0.7750096773907411,0.7116801559915337,0.6465494919335263,0.08721146949763342,0.15981730305269612,0.21902777942635654,0.711079775105267,0.18279212713241577,0.6865399803972804,0.6505527781090136,0.6384041152064321,0.16185867834294218,0.23082731757021557,0.18792170995164978,0.6584989579042421,0.18646422028541565,0.700341178494499,0.16292473963933973,1092.1577472753627,1300.8942371173396,977.27239008075,1108.283171762671,928.2874859249773,1008.2188138124071,950.4352119427004,1098.0238086334107,987.0382088059476,1128.855007831457,0.6779970760233918,0.6959216965742252,5472.0,0.5692616959064327,0.10873538011695905,0.6062319804834775,0.22762104771689898,0.6450384702661485,9018,bag,nllpch,large,4.1902689933776855,776.0,746.0,750.0,1375.0,0.18493718927874772,0.6273967835060168,0.6296234130859375,0.633152425289154,0.6322421431541443,0.6333147883415222,0.6317237019538879,0.6322782039642334,0.6283228397369385,0.626399576663971,0.6245892643928528,0.6165422797203064,1503.0,0.625667478598693,0.6278530359268188,0.6247643828392029,0.6267493963241577,0.6319425702095032,0.6309416890144348,0.630902886390686,0.6273449659347534,0.629601776599884,0.6180052757263184,0.617775022983551,1503.0,0.6286938969475883,0.6386390924453735,0.622378945350647,0.6224438548088074,0.6263613700866699,0.6318425536155701,0.6358507871627808,0.6175340414047241,0.6274603605270386,0.6285115480422974,0.6351640820503235,1503.0,0.6243884995584635,0.6265324354171753,0.6306774616241455,0.6294981837272644,0.6313667893409729,0.6314972043037415,0.6305088400840759,0.6291179656982422,0.6295986771583557,0.6269960403442383,0.6075589060783386,1503.0,0.6265366646526903,13.7932,108.966,0.217,nllpch,L_PCH (large) [bag]
ehrsim2_level_bag__ours_nllpch_large__s1,13_final_sequential_ehr,ehrsim2_level,1,ours,0.7521939065889632,0.724882512693526,0.684161334453459,0.10210745856565645,0.15331010712193738,0.19307575333497348,0.7204125845786494,0.18884840607643127,0.7752356388190724,0.7339383095233384,0.6857924293421235,0.0910486504078101,0.1425804088002634,0.1888273779873587,0.7316554592281781,0.1796976625919342,0.7216504078201468,0.6733547468896229,0.642805496552393,0.09257972870817704,0.16462710364824357,0.20319165886758336,0.6792702170873876,0.18540725111961365,0.6658167352036876,0.6411878187467068,0.6328345482752201,0.18765938063212606,0.2366948267423041,0.1806252217814774,0.6466130340752049,0.1901429295539856,0.694487823742355,0.1613606397164926,1016.4516790409945,1259.253946411626,916.7249733291567,1076.3507257716733,896.0826961042142,981.4417457997384,915.6043497305166,1094.0388961050082,936.2159245512205,1102.7713285220113,0.6664123593362579,0.6822773972602739,5243.0,0.5777226778561892,0.08868968148006862,0.6099435028248588,0.2267312422665615,0.6432839024764564,8850,bag,nllpch,large,4.27109956741333,754.0,732.0,700.0,1328.0,0.18674595145997366,0.6313510592442088,0.6250354647636414,0.6341406106948853,0.633149266242981,0.6338171362876892,0.6325925588607788,0.6320595145225525,0.6315776705741882,0.6332219243049622,0.6296885013580322,0.6278420686721802,1475.0,0.6407837944586809,0.6466220021247864,0.6508323550224304,0.6519074440002441,0.6453336477279663,0.6427750587463379,0.6448712944984436,0.6392041444778442,0.6370179653167725,0.63543301820755,0.6358447670936584,1475.0,0.6124825776509856,0.6055076718330383,0.6115096211433411,0.6117587685585022,0.6128432154655457,0.6114054322242737,0.6124745011329651,0.6099952459335327,0.6117690801620483,0.6129756569862366,0.6161059737205505,1475.0,0.6229896321141398,0.6171332001686096,0.617108166217804,0.6243012547492981,0.6245640516281128,0.6216064691543579,0.6177576780319214,0.6263349056243896,0.6257782578468323,0.6237075924873352,0.6214559674263,1475.0,0.6269017658670037,12.1569,121.331,0.247,nllpch,L_PCH (large) [bag]
ehrsim2_level_bag__ours_nllpch_large__s2,13_final_sequential_ehr,ehrsim2_level,2,ours,0.7343549528741885,0.7026029881586492,0.6739992264079019,0.10664982860762708,0.16823094421049126,0.2051792887563398,0.7036523891469132,0.19193081557750702,0.7476282614405207,0.7118289865846235,0.6730569948343518,0.08884064114253945,0.15870887150148605,0.2016837472320119,0.7108380809531654,0.18210431933403015,0.6960160557937232,0.6539634203196965,0.6027675078286938,0.09927274318647841,0.1686589968766438,0.2245062778320203,0.6509156613140378,0.19493089616298676,0.6419541489549419,0.6407804361896078,0.6303177490654985,0.18062829032545785,0.2280040673899893,0.1811322323686699,0.6376841114033495,0.1847095787525177,0.6757725607043664,0.16762466078581292,1117.4127325849681,1345.9982694019382,976.9245479820754,1115.2621703150107,974.6369388487701,1079.846079244086,933.2787485223597,1109.1009165250148,1000.5632419845433,1162.5518588715124,0.6955551422726427,0.7070348996977193,5377.0,0.5813650734610377,0.11419006881160498,0.5767020335985853,0.23752837345405295,0.6674737784699319,9048,bag,nllpch,large,4.188846111297607,765.0,761.0,699.0,1364.0,0.18768710581397371,0.6368608928597336,0.637097179889679,0.6369933485984802,0.6401399374008179,0.6385352611541748,0.6386857032775879,0.637183427810669,0.6367438435554504,0.6369773149490356,0.6325401067733765,0.6369439959526062,1508.0,0.6322142458903911,0.6254129409790039,0.6308557987213135,0.6316248774528503,0.6345263719558716,0.6323378086090088,0.6330523490905762,0.6322383284568787,0.63253253698349,0.6309830546379089,0.6327695250511169,1508.0,0.5833292044708508,0.5815871953964233,0.5908299684524536,0.5858073830604553,0.5899810194969177,0.5891159772872925,0.5881229639053345,0.5868115425109863,0.5932186245918274,0.5622043013572693,0.5808183550834656,1508.0,0.6231886335564614,0.6230390071868896,0.6222782731056213,0.6230305433273315,0.6242485046386719,0.6246017217636108,0.6238847374916077,0.6245214343070984,0.6240960359573364,0.6221289038658142,0.6216211318969727,1508.0,0.6188982441943592,12.9218,116.702,0.232,nllpch,L_PCH (large) [bag]
ehrsim2_level_bag__ours_nllpch_large__s3,13_final_sequential_ehr,ehrsim2_level,3,ours,0.7365434340560609,0.7010858941423098,0.6939195278722448,0.09832081325978008,0.15840305168905905,0.18808539015387604,0.710516285356872,0.1812083125114441,0.8075386241149243,0.7278997543204625,0.684684092519839,0.07687552763756532,0.1418417126769913,0.19130173863048977,0.740040823651742,0.17484721541404724,0.7402831288242201,0.6835682807387895,0.6598953149898986,0.09907926054195254,0.1725736081564125,0.21200987470263583,0.6945822415176361,0.18581511080265045,0.6779811314847096,0.6606172340338566,0.6425778638999211,0.16408766472207126,0.22113921794162178,0.18779085252863267,0.6603920764728292,0.1861797273159027,0.7013828567497699,0.15929239272009066,1019.9577722863742,1236.465251035883,928.4088931145408,1058.8202096327811,901.8749430672988,998.4358925758781,941.2289076248514,1092.2531840656015,947.8676290232663,1096.4936343275358,0.6764103518897785,0.6954697986577181,5371.0,0.5676782722025694,0.1087320796872091,0.6258912655971479,0.22164466182103762,0.6326059310823114,8976,bag,nllpch,large,4.188433647155762,764.0,740.0,740.0,1363.0,0.18272698655133768,0.6575823229844453,0.6505752205848694,0.659961998462677,0.6581365466117859,0.658211886882782,0.6571569442749023,0.6558907628059387,0.6557511687278748,0.6558807492256165,0.6587196588516235,0.6608077883720398,1496.0,0.6336698839573989,0.6393318176269531,0.6348398923873901,0.6300758719444275,0.6333881616592407,0.6341134905815125,0.6316751837730408,0.6343079805374146,0.6387090682983398,0.6389392018318176,0.625569760799408,1496.0,0.6176562459752791,0.6181513667106628,0.6304652690887451,0.6284674406051636,0.6289539337158203,0.6262742877006531,0.6312482953071594,0.6262373924255371,0.6226090788841248,0.6184517741203308,0.5809323787689209,1496.0,0.631881651958548,0.6106711030006409,0.6220569610595703,0.6269197463989258,0.6308794617652893,0.6337296366691589,0.6325666308403015,0.6336908936500549,0.6338928937911987,0.6330726146697998,0.6298363208770752,1496.0,0.6351975262189178,13.5229,110.627,0.222,nllpch,L_PCH (large) [bag]
ehrsim2_level_bag__ours_nllpch_large__s4,13_final_sequential_ehr,ehrsim2_level,4,ours,0.7486328545140957,0.7208904776302918,0.6883532736214231,0.10098531215803773,0.15581503211663872,0.19984773610565368,0.7192922019219369,0.1865181028842926,0.7605934243984483,0.7241724806300416,0.6837521367091711,0.09133517285105447,0.14983076662493108,0.1914957696970858,0.722839347245887,0.1793966442346573,0.7208260428906956,0.6766047022265942,0.6575674454505034,0.09427434732328337,0.17687650480936612,0.2060091791421492,0.684999396855931,0.18440507352352142,0.6593779785383709,0.6383742951985832,0.6279991616240982,0.17531300908706013,0.23379003244807617,0.1834965781679711,0.6419171451203507,0.18665389716625214,0.6922620227860264,0.1632557867109423,1088.8432279630686,1291.888449587092,960.8739578690014,1073.0285429210962,895.5534379846553,975.158006871497,924.9799653374347,1107.1484971069128,967.56264728854,1111.8058741216496,0.6728547073309339,0.6901023890784983,5279.0,0.5735934836143209,0.09926122371661295,0.621509009009009,0.22282937539043077,0.6340955221487674,8880,bag,nllpch,large,4.231284141540527,747.0,727.0,724.0,1325.0,0.1846653619612478,0.6408186864916495,0.6442299485206604,0.6441839337348938,0.6444780230522156,0.6403914093971252,0.6422995328903198,0.6416470408439636,0.641435980796814,0.637913167476654,0.6374428272247314,0.6413964033126831,1480.0,0.6342150923716482,0.6378607153892517,0.6392180919647217,0.6409083008766174,0.6410301923751831,0.6427526473999023,0.6431191563606262,0.6333498358726501,0.6370042562484741,0.6293248534202576,0.6179420351982117,1480.0,0.6258812139954235,0.6246621608734131,0.6205305457115173,0.6256192922592163,0.6258090138435364,0.6195504665374756,0.6194525361061096,0.6252679824829102,0.6273804306983948,0.6312156915664673,0.628976583480835,1480.0,0.6202918606502372,0.62044358253479,0.6209540963172913,0.6206924915313721,0.617956817150116,0.622472882270813,0.6218836903572083,0.6212249994277954,0.6222532391548157,0.6221479177474976,0.6157028675079346,1480.0,0.6303017133772396,14.4084,102.718,0.208,nllpch,L_PCH (large) [bag]
ehrsim2_level_bag__ours_nllpch_small__s0,13_final_sequential_ehr,ehrsim2_level,0,ours,0.7443165170595201,0.7088545973477998,0.6870075567771283,0.097166929290869,0.16286913956322513,0.2032287238915242,0.713392890394816,0.1880556046962738,0.7499628535761269,0.7258342982314467,0.6785026212441444,0.1041143661427597,0.1581384458462739,0.19627626246208585,0.7180999243505727,0.18185007572174072,0.7850393397634721,0.7331935761892909,0.699145583688362,0.08601562369260032,0.1611203474097406,0.209141312831097,0.7391261665470417,0.18057681620121002,0.6901787644994325,0.6574126867819569,0.6443298818272201,0.1617022726678141,0.22780475233096922,0.18357052127392287,0.6639737777028698,0.18374188244342804,0.708648189748825,0.1625957247835735,1073.0101035345663,1286.832666542168,989.1487837469788,1118.961358069523,1056.6351423328736,1038.4289997600913,938.2604539296094,1089.5542912924088,1014.2636208860071,1133.4443289160477,0.6328581871345029,0.6499456226209896,5472.0,0.5692616959064327,0.0635964912280702,0.5905965846085607,0.23041258002483883,0.6511410005898092,9018,bag,nllpch,small,4.169506549835205,776.0,746.0,750.0,1375.0,0.183621882709994,0.63661769430482,0.6339402198791504,0.6370550394058228,0.6371058821678162,0.6381810903549194,0.6365676522254944,0.6368638873100281,0.6393954157829285,0.6361488103866577,0.6377043128013611,0.6328688263893127,1503.0,0.6277906347576212,0.6248286962509155,0.6239129304885864,0.627024233341217,0.627276599407196,0.6262550950050354,0.6260696649551392,0.6271350383758545,0.624045193195343,0.625984251499176,0.6374051570892334,1503.0,0.6512723584311348,0.6583595275878906,0.6606085896492004,0.6602623462677002,0.6605421900749207,0.6616942882537842,0.6613045930862427,0.662339448928833,0.6591547727584839,0.6578490138053894,0.6080120205879211,1503.0,0.6326940155135488,0.6320658922195435,0.634122371673584,0.6338167190551758,0.6350151896476746,0.6354910731315613,0.6356117725372314,0.635691225528717,0.6357579827308655,0.6325863599777222,0.6257752180099487,1503.0,0.6370936757517812,13.3947,112.209,0.224,nllpch,L_PCH (small) [bag]
ehrsim2_level_bag__ours_nllpch_small__s1,13_final_sequential_ehr,ehrsim2_level,1,ours,0.7717080685120947,0.7597057124757537,0.7238503675394838,0.09675875053601919,0.1412862362170418,0.1794673821970972,0.7517547161757774,0.17668165266513824,0.78912873265791,0.7395586006998702,0.6967756246641343,0.08938693410162708,0.13442635784868093,0.18504782853208857,0.7418209860073048,0.17476825416088104,0.7579791774104434,0.7106412477503514,0.6880941632504127,0.08684553542629986,0.1519994620452272,0.20070763812356918,0.7189048628037359,0.1796543002128601,0.6799575187327477,0.6554263860187612,0.6492680846133779,0.17771848949616117,0.24274172871544755,0.19326099979603698,0.6615506631216289,0.18921396136283875,0.7185078070271117,0.15663727858627471,954.989492025969,1161.740931353348,986.3265561787624,1074.8781552770151,941.8647252728983,964.4730194723247,1041.6260193725848,1176.2396783552206,981.2016982125537,1094.3329461144772,0.732023650581728,0.7438070776255707,5243.0,0.5777226778561892,0.15430097272553878,0.6338983050847458,0.21856009623470202,0.6250576072224391,8850,bag,nllpch,small,4.10140323638916,754.0,732.0,700.0,1328.0,0.1816114055191039,0.6823185775983617,0.6816563606262207,0.6826980113983154,0.6830135583877563,0.6824699640274048,0.682919442653656,0.6823549866676331,0.6813035011291504,0.681840717792511,0.6833831667900085,0.6817328333854675,1475.0,0.6510431610842874,0.6482122540473938,0.6520417332649231,0.651580274105072,0.6479438543319702,0.6492024660110474,0.6497734785079956,0.6477513909339905,0.6485904455184937,0.6504994034767151,0.6596453189849854,1475.0,0.6402431046040742,0.6338529586791992,0.6404659748077393,0.6408038139343262,0.6411937475204468,0.641483724117279,0.6399357914924622,0.6414856910705566,0.6415848135948181,0.6397406458854675,0.6382784843444824,1475.0,0.6395425744284517,0.6328556537628174,0.6353382468223572,0.6391489505767822,0.6387355327606201,0.638330340385437,0.6381622552871704,0.6376469731330872,0.6394151449203491,0.6418701410293579,0.6407862305641174,1475.0,0.6532868544287938,16.4692,89.561,0.182,nllpch,L_PCH (small) [bag]
ehrsim2_level_bag__ours_nllpch_small__s2,13_final_sequential_ehr,ehrsim2_level,2,ours,0.780779493070788,0.7482702137898799,0.7236859480376068,0.10031331547757996,0.15626997029082473,0.18994756776885777,0.7509118849660915,0.17497371137142181,0.7766842684310322,0.7301190324414479,0.7021578139307602,0.08322714677401817,0.15195344495970503,0.19260355970075155,0.7363203716010801,0.17487944662570953,0.772868738615356,0.7211184275793214,0.6845586705926031,0.08496627881147542,0.14472722845185063,0.20628170099633347,0.7261819455957602,0.1832936555147171,0.6420412113211352,0.6478616127071335,0.6402020953893689,0.1811062732249798,0.22696394478765602,0.18451172431102847,0.6433683064725458,0.1840958446264267,0.7141956271588694,0.1585726796295884,945.1009939157249,1169.1281006041036,1016.9298237234686,1076.8215038619321,828.1476449859651,935.3004761018274,958.320003349658,1114.2086967024695,937.1246164937043,1073.8646943175831,0.717686442254045,0.7311349271777962,5377.0,0.5813650734610377,0.13632136879300727,0.6391467727674625,0.21822031746911888,0.6251216352382797,9048,bag,nllpch,small,4.116961479187012,765.0,761.0,699.0,1364.0,0.18004099898482473,0.6956634659288325,0.6985547542572021,0.6994319558143616,0.7000623345375061,0.6995738744735718,0.6988717317581177,0.6990143060684204,0.6983115673065186,0.6987700462341309,0.6978008151054382,0.678109347820282,1508.0,0.6576716599972615,0.6491718888282776,0.6547765731811523,0.6586431264877319,0.6587088108062744,0.6598970293998718,0.6601090431213379,0.6606930494308472,0.6617486476898193,0.6614304780960083,0.6465045809745789,1508.0,0.6471771879862713,0.6446075439453125,0.6457052826881409,0.6448721289634705,0.647637128829956,0.6439626812934875,0.6478645205497742,0.6497772932052612,0.6463796496391296,0.6510778069496155,0.6447576284408569,1508.0,0.6309142528493321,0.6057009696960449,0.6266815662384033,0.6252401471138,0.6284670829772949,0.629056453704834,0.6310495138168335,0.6327887773513794,0.6327906847000122,0.6322430372238159,0.6305556297302246,1508.0,0.6578566416904243,14.211,106.115,0.211,nllpch,L_PCH (small) [bag]
ehrsim2_level_bag__ours_nllpch_small__s3,13_final_sequential_ehr,ehrsim2_level,3,ours,0.7391063358900252,0.7103715960576099,0.6930054528626983,0.09640155716581629,0.1546268531441409,0.2001281391652331,0.7141611282701111,0.185824453830719,0.7992837627621465,0.731919116472682,0.6975370217176395,0.07815372939421063,0.13706451999149954,0.18578529765066937,0.7429133003174894,0.17280873656272888,0.7492901786208194,0.696649323803299,0.669874668899983,0.09157804057291091,0.16281781567343792,0.21061050545849513,0.7052713904413671,0.1817936897277832,0.6819392307379091,0.6689788942355142,0.6507927985328494,0.16508408669037247,0.21728394976368365,0.18675417630242533,0.6672369745020909,0.18256443738937378,0.7073956983827646,0.1571907225810746,1195.1157126155672,1275.8233874783828,874.0140362928382,1028.005538774765,861.4498823545819,945.9876122828456,959.93815866588,1099.3100729401037,972.6294474822168,1087.2816528690244,0.6756656116179482,0.691834451901566,5371.0,0.5676782722025694,0.10798733941537886,0.6355837789661319,0.21947610551231328,0.6291132040751228,8976,bag,nllpch,small,4.131211757659912,764.0,740.0,740.0,1363.0,0.18109537187229408,0.665164683490503,0.6552596092224121,0.6660670042037964,0.6667283177375793,0.6637588143348694,0.6649806499481201,0.6661338210105896,0.6693941950798035,0.6681066155433655,0.6641218066215515,0.6611712574958801,1496.0,0.6441078645842416,0.6436532735824585,0.6448186039924622,0.64334636926651,0.6406578421592712,0.6452390551567078,0.6438058614730835,0.643090546131134,0.6437443494796753,0.6448566317558289,0.6459007859230042,1496.0,0.6372434909759483,0.6365243792533875,0.6379339098930359,0.6325480937957764,0.637723982334137,0.6371510028839111,0.6409749984741211,0.6405057907104492,0.6370558738708496,0.637446403503418,0.6337834000587463,1496.0,0.6380918995643077,0.6265559196472168,0.6251668930053711,0.6290480494499207,0.6322972774505615,0.6335152983665466,0.6379625201225281,0.6409709453582764,0.6406056880950928,0.6420652866363525,0.6372249126434326,1496.0,0.6461519846537501,14.4449,103.566,0.208,nllpch,L_PCH (small) [bag]
ehrsim2_level_bag__ours_nllpch_small__s4,13_final_sequential_ehr,ehrsim2_level,4,ours,0.7714134108342927,0.7473213413575374,0.7193643707245926,0.09912200508080696,0.1456064826366437,0.1863629237944209,0.7460330409721408,0.17281225323677063,0.7587993314392444,0.7273862519598857,0.6975774072077232,0.09206845678275027,0.1432992709856826,0.18269934160277668,0.7279209968689511,0.17433544993400574,0.7423706479202649,0.6870736935673858,0.6676148277837402,0.08803165163226284,0.17141563260550793,0.21327292963900862,0.6990197230904637,0.18431535363197327,0.6626677742441183,0.6430271397115929,0.6327773373637032,0.16252573735105685,0.2309483745069031,0.18780656442560795,0.6461574171064713,0.18548882007598877,0.7047827945095068,0.15859661425361904,1043.1504433370012,1202.0973888784151,977.1234358710786,1045.8141829314395,976.4297785952617,989.509856909851,951.1003181780105,1122.2972046176485,986.9509939953381,1089.9296583343385,0.675506724758477,0.6936006825938565,5279.0,0.5735934836143209,0.10191324114415601,0.639527027027027,0.2165991293986975,0.6206003540482913,8880,bag,nllpch,small,4.136336803436279,747.0,727.0,724.0,1325.0,0.18025819696285086,0.6806101799255813,0.6797256469726562,0.6832574605941772,0.6808403134346008,0.6772137880325317,0.6792336702346802,0.6765303015708923,0.6800676584243774,0.6801459789276123,0.6845563650131226,0.6825629472732544,1480.0,0.6469719324678043,0.6452014446258545,0.6484185457229614,0.6491711735725403,0.6513239145278931,0.6506680846214294,0.6516397595405579,0.6497679352760315,0.6445440053939819,0.643010139465332,0.6419925093650818,1480.0,0.6353767352199531,0.639935314655304,0.6372395157814026,0.6385391354560852,0.6370102763175964,0.6354140639305115,0.63567054271698,0.6391569972038269,0.6383756995201111,0.6371171474456787,0.6255221962928772,1480.0,0.6256177917615988,0.5689299702644348,0.6190424561500549,0.6213656067848206,0.6250203251838684,0.6244806051254272,0.6226718425750732,0.6256413459777832,0.6260524988174438,0.6272822022438049,0.6282910704612732,1480.0,0.6471441598437343,13.7816,107.39,0.218,nllpch,L_PCH (small) [bag]
ehrsim2_level_sequence__ours_nllpch_large__s0,13_final_sequential_ehr,ehrsim2_level,0,ours,0.7510352965436866,0.7140336421521166,0.6761208470316692,0.09918417729547423,0.1636344360232508,0.20288435191287782,0.7137299285758242,0.18855367600917816,0.7594950972702799,0.7255234860078206,0.6679080211163506,0.10205681959495252,0.15677837370402634,0.20977453135677546,0.7176422014648169,0.18862572312355042,0.716974572103746,0.6579682711301995,0.6004244454738266,0.10373515437815899,0.18029374800178335,0.2283292721917857,0.6584557629025908,0.19396109879016876,0.737539015050696,0.7173718612856986,0.706315816061528,0.15393864945551325,0.2027119499214489,0.16345638069119667,0.7204088974659743,0.16392140090465546,0.7025591976023016,0.16389815371060368,1050.1557788726545,1293.7179968573012,816.7602524760381,1088.4584668011764,1029.1327219831378,1107.878010568,788.07652289656,932.8975973108691,921.0313190570977,1105.7380178843366,0.6368786549707602,0.6452963567156063,5472.0,0.5692616959064327,0.06761695906432752,0.5978043912175649,0.23537074905866961,0.6627788272238105,9018,sequence,nllpch,large,4.181529998779297,776.0,746.0,750.0,1375.0,0.1803935268357057,0.6415369080758727,0.6580696702003479,0.6509062647819519,0.6432291269302368,0.6331821084022522,0.6328340768814087,0.6347047090530396,0.6418954133987427,0.6413545608520508,0.6451051235198975,0.6463805437088013,1503.0,0.6247661671693239,0.6308290362358093,0.6224629878997803,0.6215445399284363,0.6220023036003113,0.624489426612854,0.6233838200569153,0.6248865127563477,0.626824676990509,0.6258818507194519,0.6254178881645203,1503.0,0.581466146509988,0.607646644115448,0.5895297527313232,0.5823222994804382,0.5886601805686951,0.5900946259498596,0.5897756218910217,0.5888637900352478,0.5824011564254761,0.5730165243148804,0.5647950768470764,1503.0,0.6969556363157532,0.6978751420974731,0.6977432370185852,0.69624263048172,0.6969621181488037,0.6969618797302246,0.6991901993751526,0.6977129578590393,0.6993425488471985,0.6982799768447876,0.6927515864372253,1503.0,0.6361812145177345,16.0075,93.893,0.187,nllpch,L_PCH (large) [sequence]
ehrsim2_level_sequence__ours_nllpch_large__s1,13_final_sequential_ehr,ehrsim2_level,1,ours,0.7263273217255544,0.714166972775163,0.6647375341628966,0.11040809700189226,0.1600876683797707,0.20347791534568657,0.7017439428878713,0.19024983048439026,0.7356613627020584,0.7175985709323057,0.6597242095231544,0.10409128644269831,0.15445428356450394,0.19847246433656127,0.7043280477191729,0.18519707024097443,0.7329068069910898,0.6727123563480006,0.6386236829262328,0.09570773585214087,0.17137425138253762,0.21108297182449492,0.6814142820884411,0.19219960272312164,0.7233001716361556,0.7076161584658962,0.697726545082163,0.17981108650549665,0.22212016348620345,0.16725653690445752,0.709547625061405,0.17393743991851807,0.6992584744392226,0.16486203841887034,987.2854191596028,1279.0930382904778,940.3571004177877,1130.1183567848834,880.6541558663662,988.6229889094009,844.974690547376,969.0213640296043,913.3178414977831,1091.7139370035916,0.7182910547396528,0.7259132420091324,5243.0,0.5777226778561892,0.14056837688346357,0.600225988700565,0.23236362772920538,0.6568658311570015,8850,sequence,nllpch,large,4.451220989227295,754.0,732.0,700.0,1328.0,0.18342096463278335,0.6264632325049764,0.5875734686851501,0.63251131772995,0.6390750408172607,0.6395702958106995,0.6321762800216675,0.6275442242622375,0.6290566921234131,0.6265096664428711,0.6255935430526733,0.6130557656288147,1475.0,0.6212636849667765,0.6091040968894958,0.628618597984314,0.6285049319267273,0.6298314332962036,0.6309500336647034,0.6280002593994141,0.6228259801864624,0.6233671307563782,0.6153252124786377,0.6057295799255371,1475.0,0.6020862409160701,0.6056780815124512,0.6138230562210083,0.6074539422988892,0.6012412905693054,0.6053994297981262,0.6016446948051453,0.6020095944404602,0.598702073097229,0.6054179072380066,0.596047580242157,1475.0,0.6844930211696414,0.6690499782562256,0.6434862017631531,0.680773913860321,0.6843027472496033,0.6911042928695679,0.6945966482162476,0.6840801239013672,0.6884713172912598,0.6926307678222656,0.6726332306861877,1475.0,0.6335765448893661,13.3671,110.346,0.224,nllpch,L_PCH (large) [sequence]
ehrsim2_level_sequence__ours_nllpch_large__s2,13_final_sequential_ehr,ehrsim2_level,2,ours,0.7371519287425469,0.7009020929857166,0.6789589914967797,0.10266502599546126,0.17031166167338677,0.20287156109031,0.7056710044083477,0.18611176311969757,0.7496305354580232,0.6919309420164002,0.6440037131463276,0.09310525122295685,0.1655601930615442,0.2164816812899098,0.6951883968735837,0.188882976770401,0.7244272473164672,0.6496285016147838,0.598252914936441,0.09315013298933847,0.16987719380723318,0.22134282783426415,0.6574362212892306,0.19598455727100372,0.6926616799927616,0.6961156744343125,0.6910653207628119,0.17863317645153712,0.21111015066086938,0.16278057460675413,0.693280891729962,0.16510836780071259,0.687894128575281,0.16565745255696376,1093.449116236596,1321.814045145878,986.9356385705706,1122.366923107351,999.9407387981345,1091.411938720501,813.8027605258902,950.3862922534397,973.5320635327979,1121.4947998067926,0.6663567044820532,0.672052761747733,5377.0,0.5813650734610377,0.08499163102101548,0.6044429708222812,0.23111804863844013,0.6532929888139845,9048,sequence,nllpch,large,4.222734451293945,765.0,761.0,699.0,1364.0,0.18063986161087975,0.6392263924349251,0.6432307362556458,0.6447755694389343,0.6461359858512878,0.6335961818695068,0.6333714127540588,0.638795018196106,0.6419209837913513,0.64021235704422,0.64501953125,0.6321995258331299,1508.0,0.609935548188036,0.5998410582542419,0.6063697338104248,0.6105260252952576,0.6104415655136108,0.5994789004325867,0.6046662330627441,0.6013661026954651,0.6134009957313538,0.6221018433570862,0.613679051399231,1508.0,0.5702232562860687,0.5719199776649475,0.5788821578025818,0.5823161005973816,0.5770271420478821,0.5768877267837524,0.5718504786491394,0.5673419237136841,0.5555747151374817,0.5690959095954895,0.571959376335144,1508.0,0.6832779543037124,0.6759620308876038,0.6814298629760742,0.6881363987922668,0.6840320825576782,0.6852701306343079,0.6814829111099243,0.6870966553688049,0.6834384202957153,0.6847795844078064,0.6791368722915649,1508.0,0.6256657878031855,15.2976,98.577,0.196,nllpch,L_PCH (large) [sequence]
ehrsim2_level_sequence__ours_nllpch_large__s3,13_final_sequential_ehr,ehrsim2_level,3,ours,0.7252864970253469,0.6817693206834574,0.6627428861476519,0.10566571533764585,0.16810773655720804,0.19717315092122753,0.6899329012854855,0.18890151381492615,0.7036987576860326,0.6749840470528938,0.6279912818792571,0.09977842468626337,0.1734559392099931,0.21761302911657748,0.6688913622060612,0.19664286077022552,0.6974696029290288,0.6641929473689442,0.6171462401680979,0.09634190659015514,0.18298795447685987,0.22815056066523223,0.6596029301553569,0.19820748269557953,0.7031972987815902,0.6958900348862704,0.6881742531170851,0.19072424137593305,0.23056131364570012,0.1789385820003419,0.6957538622616486,0.18699249625205994,0.678545263977138,0.17245821288192814,943.1725399250582,1260.5795864128634,971.1747179377057,1164.3299317226517,1103.3559955521582,1107.8974686792549,865.7624140242644,991.3811506905256,970.8664168597966,1131.0470343763238,0.631912120647924,0.6360738255033557,5371.0,0.5676782722025694,0.06423384844535462,0.5872326203208557,0.2377502343727259,0.6751181995435405,8976,sequence,nllpch,large,4.724918842315674,764.0,740.0,740.0,1363.0,0.1916775112589013,0.6285320436978926,0.6215402483940125,0.6228446960449219,0.6244868040084839,0.6268407106399536,0.6295876502990723,0.6302152276039124,0.6299155354499817,0.6314693093299866,0.6313350796699524,0.6261042952537537,1496.0,0.5836016271662499,0.570115864276886,0.5838911533355713,0.5855957269668579,0.5899523496627808,0.5873586535453796,0.5973462462425232,0.5979305505752563,0.5861859917640686,0.5800462365150452,0.5603334307670593,1496.0,0.5815472271936167,0.5754265189170837,0.5969238877296448,0.596609890460968,0.5957567095756531,0.5959845781326294,0.5828494429588318,0.5847737789154053,0.5810436606407166,0.577194094657898,0.5602419376373291,1496.0,0.6743911057810388,0.662489116191864,0.6468563675880432,0.6546106934547424,0.6667942404747009,0.6672911643981934,0.6649467945098877,0.6739948391914368,0.6799799203872681,0.6796784400939941,0.6806432604789734,1496.0,0.6170180009596995,17.6238,84.885,0.17,nllpch,L_PCH (large) [sequence]
ehrsim2_level_sequence__ours_nllpch_large__s4,13_final_sequential_ehr,ehrsim2_level,4,ours,0.7263407743665447,0.6981134336293908,0.6669818263237254,0.10221643022724397,0.16286860470682185,0.20793899164943339,0.6971453447732202,0.18991009891033173,0.73770318090547,0.6971440283529889,0.6547450386693893,0.09953973787360353,0.1611197593727612,0.194529878774573,0.6965307493092827,0.18369634449481964,0.6475525631996047,0.5950893164385384,0.5583863637125019,0.0975268712931999,0.1976463737960098,0.23265199755791344,0.6003427477835483,0.1959390640258789,0.6974597494059577,0.7009112066816919,0.6980725624159145,0.1666584842084813,0.22573226496359644,0.1643140131967679,0.6988145061678548,0.16738206148147583,0.6732083370084765,0.16772861730170047,1095.1797634399054,1315.0900111697563,970.0533104805916,1089.5855098058887,987.204399782085,1100.5274771089819,821.8808427824721,961.5154875148218,968.5795791212636,1116.679621399862,0.6891456715286987,0.688481228668942,5279.0,0.5735934836143209,0.11555218791437771,0.6037162162162162,0.23254784975766354,0.6566420230995684,8880,sequence,nllpch,large,4.330781936645508,747.0,727.0,724.0,1325.0,0.181394039214148,0.6320247609790447,0.6316866278648376,0.6374129056930542,0.6330671310424805,0.6308887004852295,0.6358270645141602,0.6348217129707336,0.6375396251678467,0.6325788497924805,0.6346765160560608,0.6184597611427307,1480.0,0.6134139784930874,0.6157776713371277,0.613311767578125,0.6210180521011353,0.6186617612838745,0.6110280752182007,0.6090774536132812,0.6108168959617615,0.6121591925621033,0.6160476207733154,0.6122689247131348,1480.0,0.5509432224936781,0.5633475184440613,0.569725513458252,0.5632138848304749,0.5644567012786865,0.560520350933075,0.5623884201049805,0.5471488833427429,0.546530544757843,0.5412865877151489,0.5393620729446411,1480.0,0.6858143455154129,0.633131206035614,0.6416503190994263,0.6587778329849243,0.6664672493934631,0.6778003573417664,0.6835448145866394,0.6886664032936096,0.6925557851791382,0.6916546821594238,0.6908531188964844,1480.0,0.6205490768703058,15.426,95.942,0.194,nllpch,L_PCH (large) [sequence]
ehrsim2_level_sequence__ours_nllpch_small__s0,13_final_sequential_ehr,ehrsim2_level,0,ours,0.7494329421742839,0.7365433954242094,0.7095051432625907,0.09996742440507614,0.15609229135457778,0.19748152297974939,0.7318271602870281,0.18783003091812134,0.7683076807007779,0.7364988366421453,0.681299618697068,0.1019631558363879,0.14875913776079033,0.19740507826365083,0.7287020453466638,0.18117420375347137,0.7798711655938292,0.7208793330190074,0.6905575474979002,0.08678358633623089,0.15891199267152986,0.20324505144415816,0.7304360153702456,0.1757669895887375,0.7465539368407053,0.7296186219030381,0.713801692164394,0.15316392028493145,0.1977149320496873,0.1766968584117438,0.7299914169693791,0.16110466420650482,0.7302391594933292,0.15651541264987615,829.8556901872743,1170.7918010791307,1024.254595867631,1129.5175889061882,958.4669305403241,976.0561992912963,876.9499106872281,955.7010754601766,922.3817818206144,1058.016666184198,0.6995614035087719,0.7052746057640022,5472.0,0.5692616959064327,0.13029970760233922,0.636393878908849,0.21866398151574504,0.6262096167858654,9018,sequence,nllpch,small,4.07599401473999,776.0,746.0,750.0,1375.0,0.17391176733426078,0.6683638654379526,0.6745527386665344,0.6772384643554688,0.6713701486587524,0.6717813611030579,0.6702418923377991,0.6692450642585754,0.6687946915626526,0.664348840713501,0.6626550555229187,0.6681685447692871,1503.0,0.6223677646375199,0.6364618539810181,0.6262936592102051,0.6283847093582153,0.624231219291687,0.6226271390914917,0.6235864758491516,0.6243883967399597,0.622676432132721,0.624079167842865,0.6113317012786865,1503.0,0.651487784235818,0.6497251987457275,0.6534954905509949,0.651817262172699,0.6515979766845703,0.6547163724899292,0.6543058156967163,0.6511640548706055,0.6531280875205994,0.650352954864502,0.6473670601844788,1503.0,0.7051979526852822,0.6999335885047913,0.7037224173545837,0.7044743299484253,0.7058225274085999,0.7054082155227661,0.7075387835502625,0.7082719802856445,0.7077696919441223,0.7059837579727173,0.7000458836555481,1503.0,0.6618543417491431,13.5259,111.12,0.222,nllpch,L_PCH (small) [sequence]
ehrsim2_level_sequence__ours_nllpch_small__s1,13_final_sequential_ehr,ehrsim2_level,1,ours,0.7579372716966551,0.7489782938423923,0.7172960802378643,0.10104136304366178,0.14918499162014184,0.18777623478655037,0.7414038819256371,0.17883598804473877,0.7689770842555994,0.7427292916071141,0.6987193886823588,0.09802832337604628,0.1467510313970582,0.1965093312717238,0.7368085881816908,0.1826532483100891,0.7402329481958205,0.7004543431709892,0.6612012581009018,0.08959719766724973,0.15760102630347317,0.20848307421972748,0.7006295164892372,0.18609699606895447,0.7389765022308605,0.721334888304795,0.7165219456789551,0.16505898734259292,0.20843044581597925,0.16636098036653585,0.7256111120715368,0.16188260912895203,0.7261132746670255,0.15623524893422838,1037.8202107445827,1201.2778153691008,1100.9207145721543,1159.1001802144813,941.1313638931074,978.8085500934408,883.2251370472859,965.4550921043443,990.7743565642826,1076.1604094453419,0.6999809269502193,0.7080194063926941,5243.0,0.5777226778561892,0.12225824909403005,0.6542372881355932,0.21506082591914868,0.6202943396206866,8850,sequence,nllpch,small,4.022496700286865,754.0,732.0,700.0,1328.0,0.17467060754702182,0.6779127930831832,0.6759753823280334,0.6776959300041199,0.6785692572593689,0.679437518119812,0.6802868247032166,0.6787269115447998,0.6780285835266113,0.6775352954864502,0.6782082915306091,0.6750504970550537,1475.0,0.6464427251102376,0.6434944272041321,0.6482926607131958,0.6498569846153259,0.6506840586662292,0.6479708552360535,0.648472249507904,0.6493303775787354,0.647549569606781,0.6459367871284485,0.637756884098053,1475.0,0.6222433076380028,0.6216892600059509,0.6233861446380615,0.6258241534233093,0.6232482194900513,0.6249501705169678,0.6229631304740906,0.6229560971260071,0.6236367225646973,0.6253072023391724,0.6140170097351074,1475.0,0.7072865701269603,0.6847342252731323,0.6980829834938049,0.703996479511261,0.7065465450286865,0.7058870792388916,0.7071217894554138,0.7077963948249817,0.7091673612594604,0.7097475528717041,0.7063888311386108,1475.0,0.663471348989596,13.0731,112.827,0.229,nllpch,L_PCH (small) [sequence]
ehrsim2_level_sequence__ours_nllpch_small__s2,13_final_sequential_ehr,ehrsim2_level,2,ours,0.7628740925921611,0.734683846872255,0.7120266289865904,0.10345361743290293,0.1556232563598274,0.18780042327157964,0.7365281894836689,0.17329898476600647,0.7595890735778883,0.718880153401429,0.6761376974394412,0.09404519735296556,0.1596833696773315,0.19985755420829499,0.7182023081395861,0.18092085421085358,0.7739091656352661,0.7035387459157213,0.6645950278866466,0.08388669065996227,0.15142416491391228,0.2173940391353383,0.7140143131458779,0.19127178192138672,0.7009015099010841,0.7069256129112012,0.7061365459763869,0.17764970334514832,0.2110144586521947,0.17054807102757846,0.7046545562628909,0.16564959287643433,0.718349841758006,0.15936504550308636,961.3843143548329,1211.7263593967766,933.236759413205,1082.4459676721165,860.9989647380588,966.1557478724826,900.3831079099733,984.0381155111262,914.0007866040175,1061.0915476131254,0.7316347405616515,0.7328936521022259,5377.0,0.5813650734610377,0.15026966710061374,0.639920424403183,0.21983373845679754,0.6316446871792952,9048,sequence,nllpch,small,4.119201183319092,765.0,761.0,699.0,1364.0,0.1755083626767791,0.6813722802523843,0.6770495176315308,0.6822211742401123,0.6840760111808777,0.6854479312896729,0.6847769618034363,0.6846094131469727,0.6836856007575989,0.6831527948379517,0.6801424622535706,0.671378493309021,1508.0,0.6349300659347155,0.6383702754974365,0.6338618993759155,0.6355116963386536,0.6319774389266968,0.6326191425323486,0.632865846157074,0.6345177292823792,0.6359738111495972,0.632585346698761,0.6403552293777466,1508.0,0.6218456581372802,0.6183226108551025,0.6202178597450256,0.620679497718811,0.6216482520103455,0.6187334060668945,0.6214232444763184,0.6223167777061462,0.6224543452262878,0.6206458210945129,0.6252055764198303,1508.0,0.6967966776160314,0.6624638438224792,0.6765194535255432,0.6858625411987305,0.6893855333328247,0.6927043795585632,0.6950863599777222,0.6978057622909546,0.6997203230857849,0.700286865234375,0.6997994780540466,1508.0,0.6587361704851028,15.5861,96.753,0.192,nllpch,L_PCH (small) [sequence]
ehrsim2_level_sequence__ours_nllpch_small__s3,13_final_sequential_ehr,ehrsim2_level,3,ours,0.740330755219231,0.7113521827268542,0.6934531389604847,0.09618967955542967,0.1543207168376479,0.19741007116218498,0.7150453589688567,0.18420132994651794,0.7969044027678628,0.7234435649077257,0.6850683635367633,0.08569216740174204,0.14696814602648794,0.19308825173396676,0.7351387770707839,0.17727084457874298,0.7500515293472951,0.7039118399310593,0.6714810126031941,0.10158454708094265,0.1766363217848952,0.21313264515409258,0.7084814606271829,0.1864021122455597,0.7458794039752168,0.7374741635937426,0.72357908388714,0.15683296333803842,0.18954243547385827,0.1591426290424647,0.7356442171520331,0.15651072561740875,0.7235774534547141,0.15587838121597927,1085.9679771431781,1266.7517080584,948.7037637146077,1088.7650800554372,1069.716315611353,1055.8428846384388,807.3246416047131,914.0129796162338,977.928174518463,1081.3431630921275,0.7002420405883448,0.7112695749440715,5371.0,0.5676782722025694,0.13256376838577544,0.6517379679144385,0.215650054476867,0.6201696945300526,8976,sequence,nllpch,small,4.032697677612305,764.0,740.0,740.0,1363.0,0.17276737542158355,0.656534014178104,0.6553021669387817,0.6561964154243469,0.6570031642913818,0.656813383102417,0.6573537588119507,0.656477689743042,0.656299889087677,0.6563292741775513,0.6565160751342773,0.6564072966575623,1496.0,0.6421855670932148,0.6379193663597107,0.639147937297821,0.638575553894043,0.6404416561126709,0.6436801552772522,0.6425867676734924,0.6414758563041687,0.6401631236076355,0.6438168883323669,0.6453109383583069,1496.0,0.6337204329348523,0.6291205286979675,0.6299549341201782,0.6288092732429504,0.6286433339118958,0.6312502026557922,0.6349959969520569,0.6355606913566589,0.6364302635192871,0.6381423473358154,0.631943941116333,1496.0,0.7136079349730867,0.6984163522720337,0.7030835151672363,0.7088183760643005,0.7115302085876465,0.7135351300239563,0.7156345844268799,0.7158169746398926,0.7167437076568604,0.7151861190795898,0.7104305028915405,1496.0,0.6615119872948145,16.0922,92.964,0.186,nllpch,L_PCH (small) [sequence]
ehrsim2_level_sequence__ours_nllpch_small__s4,13_final_sequential_ehr,ehrsim2_level,4,ours,0.7484532188045925,0.7207270634607079,0.693504345226843,0.10074992467635366,0.1546089004281245,0.19641252114388996,0.7208948758307144,0.18143722414970398,0.7360583302530342,0.7048999558207478,0.6750587201611644,0.09597764005950926,0.15084952093461199,0.19402810821634964,0.7053390020783156,0.18229442834854126,0.7334523187431007,0.6846729267089812,0.6538795842194909,0.09144519274091793,0.17796797565512207,0.22745571680964108,0.690668276557191,0.19055986404418945,0.7150916428017688,0.7119175175105399,0.7108504910850847,0.16031179735092146,0.21164212714592012,0.1586457867953664,0.7126198837991312,0.16024288535118103,0.707380509566338,0.16000793432972737,1026.3011745715576,1250.0104059401751,991.9270734765565,1084.2615495695911,1094.192771350586,1056.5579750323925,804.4130733806812,937.552405392565,979.2085231948454,1082.0955839836809,0.6988065921576057,0.7064277588168374,5279.0,0.5735934836143209,0.1252131085432847,0.6490990990990991,0.2165891538810828,0.6226843134283427,8880,sequence,nllpch,small,4.151098728179932,747.0,727.0,724.0,1325.0,0.17551768961326325,0.651081958265152,0.6490736603736877,0.6528930068016052,0.652528703212738,0.6492739319801331,0.6482821106910706,0.647596538066864,0.654443621635437,0.6550842523574829,0.6544371843338013,0.6460183262825012,1480.0,0.6323859572920828,0.6368116140365601,0.636397659778595,0.6372143626213074,0.6357890367507935,0.6369935870170593,0.6361625790596008,0.6328017115592957,0.6319558620452881,0.6305820941925049,0.623434841632843,1480.0,0.6205019040835298,0.627174973487854,0.6229236721992493,0.6292620301246643,0.6305301189422607,0.630006730556488,0.6287716031074524,0.6321632862091064,0.6260152459144592,0.6305956244468689,0.5785277485847473,1480.0,0.6980068860851998,0.5818166732788086,0.6510010957717896,0.6498284339904785,0.6804077625274658,0.6882505416870117,0.6931326389312744,0.7008804678916931,0.7034705281257629,0.70726078748703,0.7073298096656799,1480.0,0.6504941764314911,15.0277,98.485,0.2,nllpch,L_PCH (small) [sequence]
ehrsim2_level_sequence_time__ours_nllpch_large__s0,13_final_sequential_ehr,ehrsim2_level,0,ours,0.7068744502256034,0.6899815841043189,0.6579393727346231,0.10300744016035332,0.1666517633683759,0.21073705925588646,0.6849318023548484,0.19336944818496704,0.7449871188729501,0.7191027590608422,0.6665018867686417,0.1010771207807906,0.15324253372686913,0.1995237541214748,0.7101972549008114,0.18355420231819153,0.7125108925782134,0.6597157633145505,0.6117051722078302,0.09779260303604731,0.17917886389704113,0.23542169008200972,0.6613106093668647,0.19596634805202484,0.7268318482140128,0.7105660410359583,0.6922732861518581,0.16706658984623562,0.20866261648273055,0.1784027436905583,0.7098903918006098,0.17229191958904266,0.6915825146057836,0.16673039820403107,1075.0369381706769,1319.881148911487,878.9786448074199,1078.8256044284938,975.9241836854604,1057.91634802464,850.8267445789483,966.1384257347415,945.1916278106264,1105.6903817748405,0.6615497076023392,0.6689233278955954,5472.0,0.5692616959064327,0.0922880116959065,0.6100022177866489,0.22968381601793875,0.6518578917748417,9018,sequence_time,nllpch,large,4.408604621887207,776.0,746.0,750.0,1375.0,0.1839490751836736,0.6104520371098338,0.5953395366668701,0.6007422208786011,0.6146497130393982,0.612545907497406,0.6112204790115356,0.6093319058418274,0.6133587956428528,0.6134500503540039,0.6096041202545166,0.6091970801353455,1503.0,0.6207573667194441,0.611417829990387,0.6203323006629944,0.6236262917518616,0.6253846883773804,0.6251616477966309,0.6262604594230652,0.6230458617210388,0.6231430768966675,0.6229510307312012,0.6065520644187927,1503.0,0.5809021880831037,0.5925875902175903,0.5934324264526367,0.5945448279380798,0.59629225730896,0.596592128276825,0.5945858359336853,0.5884427428245544,0.5910526514053345,0.5731514096260071,0.5409409403800964,1503.0,0.6835756526552619,0.6383370757102966,0.6712461709976196,0.6855354309082031,0.6842848658561707,0.6847556233406067,0.6871840357780457,0.6862359642982483,0.6855941414833069,0.6821861267089844,0.6813149452209473,1503.0,0.6239218111419109,18.7974,79.958,0.16,nllpch,L_PCH (large) [sequence_time]
ehrsim2_level_sequence_time__ours_nllpch_large__s1,13_final_sequential_ehr,ehrsim2_level,1,ours,0.6727527155417535,0.6817538445630335,0.6590670854558673,0.11924983695158184,0.16962184694098517,0.19837850990002964,0.6711912151868847,0.1912279576063156,0.7252759805845251,0.7072837431492743,0.6543455693846826,0.1033476042469675,0.14807530654035977,0.19993200104979225,0.6956350977061607,0.1850593090057373,0.6759543787233071,0.6425952850908483,0.5768162660883007,0.10456828521486329,0.17461159963624245,0.22300790740226362,0.6317886433008187,0.1966000199317932,0.7094107334997386,0.7191227034815094,0.7114949097237934,0.18590222117208627,0.2038985575512258,0.15287687803012773,0.7133427822350137,0.1646912544965744,0.6779894346072194,0.16528921288637713,1051.3428585158035,1313.5282024722276,941.3127183613348,1136.9628968318136,1015.0994992567898,1077.1620828387795,775.7008102313143,924.6364982499751,945.8639715913106,1113.072420098199,0.662979210375739,0.668236301369863,5243.0,0.5777226778561892,0.08525653251954979,0.6045197740112994,0.23503443714172664,0.6662720799014058,8850,sequence_time,nllpch,large,4.438625335693359,754.0,732.0,700.0,1328.0,0.1809844320293306,0.6174150177141613,0.5878707766532898,0.6069691181182861,0.6153585910797119,0.6185436844825745,0.6224843263626099,0.6231833100318909,0.6278793811798096,0.6206345558166504,0.6186420321464539,0.6073409914970398,1475.0,0.616978307984712,0.6158525943756104,0.6301144361495972,0.6257635951042175,0.6263870596885681,0.6260101199150085,0.6228903532028198,0.6204919815063477,0.627109169960022,0.6195541024208069,0.5816656947135925,1475.0,0.5650632090951524,0.572510302066803,0.5734224319458008,0.5775011777877808,0.5738613605499268,0.5717390179634094,0.5719276070594788,0.5633249878883362,0.5662715435028076,0.5574203133583069,0.5540012717247009,1475.0,0.6974583811199474,0.6128308773040771,0.6399874687194824,0.6719692349433899,0.6754465699195862,0.6987636089324951,0.7029790878295898,0.7020941376686096,0.7015425562858582,0.7035062909126282,0.7012608051300049,1475.0,0.6242287289784932,14.6061,100.985,0.205,nllpch,L_PCH (large) [sequence_time]
ehrsim2_level_sequence_time__ours_nllpch_large__s2,13_final_sequential_ehr,ehrsim2_level,2,ours,0.6973678394797984,0.6954339306883373,0.6631025016847693,0.11049859036665942,0.17004489093243053,0.20215131542108478,0.6853014239509684,0.18746086955070496,0.7038850475007867,0.6848019729541075,0.6440322858467996,0.0996576831127827,0.17550095026012108,0.20824584189243436,0.6775731021005647,0.18934191763401031,0.7146004765563987,0.664021958066527,0.6048543677819769,0.0960358725775441,0.1672869650132293,0.22411196495070446,0.6611589341349675,0.19901573657989502,0.7021256191827048,0.7028605149271806,0.6981975146314146,0.1739377590184343,0.20834032829634452,0.16373442896898396,0.7010612162471,0.16409778594970703,0.6812736691084001,0.1666288825675628,1098.3701743835484,1351.6805761374615,997.3734940440378,1165.7335820597416,1048.8191017573454,1093.5921330690853,831.457315001841,961.2460026428723,994.0050212966931,1143.0630734772901,0.6693323414543426,0.6727672437482825,5377.0,0.5813650734610377,0.0879672679933049,0.5958222811671088,0.23657291825085436,0.6655369383858455,9048,sequence_time,nllpch,large,4.199099540710449,765.0,761.0,699.0,1364.0,0.1812310238034322,0.6246925214260054,0.6334787607192993,0.6406055092811584,0.6423309445381165,0.6424432992935181,0.6407166719436646,0.6385737061500549,0.6278236508369446,0.6254550814628601,0.6054592132568359,0.5936170220375061,1508.0,0.6053982652757751,0.6124037504196167,0.611354410648346,0.6101945042610168,0.6137475967407227,0.6133441925048828,0.6132151484489441,0.605697512626648,0.605122447013855,0.6061719655990601,0.5863171815872192,1508.0,0.5741815845887045,0.5770583748817444,0.5862100720405579,0.5893843770027161,0.5892361402511597,0.5862090587615967,0.5807089805603027,0.5767208933830261,0.578240692615509,0.5692892670631409,0.5484822392463684,1508.0,0.6911261882930441,0.6835042238235474,0.6882082223892212,0.6882143616676331,0.6911777853965759,0.6791059374809265,0.6866517066955566,0.6912416815757751,0.6912398934364319,0.6948588490486145,0.6953218579292297,1508.0,0.6238496398958823,14.4153,104.611,0.208,nllpch,L_PCH (large) [sequence_time]
ehrsim2_level_sequence_time__ours_nllpch_large__s3,13_final_sequential_ehr,ehrsim2_level,3,ours,0.7116375897710248,0.6797785808148629,0.6467308130207313,0.09916670061453368,0.16349297924558728,0.2024657377363543,0.679382327868873,0.18801836669445038,0.7446961736249492,0.6756297574225678,0.6455207995808789,0.09296539509026534,0.16926974717542684,0.20024364281809168,0.6886155768761318,0.1876847743988037,0.6980519731805248,0.6510904799279048,0.601948629837583,0.10073366819321297,0.17960376676825904,0.2247910681483349,0.6503636943153376,0.19342009723186493,0.7310086735965688,0.730313799676725,0.7152940572870683,0.15831149729041885,0.1921704640309091,0.15970937309687833,0.7255388435201207,0.16275286674499512,0.6859751106451157,0.1619103366840227,1043.4480876515308,1318.7564009911916,962.0793392467613,1132.9460952094428,1053.0815361783782,1107.531577588926,797.8457320439421,940.3419607677766,964.113673780153,1124.8940086393343,0.6538819586669149,0.6612136465324384,5371.0,0.5676782722025694,0.08620368646434551,0.5907976827094474,0.23482723128335412,0.6616885946102252,8976,sequence_time,nllpch,large,4.178067207336426,764.0,740.0,740.0,1363.0,0.17951089396581182,0.618875773495338,0.6243423819541931,0.6244423389434814,0.6255799531936646,0.622570276260376,0.6248915195465088,0.616278886795044,0.6150557398796082,0.6171920895576477,0.6252986192703247,0.6079026460647583,1496.0,0.6129403310827911,0.6204860806465149,0.6150299906730652,0.612386167049408,0.607083261013031,0.609836995601654,0.6055968999862671,0.6089426875114441,0.6119555234909058,0.6200329065322876,0.6185201406478882,1496.0,0.5689627450337967,0.5790531039237976,0.5712207555770874,0.5729929804801941,0.5763000249862671,0.5764036774635315,0.5763442516326904,0.5702484846115112,0.5715814232826233,0.5736764073371887,0.5460391640663147,1496.0,0.7031355547298548,0.6657515168190002,0.6828198432922363,0.6856287121772766,0.6933222413063049,0.6989774107933044,0.7067238092422485,0.7063753604888916,0.7067375183105469,0.7072837948799133,0.7027730941772461,1496.0,0.6259786010854451,16.0369,93.285,0.187,nllpch,L_PCH (large) [sequence_time]
ehrsim2_level_sequence_time__ours_nllpch_large__s4,13_final_sequential_ehr,ehrsim2_level,4,ours,0.7397828921967681,0.7166705823609762,0.6848716834582802,0.10085028325788745,0.15940215378987552,0.20691925928114632,0.7137750526720081,0.18485772609710693,0.7373158961298606,0.7099191326215437,0.6653484506713694,0.10491653888713207,0.15357178002019195,0.20263017292137056,0.7041944931409246,0.18469829857349396,0.6982143460278654,0.6586533009043436,0.6242475920680176,0.09794247133689371,0.18243158802449339,0.22335370745045932,0.6603717463334089,0.19539424777030945,0.7109596123341939,0.6949869269785376,0.6837549714484592,0.17826186917979986,0.23228315771790936,0.18461622003725842,0.6965671702537302,0.1793331652879715,0.693727115600018,0.16893160015870148,985.786410714558,1262.8510345915336,923.6617367718993,1101.1989387607853,1008.6310040946003,1058.6409116419902,868.7948331823917,992.1566947036862,946.7184961908624,1103.711894924499,0.6772115931047546,0.683503981797497,5279.0,0.5735934836143209,0.10361810949043371,0.6076576576576577,0.22972747070357755,0.6518585354942056,8880,sequence_time,nllpch,large,4.463342189788818,747.0,727.0,724.0,1325.0,0.18491236555484963,0.6520907631480992,0.640892744064331,0.6500471234321594,0.6585510969161987,0.656516432762146,0.658417820930481,0.6571304798126221,0.6520317196846008,0.6486690044403076,0.64393550157547,0.6526642441749573,1480.0,0.6191205874733302,0.6015583872795105,0.619369626045227,0.6250638365745544,0.6269580721855164,0.626499354839325,0.626868486404419,0.6266564130783081,0.6247904896736145,0.6123432517051697,0.6013218760490417,1480.0,0.5853900576284801,0.5800341963768005,0.5840963125228882,0.5858820080757141,0.5878726243972778,0.5904611349105835,0.5898011922836304,0.5899562239646912,0.5936311483383179,0.5864468812942505,0.5677856206893921,1480.0,0.6784323351918452,0.6466009020805359,0.6684864163398743,0.6721637845039368,0.6783384680747986,0.677249014377594,0.6785876750946045,0.6803595423698425,0.6791449785232544,0.6789141297340393,0.6791470646858215,1480.0,0.6337584358604386,16.9627,87.25,0.177,nllpch,L_PCH (large) [sequence_time]
ehrsim2_mixed__oracle__s0,13_final_sequential_ehr,ehrsim2_mixed,0,oracle,0.7878372400053874,0.7540937758476653,0.6870124885351369,0.07902609979111479,0.137830236569761,0.2072924775229022,0.7429811681293965,0.14138293796125934,0.8016092166263556,0.7314013322971307,0.6913118498339045,0.08551724526124868,0.15193345719674248,0.21039159047095976,0.7414407995857969,0.14928076430965032,0.7415768743252754,0.6853456982133905,0.6430639679943819,0.08513511390237213,0.1691447220850117,0.23984668597286976,0.689995513511016,0.16470884065341784,0.7734802980189355,0.737259306687822,0.7144062734422375,0.13376958925289203,0.18746395297733262,0.16777254867519928,0.7417152927163317,0.16300203030180796,0.7290331934856353,0.15459364330653386,1566.1440179523104,1425.7298994448226,1493.0475062686116,1329.1325249495153,1542.472991065917,1365.7851583918239,776.8104899149365,891.4544575325316,1344.6187513004438,1253.0255100796733,0.6817686580715453,0.7005091103965703,5507.0,0.5627383330306882,0.11903032504085709,0.6350077622532713,0.21599405269940872,0.6176323984358955,9018,,,,,,,,,,,,,,,,,,,,,,,,,,,,,,,,,,,,,,,,,,,,,,,,,,,,,,,,,,,,,,,Oracle (true CIF)
ehrsim2_mixed__oracle__s1,13_final_sequential_ehr,ehrsim2_mixed,1,oracle,0.8028324083249343,0.7600875428175071,0.7098411827330788,0.08582441521853344,0.14162271537192686,0.20105831259927767,0.7575870446251735,0.14283514772991265,0.7968182484622637,0.7290560417588369,0.6788754058325198,0.08095534521492309,0.1474826724092282,0.21794464293772198,0.7349165653512068,0.14879422018729108,0.7102505304431234,0.6686121906985438,0.6301062223547012,0.0876465658974446,0.17371280284865206,0.234000918515002,0.6696563144987895,0.16512009575369954,0.7696166580537479,0.7298150891555996,0.7166249236352771,0.14302799304751204,0.19517545730332217,0.16136297974340177,0.7386855569482081,0.16652214336474533,0.7252113703558445,0.15581790175891216,1575.2786362630109,1436.6042859735412,1518.3712422243282,1350.5101129515324,1586.6525067519924,1393.0873612638031,771.0959963562907,890.658374618607,1362.8495953989056,1267.7150337018709,0.6757672754660139,0.6958995815899581,5311.0,0.5821879118810017,0.09357936358501218,0.6333333333333333,0.21741984614973422,0.6200507713972884,8850,,,,,,,,,,,,,,,,,,,,,,,,,,,,,,,,,,,,,,,,,,,,,,,,,,,,,,,,,,,,,,,Oracle (true CIF)
ehrsim2_mixed__oracle__s2,13_final_sequential_ehr,ehrsim2_mixed,2,oracle,0.7927474289537962,0.7476737183896255,0.6964809956717435,0.08490701035836183,0.15145784440734048,0.2090160775456808,0.7456340476717217,0.14846031077046104,0.7899288554069833,0.7111984974089716,0.6682491944669328,0.07489124665999097,0.1591505324512891,0.21716300684603737,0.7231255157609625,0.15040159531910582,0.7363070696803832,0.6867448701883943,0.6312921522375979,0.08311224905045597,0.16084526410876374,0.2357274183692086,0.6847813640354584,0.15989497717614276,0.7463295194528147,0.7278520114619158,0.7122263434312065,0.14772332667801305,0.19142409063543575,0.16476094286592044,0.728802624781979,0.16796945339312308,0.7205858880625304,0.15668158416470818,1627.4250841736186,1474.4592207140017,1540.9180332732392,1377.645119498479,1577.6553096744647,1382.3817587876808,764.134464405869,884.8360553366508,1377.5332228817979,1279.8305385842032,0.6816761624701342,0.6978503401360544,5441.0,0.5835324388899099,0.09814372358022427,0.6345048629531388,0.21932771012519006,0.6249607333934348,9048,,,,,,,,,,,,,,,,,,,,,,,,,,,,,,,,,,,,,,,,,,,,,,,,,,,,,,,,,,,,,,,Oracle (true CIF)
ehrsim2_mixed__oracle__s3,13_final_sequential_ehr,ehrsim2_mixed,3,oracle,0.7568337336823323,0.7195259384218452,0.6826448172020987,0.08540028919406363,0.146895345247564,0.20999696216096517,0.7196681631020921,0.1474308655341976,0.8039070515703091,0.7189782369138505,0.6619716772473999,0.06791159579482542,0.15290017863053681,0.21555782521699485,0.7282856552438531,0.14545653321411903,0.7351365222981356,0.6807840988478573,0.648217358747799,0.09050369785217577,0.17707216047313978,0.231903113832321,0.6880459932979307,0.1664929907192122,0.7713077846047993,0.7340268760168271,0.7173412732918162,0.13723701227016166,0.19033309638352927,0.16575070900620292,0.7408919779711476,0.16444027255329796,0.7192229474037559,0.1559551655052067,1587.0536074061356,1447.8294637756112,1518.4990894182079,1347.09941031357,1546.9277965491674,1379.6491138476313,773.3431996721224,900.3117478525647,1356.4559232614083,1268.7224339473444,0.6732636980025655,0.6904373811464276,5457.0,0.5688107018508338,0.10445299615173165,0.6285650623885918,0.21733268170951855,0.6197752308074005,8976,,,,,,,,,,,,,,,,,,,,,,,,,,,,,,,,,,,,,,,,,,,,,,,,,,,,,,,,,,,,,,,Oracle (true CIF)
ehrsim2_mixed__oracle__s4,13_final_sequential_ehr,ehrsim2_mixed,4,oracle,0.8081055990323811,0.7574428585851604,0.6999121013417763,0.08400913866896742,0.1407929246089378,0.20986568749745313,0.7551535196531058,0.14488925025845278,0.7561864776694524,0.7052118941055479,0.6512352074374349,0.08847786088445121,0.15536273862561806,0.2197550881144482,0.7042111930708117,0.15453189587483915,0.7038646706345767,0.6474591654600202,0.6200215493420247,0.09199713174181069,0.18472347726846458,0.24242484612737333,0.6571151284788739,0.17304848504588288,0.7691019301955374,0.727786698050186,0.7129711827071742,0.1313795910518706,0.19691322566289948,0.16585670949306364,0.7366199369842992,0.16471650873594457,0.7132749445467726,0.15929653497877985,1579.417331542022,1427.2049856482959,1548.6560755224712,1355.0265621452982,1610.417680177685,1413.6516881334132,760.1638837905601,881.8506496739207,1374.6637427581845,1269.433471400232,0.6721189591078067,0.6881800607566969,5380.0,0.5685873605947955,0.10353159851301119,0.6336711711711712,0.21871925692692043,0.6232193097601493,8880,,,,,,,,,,,,,,,,,,,,,,,,,,,,,,,,,,,,,,,,,,,,,,,,,,,,,,,,,,,,,,,Oracle (true CIF)
ehrsim2_mixed_bag__coxph__s0,13_final_sequential_ehr,ehrsim2_mixed,0,coxph,0.7533824290731965,0.7299324670443122,0.6735957580564185,0.09025857992153137,0.1474200296308244,0.20646876389529498,0.7189702180579758,0.14804912448255025,0.7513887184020104,0.6866865357197545,0.6494604273822304,0.10706632630204364,0.17493153266700673,0.2146711970581624,0.6958452271679985,0.16555635200907093,0.7162088066681392,0.6653775373948819,0.6324988498710593,0.10044337987033944,0.1767397263614272,0.23097976899419384,0.6713617313113601,0.16938762507532015,0.7338416805662356,0.7091941458450465,0.6892871348594937,0.1540270317749385,0.20150100486636927,0.17302023484730517,0.7107743204235919,0.176182757162871,0.6992378742402315,0.16479396468245308,983.2672306605264,1178.1768619096113,920.4185640376504,1052.3776352964182,907.1760161683317,954.4677388060649,820.4692526886944,938.2063032794455,907.8327658888007,1030.807134822885,0.6791356455420374,0.6922025723472668,5507.0,0.5627383330306882,0.11639731251134922,0.6152140164116212,0.22584442962194318,0.6417377826615976,9018,bag,,,,,,,,,,,,,,,,,,,,,,,,,,,,,,,,,,,,,,,,,,,,,,,,,,,,,,,,,,,,,,Cox PH (cause-specific) [bag]
ehrsim2_mixed_bag__coxph__s1,13_final_sequential_ehr,ehrsim2_mixed,1,coxph,0.7721006316784345,0.7330845027810602,0.6915388393654072,0.09392799418332262,0.14588672135843803,0.1909058076559175,0.7322413246083007,0.1435735077325594,0.7204846533909797,0.6671480002907627,0.6301675765807342,0.10702316044627647,0.1709430788256588,0.2131627035752655,0.672600076754159,0.1637096476157336,0.6921095762405236,0.66420916881027,0.6421829156752875,0.10111490806219905,0.17641283231102517,0.21464486520437212,0.666167220242027,0.1640575351925321,0.72866057506546,0.7009019909420835,0.6927932152315446,0.16404359259957624,0.2089842165719058,0.16534910614477868,0.7074519270796961,0.17945897177208692,0.6946151371710457,0.162699915578228,950.9390507403344,1156.0806185718934,952.7385957870182,1061.9701465367796,885.0423894033933,939.3680521463114,819.6558137756929,939.329615867767,902.0939624266097,1024.1871082806877,0.6885708906044059,0.7010041841004184,5311.0,0.5821879118810017,0.10638297872340419,0.6188700564971752,0.2264529264953021,0.6433131145884763,8850,bag,,,,,,,,,,,,,,,,,,,,,,,,,,,,,,,,,,,,,,,,,,,,,,,,,,,,,,,,,,,,,,Cox PH (cause-specific) [bag]
ehrsim2_mixed_bag__coxph__s2,13_final_sequential_ehr,ehrsim2_mixed,2,coxph,0.7718412401437215,0.7293165508330114,0.6948290638950039,0.09041714944343412,0.15375100712033252,0.19750453475407453,0.7319956182905788,0.14722423043928037,0.7394708595853946,0.6780531001575761,0.6536113967888165,0.09442203298139037,0.17290530034332158,0.2133549343380767,0.6903784521772623,0.1602274225542629,0.7043355336773008,0.6692278454377362,0.6319301826834067,0.09584616554769737,0.16579645496715292,0.22787359858078002,0.6684978539328146,0.16317207303187678,0.7087061393807972,0.697393020413448,0.6850938179031396,0.1680283729119352,0.20682401714871337,0.1705572581728654,0.6970643258991283,0.181803216077838,0.6969840625749459,0.1631067355258145,990.7649980867556,1181.5924053839965,937.3945353584587,1060.096050910225,872.710868607536,944.9112371606292,815.0065340780882,938.2026093763811,903.9692340327097,1031.200575707808,0.6972982907553759,0.7108843537414965,5441.0,0.5835324388899099,0.11376585186546595,0.631078691423519,0.22437243506479224,0.6398969331256923,9048,bag,,,,,,,,,,,,,,,,,,,,,,,,,,,,,,,,,,,,,,,,,,,,,,,,,,,,,,,,,,,,,,Cox PH (cause-specific) [bag]
ehrsim2_mixed_bag__coxph__s3,13_final_sequential_ehr,ehrsim2_mixed,3,coxph,0.7492344817189183,0.7093552187604648,0.6746666215433726,0.09484015748603324,0.15437378492791187,0.20374534710964093,0.711085440674252,0.15098642984119534,0.7614702407726106,0.6689743504957513,0.637967591256476,0.08871825138004727,0.1724294638644739,0.20737597084940862,0.6894707275082793,0.15617456203130994,0.692772036092269,0.6527285354364455,0.6291177979815308,0.10872868049112067,0.1873482595136465,0.22647637602244713,0.6582061231700818,0.17418443867573807,0.7278939256739658,0.7027552249824571,0.6905001367786011,0.15822424431621085,0.20807955772923015,0.17225009208370928,0.7070497624783414,0.1795179647097168,0.6914530134577386,0.16521584881449003,989.1771287210676,1183.0036163473706,936.1866978476638,1043.5814065190605,879.5125390853065,963.6180315899358,820.012998761322,950.7819667537921,906.2223411038399,1035.2462553025398,0.6802272310793476,0.6897038848139092,5457.0,0.5688107018508338,0.11141652922851375,0.6145276292335116,0.22630476123597826,0.6434138451153144,8976,bag,,,,,,,,,,,,,,,,,,,,,,,,,,,,,,,,,,,,,,,,,,,,,,,,,,,,,,,,,,,,,,Cox PH (cause-specific) [bag]
ehrsim2_mixed_bag__coxph__s4,13_final_sequential_ehr,ehrsim2_mixed,4,coxph,0.7787826405152157,0.7397036475967234,0.688997760991737,0.09400392451134887,0.14878511184319212,0.20613996733163623,0.735828016367892,0.14964300122872573,0.6887004009453679,0.6482257273476,0.6204335805420688,0.10760000673937262,0.17685955587152818,0.22180460433415175,0.6524532362783456,0.1687547223150175,0.6775930477268619,0.626956167599032,0.6051954340843823,0.1047479386675603,0.19118590796891063,0.22686301855066243,0.6365815498034254,0.17426562172904445,0.7175065329405934,0.6890497839074728,0.6805903217276624,0.15308402188651685,0.21572216628842725,0.17233354491570388,0.6957155461919095,0.180379911030216,0.680144587160393,0.16826081407575091,993.3708753692476,1167.189378190491,961.3076460438792,1073.6799393673914,907.1092669929636,970.8112451822661,820.560284492841,942.6286057381205,920.5870182247329,1038.5772921195673,0.6765799256505576,0.6853907760287213,5380.0,0.5685873605947955,0.10799256505576205,0.6204954954954955,0.22658116158654523,0.6437741687284486,8880,bag,,,,,,,,,,,,,,,,,,,,,,,,,,,,,,,,,,,,,,,,,,,,,,,,,,,,,,,,,,,,,,Cox PH (cause-specific) [bag]
ehrsim2_mixed_bag__ours_nllpch_large__s0,13_final_sequential_ehr,ehrsim2_mixed,0,ours,0.7544593217650084,0.7105053620481425,0.6656626415095422,0.09268035101254074,0.15411834782230494,0.20881498696225226,0.7102091084408978,0.19053731858730316,0.6869962457194431,0.6333446037632287,0.6179340580878022,0.11393125423329914,0.1890708842874847,0.2197187451115851,0.6460916358568246,0.1974305361509323,0.7014012615668873,0.6582176950333255,0.6008210763025498,0.10312502779213169,0.17798091605204114,0.23403744105809127,0.6534800109675875,0.19132119417190552,0.717567602071217,0.6825202156214605,0.6562865332727705,0.1547132798454158,0.21157762084605802,0.17871858035031124,0.6854581169884826,0.1782839298248291,0.6738097180634481,0.169873952947793,904.6236391656118,1187.4719248085364,920.2234980290677,1090.1486365585556,897.2498702881712,986.9423634682452,846.4139393026902,986.8377578181424,892.1277366963853,1062.85017066337,0.6635191574359905,0.6707663451232583,5507.0,0.5627383330306882,0.10078082440530234,0.5843867819915725,0.23898485538836184,0.6704523511816255,9018,bag,nllpch,large,4.1940178871154785,759.0,761.0,761.0,1354.0,0.1875802840622452,0.6289560809952788,0.6096135377883911,0.6321269869804382,0.6214472651481628,0.6236305832862854,0.6236500144004822,0.6327155828475952,0.6328760981559753,0.6331920027732849,0.6277320384979248,0.6322800517082214,1503.0,0.5915822197818437,0.5931110978126526,0.5951963067054749,0.5944610238075256,0.5940120220184326,0.5934925675392151,0.5921230316162109,0.5937501788139343,0.5941373109817505,0.5901447534561157,0.5837998986244202,1503.0,0.5729854898480163,0.556328296661377,0.5753534436225891,0.5881014466285706,0.5865927338600159,0.5896822214126587,0.5873551368713379,0.576078474521637,0.5746490359306335,0.5612879395484924,0.5530969500541687,1503.0,0.6467681198019031,0.6457213163375854,0.6475113034248352,0.6490751504898071,0.6479376554489136,0.647787868976593,0.649195671081543,0.6469457149505615,0.6448788642883301,0.6446993350982666,0.647469162940979,1503.0,0.6100729776067605,15.7124,95.657,0.191,nllpch,L_PCH (large) [bag]
ehrsim2_mixed_bag__ours_nllpch_large__s1,13_final_sequential_ehr,ehrsim2_mixed,1,ours,0.7644200286846305,0.7189998955014364,0.6691569202246794,0.1000704792408524,0.1543810302306599,0.20189226030786156,0.7175256148035821,0.19192343950271606,0.721504572264247,0.6655632701897877,0.6155426970287202,0.1100330763728621,0.1788230506416492,0.2210890741838432,0.6675368464942516,0.19828100502490997,0.6802718392902085,0.6145192242317478,0.5873096729825061,0.09945953435344898,0.18198679648070254,0.22086335007842933,0.6273669121681541,0.19115690886974335,0.7024935555480971,0.6677835207739455,0.6510052231164066,0.17189828479977073,0.21802647153702898,0.17854410710812849,0.6737607664794831,0.18286345899105072,0.6715475349863678,0.16975562627793644,1016.9291163157214,1223.7580702993278,954.9027843414697,1095.5661748304203,901.2893910122871,967.4473863216123,872.2274242011802,1017.0556546894023,936.3371789676646,1075.9568215351908,0.704575409527396,0.7199721059972106,5311.0,0.5821879118810017,0.12238749764639423,0.5915254237288136,0.23503208271969145,0.6619112916768437,8850,bag,nllpch,large,4.199073791503906,746.0,745.0,716.0,1308.0,0.18974338142919336,0.6232660943262363,0.6250625252723694,0.6255990862846375,0.6330103278160095,0.6321876049041748,0.628028154373169,0.6285236477851868,0.6299622058868408,0.6283506155014038,0.6250864863395691,0.5944781303405762,1475.0,0.5914592586491443,0.6117618680000305,0.6080911159515381,0.6086978912353516,0.6057859659194946,0.6036819815635681,0.6028403639793396,0.5982911586761475,0.6010026335716248,0.5921831727027893,0.5400164723396301,1475.0,0.5629254544011368,0.5646543502807617,0.5629416704177856,0.5660943388938904,0.5684398412704468,0.5628932118415833,0.560642659664154,0.5629096627235413,0.5606247186660767,0.5610379576683044,0.5646452903747559,1475.0,0.6417916706387082,0.6399948596954346,0.6443570256233215,0.6436289548873901,0.6418495774269104,0.6403586268424988,0.6428239941596985,0.6439352631568909,0.64360511302948,0.639502763748169,0.6406810283660889,1475.0,0.6048606195038064,15.2789,96.539,0.196,nllpch,L_PCH (large) [bag]
ehrsim2_mixed_bag__ours_nllpch_large__s2,13_final_sequential_ehr,ehrsim2_mixed,2,ours,0.7707422683808688,0.704457570248484,0.6692187971259465,0.09270074899413583,0.15655367510235785,0.20485445594535176,0.714806211918433,0.19029398262500763,0.6547226712165215,0.6126235119207337,0.5961081436175412,0.10241085300344338,0.18843138194040382,0.22860998225576068,0.6211514422515988,0.20477426052093506,0.6694050166912522,0.6006322298513376,0.568719855022856,0.10068424375818157,0.18295143620054805,0.2357797808377418,0.6129190338551486,0.19908273220062256,0.6873292309499102,0.6641095807972068,0.6462780299747588,0.1727707815027611,0.2187453797737983,0.18270429478890698,0.665905613907292,0.18215370178222656,0.6536955754831181,0.1722664178419493,1015.7206152111264,1228.8546811869908,948.4663118846139,1107.773116842697,869.2450981505166,988.7292678445571,875.1752979050625,1016.9249231536894,927.1518307878299,1085.5704972569836,0.7173313729093916,0.7284081632653061,5441.0,0.5835324388899099,0.13379893401948173,0.5884173297966402,0.23602894251354958,0.6636375861496581,9048,bag,nllpch,large,4.205537796020508,766.0,768.0,725.0,1349.0,0.19209871045468652,0.6362643903391891,0.6420016288757324,0.6387709975242615,0.6346770524978638,0.6361585259437561,0.635513424873352,0.6376413702964783,0.6366130709648132,0.6302841305732727,0.6365233063697815,0.6394275426864624,1508.0,0.5694424844685422,0.5790270566940308,0.5764827132225037,0.5750346183776855,0.5630574226379395,0.560461699962616,0.56641685962677,0.5728581547737122,0.57232266664505,0.571587324142456,0.5678695440292358,1508.0,0.5594551033199493,0.5683550238609314,0.5681755542755127,0.5672043561935425,0.5643271207809448,0.5633128881454468,0.5647351145744324,0.560034990310669,0.5528673529624939,0.5541696548461914,0.5574304461479187,1508.0,0.6365090010993081,0.6339560747146606,0.6336987614631653,0.6361437439918518,0.6360807418823242,0.6344479918479919,0.6358412504196167,0.637844979763031,0.6376726031303406,0.6380600333213806,0.6352243423461914,1508.0,0.6004177448067471,14.0819,107.088,0.213,nllpch,L_PCH (large) [bag]
ehrsim2_mixed_bag__ours_nllpch_large__s3,13_final_sequential_ehr,ehrsim2_mixed,3,ours,0.7319563728366896,0.687374031945851,0.6558069476088917,0.10098039314509324,0.15891048513761905,0.20763179697111253,0.691712450797144,0.19009561836719513,0.730981997098168,0.6385638827023034,0.6331270430412594,0.09351549608719453,0.18318714132139244,0.2133456230909483,0.6675576409472436,0.19617314636707306,0.6819730253620844,0.6457962336257913,0.6123024695547015,0.10720964170802824,0.18365447970626728,0.22954315500100156,0.646690576180859,0.1907421499490738,0.7068501041367748,0.676653165902439,0.6552158866763256,0.16321742368631545,0.21672120874789352,0.1828706458847719,0.6795730522385132,0.18049418926239014,0.6713834300409399,0.17006562420730315,1081.91543040363,1246.8118509783064,993.951469878363,1105.0841013566464,859.6827985859564,960.653988993348,877.5167051797433,1020.5160369912929,953.2666010119232,1083.2664945798986,0.7020340846619021,0.7139364303178484,5457.0,0.5688107018508338,0.13322338281106827,0.598150623885918,0.23323415198310066,0.6578296329613611,8976,bag,nllpch,large,4.191551208496094,764.0,754.0,748.0,1329.0,0.18795535757578133,0.6185899800417359,0.6192246675491333,0.6191379427909851,0.6189714074134827,0.6187533736228943,0.6197190880775452,0.6174530386924744,0.6182988286018372,0.6216303110122681,0.6187168955802917,0.6156179904937744,1496.0,0.5902125374526076,0.6039539575576782,0.6028831005096436,0.5900037884712219,0.5872501730918884,0.5883051753044128,0.5954622626304626,0.5956790447235107,0.5945619940757751,0.5839859247207642,0.5823376178741455,1496.0,0.5868771721023793,0.5867006778717041,0.5823437571525574,0.587608814239502,0.5868330597877502,0.5879602432250977,0.5862125158309937,0.589988112449646,0.5847921371459961,0.5912773013114929,0.5827856659889221,1496.0,0.6458056098515277,0.6360527873039246,0.6423842310905457,0.6385555863380432,0.647560715675354,0.6485280394554138,0.6473616361618042,0.6481010913848877,0.6461395025253296,0.6461136341094971,0.6437104940414429,1496.0,0.6103713248620627,13.2505,112.902,0.226,nllpch,L_PCH (large) [bag]
ehrsim2_mixed_bag__ours_nllpch_large__s4,13_final_sequential_ehr,ehrsim2_mixed,4,ours,0.7640854535927295,0.7229375902921579,0.672588365208552,0.09320906917121706,0.15020864946462523,0.208285800004773,0.7198704696978132,0.18506023287773132,0.6971921506006432,0.6345946488731626,0.6099140988296405,0.10888400918926683,0.17888682275755197,0.22128180055697197,0.6472336327678155,0.19920989871025085,0.6784138426991406,0.6308986877364966,0.6132915962203432,0.10507811247419195,0.1916154681389814,0.2220300644766982,0.6408680422186602,0.19180379807949066,0.7089395123067436,0.6641432159511097,0.6438849570253281,0.15264613126695514,0.2173233324585337,0.18318845752913457,0.6723225617610605,0.17784905433654785,0.6700736766113374,0.16938647645740842,991.6005451476495,1196.5410292545741,917.7733026129979,1076.953244878148,863.9828281956987,959.432392491187,848.8298522383221,996.9485178847608,905.5466320486671,1057.4687961271675,0.6973977695167286,0.7078155205744269,5380.0,0.5685873605947955,0.12881040892193307,0.6059684684684684,0.23109362331210345,0.6532553822116033,8880,bag,nllpch,large,4.1756205558776855,761.0,739.0,736.0,1313.0,0.18673720938214183,0.6357322921642957,0.6322479248046875,0.6329947710037231,0.6367080807685852,0.6349579691886902,0.635466992855072,0.6350275278091431,0.6342489719390869,0.6351860165596008,0.6369081735610962,0.6384917497634888,1480.0,0.5760864677974666,0.5840703248977661,0.5931686162948608,0.575263261795044,0.5794569849967957,0.5784383416175842,0.5767011046409607,0.5769456028938293,0.5654636025428772,0.5720953345298767,0.5790792107582092,1480.0,0.5851364994779211,0.5879656672477722,0.5928587913513184,0.5952944159507751,0.5956733226776123,0.5964409708976746,0.5958142280578613,0.5922703146934509,0.5884461998939514,0.572043240070343,0.566847562789917,1480.0,0.6343420587922551,0.6248462200164795,0.6319747567176819,0.6338382363319397,0.6354659199714661,0.6362371444702148,0.6371574401855469,0.6372986435890198,0.6374902129173279,0.6356092691421509,0.6276596784591675,1480.0,0.6078243295579846,14.6941,100.721,0.204,nllpch,L_PCH (large) [bag]
ehrsim2_mixed_bag__ours_nllpch_small__s0,13_final_sequential_ehr,ehrsim2_mixed,0,ours,0.775956494006994,0.7317656503031121,0.6839988527575677,0.09056249855299561,0.14580149901060582,0.2021897587503771,0.7305736656892247,0.18570826947689056,0.7462928222501602,0.6789834926377877,0.6539629816139929,0.103849739139478,0.17512218801455806,0.21151500440454715,0.6930797655006469,0.19085243344306946,0.7376880798354585,0.6730594900269147,0.6411688099189558,0.09451785267406096,0.1741783987502183,0.2320839487903223,0.6839721265937763,0.18897154927253723,0.7240760221797387,0.6888607746710407,0.6614754513455655,0.15521093299933084,0.21773544220247668,0.19422434044138306,0.6914707493987816,0.18131797015666962,0.6997740767956073,0.1664159669775295,1098.5740542806243,1207.1947525255205,935.7765319055108,1070.5759074994153,1041.9235489998707,1000.3513590824349,944.0736208864718,1046.73759272038,1005.0869390181194,1081.2149029569377,0.7029235518431087,0.7155412647374062,5507.0,0.5627383330306882,0.14018521881242052,0.6111111111111112,0.2271171543489839,0.6444052179511357,9018,bag,nllpch,small,4.155614376068115,759.0,761.0,761.0,1354.0,0.18583305611325096,0.6319699739244314,0.6303670406341553,0.6318898797035217,0.6330796480178833,0.6341661214828491,0.6322031021118164,0.6322247982025146,0.6324514746665955,0.6325702667236328,0.6316569447517395,0.6296693682670593,1503.0,0.6171135154343972,0.6215767860412598,0.6193808913230896,0.6216442584991455,0.6184470653533936,0.618465006351471,0.6177480220794678,0.6160931587219238,0.6159242391586304,0.6176010966300964,0.6134085059165955,1503.0,0.6142648047277297,0.616752564907074,0.6173685193061829,0.6089963912963867,0.6076948642730713,0.6076213121414185,0.6000779271125793,0.6132685542106628,0.6175610423088074,0.6168165802955627,0.6258672475814819,1503.0,0.6478701170784387,0.6339816451072693,0.6459420919418335,0.6495023369789124,0.6500775218009949,0.6504479646682739,0.6512062549591064,0.6505578756332397,0.6508415341377258,0.6472634673118591,0.6421346664428711,1503.0,0.6278046027912493,16.112,93.284,0.186,nllpch,L_PCH (small) [bag]
ehrsim2_mixed_bag__ours_nllpch_small__s1,13_final_sequential_ehr,ehrsim2_mixed,1,ours,0.7734000332158179,0.7236736307213291,0.6696128256105311,0.09535252722102192,0.15304518673153159,0.2017481151435538,0.7222288298492261,0.19312343001365662,0.7333178250199469,0.6747683095279129,0.6364472460366429,0.10878327526606825,0.17510982303727377,0.2251727391252955,0.681511126861501,0.19671110808849335,0.7131054732424048,0.6539861184715321,0.6294808503732986,0.10018930114955396,0.17993552166930643,0.22924998023220364,0.6655241473624117,0.19423328340053558,0.7130332963189819,0.6778011098900519,0.6574109008627873,0.17302253581751817,0.2164493178639333,0.18499277104874737,0.682748435690607,0.1818983405828476,0.6880031349409363,0.170254257858834,1138.2853027299386,1237.0127301371742,1166.684980653752,1161.37224877705,1084.1311839018358,1026.1377349416198,927.3724799638273,1045.0706572061624,1079.1184868123385,1117.3983427655016,0.6934663905102617,0.7111018131101813,5311.0,0.5821879118810017,0.11127847862925999,0.6071186440677966,0.22956467543775352,0.6500911113367732,8850,bag,nllpch,small,4.15191650390625,746.0,745.0,716.0,1308.0,0.18993283491131252,0.6256937646035752,0.6261133551597595,0.627183198928833,0.6266245245933533,0.6253467798233032,0.622550368309021,0.6226681470870972,0.6233428120613098,0.6265261769294739,0.6286905407905579,0.6273885369300842,1475.0,0.6139502003772894,0.6172130107879639,0.618929922580719,0.6119311451911926,0.6153538823127747,0.6157332062721252,0.614059329032898,0.6143836975097656,0.6163545846939087,0.6187594532966614,0.6040250658988953,1475.0,0.5985455881433792,0.6044169664382935,0.6008156538009644,0.6011500358581543,0.5996452569961548,0.6011779308319092,0.60225909948349,0.6006165146827698,0.6006610989570618,0.5975236296653748,0.5901492834091187,1475.0,0.6496953363582729,0.6427879333496094,0.6524731516838074,0.6515113115310669,0.6510444283485413,0.651220977306366,0.6510595679283142,0.6493696570396423,0.6492388248443604,0.6474303007125854,0.6501813530921936,1475.0,0.6219712223706292,15.3001,96.405,0.196,nllpch,L_PCH (small) [bag]
ehrsim2_mixed_bag__ours_nllpch_small__s2,13_final_sequential_ehr,ehrsim2_mixed,2,ours,0.7750647507457249,0.7136763854803885,0.6836027562589359,0.09060889059811096,0.1548112159229044,0.19880932211752242,0.7241146308283497,0.1856124848127365,0.7283108245685392,0.6716414647907402,0.6395971353637006,0.09488188310454089,0.18098038081047674,0.21971570242750518,0.6798498082409933,0.19785819947719574,0.6995325751575898,0.6517834906737846,0.6291005857664987,0.0960968798576064,0.16661024998895865,0.22455547506604526,0.6601388838659576,0.19047345221042633,0.6770266156914253,0.6580429087184552,0.6401232673369238,0.17217571599847986,0.21797692864838697,0.1844402615464405,0.6583975972489348,0.1834987848997116,0.6806252300460588,0.16680524217391485,1074.4009087257882,1211.7387827860784,997.7316653438529,1102.4784963401464,898.5739138060165,950.3492000126822,856.4816195793827,1001.7328848265741,956.7970268637602,1066.5748409913701,0.6675243521411506,0.6840272108843538,5441.0,0.5835324388899099,0.08399191325124067,0.6064323607427056,0.22782676630499474,0.6463687260173523,9048,bag,nllpch,small,4.153721809387207,766.0,768.0,725.0,1349.0,0.18840559153196024,0.6544797170389899,0.656788170337677,0.657975435256958,0.6543789505958557,0.6548494100570679,0.6472101807594299,0.6499539613723755,0.6541879177093506,0.6562260985374451,0.6591910123825073,0.6550309658050537,1508.0,0.5986904617150625,0.5953865647315979,0.6000420451164246,0.6026773452758789,0.5991308093070984,0.5945753455162048,0.6004489660263062,0.6001392006874084,0.6030719876289368,0.5958003401756287,0.5960478782653809,1508.0,0.5932302710754845,0.5960443019866943,0.5951863527297974,0.5986801385879517,0.5988771319389343,0.5930584669113159,0.5964776277542114,0.5979571342468262,0.5960695743560791,0.594750702381134,0.5794753432273865,1508.0,0.6320181808523848,0.6204699873924255,0.6314587593078613,0.6297572255134583,0.6312313079833984,0.6259720921516418,0.6303262114524841,0.631114661693573,0.6326826214790344,0.6332190632820129,0.6351131200790405,1508.0,0.6196046576704803,15.1822,99.327,0.198,nllpch,L_PCH (small) [bag]
ehrsim2_mixed_bag__ours_nllpch_small__s3,13_final_sequential_ehr,ehrsim2_mixed,3,ours,0.7391223052607205,0.6980642176879791,0.6605642598830159,0.09585607796442547,0.15721978401977982,0.2041176254527501,0.6992502609439052,0.18900570273399353,0.7619329590729127,0.679984705525027,0.6404847684398064,0.09012763201026527,0.17422792620100178,0.21131637066730316,0.6941341443459154,0.19174233078956604,0.7069313218397079,0.6647791377459172,0.6331313865014218,0.10400009009183468,0.18395981587576346,0.22341037054789806,0.668280615362349,0.18965035676956177,0.7201757652187868,0.6840599420217985,0.662140486834499,0.15681652071104527,0.21343756774896544,0.18047085594016507,0.6887920646916948,0.1772998422384262,0.6876142713359661,0.16624671976926647,932.4660763241828,1201.0055643549372,987.7036381496221,1085.572271888802,960.192524945967,978.699685644306,870.0935430136278,1012.7417536949639,937.6139456083499,1069.5048188957524,0.6952538024555617,0.706465634338495,5457.0,0.5688107018508338,0.12644310060472785,0.6030525846702317,0.2290775157000326,0.6484817957814786,8976,bag,nllpch,small,4.132270812988281,764.0,754.0,748.0,1329.0,0.18538637872116953,0.6343715677107159,0.6334705352783203,0.6347123980522156,0.6387543082237244,0.6362489461898804,0.6356745362281799,0.6324478983879089,0.6324824094772339,0.6342417001724243,0.6350505352020264,0.633041262626648,1496.0,0.60079967600907,0.611260712146759,0.6064035892486572,0.6061467528343201,0.6075996160507202,0.6048802137374878,0.6021130681037903,0.5992780327796936,0.5990090370178223,0.5984752774238586,0.5942016243934631,1496.0,0.6072812792718052,0.6099136471748352,0.608956515789032,0.60560142993927,0.6061195135116577,0.6050807237625122,0.6075553297996521,0.6075878143310547,0.6060482263565063,0.6104089021682739,0.6066197752952576,1496.0,0.6508127724889117,0.6497136354446411,0.651629626750946,0.6523030400276184,0.6526660323143005,0.6515017747879028,0.6509457230567932,0.6513018012046814,0.651353657245636,0.6496979594230652,0.6499898433685303,1496.0,0.6233163238701257,15.6206,95.771,0.192,nllpch,L_PCH (small) [bag]
ehrsim2_mixed_bag__ours_nllpch_small__s4,13_final_sequential_ehr,ehrsim2_mixed,4,ours,0.7746778357540797,0.7375824515884617,0.6770467921580802,0.09789881548465613,0.14581526581856274,0.20267456938698877,0.7297690265002071,0.18340595066547394,0.7048474884790812,0.6539403648840133,0.6236940647637028,0.10847156529815291,0.17988668791363666,0.22416864748111892,0.6608273060422657,0.1988842934370041,0.6573715066472672,0.6287688853807589,0.6109052333263709,0.10498934260754766,0.1904632028895814,0.2258462892900118,0.632348541784799,0.19379585981369019,0.7192634409020274,0.6639228450144977,0.6414853952963611,0.15402335447576046,0.22300788631528687,0.19316381313869097,0.6748905604042954,0.1814449578523636,0.6744588586828918,0.17086745334166625,966.9101573881296,1168.5362374642878,956.5829172572322,1067.6939243026031,865.2602540959896,948.4360652026552,893.9258202434102,1023.3182432688666,920.6697872461905,1051.9961175596031,0.6992565055762082,0.7108533554266777,5380.0,0.5685873605947955,0.1306691449814127,0.6028153153153153,0.23005705459131714,0.6527946241791301,8880,bag,nllpch,small,4.185547351837158,761.0,739.0,736.0,1313.0,0.18805815829512568,0.6378315210028889,0.6408051252365112,0.6398921012878418,0.6383419632911682,0.6390910148620605,0.6359544992446899,0.6356516480445862,0.6359623074531555,0.6357930302619934,0.6396089196205139,0.6400432586669922,1480.0,0.5870379341944004,0.590984046459198,0.5889249444007874,0.5890915393829346,0.5873709321022034,0.5877338647842407,0.5869636535644531,0.5875034928321838,0.5866633057594299,0.5857831835746765,0.5857731699943542,1480.0,0.5858269968218179,0.5902239680290222,0.5857346653938293,0.5892590284347534,0.59149569272995,0.5890820622444153,0.5834445953369141,0.5840154886245728,0.5899567008018494,0.5881802439689636,0.5774233341217041,1480.0,0.6370267511498588,0.6251538395881653,0.635913074016571,0.6373165249824524,0.6419538855552673,0.6376699805259705,0.6368030309677124,0.6368148922920227,0.6348493099212646,0.6358351707458496,0.6387295126914978,1480.0,0.6119308007922416,14.5164,101.954,0.207,nllpch,L_PCH (small) [bag]
ehrsim2_mixed_sequence__ours_nllpch_large__s0,13_final_sequential_ehr,ehrsim2_mixed,0,ours,0.7681481255785108,0.7058912282789734,0.660272583772051,0.09545827583492045,0.15942641429472895,0.20988846136703063,0.7114373125431784,0.19439004361629486,0.699564162069867,0.6279702689807606,0.616501329311095,0.11286914450307273,0.18985359644452815,0.22216767839190285,0.6480119201205742,0.1993592381477356,0.6818579623693046,0.6350371043638587,0.5816825470173262,0.1082981825919742,0.18230499420002752,0.2361281154701695,0.6328592045834965,0.19202406704425812,0.7196000479689483,0.6916968370064448,0.6706172386348953,0.16674257234828782,0.2189050085622724,0.18354851445469247,0.6939713745367628,0.1831938773393631,0.671569952946003,0.173799246538634,885.6431600146088,1194.055714579205,911.4549130079191,1098.3101829215495,884.8041071049964,981.0720311629859,830.0689182847507,961.0102658014886,877.9927746030687,1058.6120486163072,0.6388233157799165,0.6439174705251876,5507.0,0.5627383330306882,0.07608498274922826,0.5766245287203371,0.23957143766103584,0.6715952295800101,9018,sequence,nllpch,large,4.296530723571777,759.0,761.0,761.0,1354.0,0.19076457999267474,0.622712171989994,0.6272029876708984,0.6298405528068542,0.620888352394104,0.6256864070892334,0.6230188012123108,0.6241884231567383,0.6251513957977295,0.6235142946243286,0.6130059957504272,0.6240987181663513,1503.0,0.5839385440828018,0.5867284536361694,0.5880903601646423,0.5856339931488037,0.5846937894821167,0.589332103729248,0.5920458436012268,0.5924012064933777,0.5825633406639099,0.573355495929718,0.5769191980361938,1503.0,0.568463777632549,0.5738382935523987,0.5729398727416992,0.5821212530136108,0.5809454917907715,0.5856949090957642,0.5785096287727356,0.565132200717926,0.5710726380348206,0.5691675543785095,0.5419103503227234,1503.0,0.6609985147161411,0.6575911045074463,0.6570772528648376,0.6605199575424194,0.6591343283653259,0.6620984673500061,0.6624680757522583,0.6630143523216248,0.6626886129379272,0.6606041789054871,0.6589736938476562,1503.0,0.6090282521053714,17.4371,86.195,0.172,nllpch,L_PCH (large) [sequence]
ehrsim2_mixed_sequence__ours_nllpch_large__s1,13_final_sequential_ehr,ehrsim2_mixed,1,ours,0.7275511522622945,0.6872756862448808,0.6376465284240748,0.10583670690260216,0.16577875793088898,0.21002931123620955,0.6841577889770835,0.1956200748682022,0.706965495917678,0.6594770392761209,0.6199465434996138,0.11337771223626228,0.18349427245413033,0.22205346796655648,0.6621296928978042,0.1992950588464737,0.6831024921414649,0.6309671653683355,0.5866000988115753,0.10366998375311037,0.182076930570664,0.22258552365981296,0.6335565854404585,0.1926472932100296,0.7338755448209234,0.7019666564689918,0.6894391695026554,0.16678887802122722,0.2168784217120639,0.17428494075618922,0.7084271235975236,0.17623725533485413,0.6720677977282175,0.17223790893330979,1045.1675684302772,1262.03411104139,1020.2390187297403,1127.6926084975644,909.5885576317994,979.1144662811888,831.6501812793252,951.515797237631,951.6613315177857,1080.0892457644436,0.6885708906044059,0.6990516039051604,5311.0,0.5821879118810017,0.10638297872340419,0.5822598870056497,0.23621567260409032,0.6647816431344394,8850,sequence,nllpch,large,4.32827091217041,746.0,745.0,716.0,1308.0,0.18858070742778724,0.602440728625988,0.5913026332855225,0.6000384092330933,0.6064990758895874,0.6101851463317871,0.6109655499458313,0.6063381433486938,0.6013813018798828,0.6018473505973816,0.603380024433136,0.5914943218231201,1475.0,0.5936848197972767,0.593636691570282,0.6012535095214844,0.5925951600074768,0.6041600108146667,0.5987255573272705,0.6036525964736938,0.6008037328720093,0.6002539992332458,0.5967698097229004,0.5624323487281799,1475.0,0.5622263239556001,0.5564879179000854,0.5637054443359375,0.5594034194946289,0.5638662576675415,0.5736091136932373,0.568475604057312,0.5730147361755371,0.5650327205657959,0.5715928673744202,0.533541738986969,1475.0,0.6787245934796273,0.6222238540649414,0.6722964644432068,0.6748775243759155,0.6769983768463135,0.6787749528884888,0.6789586544036865,0.6752752661705017,0.6798701882362366,0.6801819205284119,0.6822113394737244,1475.0,0.609269116464623,14.2849,103.256,0.21,nllpch,L_PCH (large) [sequence]
ehrsim2_mixed_sequence__ours_nllpch_large__s2,13_final_sequential_ehr,ehrsim2_mixed,2,ours,0.7463011582932372,0.6857589921602321,0.644719804093063,0.10509574727508599,0.18301186371700448,0.2259376287984277,0.6922599848488441,0.20389461517333984,0.6509320109925438,0.6084993078937813,0.5929614706306809,0.10227226262158666,0.19241337773674855,0.23085858175965143,0.6174642631723354,0.2064155787229538,0.6505092300979615,0.5988251942031793,0.5687438187007215,0.10553681192753205,0.1885593126435158,0.2463435192041005,0.6060260810006207,0.20448961853981018,0.6876937531020666,0.6814866613220385,0.6716028203062969,0.19357521838050035,0.23203697413249214,0.18903196308864015,0.6802610782434674,0.1863352209329605,0.6490028518163169,0.18288943844044048,1166.8170444622178,1325.1521348835888,1017.7298998509308,1143.7699641321992,910.7290971454782,1008.4795011822199,913.6859935125707,1010.1192718948479,1002.2405087427994,1121.880218023214,0.7022606138577467,0.7068027210884353,5441.0,0.5835324388899099,0.11872817496783683,0.5768125552608311,0.24000924904871754,0.6727380462805859,9048,sequence,nllpch,large,4.4831414222717285,766.0,768.0,725.0,1349.0,0.19798548396949361,0.6110397368444184,0.6189125776290894,0.6236069202423096,0.6171725988388062,0.6161901354789734,0.6166316270828247,0.6193825006484985,0.6101036071777344,0.6132793426513672,0.611723780632019,0.5880647897720337,1508.0,0.5597017750432414,0.5707060694694519,0.5700193643569946,0.577128529548645,0.5651922225952148,0.5715445280075073,0.5736125111579895,0.5661996603012085,0.562796950340271,0.5558653473854065,0.5262887477874756,1508.0,0.5434933653030302,0.5286324620246887,0.5427901744842529,0.54668790102005,0.5520578622817993,0.5535699129104614,0.5523402094841003,0.5523073673248291,0.5418543219566345,0.5355068445205688,0.5324066281318665,1508.0,0.6608877992567713,0.6375377774238586,0.6500954627990723,0.6471039652824402,0.6556606888771057,0.6556599736213684,0.6638894081115723,0.6649578213691711,0.6654550433158875,0.6647198796272278,0.6580650806427002,1508.0,0.5937806691118653,14.0086,107.648,0.214,nllpch,L_PCH (large) [sequence]
ehrsim2_mixed_sequence__ours_nllpch_large__s3,13_final_sequential_ehr,ehrsim2_mixed,3,ours,0.7171071245674677,0.669796097214663,0.6483934096976419,0.11000193291858841,0.17635785848485144,0.2226931466728513,0.6784322104932575,0.20162968337535858,0.6650882541358947,0.6255494138261976,0.6047199725669463,0.1008714483557657,0.19247433003054829,0.22711969589682104,0.6317858801763462,0.20189127326011658,0.6537220550470391,0.6077162050760657,0.5836838189949177,0.11308382817453644,0.20007363307163764,0.23491465533853653,0.615040693039341,0.19680272042751312,0.7338189383784275,0.7030672598463463,0.6837146930370948,0.15950416320798147,0.21716875992033338,0.1800422051362426,0.7068669637539561,0.1761281043291092,0.6580314368657252,0.1778588047673912,1242.113069306658,1360.8130793442945,1039.4095113473013,1140.2191779698926,1013.8842366148268,1045.7101757420842,879.734933151811,1014.9641083214034,1043.7854376051494,1140.4266353444186,0.6807769836906725,0.6847867427329529,5457.0,0.5688107018508338,0.1119662818398387,0.5711898395721925,0.24386560335269364,0.6807127824838989,8976,sequence,nllpch,large,4.197062969207764,764.0,754.0,748.0,1329.0,0.19125279100697296,0.617135262377795,0.6192528009414673,0.6120157241821289,0.6208173036575317,0.6171636581420898,0.6147475242614746,0.6138668656349182,0.6186167597770691,0.6144198179244995,0.621882975101471,0.617436408996582,1496.0,0.580144740717028,0.5817458033561707,0.5809674859046936,0.5830027461051941,0.5796749591827393,0.5792925953865051,0.5795544981956482,0.5801315903663635,0.5839200019836426,0.5815232992172241,0.57524174451828,1496.0,0.5661648548123355,0.5660381317138672,0.5650665163993835,0.5628979802131653,0.5599888563156128,0.5596128106117249,0.561469554901123,0.5617522597312927,0.5659266710281372,0.5690011382102966,0.5774362087249756,1496.0,0.6737130080634213,0.6738190054893494,0.6709656119346619,0.6710306406021118,0.6715294718742371,0.6726064085960388,0.6727972626686096,0.6754007339477539,0.6740863919258118,0.6744487881660461,0.6739911437034607,1496.0,0.6092894664926449,16.9576,88.22,0.177,nllpch,L_PCH (large) [sequence]
ehrsim2_mixed_sequence__ours_nllpch_large__s4,13_final_sequential_ehr,ehrsim2_mixed,4,ours,0.7512333609961216,0.7023451648427115,0.6486864409466356,0.10459541252606704,0.16430104578537474,0.22550865086996072,0.7007549889284896,0.19434022903442383,0.6958420562759738,0.6362037630633819,0.6179942806272226,0.10931054691627085,0.18192641547697305,0.22468070928522563,0.6500133666555262,0.19994452595710754,0.6447246554454182,0.6002077988615157,0.5955411943603868,0.1055107991260566,0.19198906382817985,0.2291924059467775,0.6134912162224402,0.19717919826507568,0.7211377133977332,0.6884899750944635,0.6765047173476314,0.15833223563295173,0.223734119212943,0.1805206588297206,0.695377468613276,0.17443722486495972,0.664909260104933,0.17496683861970846,1084.478217942883,1244.6954709614859,1010.6865833421216,1107.4400510055389,1013.1037944786111,1022.2648295306474,852.6868251136239,967.3690648190344,990.2388552193099,1085.4423540791765,0.6843866171003717,0.6893399613366473,5380.0,0.5685873605947955,0.11579925650557621,0.5859234234234234,0.23854184896558547,0.6724913635042445,8880,sequence,nllpch,large,4.298778533935547,761.0,739.0,736.0,1313.0,0.1887325683708895,0.6304393392836254,0.616020143032074,0.6307389140129089,0.6271098256111145,0.6228203773498535,0.6204042434692383,0.6291013956069946,0.6277542114257812,0.6342395544052124,0.6385445594787598,0.6369370222091675,1480.0,0.5748143664850441,0.5806303024291992,0.5765168070793152,0.5772017240524292,0.5782808065414429,0.5785417556762695,0.5778452754020691,0.5777592062950134,0.5775317549705505,0.5779150128364563,0.5591326951980591,1480.0,0.5669780071688766,0.5568217635154724,0.5608025789260864,0.5581942200660706,0.5661324858665466,0.5698850750923157,0.5750359892845154,0.5745797753334045,0.5756390690803528,0.5660343170166016,0.5529816150665283,1480.0,0.6708272429233639,0.6628724336624146,0.6675676107406616,0.6640805602073669,0.669456958770752,0.6717380285263062,0.6738954782485962,0.6739481687545776,0.669391930103302,0.6716766953468323,0.6694610118865967,1480.0,0.6107647389652275,15.6759,94.412,0.191,nllpch,L_PCH (large) [sequence]
ehrsim2_mixed_sequence__ours_nllpch_small__s0,13_final_sequential_ehr,ehrsim2_mixed,0,ours,0.7572579943201196,0.7315846147169266,0.6759620477243811,0.09216209723379691,0.145558584220105,0.20130490247910782,0.7216015522538091,0.18549494445323944,0.7416206607690602,0.6760677484924464,0.646188669296374,0.11161707690308491,0.18754712807934446,0.21772760090540405,0.6879590261859602,0.19566088914871216,0.7303472187046052,0.6672727814810876,0.6345309390332194,0.09786525905378607,0.1780755355387209,0.23207592017645146,0.677383646406304,0.1893230676651001,0.736840176484744,0.7085703642723818,0.6872023987554305,0.15590116514288366,0.20353882498360365,0.1749480285282188,0.7108709798375189,0.17022614181041718,0.6994538011708981,0.16652684360370898,958.2725704802564,1175.958157611844,1047.3723296742787,1119.6394992445375,1017.6951169069198,1004.8506284329773,805.9064809127871,931.3532421217085,957.3116244935605,1057.950381852767,0.6413655347739241,0.652679528403001,5507.0,0.5627383330306882,0.0786272017432359,0.6061210911510313,0.22819586516078957,0.6472452527682677,9018,sequence,nllpch,small,4.159847259521484,759.0,761.0,761.0,1354.0,0.18273718018889262,0.6341985464341964,0.6313690543174744,0.635188639163971,0.636216402053833,0.6345478892326355,0.6346156597137451,0.6347405910491943,0.6365834474563599,0.634018063545227,0.6346094012260437,0.6305246353149414,1503.0,0.6088222853657981,0.6151874661445618,0.6175229549407959,0.6164125204086304,0.6125406622886658,0.6108148097991943,0.6103154420852661,0.6091281771659851,0.6017208695411682,0.6052877902984619,0.607410192489624,1503.0,0.5995971695308027,0.5933803915977478,0.6027826070785522,0.608227550983429,0.6064350605010986,0.6029187440872192,0.6017673015594482,0.6075958609580994,0.6067121624946594,0.6080273985862732,0.5709777474403381,1503.0,0.6753637376961703,0.6588876843452454,0.6615431308746338,0.6738274097442627,0.6775431632995605,0.6790773868560791,0.6789578199386597,0.6795971393585205,0.678892195224762,0.6754547953605652,0.6689622402191162,1503.0,0.6294954347567419,16.8206,89.355,0.178,nllpch,L_PCH (small) [sequence]
ehrsim2_mixed_sequence__ours_nllpch_small__s1,13_final_sequential_ehr,ehrsim2_mixed,1,ours,0.7608698636009434,0.7172565922649952,0.6667531646347532,0.10490908913837353,0.15543635070149706,0.19957812346880152,0.7149598735002306,0.18917377293109894,0.7135172759883646,0.6681659590031431,0.6250549189637415,0.1142910626327234,0.17673677781729458,0.21750578767419043,0.6689127179850831,0.19526468217372894,0.6992179613413171,0.6462777699596808,0.6109001031716026,0.0991686984112364,0.1804159527180368,0.2278962461195629,0.6521319448242001,0.1925823986530304,0.7356091781915628,0.7043015476446991,0.6939956232011352,0.16634311394753284,0.20817991412480766,0.16828090844319124,0.7113021163457991,0.16995030641555786,0.6868266631638282,0.1682285020997707,931.8379895385491,1185.2917646501205,933.3453680245723,1083.9625949028489,935.2628048559769,965.4953774235191,806.667467867779,923.8509409784248,901.7784075717193,1039.6501694887284,0.6740726793447561,0.6845746164574616,5311.0,0.5821879118810017,0.0918847674637544,0.6087005649717514,0.23120491174976662,0.6553890785100897,8850,sequence,nllpch,small,4.145702362060547,746.0,745.0,716.0,1308.0,0.18400563899093808,0.6282874179146738,0.6276261210441589,0.6272467374801636,0.6264542937278748,0.6260367631912231,0.6259592175483704,0.6267374157905579,0.6270471811294556,0.6308580636978149,0.6304696202278137,0.630119800567627,1475.0,0.5938972498779281,0.5947020649909973,0.5914223194122314,0.5964032411575317,0.5985444188117981,0.5998161435127258,0.5984335541725159,0.5972201228141785,0.6047431230545044,0.5968721508979797,0.569681704044342,1475.0,0.5875886021923268,0.5884124636650085,0.5872548222541809,0.5909109711647034,0.5905400514602661,0.5908984541893005,0.5876074433326721,0.5882066488265991,0.5892691612243652,0.5907578468322754,0.5786659717559814,1475.0,0.6852548354218528,0.68241286277771,0.6766652464866638,0.6781448125839233,0.6854721307754517,0.6851364970207214,0.6846504807472229,0.6844537258148193,0.6856858134269714,0.685975193977356,0.6872473955154419,1475.0,0.6237570263516954,14.2705,103.36,0.21,nllpch,L_PCH (small) [sequence]
ehrsim2_mixed_sequence__ours_nllpch_small__s2,13_final_sequential_ehr,ehrsim2_mixed,2,ours,0.7677735235384865,0.7179281759838079,0.677716429487548,0.09685715928328634,0.15854141777419753,0.20366322235903647,0.7211393763366142,0.18841204047203064,0.7239372576517384,0.6485445746073002,0.6315527912329266,0.1003108681536314,0.18406571107548972,0.22029301548063357,0.6680115411639885,0.2002141922712326,0.69047980954417,0.647133298916791,0.6328143857202295,0.09527266943778186,0.1689173168645215,0.2241557821103587,0.6568091647270635,0.19035492837429047,0.6978261816011893,0.6778632177100684,0.6714630254528161,0.18084783775815616,0.22515418142529373,0.18672699241813373,0.6823841415880246,0.18208590149879456,0.6820860559539228,0.17040051451171007,1050.3508102717603,1222.954754476719,1099.3793239709105,1142.5256441576635,874.9672316882715,946.9166465971366,882.1232294924341,989.6517027377197,976.7051488558441,1075.5121869923096,0.6901304907186179,0.703265306122449,5441.0,0.5835324388899099,0.10659805182870796,0.6064323607427056,0.23082777091005832,0.6531249816329752,9048,sequence,nllpch,small,4.316690444946289,766.0,768.0,725.0,1349.0,0.18894936997203896,0.6517240840436166,0.6501229405403137,0.6526833176612854,0.6513830423355103,0.6537654399871826,0.653705358505249,0.6548681855201721,0.6549622416496277,0.6551613807678223,0.650947093963623,0.6421312689781189,1508.0,0.5914652794150896,0.5909252762794495,0.5945432782173157,0.5958665609359741,0.5960158705711365,0.5957996249198914,0.5992555022239685,0.5970001220703125,0.5921110510826111,0.5918298363685608,0.5738637447357178,1508.0,0.5992451890514933,0.595070481300354,0.6025313138961792,0.6038424968719482,0.6033748388290405,0.5972623229026794,0.6005972623825073,0.6018218994140625,0.6021036505699158,0.6018251180648804,0.5893830060958862,1508.0,0.6596544611053012,0.5769994258880615,0.6499295830726624,0.6345004439353943,0.6560477018356323,0.6606588363647461,0.654890239238739,0.6624795198440552,0.6634494066238403,0.6635217070579529,0.6625028252601624,1508.0,0.6255222534038752,13.9967,107.739,0.214,nllpch,L_PCH (small) [sequence]
ehrsim2_mixed_sequence__ours_nllpch_small__s3,13_final_sequential_ehr,ehrsim2_mixed,3,ours,0.7346243217461519,0.6894676712256731,0.6587561572702099,0.10110691799007453,0.16055565651872486,0.20528636456196375,0.694282716747345,0.18864084780216217,0.7406636893032156,0.6563773744512958,0.6301458883243171,0.09410151197473834,0.17989459503062574,0.21242792495881482,0.6757289840262762,0.19267623126506805,0.7163137308310253,0.6502179453298893,0.6323772658332539,0.10176189296595062,0.18385783136274547,0.22483175739422964,0.6663029806647228,0.18837858736515045,0.732791400698925,0.7148499004831053,0.6948923262004487,0.16050033278692105,0.20173969710774098,0.17273934382112327,0.7141778757941597,0.16938814520835876,0.6876231393081259,0.1665669855394711,1054.9988772243019,1242.8540506717823,943.0566320432482,1079.139582987249,842.4767300298962,934.1023029829256,818.5892749802409,945.0065111267174,914.7803785694218,1050.2756119421686,0.6908557815649624,0.7029611518609074,5457.0,0.5688107018508338,0.12204507971412859,0.6248885918003565,0.2264283129317526,0.643130806863151,8976,sequence,nllpch,small,4.151486873626709,764.0,754.0,748.0,1329.0,0.18231530303915286,0.6352642998599366,0.6360327005386353,0.6345138549804688,0.6391239166259766,0.6387377977371216,0.6374096870422363,0.6353137493133545,0.6331586837768555,0.6363041996955872,0.6309831738471985,0.6352612376213074,1496.0,0.5911361545020681,0.5922946929931641,0.5965487957000732,0.5973207354545593,0.5938960909843445,0.5932177901268005,0.598615825176239,0.5993655920028687,0.5956770181655884,0.5963332653045654,0.5643414855003357,1496.0,0.6033479084419643,0.5971218347549438,0.6005121469497681,0.5997937321662903,0.6031015515327454,0.6027883291244507,0.6033874154090881,0.6036368608474731,0.6055198907852173,0.6043544411659241,0.6030826568603516,1496.0,0.6851667931900598,0.6709210276603699,0.6674365997314453,0.669770359992981,0.6810202598571777,0.6857732534408569,0.6883684992790222,0.6888759732246399,0.6845353245735168,0.6870546340942383,0.6860329508781433,1496.0,0.6287287889985071,15.7356,95.071,0.191,nllpch,L_PCH (small) [sequence]
ehrsim2_mixed_sequence__ours_nllpch_small__s4,13_final_sequential_ehr,ehrsim2_mixed,4,ours,0.7596964327059433,0.7123382038921061,0.6620451120834979,0.09719604604490414,0.15343554035162954,0.20787753735855566,0.7113599162271824,0.18595001101493835,0.6772245773046951,0.6316589676135782,0.61461681765563,0.11759527994888586,0.18660732976755562,0.2254750357501222,0.6411667875246345,0.20258617401123047,0.6590639237689492,0.6149988973943672,0.5976293875594086,0.10496634600681945,0.1920349693982277,0.23281246158094143,0.6238974029075749,0.19495613873004913,0.7296534675411174,0.6909900964659417,0.6822582451120586,0.15635446921421045,0.2152454965981941,0.17276570454836393,0.7009672697063726,0.16980642080307007,0.6693478440914411,0.17186385138070082,1012.2109378160142,1194.2103616938225,979.7054826841006,1096.081147854608,1004.886001151367,1013.9107489578158,820.2050163862386,939.7985554995801,954.2518595094301,1061.0002035014566,0.6721189591078067,0.6771886219276442,5380.0,0.5685873605947955,0.10353159851301119,0.6083333333333333,0.23181391361670148,0.6569830341784298,8880,sequence,nllpch,small,4.279016494750977,761.0,739.0,736.0,1313.0,0.18530929546250058,0.6352948996911231,0.6237137317657471,0.6328389644622803,0.6316715478897095,0.63029545545578,0.6288419961929321,0.6338191032409668,0.6404052972793579,0.6407758593559265,0.6400404572486877,0.6342596411705017,1480.0,0.5731061529240893,0.5777906775474548,0.5803965330123901,0.5806180238723755,0.5740212202072144,0.5731829404830933,0.5734934210777283,0.5725341439247131,0.568146824836731,0.5715870261192322,0.5727517604827881,1480.0,0.5717389364545842,0.5667730569839478,0.5750831365585327,0.5799902081489563,0.5811136364936829,0.578484296798706,0.577778160572052,0.5764583945274353,0.5741955041885376,0.572974681854248,0.5507656335830688,1480.0,0.6738508376332849,0.5862864255905151,0.633644163608551,0.6443886160850525,0.6759362816810608,0.6726877689361572,0.6740939021110535,0.6764296889305115,0.675852358341217,0.6753888130187988,0.6796204447746277,1480.0,0.6134977066757704,16.1035,91.906,0.186,nllpch,L_PCH (small) [sequence]
ehrsim2_mixed_sequence_time__ours_nllpch_large__s0,13_final_sequential_ehr,ehrsim2_mixed,0,ours,0.7528248787643099,0.7028729131518374,0.6460668860902858,0.09076395263246306,0.15497007682362549,0.20672373477695397,0.7005882260021444,0.19037899374961853,0.6666655230674431,0.6177561340871871,0.5965781615790966,0.12126129455985438,0.19671405492421312,0.22896281995189058,0.626999939577909,0.20425789058208466,0.699465147298402,0.641268229195772,0.6004782884989862,0.09652015561785575,0.17836188389889024,0.23261533239464344,0.64707055499772,0.18894094228744507,0.7469568540246528,0.7134490440408229,0.6900478040100496,0.14864001397916107,0.2017418728475465,0.17180058925048056,0.7168179006918418,0.16839660704135895,0.6728691553174038,0.16908964847146485,1012.8586209967003,1246.39953738575,1069.2596092784797,1172.2006681030414,883.6799829481068,971.8070991085754,815.6380021174737,947.2816959709049,945.3590538351901,1084.422250142068,0.6838569093880515,0.6954448017148982,5507.0,0.5627383330306882,0.12111857635736334,0.5730760700820581,0.2399685449858737,0.6722294378145693,9018,sequence_time,nllpch,large,4.173782825469971,759.0,761.0,761.0,1354.0,0.18479531609454541,0.6153853744661848,0.6260324716567993,0.6290441155433655,0.6245170831680298,0.6176192164421082,0.6175956130027771,0.6166711449623108,0.6134201288223267,0.6113167405128479,0.6088178157806396,0.6129398941993713,1503.0,0.5675641550775539,0.5782375931739807,0.5759512186050415,0.5746779441833496,0.5726853609085083,0.5734661221504211,0.5762060284614563,0.5745173096656799,0.5723059773445129,0.5718188285827637,0.5348615050315857,1503.0,0.5745858001708984,0.5789832472801208,0.5755329728126526,0.5761879086494446,0.575671911239624,0.577359676361084,0.5759173035621643,0.5794790983200073,0.5744736194610596,0.5723971128463745,0.569183886051178,1503.0,0.6794574099607363,0.6733126640319824,0.6777622103691101,0.6777239441871643,0.6796308755874634,0.6801333427429199,0.6801969408988953,0.6800471544265747,0.6795706748962402,0.6789326667785645,0.6795209646224976,1503.0,0.6092481849188434,17.9614,83.68,0.167,nllpch,L_PCH (large) [sequence_time]
ehrsim2_mixed_sequence_time__ours_nllpch_large__s1,13_final_sequential_ehr,ehrsim2_mixed,1,ours,0.748004610231724,0.6928739655771441,0.6408774005510578,0.1052633328799407,0.16508247758189312,0.21010819069261163,0.693918658786642,0.1956837773323059,0.6628231249076523,0.6086464243417293,0.5753078937903681,0.1157752557915232,0.1888668767504185,0.23355038855496457,0.6155924810132499,0.20376169681549072,0.6913685694915169,0.6378850645131386,0.599015274548849,0.10169722328610914,0.18336971960807472,0.2267254990194008,0.6427563028511681,0.19270318746566772,0.7235592021324508,0.6974389952124698,0.6844566181085894,0.171832603879105,0.2215688063286466,0.17586152994327656,0.7018182718178366,0.17797090113162994,0.6635214286172242,0.17497515869299704,1068.0786154819682,1246.7147956398424,1045.8329931010524,1149.3390406779636,928.076354990883,984.8911103106373,874.522838436086,994.7511338277267,979.1277005024974,1093.9240201140424,0.7090943325174167,0.7193305439330544,5311.0,0.5821879118810017,0.126906420636415,0.576271186440678,0.23776929982475814,0.6686669668699657,8850,sequence_time,nllpch,large,4.265560626983643,746.0,745.0,716.0,1308.0,0.19019743468649528,0.6146680013628522,0.6166805028915405,0.6218090057373047,0.6201732754707336,0.6210355162620544,0.6177743077278137,0.6156901717185974,0.6107742190361023,0.6083087921142578,0.60896897315979,0.6171950101852417,1475.0,0.5657996120341917,0.5604199171066284,0.5649815797805786,0.5642893314361572,0.5617467164993286,0.5646535158157349,0.5659067034721375,0.5651653409004211,0.569301187992096,0.5641343593597412,0.569080114364624,1475.0,0.5727942791568775,0.5680764317512512,0.5703865885734558,0.5673983097076416,0.5756281018257141,0.581490159034729,0.578357458114624,0.5807251334190369,0.5712775588035583,0.5784981846809387,0.556201159954071,1475.0,0.6788584667729491,0.6741359233856201,0.6785193085670471,0.6779360771179199,0.6781536936759949,0.6732829809188843,0.6794912219047546,0.6792187690734863,0.67881840467453,0.680065929889679,0.6799277663230896,1475.0,0.6080300898317176,16.533,89.216,0.181,nllpch,L_PCH (large) [sequence_time]
ehrsim2_mixed_sequence_time__ours_nllpch_large__s2,13_final_sequential_ehr,ehrsim2_mixed,2,ours,0.7367801377227159,0.6911608902756854,0.6594768133611987,0.11018139235898694,0.16543999296270281,0.21005893173528697,0.6958059471198667,0.19575200974941254,0.6634776657787751,0.6093712293392392,0.5808092175691542,0.10379814866476696,0.19122041949014942,0.2280800409105355,0.6178860375623895,0.20626382529735565,0.6466269829837606,0.5964375987616035,0.5567614380608877,0.10051735840269414,0.1815103816032984,0.24027541579276707,0.5999420066020841,0.20050273835659027,0.69812404564141,0.6880100520073429,0.6667035149612586,0.18220092620742437,0.22396141108354936,0.1951052051115728,0.6842792042033371,0.184793621301651,0.6494782988719193,0.1776958020269779,1070.2621114883318,1269.1819492842585,1013.9475295778167,1148.2358295408417,949.6538480200195,1016.3168859160688,903.6617542159895,1006.1799483254605,984.3813108255392,1109.9786532666574,0.6871898548061018,0.696952380952381,5441.0,0.5835324388899099,0.10365741591619193,0.5838859416445623,0.23807250883167835,0.6715969780817019,9048,sequence_time,nllpch,large,4.393583297729492,766.0,768.0,725.0,1349.0,0.19484693396365696,0.6235387606825716,0.6237699389457703,0.6221421957015991,0.623094916343689,0.6220831274986267,0.6243229508399963,0.6243905425071716,0.6247448325157166,0.6260520815849304,0.625183641910553,0.6190954446792603,1508.0,0.5566869275031552,0.5772072076797485,0.5837534070014954,0.5762559175491333,0.5714188814163208,0.5655168294906616,0.563650906085968,0.558033287525177,0.5478521585464478,0.5465583801269531,0.5394116640090942,1508.0,0.5399302616037274,0.5371719002723694,0.5449323654174805,0.5403364300727844,0.5391236543655396,0.5374866724014282,0.5385665893554688,0.5362542867660522,0.5433162450790405,0.5362347364425659,0.5447474122047424,1508.0,0.6598625397911888,0.6481066942214966,0.6577140688896179,0.6564015746116638,0.6606778502464294,0.6644731163978577,0.663337767124176,0.6617978811264038,0.6605587601661682,0.6600121855735779,0.6556214094161987,1508.0,0.5950046223951607,15.3952,97.953,0.195,nllpch,L_PCH (large) [sequence_time]
ehrsim2_mixed_sequence_time__ours_nllpch_large__s3,13_final_sequential_ehr,ehrsim2_mixed,3,ours,0.7179283099649522,0.6716678670118316,0.6362760934468875,0.10483854663545018,0.16876902091954196,0.2120269875902612,0.6752907568078904,0.19225221872329712,0.6294901295770582,0.5904142900468323,0.5840091241295672,0.11002551815368657,0.20057863339394383,0.2212837807271323,0.6013045145844859,0.20093192160129547,0.6647638228218188,0.6186870265612767,0.5902292272703277,0.10888167778670818,0.19330612372992448,0.2280635957041395,0.6245600255511411,0.19205553829669952,0.7395520783611026,0.7102916635771851,0.6956295674188189,0.15952664806470535,0.20375241174082817,0.16941573279803682,0.7151577697857022,0.169658824801445,0.654078266682305,0.1733723897703632,976.6108118443409,1243.4152646403807,1006.5854101986831,1134.098845385296,921.934128142799,1007.2172966254903,806.757998349612,946.9957909923739,927.9720871338587,1082.9317994108853,0.6826094923950888,0.6920130399348003,5457.0,0.5688107018508338,0.11379879054425501,0.5879010695187166,0.23773735008044244,0.667820662305176,8976,sequence_time,nllpch,large,4.2370734214782715,764.0,754.0,748.0,1329.0,0.18567941162698956,0.6097937394066121,0.6167683005332947,0.6165909171104431,0.6154599189758301,0.6143468618392944,0.6006473898887634,0.607731282711029,0.6100062131881714,0.6099551320075989,0.6093773245811462,0.6087019443511963,1496.0,0.5652439584190407,0.5629425644874573,0.5663283467292786,0.5654073357582092,0.5655834078788757,0.5659505724906921,0.5666964054107666,0.567150354385376,0.56704181432724,0.5594543218612671,0.5660896897315979,1496.0,0.565349130293202,0.5653047561645508,0.5635853409767151,0.5652928352355957,0.5645676851272583,0.5639361143112183,0.5649722814559937,0.565719723701477,0.5666791796684265,0.5654072761535645,0.5655930638313293,1496.0,0.6852852998404745,0.6690691709518433,0.6832998991012573,0.683818519115448,0.6846172213554382,0.6855000257492065,0.685107409954071,0.6843480467796326,0.6857377290725708,0.6861680150032043,0.685907781124115,1496.0,0.6064180319898324,18.2003,82.196,0.165,nllpch,L_PCH (large) [sequence_time]
ehrsim2_mixed_sequence_time__ours_nllpch_large__s4,13_final_sequential_ehr,ehrsim2_mixed,4,ours,0.7509662663750327,0.7018363304111968,0.6570648193868963,0.10426743808357462,0.16966803205129302,0.21799892898753834,0.7032891387243753,0.19664879143238068,0.6252605248939026,0.6082632063019294,0.5928801932840289,0.11776766160459638,0.18685309905445882,0.22758895421507885,0.6088013081599536,0.20282433927059174,0.6060192660464241,0.5714951326385594,0.5629311548528688,0.11077819214413506,0.20617139234626233,0.24271867953377116,0.5801485178459508,0.2037377655506134,0.727393394160157,0.6825470287124593,0.6637021622368335,0.14913488814052683,0.2192063706808868,0.1838442160595928,0.6912141950364833,0.17655687034130096,0.6458632899416907,0.17799982107514295,1164.8360030668987,1317.2785126660272,1054.4987687315738,1151.4418791196676,1078.3977678192434,1079.0306728121918,892.5127445223155,1031.2235049167455,1047.5613210350077,1144.743642378658,0.6031598513011153,0.6008837337752002,5380.0,0.5685873605947955,0.034572490706319736,0.5369369369369369,0.24789582339761562,0.6889195824658082,8880,sequence_time,nllpch,large,4.2282938957214355,761.0,739.0,736.0,1313.0,0.19197156472369362,0.627393823282067,0.6278460621833801,0.6277912855148315,0.6273522973060608,0.6274793148040771,0.6275349855422974,0.6275094151496887,0.6274527907371521,0.627198338508606,0.6276060342788696,0.6269011497497559,1480.0,0.5687545276513204,0.5686984658241272,0.5686203837394714,0.5686843991279602,0.5687255263328552,0.5693016052246094,0.5691776871681213,0.5686380863189697,0.568882167339325,0.5688194632530212,0.5681566596031189,1480.0,0.5492897444113966,0.5488008260726929,0.5491625070571899,0.5496551990509033,0.5495103001594543,0.548891007900238,0.5488704442977905,0.5492115616798401,0.5497201085090637,0.5492746233940125,0.5493490099906921,1480.0,0.6581565048679878,0.658619225025177,0.658064603805542,0.657681941986084,0.6578864455223083,0.6577726006507874,0.657931923866272,0.6577866673469543,0.6579218506813049,0.6581590175628662,0.6589018106460571,1480.0,0.600898650053193,16.4306,90.076,0.183,nllpch,L_PCH (large) [sequence_time]
ehrsim2_order__oracle__s0,13_final_sequential_ehr,ehrsim2_order,0,oracle,0.7810777401957325,0.7330003365186947,0.6718175407724072,0.07540047764128055,0.1383912432288239,0.20845212274350558,0.7286318724956115,0.14074794787120334,0.7456886556663903,0.6881210239494361,0.6511936048075747,0.08756462537048039,0.16525455833563596,0.22371088251807125,0.6950010948078004,0.15884335540806252,0.6830494693946276,0.6469715643126417,0.6062931153403108,0.09118286019925322,0.17849443123789138,0.25254946671677303,0.6454380496825267,0.17407558605130588,0.7557023687857175,0.7093213650434722,0.6817484945895823,0.13220124416433213,0.1947725799644628,0.1764430748192986,0.7155907428062575,0.16780563298269788,0.696165439948049,0.16036813057831742,1503.7862239818026,1376.5253158268865,1365.2515030788936,1249.6304091094821,1477.7459391334444,1295.3400786763286,776.9394733635619,890.8763262728468,1280.9307848894255,1203.093032471386,0.6770833333333334,0.6981676098086768,5520.0,0.6204710144927537,0.05661231884057971,0.5998558438678199,0.22214855209443152,0.6289418423593996,9018,,,,,,,,,,,,,,,,,,,,,,,,,,,,,,,,,,,,,,,,,,,,,,,,,,,,,,,,,,,,,,,Oracle (true CIF)
ehrsim2_order__oracle__s1,13_final_sequential_ehr,ehrsim2_order,1,oracle,0.7964529164872912,0.7316392156274724,0.6903578409233412,0.07844841772423364,0.14536337093043697,0.20614230739177894,0.7394833243460349,0.14331803201548318,0.7596945137296012,0.6983452075343436,0.6652815188259145,0.08883539337103968,0.15779488260943175,0.22433350656102882,0.7077737466966197,0.15698792751383342,0.6588070141202838,0.6208219578484503,0.5849376584363296,0.09193266249250573,0.18423682068544267,0.24749226933872967,0.6215222101350212,0.17455391750555938,0.7504462804835967,0.708494244566432,0.6851180482940838,0.13766612513154372,0.20020914446735183,0.1724008301929315,0.7146861911147041,0.17009203326394237,0.695866368073095,0.1612379775747046,1535.966586912042,1404.3049779893495,1393.8803648324847,1265.3553652777025,1517.4886210087686,1315.10154247191,785.7840916878941,897.7255623515247,1308.2799161102973,1220.6218620226216,0.67946328736489,0.6985240879977722,5366.0,0.6319418561311965,0.04752143123369357,0.6019209039548022,0.22314726555880474,0.6308032490815271,8850,,,,,,,,,,,,,,,,,,,,,,,,,,,,,,,,,,,,,,,,,,,,,,,,,,,,,,,,,,,,,,,Oracle (true CIF)
ehrsim2_order__oracle__s2,13_final_sequential_ehr,ehrsim2_order,2,oracle,0.7848092594829768,0.7256724855516451,0.6807205012828357,0.0791877999855773,0.15485004828362547,0.2097922333762365,0.7304007487724858,0.14794336054847976,0.7532099619938107,0.6909909187806015,0.6541233701240059,0.0806268960647337,0.1636153995082859,0.22755575402686481,0.6994414169661395,0.1572660165332948,0.6967190775928106,0.6430306433157937,0.594699720297536,0.08699790887339967,0.1760504642110784,0.2509389759973947,0.6448164804020468,0.17132911636062423,0.7343864746135006,0.7044533905248969,0.6793901797891047,0.14375976526198497,0.19799843602979345,0.17550170842012203,0.7060766816425007,0.1724199699039668,0.6951838319457931,0.16223961583659138,1573.3251377634458,1433.5105215091035,1399.7653274585102,1276.4556280887027,1521.359777625328,1309.590127520442,765.8124254044592,893.4154098476414,1315.065667062936,1228.2429217414724,0.6850970340534602,0.707047619047619,5462.0,0.640790919077261,0.044306114976199185,0.6065428824049514,0.22417380262610082,0.6339740806495782,9048,,,,,,,,,,,,,,,,,,,,,,,,,,,,,,,,,,,,,,,,,,,,,,,,,,,,,,,,,,,,,,,Oracle (true CIF)
ehrsim2_order__oracle__s3,13_final_sequential_ehr,ehrsim2_order,3,oracle,0.7431124114212511,0.6979744881644407,0.652714050523765,0.08300349094000811,0.1481808617833124,0.21249344634753814,0.6979336500364856,0.14789259969028623,0.7567698285969686,0.684335900471082,0.6386061344599634,0.07819280757166744,0.16593992679448383,0.22558917762901137,0.6932372878426714,0.1565739706650542,0.6854641069681806,0.6420861349150818,0.59647609477233,0.09666356630069736,0.18319488953537955,0.24804524646043122,0.6413421122185308,0.17596790076550273,0.7572950029766375,0.7134980266603905,0.6886653105532058,0.13196975117887463,0.19603979660043405,0.17784690878948253,0.7198194467300779,0.16861881885626373,0.6880831242069414,0.16226332249427672,1537.720006547856,1410.2972394495196,1372.2942106664398,1250.1444500231944,1490.6133203143127,1306.1761252877816,782.7334865258902,900.7768431182573,1295.8402560136246,1216.8486644696882,0.6764974433893353,0.6923995656894679,5476.0,0.6285609934258582,0.04793644996347701,0.5980949197860963,0.22265639274953253,0.6298365021462142,8976,,,,,,,,,,,,,,,,,,,,,,,,,,,,,,,,,,,,,,,,,,,,,,,,,,,,,,,,,,,,,,,Oracle (true CIF)
ehrsim2_order__oracle__s4,13_final_sequential_ehr,ehrsim2_order,4,oracle,0.8030622779128295,0.7317667391273928,0.6665999794841796,0.07781849300533947,0.14748699345293956,0.2167151197991334,0.733809665508134,0.14734020208580415,0.7268606108011406,0.6700181783116331,0.6283313521962244,0.08873629359240769,0.16365564918808762,0.22949649116953308,0.6750700471029994,0.1606294779833428,0.64749556245886,0.6097687894842583,0.5730938748237183,0.09954787665481457,0.19306929481821647,0.25343203059311026,0.6101194089222789,0.18201640068871375,0.7536367905113861,0.7007688268849704,0.678841648503377,0.12287752285307225,0.19884722448628267,0.17445195771274313,0.7110824219665779,0.16539223501736602,0.6825203858749975,0.16384457894380666,1533.4410243711138,1396.9835493747983,1410.4099705300384,1256.206211236616,1559.1050902561517,1345.3365325325058,765.8037630711858,879.9338104924341,1317.1899620571226,1219.6150259090887,0.6710307947630463,0.6888061759029501,5423.0,0.6297252443297068,0.0413055504333395,0.6011261261261261,0.2247756458659411,0.6350551691143976,8880,,,,,,,,,,,,,,,,,,,,,,,,,,,,,,,,,,,,,,,,,,,,,,,,,,,,,,,,,,,,,,,Oracle (true CIF)
ehrsim2_order_bag__coxph__s0,13_final_sequential_ehr,ehrsim2_order,0,coxph,0.7312714557791712,0.7006220831190713,0.645032525265273,0.0933930076313646,0.15651508489145194,0.2169359294957337,0.6923086880545052,0.15561467400618342,0.6646386563185407,0.6125268652411884,0.5760144578618792,0.11220830014462145,0.19414831037869806,0.2432430354027827,0.6177266598072028,0.1831998819753674,0.6509693880865032,0.6168325648165544,0.584753435782042,0.11040164872929766,0.19060493824035604,0.24747719178999383,0.6175184628950331,0.18282792625321584,0.7007288507916735,0.6713965756433622,0.6494725708075588,0.16222976653797166,0.2161713676274449,0.18212523993599555,0.6738659990808649,0.1868421247004707,0.6503549524594014,0.17712115173380935,1009.4193105571624,1203.6977949619932,888.7243188568926,1012.2791053759917,906.3596222861613,943.9970804887499,842.0276400773761,959.466275841052,911.6327229443981,1029.8600641669466,0.663768115942029,0.676098086769065,5520.0,0.6204710144927537,0.043297101449275344,0.585717453980927,0.23690790788190302,0.6662209596798151,9018,bag,,,,,,,,,,,,,,,,,,,,,,,,,,,,,,,,,,,,,,,,,,,,,,,,,,,,,,,,,,,,,,Cox PH (cause-specific) [bag]
ehrsim2_order_bag__coxph__s1,13_final_sequential_ehr,ehrsim2_order,1,coxph,0.7539329470738245,0.695729936848574,0.6633169425384381,0.09427434360927897,0.15952140146188987,0.20173235745485713,0.7043266088202788,0.15184270084200865,0.6720301682629356,0.6169422579326916,0.5814115923740498,0.11697778329830562,0.1900682084139011,0.23012737687890336,0.6234613395232257,0.17905778953037002,0.6519390148565665,0.6243587009140875,0.603274485071597,0.1080380987169925,0.18866273795589195,0.22823554248467579,0.6265240669474169,0.17497879305252007,0.6907859236643881,0.6675993622686077,0.6523745913007499,0.1669045902705382,0.2224227000581074,0.17731817002957675,0.6702532924112484,0.18888182011940746,0.6561413269255424,0.17369027588607655,975.02575811029,1173.3425100157615,891.2360418036405,1024.6294264457279,919.6460400312244,934.6875506615559,858.8053452196187,970.9298263495588,911.1782962911934,1025.897328368151,0.6846813268729035,0.6978000556947925,5366.0,0.6319418561311965,0.05273947074170704,0.5914124293785311,0.2348867235201621,0.6617165127200205,8850,bag,,,,,,,,,,,,,,,,,,,,,,,,,,,,,,,,,,,,,,,,,,,,,,,,,,,,,,,,,,,,,,Cox PH (cause-specific) [bag]
ehrsim2_order_bag__coxph__s2,13_final_sequential_ehr,ehrsim2_order,2,coxph,0.7519956155554116,0.6992999173963876,0.6655857041024712,0.09105225847358751,0.16387271054775904,0.20627892829235764,0.7056270790180901,0.1537346324379014,0.6685281411077175,0.6210964756837196,0.5863115956523474,0.10054485015895794,0.18689249918040252,0.23816347136871213,0.6253120708145948,0.17520027356935752,0.650977922282801,0.621194528862796,0.5888521865327767,0.10249681738664175,0.18325395070160425,0.24263996986153683,0.6203415458927913,0.17613024598326096,0.6803680773526459,0.6579755671541611,0.6413442024696502,0.1759804211192786,0.2228020722610375,0.18321284163373516,0.6598959489921524,0.19399844500468377,0.6527941611794071,0.17476589924880093,1026.1660824283601,1208.0677002523425,908.1664043330469,1025.1904672746493,898.8916535556049,939.3640684114506,842.0812983522146,971.0495953179526,918.8263596673066,1035.9179578140988,0.6893079458073965,0.7074557823129252,5462.0,0.640790919077261,0.04851702673013547,0.6032272325375774,0.23361018130428352,0.6595446791963746,9048,bag,,,,,,,,,,,,,,,,,,,,,,,,,,,,,,,,,,,,,,,,,,,,,,,,,,,,,,,,,,,,,,Cox PH (cause-specific) [bag]
ehrsim2_order_bag__coxph__s3,13_final_sequential_ehr,ehrsim2_order,3,coxph,0.7251191081406614,0.6805595954578352,0.6385427184985466,0.09819970387101175,0.1624607193261107,0.21385715845545408,0.6814071406990143,0.1581725272175255,0.675538728187912,0.6096328356612528,0.5848789540557613,0.10085541189799552,0.19301221263082,0.23339987857445196,0.6233501726349754,0.17575583436775585,0.636968772540436,0.6095022605011436,0.5810253770943523,0.11578169207695668,0.19473429689342278,0.24319423845050472,0.6091654700453107,0.1845700758069614,0.7012727947569963,0.6659396143605874,0.6518041662214088,0.16127148226294036,0.22060945255745143,0.18280982610896776,0.6730055251129975,0.18823025364311985,0.6467320771230745,0.17668217275884066,1038.5081878405665,1213.2712344587985,893.7369391149027,998.4883398716288,896.9996897506418,952.375614093399,857.2580330637516,977.7637719535082,921.6257124424657,1035.4747400943338,0.6765887509130752,0.6841476655808902,5476.0,0.6285609934258582,0.04802775748721699,0.5933600713012478,0.23517782762535563,0.6624788736395752,8976,bag,,,,,,,,,,,,,,,,,,,,,,,,,,,,,,,,,,,,,,,,,,,,,,,,,,,,,,,,,,,,,,Cox PH (cause-specific) [bag]
ehrsim2_order_bag__coxph__s4,13_final_sequential_ehr,ehrsim2_order,4,coxph,0.7648353686423394,0.7097137715594872,0.6555193743796665,0.09479980771366214,0.16129136186729873,0.21671984152997542,0.710022838193831,0.15760367037031212,0.6076567435975656,0.5860544275955899,0.5631433814568525,0.1106743664367632,0.19293973036520617,0.2427611408318859,0.5856181842166693,0.1821250792112851,0.622086632221609,0.5820641358587367,0.564583550697675,0.1127492378866033,0.20361292673828843,0.24317367479884344,0.5895781062593403,0.1865119464745784,0.6875686204240555,0.6528762030942248,0.637623359103216,0.1569189394856773,0.22574525688457714,0.1832008806069006,0.6593560608738321,0.18862169232571835,0.6361437973859182,0.1787155970954735,1034.002068982694,1188.8333551664816,928.614796538341,1031.7877797688802,924.787553807997,964.3441684572639,852.080332732301,965.3191963772399,934.8711880153332,1037.5711249424664,0.6638392033929559,0.6722911497105045,5423.0,0.6297252443297068,0.0341139590632491,0.5934684684684685,0.2366033628146611,0.6658070774373743,8880,bag,,,,,,,,,,,,,,,,,,,,,,,,,,,,,,,,,,,,,,,,,,,,,,,,,,,,,,,,,,,,,,Cox PH (cause-specific) [bag]
ehrsim2_order_bag__ours_nllpch_large__s0,13_final_sequential_ehr,ehrsim2_order,0,ours,0.7548617202011537,0.6942786282209862,0.6421938330722041,0.09082092249042517,0.15498189027801038,0.21235406575179402,0.6971113938314479,0.19495496153831482,0.6278932554737358,0.569345700935588,0.5541856916051477,0.11663282333316184,0.20031981143553432,0.2441517851565993,0.5838082160048238,0.20503050088882446,0.6592771367144816,0.6081166872678574,0.552868650871369,0.1115507347990795,0.19633039263384314,0.2498594945525265,0.6067541582845694,0.19985739886760712,0.6994284759581382,0.6649610707879358,0.640407411277259,0.1492770553484302,0.21055838816256314,0.19497353403041798,0.6682656526744443,0.18004021048545837,0.6389848551988213,0.1776509081643655,1053.9488995481252,1234.1026827693586,952.4712020497379,1063.0080681214,968.9991726593196,982.9151181771813,847.0729432938114,963.4663357719971,955.6230543877485,1060.8730512099842,0.7110507246376812,0.7169226623551602,5520.0,0.6204710144927537,0.0905797101449275,0.5998003992015968,0.2360940403525859,0.6644172282019924,9018,bag,nllpch,large,4.189924716949463,742.0,787.0,763.0,1342.0,0.19265843243489372,0.6023659939400289,0.6033788323402405,0.604400098323822,0.6041855812072754,0.6056702733039856,0.6037088632583618,0.6024355292320251,0.6016218662261963,0.6021261215209961,0.6009089350700378,0.6001803874969482,1503.0,0.5314662570915704,0.5503730773925781,0.5467755794525146,0.5482566952705383,0.5424388647079468,0.5383346676826477,0.5422139167785645,0.5433430075645447,0.532720148563385,0.5278338193893433,0.49462637305259705,1503.0,0.5532650694585569,0.5631421208381653,0.5640068650245667,0.5621972680091858,0.5630917549133301,0.5651970505714417,0.560333251953125,0.5392442941665649,0.5550634264945984,0.5646775364875793,0.5313997268676758,1503.0,0.6301581660739767,0.6296583414077759,0.6300526857376099,0.6299645900726318,0.630526065826416,0.6314489841461182,0.6310938596725464,0.6310961842536926,0.6301538944244385,0.6291394233703613,0.6295543313026428,1503.0,0.5793138716410332,16.2107,92.717,0.185,nllpch,L_PCH (large) [bag]
ehrsim2_order_bag__ours_nllpch_large__s1,13_final_sequential_ehr,ehrsim2_order,1,ours,0.740683923825914,0.6798415744383879,0.6287359941144152,0.09718211614546578,0.16471579511172793,0.2114121266947039,0.6830871641262389,0.1994207203388214,0.6073802663419209,0.5817314727086453,0.5430168647292315,0.12644112304895497,0.2023835383245028,0.24040441306388563,0.5773762012599325,0.2106906622648239,0.6392911883389498,0.5985769032486239,0.5668623875823188,0.10864101647759086,0.189664328985907,0.2341279025644772,0.6015768263899641,0.1962517350912094,0.691631828165548,0.6587422614901496,0.6390950214611271,0.1562026594936772,0.2141733694663487,0.19166618470499217,0.6631563703722748,0.18400819599628448,0.6312991405371026,0.17808454784018615,1038.0100752470657,1219.8001690711483,905.1528478031393,1058.2845758504882,907.631310127374,941.3982309838245,862.3321247442348,974.7421636840386,928.2815894804535,1048.556284897375,0.7096533730898248,0.7216374269005847,5366.0,0.6319418561311965,0.07771151695862832,0.5927683615819209,0.23663619869153193,0.6659042039994856,8850,bag,nllpch,large,4.2612810134887695,741.0,763.0,736.0,1308.0,0.19550499618641418,0.5934282700628716,0.5933496356010437,0.5913172364234924,0.5981456637382507,0.5991256237030029,0.5919482111930847,0.5927947163581848,0.5961289405822754,0.5926499962806702,0.5929218530654907,0.5892508029937744,1475.0,0.5306179300646915,0.5317779779434204,0.5377429723739624,0.5396837592124939,0.5342825651168823,0.5291880965232849,0.5300610661506653,0.5306689739227295,0.5315781831741333,0.5340532064437866,0.5200312733650208,1475.0,0.5495164997152819,0.5485860109329224,0.5468194484710693,0.5489819049835205,0.5507888197898865,0.5531086325645447,0.5503382682800293,0.5484522581100464,0.5531290769577026,0.5496976375579834,0.5449306964874268,1475.0,0.6295962159549859,0.6248177289962769,0.6286147236824036,0.6267392635345459,0.6306308507919312,0.6304324269294739,0.6299687027931213,0.628026008605957,0.6304430365562439,0.6284847259521484,0.6308605074882507,1475.0,0.5757897289494578,13.3673,110.344,0.224,nllpch,L_PCH (large) [bag]
ehrsim2_order_bag__ours_nllpch_large__s2,13_final_sequential_ehr,ehrsim2_order,2,ours,0.7644383773715385,0.6942511846984907,0.664979117686108,0.0954002667842819,0.16465105433477012,0.2043206642845125,0.7078895599187124,0.19357392191886902,0.5744987537035285,0.575276758159148,0.5428866885212164,0.10751569275465898,0.19426466276666923,0.24168302702904043,0.5642207334612976,0.2042744904756546,0.6251144240426494,0.6007494324685235,0.5673346750422287,0.10421895069329376,0.1861087091188053,0.23958213099494952,0.5977328438511339,0.19860409200191498,0.6692214032784067,0.6532806349689392,0.6314969607893961,0.1626516550910753,0.2150062439889339,0.1954387653879291,0.651332999678914,0.18297813832759857,0.6302940342275145,0.17590348526907668,889.6700480405676,1161.099706487378,856.4126033367422,1031.7977382623574,880.6793822523846,955.834536627662,835.7350897069814,970.2864653174228,865.624280834169,1029.754611673705,0.7196997436836323,0.7275102040816327,5462.0,0.640790919077261,0.07890882460637128,0.5761494252873564,0.23888342648650726,0.6698344795395856,9048,bag,nllpch,large,4.216629981994629,758.0,780.0,735.0,1341.0,0.19297477213730782,0.633938215446834,0.6370739936828613,0.6373283863067627,0.6349107623100281,0.6346396207809448,0.6347716450691223,0.6339304447174072,0.6338056325912476,0.6334024667739868,0.6317586898803711,0.6334838271141052,1508.0,0.5324652306322027,0.5341384410858154,0.5340155363082886,0.5366578698158264,0.5349075794219971,0.5343888998031616,0.5318824052810669,0.5297945141792297,0.5310009717941284,0.5289478302001953,0.5352796912193298,1508.0,0.5470342027538131,0.5478442907333374,0.55165696144104,0.5521220564842224,0.5511753559112549,0.5552930235862732,0.5540449619293213,0.5536945462226868,0.5490463376045227,0.546897828578949,0.5280659198760986,1508.0,0.6245310108325319,0.6245274543762207,0.6238311529159546,0.6237638592720032,0.6237778663635254,0.6240547895431519,0.6240543723106384,0.622384786605835,0.6236797571182251,0.6243919730186462,0.6272923946380615,1508.0,0.5844921649163455,14.0684,107.191,0.213,nllpch,L_PCH (large) [bag]
ehrsim2_order_bag__ours_nllpch_large__s3,13_final_sequential_ehr,ehrsim2_order,3,ours,0.716819070301456,0.6624833997031709,0.6234368868111487,0.10092500541318926,0.16430019016836409,0.21509559134533152,0.6675797856052585,0.200054332613945,0.6149967086524297,0.5701052605483351,0.5586944805323736,0.10530599039350348,0.19956292803937425,0.2394344768152688,0.5812654832443794,0.20313957333564758,0.5941878921935687,0.5828332110185652,0.5594011386260894,0.12751817282999883,0.20211169803926207,0.24468119102468266,0.5788074139460745,0.20288890600204468,0.7084043575556898,0.673986080915223,0.647515897422556,0.15112924347630405,0.20973369929276497,0.19745813672616044,0.676635445297823,0.18131431937217712,0.6260720320233839,0.17977136029701704,1158.6272743550048,1289.890645655975,988.6454357838852,1063.6902921313479,978.0645506592889,1005.4352045307841,875.0684102050717,991.8263799196501,1000.1014177508127,1087.7106305594393,0.6953981008035062,0.6979641693811075,5476.0,0.6285609934258582,0.06683710737764792,0.5789884135472371,0.24264026529827076,0.6782046005026525,8976,bag,nllpch,large,4.230525016784668,753.0,778.0,747.0,1326.0,0.1944129580423054,0.5956551707445061,0.6016451120376587,0.5901063680648804,0.5879562497138977,0.5963205695152283,0.5957282781600952,0.5898844599723816,0.5981107950210571,0.5963768362998962,0.599873423576355,0.5970344543457031,1496.0,0.5360076345375464,0.531531572341919,0.5308292508125305,0.5377659201622009,0.5378373861312866,0.5370603799819946,0.5372771620750427,0.5367184281349182,0.5365190505981445,0.5352165699005127,0.5344191193580627,1496.0,0.5317964004495835,0.5434870719909668,0.5454695820808411,0.5454673767089844,0.5443962216377258,0.5453635454177856,0.5392654538154602,0.5428599715232849,0.5462473034858704,0.5411248207092285,0.47688671946525574,1496.0,0.6376402856477328,0.633783757686615,0.6378781199455261,0.6387414932250977,0.6382357478141785,0.6370565295219421,0.638095498085022,0.6376364827156067,0.6359072923660278,0.637801468372345,0.6384834051132202,1496.0,0.5752748728448422,15.7262,95.128,0.191,nllpch,L_PCH (large) [bag]
ehrsim2_order_bag__ours_nllpch_large__s4,13_final_sequential_ehr,ehrsim2_order,4,ours,0.7582500452328034,0.6909232666563558,0.6471569471395063,0.09345665275973526,0.1622256380364893,0.21633946621014635,0.6987767530095552,0.1954941749572754,0.5783641675857025,0.571246777651911,0.5442058639398993,0.11430113007567766,0.19722411844020743,0.2447159319803669,0.564605603059171,0.2089390903711319,0.6019881357661877,0.5568706499781848,0.5481285221923521,0.11355913362695852,0.20122034094835128,0.24038473785392575,0.5689957693122416,0.2014695703983307,0.699718406442224,0.6454935229862723,0.6218166863420626,0.1431255899939929,0.2154822455652883,0.19819962104522137,0.655676205256853,0.1822839230298996,0.6220135826594552,0.17835288387803008,1110.6770170266536,1230.0834025631061,954.7623873829008,1049.5220517318473,940.2578333109527,981.6105388849975,869.1238030139829,982.2901745048991,968.7052601836225,1060.8765419212125,0.7075419509496589,0.7170664460987041,5423.0,0.6297252443297068,0.0778167066199521,0.582545045045045,0.238134846067092,0.6686070867249208,8880,bag,nllpch,large,4.199673175811768,765.0,758.0,736.0,1312.0,0.19472612298292727,0.6026800624738744,0.6074711084365845,0.6058775782585144,0.6034297943115234,0.6037829518318176,0.6029280424118042,0.6025083661079407,0.6028025150299072,0.6011912226676941,0.6020464301109314,0.6015063524246216,1480.0,0.5263206819376929,0.527270495891571,0.5230603814125061,0.5236681699752808,0.5246680378913879,0.5233508944511414,0.5285917520523071,0.5270704627037048,0.5262640118598938,0.5262291431427002,0.5285050868988037,1480.0,0.5368183309432887,0.5445756316184998,0.5362410545349121,0.544700026512146,0.5381483435630798,0.5373549461364746,0.5368775129318237,0.5359563827514648,0.5265012979507446,0.5288385152816772,0.5500059127807617,1480.0,0.6113672743974938,0.6087663173675537,0.6154140830039978,0.6095913648605347,0.611991286277771,0.6117701530456543,0.6082489490509033,0.6115652322769165,0.6109232902526855,0.6100237965583801,0.6137775778770447,1480.0,0.5692965874380875,13.7136,107.922,0.219,nllpch,L_PCH (large) [bag]
ehrsim2_order_bag__ours_nllpch_small__s0,13_final_sequential_ehr,ehrsim2_order,0,ours,0.7642539225680852,0.7105349471251196,0.6555857758385748,0.09528387700493367,0.15974048784941,0.21888917958079473,0.7101248818439266,0.2041570544242859,0.6778800017349303,0.6148737857770096,0.5793960122474809,0.10881795971713693,0.19273503296215072,0.24500877701414753,0.6240499332531403,0.20251017808914185,0.6612309552868096,0.6232425578335069,0.5901807158324767,0.10543105754126421,0.18407714291663982,0.2409361442463568,0.6248847429842644,0.19225463271141052,0.7036798550057728,0.6687170978930856,0.6438923118492853,0.14835712391827563,0.21024147913468177,0.19298777574663498,0.6720964215827147,0.17924731969833374,0.6577889949160115,0.17520883646936888,770.0200737502099,1147.1617238207639,851.2013099581128,1011.6682757530506,860.7595052200382,917.98751065774,833.3978925676349,952.4361833154882,828.844695373999,1007.3134233867606,0.7125,0.7166262462947993,5520.0,0.6204710144927537,0.09202898550724636,0.592814371257485,0.23459713601316584,0.6611713805551523,9018,bag,nllpch,small,4.178791046142578,742.0,787.0,763.0,1342.0,0.19210243047136621,0.6017465914748296,0.6067277193069458,0.6027153730392456,0.6076544523239136,0.6070079803466797,0.6041966080665588,0.6016060709953308,0.6016734838485718,0.6028322577476501,0.6028882265090942,0.5916926264762878,1503.0,0.5531332345467685,0.571271538734436,0.5667417049407959,0.5627578496932983,0.5611706972122192,0.5549806952476501,0.5556435585021973,0.5529019236564636,0.5508726239204407,0.5543167591094971,0.5377528071403503,1503.0,0.5735986827976366,0.5752983093261719,0.5748661160469055,0.5842020511627197,0.5716757774353027,0.5749391317367554,0.5711520910263062,0.5726184844970703,0.5721926093101501,0.5723604559898376,0.5747673511505127,1503.0,0.6333885697795153,0.6270474195480347,0.6356927752494812,0.6364228129386902,0.6363499164581299,0.6349717974662781,0.6340463757514954,0.6338698267936707,0.6347419619560242,0.6338189840316772,0.6297264099121094,1503.0,0.5904667696496875,18.1071,83.006,0.166,nllpch,L_PCH (small) [bag]
ehrsim2_order_bag__ours_nllpch_small__s1,13_final_sequential_ehr,ehrsim2_order,1,ours,0.763392294024406,0.6981015439619364,0.656607266315785,0.0933888591983164,0.1566906849283987,0.20739580314117884,0.7060337014340425,0.19466246664524078,0.6475928005829305,0.6150018669203982,0.5786412217121688,0.11745179092679317,0.1937909550312269,0.2381715133589033,0.6137452964051658,0.20534592866897583,0.6617112758981805,0.6116988512574931,0.5763850727697518,0.10455008275704729,0.1861775999683406,0.23287773729619318,0.6165983999751418,0.19406479597091675,0.6872563968384283,0.6593508489821593,0.6357280715906302,0.1536317700951411,0.21034374333511444,0.19096339155687614,0.6607784391370726,0.1818695217370987,0.6492889592378557,0.1737861609661275,869.2475780218632,1154.7064797657135,998.1133517883441,1081.00403164021,965.4415208274347,951.8817348863018,821.7759014607346,955.5655688542882,913.6445880245942,1035.7894537866284,0.6502049944092434,0.664327485380117,5366.0,0.6319418561311965,0.01826313827804693,0.5847457627118644,0.23549633294925273,0.6628622173017026,8850,bag,nllpch,small,4.151946067810059,741.0,763.0,736.0,1308.0,0.19211974510295146,0.615413793988786,0.6142242550849915,0.6127490997314453,0.6136373281478882,0.6158328652381897,0.6161588430404663,0.615705132484436,0.6155331134796143,0.6167161464691162,0.61532062292099,0.6152897477149963,1475.0,0.5559278531609294,0.5592480897903442,0.5542929172515869,0.554501473903656,0.5653896331787109,0.5604872107505798,0.5585918426513672,0.5634282827377319,0.5680626630783081,0.5679520964622498,0.5185809135437012,1475.0,0.5606757310522392,0.5631920695304871,0.561772346496582,0.5576098561286926,0.5590932965278625,0.5587732791900635,0.5628599524497986,0.5619770288467407,0.5629645586013794,0.5627669095993042,0.5565705299377441,1475.0,0.624181911468182,0.6270701289176941,0.6335429549217224,0.6316924691200256,0.6294774413108826,0.6285297870635986,0.630729079246521,0.6276703476905823,0.6294456124305725,0.6225313544273376,0.6114466190338135,1475.0,0.5890498224175342,13.2544,111.284,0.226,nllpch,L_PCH (small) [bag]
ehrsim2_order_bag__ours_nllpch_small__s2,13_final_sequential_ehr,ehrsim2_order,2,ours,0.7634913151191209,0.6894877707863696,0.6559042755292507,0.08492316521297513,0.16266394690080627,0.20856486696591722,0.7029611204782471,0.19598358869552612,0.6626473877953724,0.5988792943440726,0.5495520837660884,0.09784370216773008,0.19495515669852664,0.24588366090785008,0.6036929219685111,0.2089286595582962,0.6664784913334825,0.6244758376067616,0.5954349518741282,0.10371615119674599,0.181702293066801,0.23870271104893495,0.6287964269381241,0.198594868183136,0.6680894418944499,0.648221094317733,0.626455703365618,0.16999014873098797,0.2176506487049184,0.2023756600371349,0.6475887465259336,0.18797676265239716,0.6457598039777039,0.17574767596994406,1217.7872713059976,1268.9153788139329,930.2887402702564,1051.7624708328342,902.5000973059869,936.6622090643455,879.4329814047202,993.4704389807476,982.5022725717403,1062.702624422965,0.6871109483705602,0.7020408163265306,5462.0,0.640790919077261,0.04632002929329915,0.5994694960212201,0.23583050998564212,0.666492420651141,9048,bag,nllpch,small,4.246121406555176,758.0,780.0,735.0,1341.0,0.196337570979012,0.6227571230988724,0.6237614154815674,0.6243464350700378,0.622635006904602,0.6260152459144592,0.6242076754570007,0.6200875639915466,0.6212635040283203,0.6211925148963928,0.6254006028175354,0.6213221549987793,1508.0,0.5207754429098199,0.5371168255805969,0.5351123213768005,0.5332357883453369,0.5298823118209839,0.5255630612373352,0.5303080081939697,0.532728374004364,0.5257161259651184,0.5190082788467407,0.4850395917892456,1508.0,0.572211125399121,0.5709165930747986,0.5735456943511963,0.5747254490852356,0.5746126770973206,0.5758600831031799,0.5746241211891174,0.5733717679977417,0.5751405358314514,0.5700969099998474,0.5657428503036499,1508.0,0.6164226449274592,0.6149441599845886,0.6174913644790649,0.6187205910682678,0.6189881563186646,0.618120551109314,0.6173564791679382,0.6162434220314026,0.617681622505188,0.618229866027832,0.6119153499603271,1508.0,0.5830415840838181,15.1423,99.589,0.198,nllpch,L_PCH (small) [bag]
ehrsim2_order_bag__ours_nllpch_small__s3,13_final_sequential_ehr,ehrsim2_order,3,ours,0.7418046394516637,0.6826846496762752,0.6448658185565379,0.1013369129857035,0.16239016909394582,0.21563941038496592,0.6897850358948255,0.19921402633190155,0.6799870919534451,0.6139559955754136,0.568971542662894,0.09943228420280008,0.1935320040632097,0.23630507637113257,0.6209715433972508,0.2002541720867157,0.649206920133148,0.6186603141287313,0.5934339396054727,0.11728557282574105,0.19370859733177614,0.2362831083362512,0.6204337246224507,0.19763357937335968,0.6986118523171172,0.6734315903011788,0.6486577666687834,0.14880470808046725,0.20570064545476896,0.195393458033863,0.6735670697623597,0.17894229292869568,0.6511893434192217,0.17548432893038546,1170.828072611936,1250.2814691069539,928.4531625739722,1025.1240759542172,957.4836174530665,964.8703779262725,848.1123656422075,964.3718400003739,976.2193045702955,1051.1619407469543,0.672753834915997,0.6840933767643865,5476.0,0.6285609934258582,0.0441928414901388,0.6026069518716578,0.23315453770057243,0.6583014207371964,8976,bag,nllpch,small,4.211108684539795,753.0,778.0,747.0,1326.0,0.19165251718277937,0.6144412891309248,0.6130151152610779,0.6140381097793579,0.6155215501785278,0.6164809465408325,0.6158981323242188,0.6142144203186035,0.6143700480461121,0.61517333984375,0.6104901432991028,0.6156725883483887,1496.0,0.5330161056592405,0.5621721148490906,0.5607973337173462,0.5586491227149963,0.5592969059944153,0.5542978048324585,0.543278694152832,0.5381893515586853,0.5368541479110718,0.5326546430587769,0.47412195801734924,1496.0,0.5693319522757058,0.5678530335426331,0.5672683119773865,0.568047046661377,0.5682947039604187,0.5699001550674438,0.5720527768135071,0.5740717053413391,0.5748288035392761,0.5710961818695068,0.5588949918746948,1496.0,0.6371356032368931,0.6353714466094971,0.6362050175666809,0.639178991317749,0.6373245716094971,0.6371649503707886,0.6399497985839844,0.636093258857727,0.636798083782196,0.6378426551818848,0.6358605027198792,1496.0,0.588481237575691,17.0144,87.925,0.176,nllpch,L_PCH (small) [bag]
ehrsim2_order_bag__ours_nllpch_small__s4,13_final_sequential_ehr,ehrsim2_order,4,ours,0.7564367110675984,0.7000631453541797,0.6502991563119673,0.09599285201157275,0.16059163946404081,0.21161601234648883,0.7022663375779151,0.19242243468761444,0.6190746442915084,0.5855453973176832,0.5521678816812501,0.11300392058919449,0.1942083838427407,0.24542517806271005,0.5855959744301472,0.2080076038837433,0.6244396575996131,0.5911593788320761,0.5794691846834014,0.11067180196235081,0.19903235612106202,0.23988091417549615,0.5983560737050303,0.1997767984867096,0.6998539289086202,0.6543673579484217,0.6286788063738504,0.14355931313951628,0.21443011622826755,0.19572660435301809,0.6609666977436308,0.1814536154270172,0.6367962708641808,0.17701159102470487,970.118436114747,1162.967725112064,925.8113944262421,1038.2989252882596,982.1279778219969,983.5470751293687,838.5206885403633,957.6056380250383,929.1446242258373,1035.6048408886827,0.7025631569242117,0.7106699751861043,5423.0,0.6297252443297068,0.0728379125945049,0.6024774774774775,0.23396442168933582,0.6601630891493612,8880,bag,nllpch,small,4.184791564941406,765.0,758.0,736.0,1312.0,0.1932164081227576,0.6128385173114933,0.6128929853439331,0.6118072867393494,0.6108444333076477,0.6112343668937683,0.61243736743927,0.6111036539077759,0.6126135587692261,0.6134253144264221,0.6133532524108887,0.6156625151634216,1480.0,0.5304080929587917,0.5374395251274109,0.535335898399353,0.5344420671463013,0.5357369780540466,0.5308654308319092,0.5309829711914062,0.53081214427948,0.5290997624397278,0.5256117582321167,0.5288538336753845,1480.0,0.5581623684906334,0.5630652904510498,0.56158447265625,0.5596598982810974,0.5566766262054443,0.5590110421180725,0.5599778890609741,0.5592041611671448,0.5632280111312866,0.5496463179588318,0.5583840012550354,1480.0,0.6198341079027836,0.6179937124252319,0.621907114982605,0.6221244931221008,0.6219347715377808,0.622551441192627,0.6219402551651001,0.6213304400444031,0.6198205351829529,0.6190921068191528,0.6167402863502502,1480.0,0.5803107716659255,14.0698,105.19,0.213,nllpch,L_PCH (small) [bag]
ehrsim2_order_sequence__ours_nllpch_large__s0,13_final_sequential_ehr,ehrsim2_order,0,ours,0.7517097767633006,0.6848727224785855,0.6347261875138261,0.09641622768967895,0.1577716081101867,0.21581072540640375,0.6904362289185707,0.19742292165756226,0.6684802158015183,0.5963593912262168,0.5680275059164926,0.11507951909011616,0.19620477852444992,0.2403146690542889,0.6109557043147426,0.2029983550310135,0.6507836655119124,0.6003756618345327,0.5631731804011247,0.11941062913063533,0.20065477225790426,0.24900356302710067,0.6047775025825232,0.20174455642700195,0.714560910790609,0.6722085091630592,0.6490372647188422,0.15397890316375687,0.21588743887497436,0.19585563211369184,0.67860222822417,0.18327341973781586,0.6461929160100016,0.17969903887026561,995.7491390507707,1207.1437245648967,886.1823324166826,1031.8768813607073,883.1118890138159,953.2540292872782,853.1045240990355,965.3647151838619,904.5369711450762,1039.4098375991862,0.7054347826086956,0.7115871732686607,5520.0,0.6204710144927537,0.08496376811594197,0.5790640940341539,0.24307922849804334,0.6812616252514272,9018,sequence,nllpch,large,4.328906059265137,742.0,787.0,763.0,1342.0,0.19431247636798848,0.6075422447519143,0.6094549894332886,0.6087602972984314,0.6100237369537354,0.6074845790863037,0.6059851050376892,0.6073542833328247,0.6075443029403687,0.6081680655479431,0.6074684262275696,0.6063741445541382,1503.0,0.5361408499246452,0.5762736201286316,0.5713896155357361,0.563151478767395,0.5604256987571716,0.5557326078414917,0.5501441359519958,0.5467665195465088,0.539970338344574,0.5208249092102051,0.4810098111629486,1503.0,0.5501204901231546,0.5455946326255798,0.5456653237342834,0.5482667684555054,0.546400785446167,0.5504565834999084,0.5484146475791931,0.5494840145111084,0.5522618293762207,0.5484357476234436,0.554614245891571,1503.0,0.6346627409115276,0.614711344242096,0.6280811429023743,0.6235067248344421,0.6367304921150208,0.6349267363548279,0.6356518864631653,0.6353983879089355,0.6361461877822876,0.6370149850845337,0.6337525844573975,1503.0,0.5821165814278104,16.5054,91.061,0.182,nllpch,L_PCH (large) [sequence]
ehrsim2_order_sequence__ours_nllpch_large__s1,13_final_sequential_ehr,ehrsim2_order,1,ours,0.7483452167025599,0.6782406678850068,0.643480031411276,0.1077403963008062,0.19130899944412813,0.261683492265785,0.6900219719996142,0.22951167821884155,0.6416645885016279,0.6029088398479765,0.5672355590103274,0.12131099849493755,0.19881878607153633,0.28790817951859765,0.6039363291199772,0.23377691209316254,0.5404478655950522,0.5667021824916607,0.5536608361790373,0.1245567202120093,0.21316855688614442,0.2526722811877763,0.5536036280885833,0.21244557201862335,0.6891061032696528,0.6586388742418896,0.6392695998289323,0.16351378076917966,0.2226771001594778,0.19566122827000562,0.6623381924468249,0.1898898333311081,0.6274750304137499,0.19508504329836535,766.7101868627224,1202.1109586344885,617.9246707461617,961.5554329633248,704.4763041923887,894.8289737074361,906.4741936100065,1021.6467567105274,748.8963388528198,1020.0355305039442,0.6093924711144242,0.6051796157059316,5366.0,0.6319418561311965,-0.022549385016772283,0.49457627118644065,0.253950485229117,0.7013117052252059,8850,sequence,nllpch,large,4.574063301086426,741.0,763.0,736.0,1308.0,0.21228178706032716,0.610234219863919,0.6091651916503906,0.6092877388000488,0.6105364561080933,0.6109193563461304,0.6104897856712341,0.6103405356407166,0.6107422113418579,0.6108245849609375,0.6098864674568176,0.6094131469726562,1475.0,0.5183719003497625,0.49141988158226013,0.5538027286529541,0.553777277469635,0.5537261962890625,0.5537557601928711,0.5510981678962708,0.552008867263794,0.5512055158615112,0.4475100040435791,0.44633883237838745,1475.0,0.5360485263934626,0.5357552170753479,0.5359135866165161,0.5004338622093201,0.5370094776153564,0.5380114912986755,0.5380645990371704,0.5382273197174072,0.5380849242210388,0.5383184552192688,0.5385605096817017,1475.0,0.6324460512712317,0.632301390171051,0.6324830651283264,0.6329723596572876,0.6329723596572876,0.6329766511917114,0.6326380372047424,0.6324989795684814,0.6321588754653931,0.6321889758110046,0.6323150992393494,1475.0,0.574275174469594,14.9677,98.545,0.2,nllpch,L_PCH (large) [sequence]
ehrsim2_order_sequence__ours_nllpch_large__s2,13_final_sequential_ehr,ehrsim2_order,2,ours,0.7436551753834936,0.6775707228858131,0.6393049541410527,0.09495361788616567,0.16940146487904376,0.21678113882073022,0.6868436174701197,0.2017788290977478,0.5259115471057729,0.5407270956590661,0.5256429000776046,0.11149739397082588,0.20870444796032037,0.2454907858090064,0.5307605142808145,0.2095981389284134,0.6189433514899886,0.5948617207418877,0.5645154730287396,0.10027342847780689,0.18545297538598554,0.24137586877369363,0.5927735150868719,0.19949011504650116,0.6866637673750964,0.6743918167519624,0.6534044848904058,0.16352995992429026,0.212290360314007,0.19510799613283505,0.6714866896724881,0.1822836995124817,0.6204660841275736,0.17873828652789256,1088.0822354580612,1281.4687056954235,927.8455248025114,1071.249979684622,889.5736099413656,951.8475792918425,824.324245301161,952.0411291771591,932.4564038757749,1064.1518484622618,0.7162211644086415,0.7245442176870748,5462.0,0.640790919077261,0.07543024533138043,0.578028293545535,0.24007481186190255,0.6726424733116811,9048,sequence,nllpch,large,4.2675347328186035,758.0,780.0,735.0,1341.0,0.19576717665347856,0.609615432294889,0.6115333437919617,0.614197313785553,0.6127011775970459,0.6126376390457153,0.6114210486412048,0.6112074255943298,0.6112889051437378,0.6116660833358765,0.6088047623634338,0.5997787714004517,1508.0,0.516078020490277,0.5204512476921082,0.5165016651153564,0.5154609680175781,0.5161022543907166,0.5174817442893982,0.5159958600997925,0.5169184803962708,0.5175290703773499,0.5177496671676636,0.5114009380340576,1508.0,0.5439840883722872,0.5542920231819153,0.5445522665977478,0.5459441542625427,0.5411874651908875,0.540696918964386,0.5424180030822754,0.543668806552887,0.5506867170333862,0.54850834608078,0.5366271734237671,1508.0,0.6441504978178831,0.6419193744659424,0.641228973865509,0.6429901123046875,0.6394712328910828,0.6428465247154236,0.6440438032150269,0.6446275115013123,0.644534170627594,0.6448805332183838,0.645415723323822,1508.0,0.5784570097438341,15.8102,95.382,0.19,nllpch,L_PCH (large) [sequence]
ehrsim2_order_sequence__ours_nllpch_large__s3,13_final_sequential_ehr,ehrsim2_order,3,ours,0.7153410495028505,0.6657532395088954,0.6354507965507611,0.10206920962993149,0.1646322688880123,0.21038981182572591,0.6721816951875024,0.19697977602481842,0.588474017274615,0.558988796503465,0.550870963416377,0.11141792168615103,0.20393043025066068,0.24018593380491754,0.5661112590648191,0.20660243928432465,0.6195570594589218,0.5740875940658793,0.5591114851503503,0.11955546661282106,0.2053069916334504,0.24574391455331382,0.5842520462250504,0.20162218809127808,0.7181831312045099,0.6822988376144377,0.6617007703204686,0.14522881547778438,0.20690127329638364,0.19529631491390156,0.6873942463798054,0.17800188064575195,0.6274848117142944,0.17922152938108782,1165.9703038670468,1276.0068219995892,1037.7012519993125,1093.807278196928,906.1423722071547,981.8341945992528,838.1322409250758,967.6640443470775,986.9865422496475,1079.828084785712,0.6906501095690285,0.695114006514658,5476.0,0.6285609934258582,0.06208911614317025,0.5633912655971479,0.2453019887340577,0.6836499185591589,8976,sequence,nllpch,large,4.2334794998168945,753.0,778.0,747.0,1326.0,0.19303683056335869,0.6097074923312245,0.6101871132850647,0.6103503704071045,0.6104629039764404,0.6099244952201843,0.6098161935806274,0.6097291707992554,0.6095800995826721,0.6095564961433411,0.609707236289978,0.6090777516365051,1496.0,0.5344918869488805,0.5320290327072144,0.5291181206703186,0.5328099727630615,0.5325425863265991,0.535483181476593,0.536012589931488,0.5357888340950012,0.5348777174949646,0.5354778170585632,0.5336260795593262,1496.0,0.5391512065778847,0.5470759272575378,0.5444303750991821,0.5444611310958862,0.5410787463188171,0.5407185554504395,0.5424271821975708,0.5414831638336182,0.5464687347412109,0.5431631803512573,0.5200956463813782,1496.0,0.6509633797492127,0.6512477993965149,0.6507729887962341,0.6508155465126038,0.6509394645690918,0.6511962413787842,0.6511842012405396,0.6511591076850891,0.6509528160095215,0.6510795950889587,0.6506224274635315,1496.0,0.5835784914018006,17.2239,86.856,0.174,nllpch,L_PCH (large) [sequence]
ehrsim2_order_sequence__ours_nllpch_large__s4,13_final_sequential_ehr,ehrsim2_order,4,ours,0.7435334271493277,0.675253657166099,0.6383470690804394,0.09902691277043199,0.16745884655057694,0.21925171524343698,0.6857113844652888,0.1968727707862854,0.5746991092555093,0.5855556959429906,0.5437651472080828,0.11550147634104237,0.1959308072501596,0.24209015091757538,0.5680066508021943,0.20695923268795013,0.6046265269648735,0.5722453707816525,0.5548704515433721,0.12010489087846489,0.20512960925436682,0.23736892161242276,0.5772474497632993,0.20090505480766296,0.7126472492878855,0.6682159421419771,0.6503103453098398,0.14949879662317317,0.21484050225637677,0.19024546718216465,0.6770578455799008,0.18122190237045288,0.6270058326526708,0.17970400807334938,1085.5001619893044,1233.6637248770767,860.4873881176372,1018.0209634815692,874.9317916889277,960.7845400438249,830.3588695642808,943.2452239891214,912.8195528400375,1038.928613097898,0.6800663839203392,0.6899641577060932,5423.0,0.6297252443297068,0.05034113959063247,0.5858108108108108,0.24005341366324395,0.6745642922373671,8880,sequence,nllpch,large,4.327479839324951,765.0,758.0,736.0,1312.0,0.19409465815666443,0.6037062976353613,0.614055871963501,0.6036854386329651,0.602381706237793,0.6017669439315796,0.6060553193092346,0.6073161959648132,0.6089988350868225,0.6040956974029541,0.6010950803756714,0.5972071886062622,1480.0,0.5249268643160491,0.5158888697624207,0.5236490368843079,0.5320397615432739,0.5313593149185181,0.5291643142700195,0.5188698172569275,0.5219805836677551,0.5247400999069214,0.5245963335037231,0.5252087712287903,1480.0,0.5324594910419232,0.5415535569190979,0.5418977737426758,0.5390340685844421,0.5366678237915039,0.5403194427490234,0.540158212184906,0.539043128490448,0.5364739298820496,0.5335960388183594,0.5073260068893433,1480.0,0.6420656463626851,0.6394984126091003,0.6428168416023254,0.6451842784881592,0.6469259262084961,0.6443231105804443,0.6433631777763367,0.6419466733932495,0.641826331615448,0.6420682072639465,0.6392967104911804,1480.0,0.5757895748390047,15.9675,92.688,0.188,nllpch,L_PCH (large) [sequence]
ehrsim2_order_sequence__ours_nllpch_small__s0,13_final_sequential_ehr,ehrsim2_order,0,ours,0.7449317738013264,0.6916453232008257,0.6524097990903744,0.09524613868117829,0.154473014225258,0.20974346495624113,0.6963289653641755,0.19463874399662018,0.646630645218785,0.5991263155378936,0.5557531690544353,0.11376271165674907,0.19707495506088926,0.24346671288832508,0.6005033766037047,0.20416514575481415,0.690122638911916,0.6274558192305774,0.5897514948274717,0.10433619063829212,0.18500780853411705,0.24336528634902632,0.6357766509899884,0.19371046125888824,0.7100026460047801,0.6752715347592959,0.6508334131419684,0.1470959504135392,0.20807802072743517,0.19376762385764654,0.6787025313020149,0.17885996401309967,0.6528278810649708,0.1746181564990581,1029.9507545999845,1213.1311861270922,914.7297940354592,1046.7377242787618,893.9173142377496,940.2759726317242,849.7451688107994,961.2873682180432,922.0857579209982,1040.3580628139055,0.6911231884057971,0.7009431420102398,5520.0,0.6204710144927537,0.07065217391304346,0.5998003992015968,0.2348485841115603,0.6619567430064751,9018,sequence,nllpch,small,4.175145149230957,742.0,787.0,763.0,1342.0,0.19067998662648386,0.6075239860335319,0.6007563471794128,0.6015406847000122,0.6066961288452148,0.6030328869819641,0.6041135191917419,0.6052002310752869,0.6122347712516785,0.613140881061554,0.6094472408294678,0.6070307493209839,1503.0,0.5402363299173951,0.5522840619087219,0.545303225517273,0.5469446182250977,0.5485184788703918,0.5465444326400757,0.5474347472190857,0.5380875468254089,0.5387696027755737,0.5387985706329346,0.5263876914978027,1503.0,0.5644484398211078,0.5779376029968262,0.576181948184967,0.5749878287315369,0.5770140290260315,0.5786095857620239,0.5763182044029236,0.5722128748893738,0.5725093483924866,0.5617014169692993,0.5279466509819031,1503.0,0.6389431245856326,0.6342458724975586,0.6379050016403198,0.6384477019309998,0.6380282640457153,0.6369267106056213,0.637241780757904,0.6392370462417603,0.6397905349731445,0.6396914720535278,0.6396836042404175,1503.0,0.5877879700894169,18.0216,83.4,0.166,nllpch,L_PCH (small) [sequence]
ehrsim2_order_sequence__ours_nllpch_small__s1,13_final_sequential_ehr,ehrsim2_order,1,ours,0.7558936380435627,0.6915130315358322,0.6470066658604972,0.09889421994366164,0.1659832463742324,0.21478633885309664,0.698137778479964,0.20418046414852142,0.6597364716851414,0.616148359597047,0.5759507654743786,0.12054924424594238,0.19450562525008666,0.24156842763798322,0.6172785322521891,0.20738665759563446,0.649190941265248,0.6051385141852397,0.5795932455865682,0.10334162131519377,0.18991169546509176,0.2360907672656619,0.611307567012352,0.195364847779274,0.7076205296959138,0.674620766499045,0.6566785728656496,0.15303636087034178,0.2143567618700362,0.18689078818357904,0.6796399563535361,0.1818743348121643,0.6515909585245103,0.17665959143957563,1244.5424780601256,1294.0363252103748,974.756740329755,1072.2032327228499,931.9806262822078,944.6512064717921,880.9218331885635,980.6793220346474,1008.0504194651629,1072.892521609916,0.7117033171822587,0.7247006404901142,5366.0,0.6319418561311965,0.07976146105106219,0.5985310734463277,0.2343484026511892,0.6603823066502259,8850,sequence,nllpch,small,4.1894049644470215,741.0,763.0,736.0,1308.0,0.19481789785213643,0.6046085368926031,0.5993920564651489,0.6044923663139343,0.6055581569671631,0.6036555767059326,0.6059396862983704,0.6065964102745056,0.6065172553062439,0.6071519255638123,0.6066102385520935,0.5978090763092041,1475.0,0.5477772634224976,0.5461227297782898,0.5460081100463867,0.5490919351577759,0.5503009557723999,0.5497048497200012,0.5519460439682007,0.5568687319755554,0.5486660599708557,0.5521864295005798,0.5301160216331482,1475.0,0.5540806791967892,0.5553038716316223,0.5595296621322632,0.556158185005188,0.5588744878768921,0.5556467175483704,0.556091845035553,0.5577217936515808,0.5602303743362427,0.5493295192718506,0.5448209047317505,1475.0,0.6464432676161029,0.6514476537704468,0.6443603038787842,0.6497287154197693,0.6441784501075745,0.6456200480461121,0.64920973777771,0.6483443975448608,0.6482203602790833,0.6482579708099365,0.6416642665863037,1475.0,0.5882274367819982,14.522,101.57,0.207,nllpch,L_PCH (small) [sequence]
ehrsim2_order_sequence__ours_nllpch_small__s2,13_final_sequential_ehr,ehrsim2_order,2,ours,0.7637160142406421,0.6939172007631538,0.6503155064703279,0.08881947983415292,0.15867952532809276,0.20379622958902688,0.7026495738247078,0.19266435503959656,0.5938694282706912,0.5759412286468371,0.5437003011567693,0.10825157492201368,0.19274476001182897,0.24277780335023108,0.5711703193580991,0.2045729011297226,0.6736666252129728,0.637359487568581,0.5819086338349363,0.09891148661038146,0.17997338362329815,0.24110397860180724,0.6309782488721635,0.19825008511543274,0.6844342658133541,0.6692281335326984,0.6478129033326924,0.16321206737400382,0.20804994922748304,0.19191472162845108,0.6671584342262483,0.17874006927013397,0.6429891440703047,0.17318624667506427,1072.3218888433069,1229.898604839362,886.4221613444561,1033.5906273142343,889.4105345832724,937.3604582935325,843.1215002226704,961.2021675145215,922.8190212484265,1040.5129644904125,0.7207982424020505,0.7339047619047618,5462.0,0.640790919077261,0.08000732332478944,0.600132625994695,0.23498011240951278,0.6617190955272679,9048,sequence,nllpch,small,4.189047813415527,758.0,780.0,735.0,1341.0,0.19120384323527684,0.6195713178442119,0.6229141354560852,0.622435450553894,0.6245603561401367,0.6226478815078735,0.6224911212921143,0.6199607253074646,0.6202423572540283,0.6170476078987122,0.6173169016838074,0.6154929995536804,1508.0,0.5323588803051654,0.5358140468597412,0.5346816182136536,0.5343915820121765,0.531252384185791,0.5311909317970276,0.5307271480560303,0.530379593372345,0.5317753553390503,0.5338706970214844,0.533703625202179,1508.0,0.5653937511562923,0.5718384385108948,0.5704823136329651,0.569986879825592,0.5729343295097351,0.5724233984947205,0.5682240724563599,0.5628581047058105,0.5680029988288879,0.5742151141166687,0.5458480715751648,1508.0,0.6389853653934494,0.6400715112686157,0.641811728477478,0.6398744583129883,0.6392316818237305,0.6426029801368713,0.6433442831039429,0.6435452699661255,0.6409197449684143,0.6413682103157043,0.629119873046875,1508.0,0.5890773286747798,14.1785,106.358,0.212,nllpch,L_PCH (small) [sequence]
ehrsim2_order_sequence__ours_nllpch_small__s3,13_final_sequential_ehr,ehrsim2_order,3,ours,0.7343103248796345,0.6757106687305448,0.6344413834439242,0.10288788334187536,0.1667957829148843,0.22030384151236262,0.6814874590180345,0.2027963399887085,0.6564422807606803,0.5938446416621954,0.5592487353483232,0.1022041638355099,0.19601392094676157,0.23979145890883238,0.6031785525903998,0.20367121696472168,0.6579440131041224,0.6072514251208893,0.576613068009486,0.10971093301541751,0.19307593518933502,0.24292905791405325,0.6139361687448326,0.20021356642246246,0.7201084267793729,0.6764101319727687,0.6590899752534731,0.15092562226880485,0.22059803547609022,0.21101860028439695,0.6852028446685382,0.18935692310333252,0.6459512562554512,0.17968793630069366,1212.5543578899017,1280.8463936188018,1051.6659985148447,1084.9775577665077,990.5017891918496,983.6286371123927,963.9080475232228,1037.7557887954717,1054.6575482799547,1096.8020943232934,0.7350255661066472,0.7395222584147666,5476.0,0.6285609934258582,0.1064645726807889,0.6031639928698752,0.23451407158402507,0.6613184544298871,8976,sequence,nllpch,small,4.260824680328369,753.0,778.0,747.0,1326.0,0.19750517895744987,0.6105606319546015,0.5953410863876343,0.6071394085884094,0.6133040189743042,0.6130622625350952,0.6119655966758728,0.6125392317771912,0.6116086840629578,0.6140926480293274,0.6107821464538574,0.6057506799697876,1496.0,0.531940620543818,0.5405257940292358,0.5436460375785828,0.5443006753921509,0.5457594990730286,0.5429401397705078,0.5391671061515808,0.5372645854949951,0.5412488579750061,0.5435281991958618,0.4817032217979431,1496.0,0.5539082808859913,0.5528895258903503,0.5593376755714417,0.5550494194030762,0.5533139109611511,0.5516862869262695,0.5526980757713318,0.55768883228302,0.5542795062065125,0.5519809722900391,0.5534488558769226,1496.0,0.6456784866674369,0.6002894639968872,0.6306382417678833,0.6428578495979309,0.6429666876792908,0.6390907168388367,0.6463902592658997,0.6458665132522583,0.6495360136032104,0.6507649421691895,0.6454470157623291,1496.0,0.5855220050129619,14.4665,103.411,0.207,nllpch,L_PCH (small) [sequence]
ehrsim2_order_sequence__ours_nllpch_small__s4,13_final_sequential_ehr,ehrsim2_order,4,ours,0.7470750912384567,0.6829743695336106,0.6426179721125397,0.10054400923117773,0.1643936689742636,0.21741690936618036,0.6908891442948689,0.19660736620426178,0.609818938715996,0.572643506190245,0.5477918321576577,0.11229178534427504,0.19422447023734635,0.2413229453312419,0.5767514256879661,0.20726260542869568,0.6418349305066736,0.5788472297296008,0.5654373203183426,0.1091564015659152,0.20120128813919855,0.23845121184241758,0.5953731601848724,0.19844496250152588,0.6851979862218233,0.6588535613708064,0.6401019511474789,0.14408706369761873,0.21356243391797847,0.2014302398771573,0.6613844995800363,0.18281316757202148,0.6310995574369359,0.17817353562706426,1194.6394778760275,1255.891352618862,919.438896809248,1040.6709656369571,887.3949679737874,943.3928390082376,898.0437159895339,984.6599041655187,974.8792646621494,1056.153765357394,0.7086483496219804,0.7181417149159085,5423.0,0.6297252443297068,0.07892310529227364,0.5923423423423423,0.23589209981385348,0.6645676803727576,8880,sequence,nllpch,small,4.287063121795654,765.0,758.0,736.0,1312.0,0.19417979790446005,0.6130183367388042,0.6106112003326416,0.6143187284469604,0.6120766997337341,0.6108946204185486,0.6113170385360718,0.6141231060028076,0.6160665154457092,0.6163798570632935,0.6142631769180298,0.6083495020866394,1480.0,0.5146739640739617,0.529271125793457,0.5269008874893188,0.5258001089096069,0.5215775966644287,0.5246754288673401,0.526290774345398,0.5185625553131104,0.5164617300033569,0.5131728649139404,0.48503196239471436,1480.0,0.5456355139877294,0.5476099252700806,0.5514436364173889,0.5489246845245361,0.5472193360328674,0.5452986359596252,0.5458388328552246,0.5470471978187561,0.5436433553695679,0.5418354868888855,0.5469651818275452,1480.0,0.633240460625879,0.6280496716499329,0.6413745880126953,0.6288408637046814,0.6239210367202759,0.6311788558959961,0.6314618587493896,0.6337233781814575,0.6332396268844604,0.6343486309051514,0.6359235644340515,1480.0,0.5766420688565935,14.5718,101.566,0.206,nllpch,L_PCH (small) [sequence]
ehrsim2_order_sequence_time__ours_nllpch_large__s0,13_final_sequential_ehr,ehrsim2_order,0,ours,0.7255984828669927,0.6824709336056036,0.6425035779236091,0.09849675049225079,0.16584694752280604,0.24884829196432282,0.6835243314654017,0.22871753573417664,0.5854039247115282,0.5426177287768194,0.5310542800183462,0.12042069531413256,0.20593719037993705,0.24743241295574175,0.553025311168898,0.2167072594165802,0.6447273791329221,0.6096573352849276,0.5826397890376886,0.12416584957933931,0.2209345129406818,0.2627167830659168,0.6123415011518462,0.2142920196056366,0.7113583216176991,0.6780792431960135,0.6504633152915227,0.14875484661622293,0.20974656898378113,0.19554007996000636,0.6799669600350784,0.1801639050245285,0.632214525955306,0.18740341081459494,734.0384649091122,1185.2243297165214,714.9084237217022,983.7137964933964,668.08187491796,871.9805259362674,846.1038112269188,965.942051296663,740.7831436939234,1001.7151758607121,0.6835144927536232,0.686849905685799,5520.0,0.6204710144927537,0.06304347826086953,0.5586604568640496,0.24397663162808486,0.6807977432121048,9018,sequence_time,nllpch,large,4.537997722625732,742.0,787.0,763.0,1342.0,0.2051573462238926,0.6022769776337287,0.5997268557548523,0.6020662188529968,0.6020694971084595,0.6017064452171326,0.6020539402961731,0.6011179089546204,0.6024413108825684,0.6022301316261292,0.6028416156768799,0.6035521626472473,1503.0,0.5084679865805302,0.5124116539955139,0.5203995704650879,0.5201987028121948,0.5204114317893982,0.519722044467926,0.5205838084220886,0.5209740400314331,0.5200222134590149,0.4833303987979889,0.48344293236732483,1503.0,0.5546744704053402,0.5573791265487671,0.5332522392272949,0.5520140528678894,0.552323579788208,0.5673449635505676,0.5655455589294434,0.5653267502784729,0.5676776170730591,0.5640130639076233,0.5191723704338074,1503.0,0.6313278693483868,0.6338504552841187,0.6318017244338989,0.6336149573326111,0.6348181962966919,0.6391255259513855,0.6396419405937195,0.6398391723632812,0.6400688290596008,0.639985978603363,0.6055498719215393,1503.0,0.5741868259919964,18.34,81.952,0.164,nllpch,L_PCH (large) [sequence_time]
ehrsim2_order_sequence_time__ours_nllpch_large__s1,13_final_sequential_ehr,ehrsim2_order,1,ours,0.7485150878550301,0.6736424014092404,0.6349767786233937,0.10183305796674282,0.17391149353188723,0.21743476090221328,0.6857114226292214,0.2046010047197342,0.602327739564042,0.5732393104999659,0.5407268618993892,0.12445467027230092,0.20378502549387284,0.24076374405430653,0.5720979706544657,0.20921865105628967,0.6278680925860624,0.589798917365514,0.5669541403716544,0.11003578468097838,0.1897661839239949,0.23175038236793727,0.5948737167744103,0.195335254073143,0.713455551967106,0.6822768738081201,0.6632134970844996,0.15198266106059613,0.2171970646721075,0.19081234905068795,0.6863153076199086,0.18307413160800934,0.6347496044195015,0.1794772648314688,1189.0385652771654,1309.4218607072446,918.7721974146049,1066.4789382427834,912.4513811289236,949.349475332161,879.2912195666632,992.1623082900816,974.8883408468392,1079.3531456430676,0.7176667909057026,0.7245614035087719,5366.0,0.6319418561311965,0.08572493477450616,0.5555932203389831,0.24492408086334497,0.6827415509890429,8850,sequence_time,nllpch,large,4.247686862945557,741.0,763.0,736.0,1308.0,0.1957358755339294,0.6056392348032957,0.6106997728347778,0.6086538434028625,0.6095001101493835,0.6083194017410278,0.6067990660667419,0.6067059636116028,0.6024062037467957,0.6048287153244019,0.6024166941642761,0.6051884889602661,1475.0,0.5267514657689527,0.5374820232391357,0.5378513336181641,0.5380802750587463,0.5380721688270569,0.5376228094100952,0.5373697876930237,0.5371467471122742,0.5370581746101379,0.5152148008346558,0.49108657240867615,1475.0,0.5515046050122562,0.5476837158203125,0.5492842793464661,0.550200879573822,0.5525780320167542,0.5498335361480713,0.5495796203613281,0.5523931384086609,0.5509800910949707,0.5508129000663757,0.554743230342865,1475.0,0.6553941467504028,0.6557006239891052,0.6547444462776184,0.655745267868042,0.655534565448761,0.6554392576217651,0.6557978391647339,0.6558327078819275,0.6558253169059753,0.6551259756088257,0.6548168063163757,1475.0,0.5848223630837269,14.797,99.683,0.203,nllpch,L_PCH (large) [sequence_time]
ehrsim2_order_sequence_time__ours_nllpch_large__s2,13_final_sequential_ehr,ehrsim2_order,2,ours,0.7367326594366802,0.6828322356538377,0.6483882922333808,0.0961783799487132,0.16760670351136034,0.20672887800456938,0.6893177291079663,0.19554907083511353,0.5248030713638068,0.5479729476695012,0.5325076736458817,0.11057114927476222,0.2027740850106825,0.24258532043586442,0.5350945642263966,0.20693740248680115,0.6249686243642637,0.5942293201521336,0.5495061016601688,0.0995178997525445,0.18302991561385634,0.23897209998964947,0.5895680153921887,0.19730456173419952,0.6915173031237057,0.6690662119050181,0.648980436518458,0.16257278760474073,0.21191516091334237,0.19276067138600106,0.6698546505157273,0.17978225648403168,0.6209587398105697,0.1762677542871739,1055.2329280533977,1247.975593257808,944.083681747143,1070.4172356604017,917.1716228172414,964.5924112032316,845.7522226686042,967.4142639310937,940.5601138215966,1062.5998760131338,0.7297693152691321,0.7355918367346939,5462.0,0.640790919077261,0.08897839619187109,0.5847701149425287,0.23896087670539984,0.6703914505538265,9048,sequence_time,nllpch,large,4.225391387939453,758.0,780.0,735.0,1341.0,0.19251362159724517,0.624547280180759,0.622943639755249,0.6199536323547363,0.6247910857200623,0.6245926022529602,0.6242648363113403,0.6245723366737366,0.6240008473396301,0.6248756051063538,0.6254813075065613,0.6256886720657349,1508.0,0.5265737098673876,0.5250635743141174,0.5238946080207825,0.5247312784194946,0.5273999571800232,0.5278117060661316,0.5257160067558289,0.5272975564002991,0.5279412865638733,0.5269708633422852,0.5253283977508545,1508.0,0.5369564797078489,0.5368425250053406,0.5384303331375122,0.5383623838424683,0.5375465154647827,0.5388941764831543,0.5344325304031372,0.5357915163040161,0.5365965962409973,0.5361769795417786,0.5385270118713379,1508.0,0.6424972164096531,0.6416076421737671,0.6427239179611206,0.642213761806488,0.6421000361442566,0.6423124670982361,0.6434326767921448,0.6423789262771606,0.6424636244773865,0.6426212191581726,0.6422900557518005,1508.0,0.5826436715414122,17.4479,86.429,0.172,nllpch,L_PCH (large) [sequence_time]
ehrsim2_order_sequence_time__ours_nllpch_large__s3,13_final_sequential_ehr,ehrsim2_order,3,ours,0.7117957463674118,0.6609752897481957,0.6267803960928817,0.1055767623695727,0.1675615235532685,0.21688143371835578,0.6665171440694965,0.20019787549972534,0.5886394588708851,0.5562917971264912,0.538134535341307,0.10867546884717812,0.20668408135635183,0.24228827101861178,0.5610219304462277,0.20481814444065094,0.6320867145358205,0.5795716411858425,0.5590921571784433,0.10801304482124739,0.19554237695111443,0.2419376567822792,0.5902501709667022,0.1967955231666565,0.7147666852181821,0.6759298550666792,0.6563506090285218,0.15158599234257064,0.21011164106854752,0.19609062496424506,0.6823490497711276,0.18128414452075958,0.6250345738133884,0.17924573981611192,1070.0463555474184,1258.0563779033903,963.3287251515657,1056.9790624749548,874.697009800782,950.8845687992962,856.0662962425216,976.762489664434,941.034596685572,1060.6706247105187,0.7143900657414171,0.7193811074918567,5476.0,0.6285609934258582,0.08582907231555881,0.5835561497326203,0.2403297505055408,0.6731299434790502,8976,sequence_time,nllpch,large,4.268842697143555,753.0,778.0,747.0,1326.0,0.19353122865320177,0.6066360744929138,0.6073281764984131,0.6079801917076111,0.6089155673980713,0.6089832186698914,0.6094925403594971,0.6092880964279175,0.6092140674591064,0.6083018183708191,0.6086105704307556,0.5946770310401917,1496.0,0.531835491136309,0.5338830351829529,0.533402681350708,0.5331919193267822,0.5331851840019226,0.5327987670898438,0.5322083830833435,0.5325213670730591,0.5324057936668396,0.5313474535942078,0.5286672115325928,1496.0,0.5403012845840464,0.5427989959716797,0.5432718992233276,0.5429845452308655,0.5420500636100769,0.5423889756202698,0.5432724952697754,0.5418550968170166,0.5402318835258484,0.539740264415741,0.5342833399772644,1496.0,0.6469407367285465,0.6411076784133911,0.6376277804374695,0.6473135352134705,0.647666335105896,0.647485077381134,0.6470272541046143,0.6472806930541992,0.6473053693771362,0.6465181112289429,0.6475679278373718,1496.0,0.5814283967354539,15.6637,95.507,0.192,nllpch,L_PCH (large) [sequence_time]
ehrsim2_order_sequence_time__ours_nllpch_large__s4,13_final_sequential_ehr,ehrsim2_order,4,ours,0.7444865032839885,0.6856680430454664,0.6388018151035757,0.10933515228569536,0.17757749466563313,0.22235084757873358,0.6896521204776769,0.2034090757369995,0.5562451532282725,0.5602642406853896,0.5380467138276305,0.1205063984881403,0.20191647616390834,0.2432795994683717,0.5515187025804309,0.2086239606142044,0.5981792079562744,0.552627025053029,0.5432804646450828,0.11332725040657647,0.20094912312427882,0.24096832905748028,0.5646955658847954,0.20153740048408508,0.7163954120465144,0.6704793433861923,0.6526201036123127,0.1400495091265959,0.21403037446458467,0.19271454452499945,0.6798316196816732,0.17923890054225922,0.6214245021561441,0.1814170916129165,1008.5089598388674,1225.4029085991024,944.1079679507394,1057.5533336225512,918.6075272848028,974.9443377828514,848.9402586413677,962.9856240136305,930.0411784289444,1055.221551004534,0.6808039830352204,0.6818858560794046,5423.0,0.6297252443297068,0.051078738705513604,0.5629504504504504,0.24418649093487113,0.6813180212648406,8880,sequence_time,nllpch,large,4.318897247314453,765.0,758.0,736.0,1312.0,0.19525003342259936,0.6153868847433777,0.6168584823608398,0.6165579557418823,0.616163969039917,0.6155961155891418,0.6160385012626648,0.6153002381324768,0.6149200201034546,0.6164658069610596,0.6165600419044495,0.6122163534164429,1480.0,0.5166663394122033,0.5178778171539307,0.5176543593406677,0.5184800028800964,0.5188415050506592,0.5188792943954468,0.5185680389404297,0.5194869637489319,0.5189992785453796,0.5183663368225098,0.5060501098632812,1480.0,0.5302955861126551,0.5296770930290222,0.5297634601593018,0.5288301706314087,0.5299911499023438,0.5302855372428894,0.5304200649261475,0.529876708984375,0.530972421169281,0.5301312208175659,0.5308310985565186,1480.0,0.6465350772165979,0.6479498147964478,0.6473261713981628,0.6473052501678467,0.6458535194396973,0.6457438468933105,0.646660566329956,0.6468643546104431,0.6463169455528259,0.6460164785385132,0.647057056427002,1480.0,0.5772209718712085,16.2068,91.319,0.185,nllpch,L_PCH (large) [sequence_time]
